{
  "Famalicao": [
    0.0,
    0.0,
    0.0,
    0.0,
    0.0,
    0.0,
    0.00036,
    0.00255,
    0.00836,
    0.01896,
    0.03253,
    0.04943,
    0.07029,
    0.09606,
    0.12353,
    0.16335,
    0.20581,
    0.22877
  ],
  "Benfica": [
    0.0,
    0.12346,
    0.24559,
    0.2884,
    0.22846,
    0.1113,
    0.00268,
    0.0001,
    1e-05,
    0.0,
    0.0,
    0.0,
    0.0,
    0.0,
    0.0,
    0.0,
    0.0,
    0.0
  ],
  "Guimaraes": [
    0.0,
    0.01473,
    0.0534,
    0.11904,
    0.24114,
    0.53343,
    0.03353,
    0.00416,
    0.00048,
    7e-05,
    2e-05,
    0.0,
    0.0,
    0.0,
    0.0,
    0.0,
    0.0,
    0.0
  ],
  "Belenenses": [
    0.0,
    0.0,
    0.0,
    0.0,
    1e-05,
    4e-05,
    0.01089,
    0.03147,
    0.0739,
    0.11611,
    0.13237,
    0.13313,
    0.12839,
    0.11728,
    0.10028,
    0.07639,
    0.05379,
    0.02595
  ],
  "Nacional": [
    0.0,
    0.0,
    0.0,
    1e-05,
    0.0001,
    0.00158,
    0.09723,
    0.16806,
    0.24858,
    0.17136,
    0.11473,
    0.07762,
    0.05057,
    0.03372,
    0.01956,
    0.01047,
    0.0048,
    0.00161
  ],
  "Boavista": [
    0.0,
    0.0,
    0.0,
    0.0,
    0.0,
    0.0,
    0.00074,
    0.00373,
    0.01356,
    0.02934,
    0.04569,
    0.06329,
    0.08104,
    0.10434,
    0.12887,
    0.15591,
    0.17989,
    0.1936
  ],
  "Porto": [
    0.0005,
    0.64812,
    0.21533,
    0.09093,
    0.03551,
    0.00956,
    5e-05,
    0.0,
    0.0,
    0.0,
    0.0,
    0.0,
    0.0,
    0.0,
    0.0,
    0.0,
    0.0,
    0.0
  ],
  "Sp Braga": [
    3e-05,
    0.16136,
    0.33717,
    0.25845,
    0.16638,
    0.07481,
    0.0017,
    9e-05,
    1e-05,
    0.0,
    0.0,
    0.0,
    0.0,
    0.0,
    0.0,
    0.0,
    0.0,
    0.0
  ],
  "Santa Clara": [
    0.0,
    0.0,
    3e-05,
    0.00047,
    0.00321,
    0.0281,
    0.45276,
    0.30498,
    0.1213,
    0.05224,
    0.02092,
    0.00923,
    0.00403,
    0.00166,
    0.00067,
    0.00027,
    0.0001,
    3e-05
  ],
  "Maritimo": [
    0.0,
    0.0,
    0.0,
    0.0,
    0.0,
    3e-05,
    0.00456,
    0.01594,
    0.05194,
    0.0874,
    0.10868,
    0.12292,
    0.12634,
    0.1253,
    0.12011,
    0.10588,
    0.08262,
    0.04828
  ],
  "Moreirense": [
    0.0,
    0.0,
    2e-05,
    0.00011,
    0.00168,
    0.01818,
    0.33585,
    0.33241,
    0.17033,
    0.07355,
    0.03534,
    0.01762,
    0.0088,
    0.00393,
    0.00149,
    0.0005,
    0.00015,
    4e-05
  ],
  "Farense": [
    0.0,
    0.0,
    0.0,
    0.0,
    0.0,
    0.0,
    0.00011,
    0.00109,
    0.00595,
    0.01385,
    0.02479,
    0.03708,
    0.05342,
    0.07362,
    0.10303,
    0.14328,
    0.20619,
    0.33759
  ],
  "Tondela": [
    0.0,
    0.0,
    0.0,
    0.0,
    0.0,
    5e-05,
    0.00795,
    0.02783,
    0.07366,
    0.11187,
    0.12851,
    0.13228,
    0.12819,
    0.11646,
    0.10008,
    0.08042,
    0.0603,
    0.0324
  ],
  "Rio Ave": [
    0.0,
    0.0,
    0.0,
    0.0,
    3e-05,
    0.00048,
    0.02968,
    0.06942,
    0.13649,
    0.16953,
    0.15456,
    0.12998,
    0.10275,
    0.07886,
    0.05672,
    0.039,
    0.02268,
    0.00982
  ],
  "Portimonense": [
    0.0,
    0.0,
    0.0,
    0.0,
    0.0,
    5e-05,
    0.00364,
    0.01366,
    0.03517,
    0.06279,
    0.08612,
    0.10541,
    0.12052,
    0.12975,
    0.13209,
    0.12589,
    0.10827,
    0.07664
  ],
  "Pacos Ferreira": [
    0.0,
    0.0518,
    0.14846,
    0.24259,
    0.32348,
    0.22232,
    0.01042,
    0.00087,
    6e-05,
    0.0,
    0.0,
    0.0,
    0.0,
    0.0,
    0.0,
    0.0,
    0.0,
    0.0
  ],
  "Gil Vicente": [
    0.0,
    0.0,
    0.0,
    0.0,
    0.0,
    7e-05,
    0.00785,
    0.02364,
    0.0602,
    0.09293,
    0.11574,
    0.12201,
    0.12566,
    0.11902,
    0.11357,
    0.09864,
    0.0754,
    0.04527
  ],
  "Sp Lisbon": [
    0.99947,
    0.00053,
    0.0,
    0.0,
    0.0,
    0.0,
    0.0,
    0.0,
    0.0,
    0.0,
    0.0,
    0.0,
    0.0,
    0.0,
    0.0,
    0.0,
    0.0,
    0.0
  ]
}