{
  "Benfica": [
    0.08075,
    0.2183,
    0.32813,
    0.25516,
    0.07193,
    0.02549,
    0.01144,
    0.00468,
    0.00243,
    0.00092,
    0.00047,
    0.0002,
    7e-05,
    2e-05,
    1e-05,
    0.0,
    0.0,
    0.0
  ],
  "Arouca": [
    0.0,
    0.0,
    3e-05,
    9e-05,
    0.00099,
    0.00314,
    0.00598,
    0.01029,
    0.01842,
    0.03053,
    0.05056,
    0.08001,
    0.12581,
    0.18281,
    0.20481,
    0.16336,
    0.09083,
    0.03234
  ],
  "Rio Ave": [
    9e-05,
    0.00176,
    0.00901,
    0.0384,
    0.11906,
    0.13644,
    0.13327,
    0.12285,
    0.11279,
    0.09743,
    0.08142,
    0.06179,
    0.04296,
    0.02456,
    0.01182,
    0.00494,
    0.00124,
    0.00017
  ],
  "Vizela": [
    2e-05,
    0.00032,
    0.00258,
    0.01194,
    0.0471,
    0.07043,
    0.08994,
    0.10515,
    0.11306,
    0.12025,
    0.11872,
    0.11307,
    0.0903,
    0.05953,
    0.0351,
    0.01691,
    0.00479,
    0.00079
  ],
  "Estoril": [
    0.00084,
    0.00575,
    0.02546,
    0.08102,
    0.20839,
    0.17078,
    0.13741,
    0.10934,
    0.08557,
    0.06464,
    0.04613,
    0.03143,
    0.01876,
    0.00888,
    0.00433,
    0.00109,
    0.00016,
    2e-05
  ],
  "Famalicao": [
    0.0,
    0.0,
    3e-05,
    0.00034,
    0.00234,
    0.00542,
    0.00989,
    0.01762,
    0.02741,
    0.04194,
    0.06529,
    0.09368,
    0.13623,
    0.18435,
    0.18907,
    0.14048,
    0.06493,
    0.02098
  ],
  "Porto": [
    0.21905,
    0.40004,
    0.2393,
    0.10998,
    0.02236,
    0.00604,
    0.00199,
    0.00075,
    0.00033,
    0.0001,
    3e-05,
    1e-05,
    2e-05,
    0.0,
    0.0,
    0.0,
    0.0,
    0.0
  ],
  "Maritimo": [
    0.0,
    0.0,
    0.0,
    0.0,
    2e-05,
    3e-05,
    7e-05,
    0.00028,
    0.00058,
    0.00149,
    0.00303,
    0.00717,
    0.01621,
    0.03806,
    0.07711,
    0.16379,
    0.34703,
    0.34513
  ],
  "Santa Clara": [
    0.0,
    0.0,
    0.0,
    7e-05,
    0.00022,
    0.00067,
    0.0017,
    0.00282,
    0.00684,
    0.0128,
    0.02195,
    0.03832,
    0.07425,
    0.11836,
    0.18453,
    0.25028,
    0.17842,
    0.10877
  ],
  "Casa Pia": [
    7e-05,
    0.00093,
    0.00596,
    0.02741,
    0.08871,
    0.11401,
    0.12186,
    0.12314,
    0.12049,
    0.11388,
    0.09932,
    0.07975,
    0.0517,
    0.03032,
    0.01469,
    0.00609,
    0.00147,
    0.0002
  ],
  "Sp Braga": [
    0.65824,
    0.22532,
    0.08557,
    0.02647,
    0.00358,
    0.00056,
    0.00019,
    6e-05,
    1e-05,
    0.0,
    0.0,
    0.0,
    0.0,
    0.0,
    0.0,
    0.0,
    0.0,
    0.0
  ],
  "Sp Lisbon": [
    0.04058,
    0.14354,
    0.27904,
    0.34331,
    0.10888,
    0.04623,
    0.01974,
    0.00914,
    0.00537,
    0.00237,
    0.00112,
    0.00046,
    0.00016,
    6e-05,
    0.0,
    0.0,
    0.0,
    0.0
  ],
  "Chaves": [
    9e-05,
    0.0013,
    0.00801,
    0.03452,
    0.09978,
    0.12335,
    0.12984,
    0.12583,
    0.11754,
    0.1047,
    0.09083,
    0.07022,
    0.04557,
    0.02716,
    0.01414,
    0.00554,
    0.00145,
    0.00013
  ],
  "Guimaraes": [
    0.0002,
    0.00206,
    0.01171,
    0.04467,
    0.12561,
    0.14085,
    0.13874,
    0.12609,
    0.11006,
    0.09513,
    0.07532,
    0.05649,
    0.03719,
    0.02069,
    0.0102,
    0.00398,
    0.0009,
    0.00011
  ],
  "Portimonense": [
    6e-05,
    0.00055,
    0.0039,
    0.01856,
    0.06549,
    0.09239,
    0.10711,
    0.11767,
    0.12173,
    0.12035,
    0.1111,
    0.09319,
    0.06852,
    0.04358,
    0.023,
    0.01019,
    0.00238,
    0.00023
  ],
  "Boavista": [
    1e-05,
    0.00011,
    0.00105,
    0.00664,
    0.02858,
    0.04892,
    0.06654,
    0.08611,
    0.10241,
    0.11796,
    0.13177,
    0.13412,
    0.11205,
    0.0806,
    0.05012,
    0.02447,
    0.00739,
    0.00115
  ],
  "Gil Vicente": [
    0.0,
    2e-05,
    0.00022,
    0.00142,
    0.00695,
    0.01521,
    0.02421,
    0.03804,
    0.05452,
    0.07454,
    0.10084,
    0.13556,
    0.16777,
    0.15274,
    0.11846,
    0.07291,
    0.02935,
    0.00724
  ],
  "Pacos Ferreira": [
    0.0,
    0.0,
    0.0,
    0.0,
    1e-05,
    4e-05,
    8e-05,
    0.00014,
    0.00044,
    0.00097,
    0.0021,
    0.00453,
    0.01243,
    0.02828,
    0.06261,
    0.13597,
    0.26966,
    0.48274
  ]
}