{
  "São Paulo / SP": [
    1e-05,
    0.00021,
    0.00248,
    0.02727,
    0.08425,
    0.18737,
    0.24788,
    0.1528,
    0.10098,
    0.06828,
    0.04984,
    0.03271,
    0.02153,
    0.01288,
    0.00716,
    0.00298,
    0.00104,
    0.00026,
    7e-05,
    0.0
  ],
  "Sport / PE": [
    0.0,
    0.0,
    0.0,
    0.0,
    0.0,
    0.0,
    0.0,
    0.0,
    2e-05,
    6e-05,
    8e-05,
    0.00014,
    0.0004,
    0.00083,
    0.00245,
    0.00632,
    0.02326,
    0.05886,
    0.14537,
    0.76221
  ],
  "Cruzeiro / MG": [
    0.07386,
    0.27184,
    0.49522,
    0.12235,
    0.03038,
    0.00562,
    0.00055,
    0.00017,
    1e-05,
    0.0,
    0.0,
    0.0,
    0.0,
    0.0,
    0.0,
    0.0,
    0.0,
    0.0,
    0.0,
    0.0
  ],
  "Mirassol / SP": [
    0.00293,
    0.02482,
    0.10947,
    0.4053,
    0.27168,
    0.12359,
    0.04099,
    0.01301,
    0.00518,
    0.00176,
    0.00073,
    0.00033,
    0.00016,
    4e-05,
    1e-05,
    0.0,
    0.0,
    0.0,
    0.0,
    0.0
  ],
  "Grêmio / RS": [
    0.0,
    0.0,
    0.0,
    0.00046,
    0.00369,
    0.01591,
    0.04298,
    0.0748,
    0.09045,
    0.10289,
    0.11054,
    0.11315,
    0.11619,
    0.11154,
    0.09165,
    0.06919,
    0.0368,
    0.01492,
    0.00442,
    0.00042
  ],
  "Atlético Mineiro / MG": [
    0.0,
    0.0,
    4e-05,
    0.00085,
    0.00536,
    0.02324,
    0.05823,
    0.09496,
    0.1079,
    0.11183,
    0.11096,
    0.11225,
    0.10045,
    0.09212,
    0.07911,
    0.05725,
    0.02902,
    0.01189,
    0.00409,
    0.00045
  ],
  "Fortaleza / CE": [
    0.0,
    0.0,
    0.0,
    0.0,
    0.0,
    2e-05,
    0.00011,
    0.00059,
    0.00183,
    0.00321,
    0.00603,
    0.01078,
    0.01737,
    0.02917,
    0.05395,
    0.10052,
    0.1941,
    0.24571,
    0.26655,
    0.07006
  ],
  "Fluminense / RJ": [
    0.0,
    4e-05,
    0.00029,
    0.00489,
    0.01875,
    0.05251,
    0.10232,
    0.13896,
    0.13348,
    0.12032,
    0.10264,
    0.0907,
    0.07823,
    0.06577,
    0.04842,
    0.02761,
    0.01112,
    0.0033,
    0.00064,
    1e-05
  ],
  "Juventude / RS": [
    0.0,
    0.0,
    0.0,
    0.0,
    0.0,
    0.0,
    0.00011,
    0.00035,
    0.00125,
    0.00229,
    0.00444,
    0.0079,
    0.01435,
    0.0258,
    0.047,
    0.09397,
    0.19042,
    0.2521,
    0.27772,
    0.0823
  ],
  "Vitória / BA": [
    0.0,
    0.0,
    0.0,
    0.0,
    0.0,
    0.00011,
    0.00038,
    0.00093,
    0.00182,
    0.00389,
    0.00746,
    0.01106,
    0.01853,
    0.03071,
    0.05242,
    0.09823,
    0.19947,
    0.25568,
    0.24118,
    0.07813
  ],
  "Flamengo / RJ": [
    0.67343,
    0.2453,
    0.07095,
    0.00899,
    0.00116,
    0.00016,
    1e-05,
    0.0,
    0.0,
    0.0,
    0.0,
    0.0,
    0.0,
    0.0,
    0.0,
    0.0,
    0.0,
    0.0,
    0.0,
    0.0
  ],
  "Internacional / RS": [
    0.0,
    0.0,
    0.0,
    0.00022,
    0.00194,
    0.00884,
    0.02473,
    0.04623,
    0.06215,
    0.08225,
    0.09473,
    0.10511,
    0.11405,
    0.12384,
    0.1291,
    0.11011,
    0.06038,
    0.02721,
    0.00844,
    0.00067
  ],
  "Palmeiras / SP": [
    0.24848,
    0.44422,
    0.23867,
    0.05438,
    0.01187,
    0.00211,
    0.0002,
    6e-05,
    0.0,
    1e-05,
    0.0,
    0.0,
    0.0,
    0.0,
    0.0,
    0.0,
    0.0,
    0.0,
    0.0,
    0.0
  ],
  "Botafogo / RJ": [
    0.00118,
    0.01163,
    0.06709,
    0.26917,
    0.33349,
    0.19567,
    0.07503,
    0.02719,
    0.01124,
    0.00477,
    0.00201,
    0.00091,
    0.00041,
    9e-05,
    0.00011,
    1e-05,
    0.0,
    0.0,
    0.0,
    0.0
  ],
  "Vasco da Gama / RJ": [
    0.0,
    0.0,
    4e-05,
    0.00122,
    0.00686,
    0.02503,
    0.06271,
    0.10054,
    0.11546,
    0.12077,
    0.11418,
    0.11049,
    0.101,
    0.08758,
    0.07469,
    0.04714,
    0.02152,
    0.00843,
    0.00225,
    9e-05
  ],
  "Santos / SP": [
    0.0,
    0.0,
    0.0,
    5e-05,
    0.00038,
    0.00227,
    0.00905,
    0.02018,
    0.03242,
    0.0444,
    0.05677,
    0.06944,
    0.09032,
    0.11215,
    0.1441,
    0.17664,
    0.12638,
    0.0759,
    0.03507,
    0.00448
  ],
  "Bahia / BA": [
    0.00011,
    0.00194,
    0.01572,
    0.10238,
    0.2142,
    0.29511,
    0.17842,
    0.08628,
    0.04634,
    0.02567,
    0.01504,
    0.00926,
    0.00521,
    0.00277,
    0.00106,
    0.00044,
    5e-05,
    0.0,
    0.0,
    0.0
  ],
  "Corinthians / SP": [
    0.0,
    0.0,
    0.0,
    0.00044,
    0.00316,
    0.01362,
    0.03628,
    0.06488,
    0.081,
    0.08951,
    0.09536,
    0.10376,
    0.10639,
    0.11243,
    0.11069,
    0.09913,
    0.05278,
    0.02285,
    0.0074,
    0.00032
  ],
  "Red Bull Bragantino / SP": [
    0.0,
    0.0,
    2e-05,
    0.00091,
    0.00661,
    0.02675,
    0.06513,
    0.10381,
    0.11778,
    0.11762,
    0.11496,
    0.11351,
    0.10293,
    0.08967,
    0.06782,
    0.04388,
    0.02004,
    0.00694,
    0.00155,
    7e-05
  ],
  "Ceará / CE": [
    0.0,
    0.0,
    1e-05,
    0.00112,
    0.00622,
    0.02207,
    0.05489,
    0.07426,
    0.09069,
    0.10047,
    0.11423,
    0.1085,
    0.11248,
    0.10261,
    0.09026,
    0.06658,
    0.03362,
    0.01595,
    0.00525,
    0.00079
  ]
}