{
  "Nice": [
    0.12253,
    0.52292,
    0.2241,
    0.08758,
    0.02998,
    0.00973,
    0.00239,
    0.00064,
    0.00011,
    2e-05,
    0.0,
    0.0,
    0.0,
    0.0,
    0.0,
    0.0,
    0.0,
    0.0
  ],
  "Lille": [
    0.00136,
    0.02327,
    0.0877,
    0.17962,
    0.25097,
    0.20253,
    0.13413,
    0.07666,
    0.03077,
    0.00952,
    0.00274,
    0.00056,
    0.00014,
    3e-05,
    0.0,
    0.0,
    0.0,
    0.0
  ],
  "Marseille": [
    0.00035,
    0.01042,
    0.04369,
    0.10538,
    0.18546,
    0.22543,
    0.19768,
    0.1326,
    0.06439,
    0.02346,
    0.0078,
    0.00243,
    0.00074,
    0.00012,
    3e-05,
    2e-05,
    0.0,
    0.0
  ],
  "Reims": [
    8e-05,
    0.00231,
    0.01226,
    0.04029,
    0.09189,
    0.15466,
    0.21046,
    0.22746,
    0.15044,
    0.0651,
    0.02792,
    0.01142,
    0.00439,
    0.00102,
    0.00027,
    3e-05,
    0.0,
    0.0
  ],
  "Paris SG": [
    0.8351,
    0.13355,
    0.02571,
    0.00483,
    0.00067,
    0.00012,
    2e-05,
    0.0,
    0.0,
    0.0,
    0.0,
    0.0,
    0.0,
    0.0,
    0.0,
    0.0,
    0.0,
    0.0
  ],
  "Lorient": [
    0.0,
    0.0,
    0.0,
    0.0,
    0.0,
    1e-05,
    1e-05,
    0.00013,
    0.00045,
    0.0021,
    0.00595,
    0.0145,
    0.02713,
    0.0608,
    0.11483,
    0.20095,
    0.30734,
    0.2658
  ],
  "Brest": [
    0.00979,
    0.0908,
    0.2177,
    0.30199,
    0.18984,
    0.10485,
    0.05338,
    0.02273,
    0.00697,
    0.00167,
    0.00024,
    4e-05,
    0.0,
    0.0,
    0.0,
    0.0,
    0.0,
    0.0
  ],
  "Lens": [
    0.00014,
    0.00356,
    0.01942,
    0.0576,
    0.11869,
    0.18135,
    0.21771,
    0.1958,
    0.12021,
    0.05215,
    0.02171,
    0.00815,
    0.00276,
    0.00055,
    0.00017,
    3e-05,
    0.0,
    0.0
  ],
  "Clermont": [
    0.0,
    0.0,
    0.0,
    0.0,
    0.0,
    0.0,
    0.0,
    1e-05,
    0.00012,
    0.00113,
    0.00323,
    0.00736,
    0.01658,
    0.03324,
    0.06184,
    0.11296,
    0.23171,
    0.53182
  ],
  "Monaco": [
    0.03065,
    0.21298,
    0.36794,
    0.21355,
    0.10352,
    0.04568,
    0.01791,
    0.00585,
    0.00164,
    0.00026,
    2e-05,
    0.0,
    0.0,
    0.0,
    0.0,
    0.0,
    0.0,
    0.0
  ],
  "Montpellier": [
    0.0,
    0.0,
    4e-05,
    0.00034,
    0.00141,
    0.00555,
    0.01596,
    0.04102,
    0.09537,
    0.15788,
    0.1813,
    0.17715,
    0.14221,
    0.09621,
    0.05273,
    0.02289,
    0.00852,
    0.00142
  ],
  "Le Havre": [
    0.0,
    0.0,
    9e-05,
    0.00044,
    0.00186,
    0.00718,
    0.02028,
    0.05127,
    0.11326,
    0.1757,
    0.18639,
    0.16113,
    0.12603,
    0.08326,
    0.0458,
    0.01964,
    0.00633,
    0.00134
  ],
  "Nantes": [
    0.0,
    0.0,
    0.0,
    5e-05,
    0.00023,
    0.00123,
    0.00436,
    0.0143,
    0.04055,
    0.08726,
    0.12699,
    0.16006,
    0.17528,
    0.16175,
    0.12138,
    0.06659,
    0.03198,
    0.00799
  ],
  "Toulouse": [
    0.0,
    0.0,
    0.0,
    0.0,
    5e-05,
    9e-05,
    0.00032,
    0.00162,
    0.00615,
    0.01842,
    0.03754,
    0.06426,
    0.10256,
    0.14935,
    0.19208,
    0.19823,
    0.15762,
    0.07171
  ],
  "Rennes": [
    0.0,
    0.0,
    3e-05,
    0.0004,
    0.00164,
    0.00613,
    0.0177,
    0.0457,
    0.10539,
    0.17848,
    0.1849,
    0.16403,
    0.1248,
    0.08413,
    0.05005,
    0.02547,
    0.00944,
    0.00171
  ],
  "Metz": [
    0.0,
    0.0,
    0.0,
    0.0,
    1e-05,
    0.00027,
    0.00125,
    0.00454,
    0.01611,
    0.04169,
    0.07318,
    0.10904,
    0.14503,
    0.16901,
    0.16488,
    0.14665,
    0.09594,
    0.0324
  ],
  "Strasbourg": [
    0.0,
    0.00019,
    0.00132,
    0.00793,
    0.02377,
    0.05516,
    0.10633,
    0.17903,
    0.2441,
    0.1689,
    0.10639,
    0.05878,
    0.0304,
    0.01241,
    0.00407,
    0.00099,
    0.00021,
    2e-05
  ],
  "Lyon": [
    0.0,
    0.0,
    0.0,
    0.0,
    1e-05,
    3e-05,
    0.00011,
    0.00064,
    0.00397,
    0.01626,
    0.0337,
    0.06109,
    0.10195,
    0.14812,
    0.19187,
    0.20555,
    0.15091,
    0.08579
  ]
}