{
  "Fulham": [
    0.0,
    0.0,
    0.0,
    0.0,
    0.0,
    0.0,
    0.0,
    0.0,
    0.0,
    0.0,
    5e-05,
    0.00026,
    0.0011,
    0.00346,
    0.01031,
    0.0301,
    0.09997,
    0.49558,
    0.34844,
    0.01073
  ],
  "Arsenal": [
    0.0,
    0.0,
    2e-05,
    0.00043,
    0.0014,
    0.004,
    0.01142,
    0.03087,
    0.09419,
    0.29826,
    0.23522,
    0.15297,
    0.09158,
    0.0493,
    0.02144,
    0.00745,
    0.00145,
    0.0,
    0.0,
    0.0
  ],
  "Crystal Palace": [
    0.0,
    0.0,
    0.0,
    2e-05,
    3e-05,
    0.00025,
    0.0008,
    0.00333,
    0.01726,
    0.08325,
    0.13562,
    0.17508,
    0.18324,
    0.16803,
    0.12728,
    0.07564,
    0.0291,
    0.00104,
    3e-05,
    0.0
  ],
  "Southampton": [
    0.0,
    0.0,
    0.0,
    0.0,
    0.0,
    0.00012,
    0.00046,
    0.00193,
    0.01063,
    0.06765,
    0.11544,
    0.15602,
    0.17221,
    0.17081,
    0.14565,
    0.10024,
    0.05222,
    0.00624,
    0.00038,
    0.0
  ],
  "Liverpool": [
    0.0,
    0.00329,
    0.02391,
    0.06279,
    0.10115,
    0.14168,
    0.18765,
    0.22434,
    0.18796,
    0.05049,
    0.01351,
    0.00264,
    0.00049,
    8e-05,
    2e-05,
    0.0,
    0.0,
    0.0,
    0.0,
    0.0
  ],
  "Leeds": [
    0.0,
    0.0,
    0.0,
    0.00013,
    0.0006,
    0.0021,
    0.00659,
    0.01959,
    0.06159,
    0.23549,
    0.25206,
    0.17725,
    0.11597,
    0.0712,
    0.03747,
    0.01646,
    0.00346,
    4e-05,
    0.0,
    0.0
  ],
  "West Ham": [
    0.0,
    0.02176,
    0.14681,
    0.21777,
    0.19333,
    0.16605,
    0.12926,
    0.08415,
    0.03649,
    0.004,
    0.00035,
    3e-05,
    0.0,
    0.0,
    0.0,
    0.0,
    0.0,
    0.0,
    0.0,
    0.0
  ],
  "Newcastle": [
    0.0,
    0.0,
    0.0,
    0.0,
    0.0,
    0.0,
    0.0,
    0.0,
    0.00021,
    0.00523,
    0.01614,
    0.03492,
    0.06411,
    0.10763,
    0.16215,
    0.21947,
    0.2956,
    0.08259,
    0.01187,
    8e-05
  ],
  "West Brom": [
    0.0,
    0.0,
    0.0,
    0.0,
    0.0,
    0.0,
    0.0,
    0.0,
    0.0,
    0.0,
    1e-05,
    2e-05,
    8e-05,
    0.00069,
    0.0026,
    0.00982,
    0.04415,
    0.31843,
    0.57715,
    0.04705
  ],
  "Leicester": [
    0.00011,
    0.15504,
    0.42513,
    0.20145,
    0.10635,
    0.06124,
    0.03394,
    0.01365,
    0.00296,
    0.00013,
    0.0,
    0.0,
    0.0,
    0.0,
    0.0,
    0.0,
    0.0,
    0.0,
    0.0,
    0.0
  ],
  "Tottenham": [
    0.0,
    0.00802,
    0.05566,
    0.11173,
    0.16032,
    0.18262,
    0.18168,
    0.16584,
    0.10512,
    0.02317,
    0.00469,
    0.00101,
    0.00013,
    1e-05,
    0.0,
    0.0,
    0.0,
    0.0,
    0.0,
    0.0
  ],
  "Everton": [
    0.0,
    0.00482,
    0.04933,
    0.11682,
    0.15452,
    0.16728,
    0.17064,
    0.16341,
    0.12718,
    0.03511,
    0.00854,
    0.00188,
    0.00041,
    6e-05,
    0.0,
    0.0,
    0.0,
    0.0,
    0.0,
    0.0
  ],
  "Brighton": [
    0.0,
    0.0,
    0.0,
    0.0,
    0.0,
    0.0,
    1e-05,
    7e-05,
    0.00087,
    0.0089,
    0.02437,
    0.04759,
    0.07944,
    0.12266,
    0.17841,
    0.24468,
    0.23569,
    0.05302,
    0.00428,
    1e-05
  ],
  "Chelsea": [
    0.0,
    0.01733,
    0.13082,
    0.20964,
    0.20004,
    0.16838,
    0.13056,
    0.09093,
    0.0426,
    0.00851,
    0.0011,
    9e-05,
    0.0,
    0.0,
    0.0,
    0.0,
    0.0,
    0.0,
    0.0,
    0.0
  ],
  "Sheffield United": [
    0.0,
    0.0,
    0.0,
    0.0,
    0.0,
    0.0,
    0.0,
    0.0,
    0.0,
    0.0,
    0.0,
    0.0,
    0.0,
    0.0,
    1e-05,
    2e-05,
    0.00017,
    0.00351,
    0.05416,
    0.94213
  ],
  "Wolves": [
    0.0,
    0.0,
    0.0,
    0.0,
    0.0,
    0.00012,
    0.00053,
    0.00238,
    0.01296,
    0.07414,
    0.13098,
    0.17618,
    0.18617,
    0.15757,
    0.12186,
    0.08718,
    0.04355,
    0.0062,
    0.00018,
    0.0
  ],
  "Man United": [
    0.00443,
    0.7843,
    0.15571,
    0.03903,
    0.01163,
    0.00363,
    0.00102,
    0.00023,
    2e-05,
    0.0,
    0.0,
    0.0,
    0.0,
    0.0,
    0.0,
    0.0,
    0.0,
    0.0,
    0.0,
    0.0
  ],
  "Burnley": [
    0.0,
    0.0,
    0.0,
    0.0,
    0.0,
    0.0,
    0.0,
    4e-05,
    0.00135,
    0.01358,
    0.0352,
    0.06603,
    0.10283,
    0.14784,
    0.1927,
    0.20893,
    0.19464,
    0.03335,
    0.00351,
    0.0
  ],
  "Aston Villa": [
    0.0,
    0.00091,
    0.0126,
    0.04019,
    0.07063,
    0.10253,
    0.14544,
    0.19924,
    0.29861,
    0.09209,
    0.02672,
    0.00803,
    0.00224,
    0.00066,
    0.0001,
    1e-05,
    0.0,
    0.0,
    0.0,
    0.0
  ],
  "Man City": [
    0.99546,
    0.00453,
    1e-05,
    0.0,
    0.0,
    0.0,
    0.0,
    0.0,
    0.0,
    0.0,
    0.0,
    0.0,
    0.0,
    0.0,
    0.0,
    0.0,
    0.0,
    0.0,
    0.0,
    0.0
  ]
}