{
  "São Paulo / SP": [
    0.0,
    2e-05,
    0.00092,
    0.01623,
    0.04405,
    0.09556,
    0.17351,
    0.17889,
    0.14046,
    0.11049,
    0.08817,
    0.06083,
    0.04359,
    0.02713,
    0.0144,
    0.00479,
    0.00083,
    0.00013,
    0.0,
    0.0
  ],
  "Sport / PE": [
    0.0,
    0.0,
    0.0,
    0.0,
    0.0,
    0.0,
    0.0,
    0.0,
    1e-05,
    3e-05,
    8e-05,
    0.00016,
    0.00044,
    0.00109,
    0.00299,
    0.00999,
    0.03907,
    0.08608,
    0.18423,
    0.67583
  ],
  "Cruzeiro / MG": [
    0.05486,
    0.19393,
    0.59216,
    0.11629,
    0.03288,
    0.00829,
    0.00132,
    0.00025,
    1e-05,
    1e-05,
    0.0,
    0.0,
    0.0,
    0.0,
    0.0,
    0.0,
    0.0,
    0.0,
    0.0,
    0.0
  ],
  "Mirassol / SP": [
    0.00101,
    0.00837,
    0.06269,
    0.30318,
    0.27496,
    0.18773,
    0.09386,
    0.03853,
    0.01677,
    0.00745,
    0.00337,
    0.00136,
    0.00048,
    0.00021,
    3e-05,
    0.0,
    0.0,
    0.0,
    0.0,
    0.0
  ],
  "Grêmio / RS": [
    0.0,
    0.0,
    1e-05,
    0.00042,
    0.00222,
    0.00895,
    0.0262,
    0.05216,
    0.07492,
    0.09968,
    0.11225,
    0.12668,
    0.13658,
    0.13823,
    0.11684,
    0.06955,
    0.02594,
    0.0075,
    0.00181,
    6e-05
  ],
  "Atlético Mineiro / MG": [
    0.0,
    0.0,
    1e-05,
    0.00037,
    0.00166,
    0.00657,
    0.01953,
    0.04066,
    0.06044,
    0.07975,
    0.09296,
    0.11218,
    0.12442,
    0.13555,
    0.14239,
    0.10754,
    0.04975,
    0.01964,
    0.00567,
    0.00091
  ],
  "Fortaleza / CE": [
    0.0,
    0.0,
    0.0,
    0.0,
    0.0,
    1e-05,
    1e-05,
    0.00024,
    0.00059,
    0.0016,
    0.00329,
    0.00713,
    0.01291,
    0.0253,
    0.05299,
    0.11445,
    0.23365,
    0.26455,
    0.21498,
    0.0683
  ],
  "Fluminense / RJ": [
    1e-05,
    0.00023,
    0.00488,
    0.03688,
    0.0764,
    0.13754,
    0.21221,
    0.17696,
    0.12393,
    0.0844,
    0.05724,
    0.03873,
    0.02593,
    0.0151,
    0.00723,
    0.00199,
    0.00029,
    5e-05,
    0.0,
    0.0
  ],
  "Juventude / RS": [
    0.0,
    0.0,
    0.0,
    0.0,
    0.0,
    0.0,
    2e-05,
    5e-05,
    0.00014,
    0.00031,
    0.00063,
    0.00156,
    0.00366,
    0.00901,
    0.02192,
    0.06062,
    0.15124,
    0.23923,
    0.34197,
    0.16964
  ],
  "Vitória / BA": [
    0.0,
    0.0,
    0.0,
    0.0,
    0.0,
    1e-05,
    4e-05,
    0.00016,
    0.00072,
    0.0013,
    0.0026,
    0.00556,
    0.01038,
    0.01998,
    0.04588,
    0.1118,
    0.24927,
    0.26876,
    0.20551,
    0.07803
  ],
  "Flamengo / RJ": [
    0.47569,
    0.40538,
    0.10622,
    0.01076,
    0.0017,
    0.00022,
    3e-05,
    0.0,
    0.0,
    0.0,
    0.0,
    0.0,
    0.0,
    0.0,
    0.0,
    0.0,
    0.0,
    0.0,
    0.0,
    0.0
  ],
  "Internacional / RS": [
    0.0,
    0.0,
    0.0,
    0.00039,
    0.00251,
    0.0087,
    0.02706,
    0.04907,
    0.07051,
    0.0947,
    0.11178,
    0.1239,
    0.13195,
    0.13431,
    0.12118,
    0.08173,
    0.03111,
    0.00911,
    0.00186,
    0.00013
  ],
  "Palmeiras / SP": [
    0.46766,
    0.38264,
    0.13227,
    0.01481,
    0.0022,
    0.00039,
    3e-05,
    0.0,
    0.0,
    0.0,
    0.0,
    0.0,
    0.0,
    0.0,
    0.0,
    0.0,
    0.0,
    0.0,
    0.0,
    0.0
  ],
  "Botafogo / RJ": [
    0.00012,
    0.00278,
    0.03243,
    0.17708,
    0.2508,
    0.28195,
    0.13754,
    0.06425,
    0.02899,
    0.0133,
    0.00634,
    0.00257,
    0.0012,
    0.00047,
    0.00017,
    1e-05,
    0.0,
    0.0,
    0.0,
    0.0
  ],
  "Vasco da Gama / RJ": [
    0.0,
    0.0,
    2e-05,
    0.00102,
    0.00424,
    0.01364,
    0.037,
    0.06644,
    0.09126,
    0.11019,
    0.11886,
    0.12389,
    0.12531,
    0.12137,
    0.10465,
    0.05735,
    0.01881,
    0.00487,
    0.00102,
    6e-05
  ],
  "Santos / SP": [
    0.0,
    0.0,
    0.0,
    0.0,
    0.00014,
    0.00033,
    0.00168,
    0.00499,
    0.01056,
    0.01754,
    0.02719,
    0.04148,
    0.06491,
    0.09977,
    0.15788,
    0.26761,
    0.16604,
    0.09166,
    0.04122,
    0.007
  ],
  "Bahia / BA": [
    0.00065,
    0.00664,
    0.06817,
    0.31706,
    0.28179,
    0.17576,
    0.08254,
    0.03743,
    0.01585,
    0.0076,
    0.00356,
    0.0018,
    0.00076,
    0.00033,
    6e-05,
    0.0,
    0.0,
    0.0,
    0.0,
    0.0
  ],
  "Corinthians / SP": [
    0.0,
    0.0,
    5e-05,
    0.00085,
    0.00502,
    0.0183,
    0.048,
    0.0798,
    0.10661,
    0.11244,
    0.11383,
    0.11374,
    0.11343,
    0.11018,
    0.09345,
    0.05899,
    0.01921,
    0.00499,
    0.00107,
    4e-05
  ],
  "Red Bull Bragantino / SP": [
    0.0,
    0.0,
    2e-05,
    0.00145,
    0.00724,
    0.02265,
    0.06457,
    0.11012,
    0.14087,
    0.13609,
    0.12737,
    0.12642,
    0.10308,
    0.07808,
    0.0525,
    0.02227,
    0.00613,
    0.00099,
    0.00015,
    0.0
  ],
  "Ceará / CE": [
    0.0,
    1e-05,
    0.00015,
    0.00321,
    0.01219,
    0.0334,
    0.07485,
    0.1,
    0.11736,
    0.12312,
    0.13048,
    0.11201,
    0.10097,
    0.08389,
    0.06544,
    0.03131,
    0.00866,
    0.00244,
    0.00051,
    0.0
  ]
}