{
  "Ein Frankfurt": [
    0.00011,
    0.00293,
    0.02267,
    0.07696,
    0.1697,
    0.27963,
    0.23745,
    0.13726,
    0.05849,
    0.01252,
    0.00204,
    0.00024,
    0.0,
    0.0,
    0.0,
    0.0,
    0.0,
    0.0
  ],
  "Bayern Munich": [
    0.67208,
    0.26026,
    0.05363,
    0.01202,
    0.00179,
    0.00021,
    1e-05,
    0.0,
    0.0,
    0.0,
    0.0,
    0.0,
    0.0,
    0.0,
    0.0,
    0.0,
    0.0,
    0.0
  ],
  "Augsburg": [
    0.0,
    0.0,
    0.0,
    0.0,
    1e-05,
    0.0001,
    0.00052,
    0.00258,
    0.01343,
    0.0731,
    0.14407,
    0.24573,
    0.23993,
    0.1495,
    0.07965,
    0.03637,
    0.01276,
    0.00225
  ],
  "Freiburg": [
    0.00181,
    0.0191,
    0.11268,
    0.22235,
    0.33136,
    0.17795,
    0.0934,
    0.03276,
    0.00787,
    0.00071,
    1e-05,
    0.0,
    0.0,
    0.0,
    0.0,
    0.0,
    0.0,
    0.0
  ],
  "Bochum": [
    0.0,
    0.0,
    0.0,
    0.0,
    0.0,
    0.0,
    2e-05,
    0.00015,
    0.001,
    0.00749,
    0.02591,
    0.07303,
    0.14449,
    0.21697,
    0.20721,
    0.16651,
    0.11107,
    0.04615
  ],
  "Mainz": [
    0.0,
    3e-05,
    0.00063,
    0.00507,
    0.02263,
    0.06844,
    0.13508,
    0.24495,
    0.33051,
    0.13063,
    0.04871,
    0.01147,
    0.00174,
    0.0001,
    1e-05,
    0.0,
    0.0,
    0.0
  ],
  "M'gladbach": [
    0.0,
    0.0,
    0.0,
    3e-05,
    0.00047,
    0.00364,
    0.01344,
    0.04532,
    0.11358,
    0.30296,
    0.26505,
    0.14912,
    0.07113,
    0.02521,
    0.00803,
    0.00175,
    0.00026,
    1e-05
  ],
  "Hoffenheim": [
    0.0,
    0.0,
    0.0,
    0.0,
    0.0,
    0.0,
    0.0,
    2e-05,
    0.00023,
    0.00358,
    0.01301,
    0.03709,
    0.08299,
    0.14844,
    0.19401,
    0.1996,
    0.17979,
    0.14124
  ],
  "Union Berlin": [
    0.03314,
    0.16658,
    0.41342,
    0.23769,
    0.10291,
    0.03343,
    0.01054,
    0.00211,
    0.00018,
    0.0,
    0.0,
    0.0,
    0.0,
    0.0,
    0.0,
    0.0,
    0.0,
    0.0
  ],
  "Hertha": [
    0.0,
    0.0,
    0.0,
    0.0,
    0.0,
    0.0,
    0.0,
    0.0,
    0.00012,
    0.00208,
    0.0088,
    0.02975,
    0.06888,
    0.12736,
    0.1713,
    0.19907,
    0.20384,
    0.1888
  ],
  "Wolfsburg": [
    1e-05,
    0.00058,
    0.00798,
    0.03968,
    0.11952,
    0.22043,
    0.26773,
    0.19463,
    0.11535,
    0.02735,
    0.00574,
    0.00086,
    0.00014,
    0.0,
    0.0,
    0.0,
    0.0,
    0.0
  ],
  "Werder Bremen": [
    0.0,
    0.0,
    0.0,
    1e-05,
    0.00017,
    0.00135,
    0.00648,
    0.02978,
    0.09236,
    0.27407,
    0.30262,
    0.17288,
    0.07949,
    0.02864,
    0.00922,
    0.00252,
    0.00037,
    4e-05
  ],
  "Dortmund": [
    0.28361,
    0.49487,
    0.16493,
    0.04592,
    0.00901,
    0.00149,
    0.00015,
    2e-05,
    0.0,
    0.0,
    0.0,
    0.0,
    0.0,
    0.0,
    0.0,
    0.0,
    0.0,
    0.0
  ],
  "Leverkusen": [
    0.0,
    8e-05,
    0.0023,
    0.01127,
    0.03853,
    0.11219,
    0.19276,
    0.29218,
    0.24355,
    0.07897,
    0.02311,
    0.00431,
    0.00068,
    7e-05,
    0.0,
    0.0,
    0.0,
    0.0
  ],
  "Stuttgart": [
    0.0,
    0.0,
    0.0,
    0.0,
    0.0,
    0.0,
    0.0,
    0.0,
    0.00018,
    0.00151,
    0.00616,
    0.02279,
    0.05394,
    0.11024,
    0.1529,
    0.1974,
    0.23592,
    0.21896
  ],
  "RB Leipzig": [
    0.00924,
    0.05557,
    0.22176,
    0.349,
    0.2039,
    0.10107,
    0.04207,
    0.01381,
    0.00326,
    0.0003,
    2e-05,
    0.0,
    0.0,
    0.0,
    0.0,
    0.0,
    0.0,
    0.0
  ],
  "FC Koln": [
    0.0,
    0.0,
    0.0,
    0.0,
    0.0,
    7e-05,
    0.00035,
    0.00443,
    0.01988,
    0.08432,
    0.15309,
    0.24543,
    0.2332,
    0.13738,
    0.07155,
    0.03513,
    0.01229,
    0.00288
  ],
  "Schalke 04": [
    0.0,
    0.0,
    0.0,
    0.0,
    0.0,
    0.0,
    0.0,
    0.0,
    1e-05,
    0.00041,
    0.00166,
    0.0073,
    0.02339,
    0.05609,
    0.10612,
    0.16165,
    0.2437,
    0.39967
  ]
}