{
  "Almeria": [
    0.0,
    0.0,
    0.0,
    0.0,
    0.0,
    0.0,
    0.0,
    0.0,
    0.0,
    0.0,
    2e-05,
    1e-05,
    0.0001,
    0.0003,
    0.00078,
    0.00223,
    0.00671,
    0.02272,
    0.0989,
    0.86823
  ],
  "Vallecano": [
    0.0,
    0.0,
    8e-05,
    0.00082,
    0.00791,
    0.03476,
    0.11873,
    0.17932,
    0.17048,
    0.14568,
    0.11933,
    0.08755,
    0.06131,
    0.03723,
    0.02091,
    0.01006,
    0.00435,
    0.00123,
    0.00025,
    0.0
  ],
  "Sevilla": [
    0.0,
    0.0,
    0.0,
    0.00024,
    0.00188,
    0.01087,
    0.04874,
    0.08909,
    0.12033,
    0.14074,
    0.13856,
    0.12884,
    0.1078,
    0.08159,
    0.05815,
    0.03736,
    0.02179,
    0.01105,
    0.00289,
    8e-05
  ],
  "Valencia": [
    0.0,
    0.0,
    1e-05,
    0.00028,
    0.00305,
    0.01543,
    0.06656,
    0.11917,
    0.14252,
    0.14474,
    0.13466,
    0.11637,
    0.0956,
    0.0699,
    0.04699,
    0.02617,
    0.01299,
    0.00465,
    0.0009,
    1e-05
  ],
  "Sociedad": [
    0.00086,
    0.0131,
    0.06153,
    0.17524,
    0.38253,
    0.25845,
    0.07621,
    0.02117,
    0.00721,
    0.00233,
    0.00081,
    0.00031,
    0.00019,
    6e-05,
    0.0,
    0.0,
    0.0,
    0.0,
    0.0,
    0.0
  ],
  "Girona": [
    0.04392,
    0.23133,
    0.36473,
    0.24278,
    0.08886,
    0.02466,
    0.0032,
    0.00044,
    8e-05,
    0.0,
    0.0,
    0.0,
    0.0,
    0.0,
    0.0,
    0.0,
    0.0,
    0.0,
    0.0,
    0.0
  ],
  "Las Palmas": [
    0.0,
    0.0,
    6e-05,
    0.0005,
    0.00612,
    0.03411,
    0.11721,
    0.18892,
    0.18734,
    0.15165,
    0.11885,
    0.08121,
    0.05258,
    0.0331,
    0.01683,
    0.00822,
    0.00259,
    0.00063,
    8e-05,
    0.0
  ],
  "Mallorca": [
    0.0,
    0.0,
    0.0,
    0.0,
    1e-05,
    0.0001,
    0.00085,
    0.00309,
    0.00811,
    0.01614,
    0.02787,
    0.04344,
    0.06911,
    0.1035,
    0.14013,
    0.17433,
    0.17976,
    0.14699,
    0.07989,
    0.00668
  ],
  "Ath Bilbao": [
    0.00019,
    0.00487,
    0.02428,
    0.08825,
    0.25946,
    0.3915,
    0.14652,
    0.05094,
    0.02054,
    0.00851,
    0.00313,
    0.00122,
    0.00044,
    0.00011,
    3e-05,
    1e-05,
    0.0,
    0.0,
    0.0,
    0.0
  ],
  "Real Madrid": [
    0.80824,
    0.15468,
    0.03129,
    0.00523,
    0.0005,
    6e-05,
    0.0,
    0.0,
    0.0,
    0.0,
    0.0,
    0.0,
    0.0,
    0.0,
    0.0,
    0.0,
    0.0,
    0.0,
    0.0,
    0.0
  ],
  "Celta": [
    0.0,
    0.0,
    0.0,
    0.0,
    0.0,
    3e-05,
    0.00039,
    0.00152,
    0.00383,
    0.00803,
    0.01453,
    0.02568,
    0.04158,
    0.06499,
    0.10081,
    0.14316,
    0.17853,
    0.23884,
    0.16147,
    0.01661
  ],
  "Osasuna": [
    0.0,
    0.0,
    0.0,
    0.0,
    0.00013,
    0.00161,
    0.01068,
    0.02753,
    0.04611,
    0.07122,
    0.09632,
    0.1196,
    0.14008,
    0.14197,
    0.12562,
    0.09801,
    0.07063,
    0.03595,
    0.01395,
    0.00059
  ],
  "Villarreal": [
    0.0,
    0.0,
    0.0,
    1e-05,
    0.00029,
    0.00226,
    0.01187,
    0.03201,
    0.05434,
    0.07855,
    0.10192,
    0.12595,
    0.13745,
    0.13977,
    0.12024,
    0.08933,
    0.05983,
    0.03375,
    0.01203,
    0.0004
  ],
  "Betis": [
    1e-05,
    0.00014,
    0.00165,
    0.01013,
    0.05421,
    0.15757,
    0.34643,
    0.1923,
    0.10699,
    0.06144,
    0.03482,
    0.01856,
    0.0097,
    0.00383,
    0.00159,
    0.00037,
    0.0002,
    6e-05,
    0.0,
    0.0
  ],
  "Getafe": [
    0.0,
    0.0,
    0.0,
    9e-05,
    0.00094,
    0.00798,
    0.04017,
    0.0812,
    0.1077,
    0.12745,
    0.13877,
    0.14144,
    0.12252,
    0.09494,
    0.06595,
    0.03999,
    0.02078,
    0.00796,
    0.00208,
    4e-05
  ],
  "Barcelona": [
    0.01604,
    0.12255,
    0.26509,
    0.36657,
    0.16559,
    0.05427,
    0.00843,
    0.00117,
    0.00026,
    3e-05,
    0.0,
    0.0,
    0.0,
    0.0,
    0.0,
    0.0,
    0.0,
    0.0,
    0.0,
    0.0
  ],
  "Cadiz": [
    0.0,
    0.0,
    0.0,
    0.0,
    0.0,
    3e-05,
    0.00049,
    0.00152,
    0.00383,
    0.0082,
    0.01642,
    0.02728,
    0.04669,
    0.07409,
    0.11175,
    0.15581,
    0.19784,
    0.20422,
    0.14092,
    0.01091
  ],
  "Alaves": [
    0.0,
    0.0,
    0.0,
    0.0,
    4e-05,
    0.00048,
    0.00308,
    0.01051,
    0.01999,
    0.03472,
    0.05237,
    0.07876,
    0.10636,
    0.13658,
    0.15647,
    0.1498,
    0.13099,
    0.0838,
    0.03464,
    0.00141
  ],
  "Ath Madrid": [
    0.13074,
    0.47333,
    0.25128,
    0.10986,
    0.02848,
    0.00583,
    0.00042,
    4e-05,
    0.0,
    2e-05,
    0.0,
    0.0,
    0.0,
    0.0,
    0.0,
    0.0,
    0.0,
    0.0,
    0.0,
    0.0
  ],
  "Granada": [
    0.0,
    0.0,
    0.0,
    0.0,
    0.0,
    0.0,
    2e-05,
    6e-05,
    0.00034,
    0.00055,
    0.00162,
    0.00378,
    0.00849,
    0.01804,
    0.03375,
    0.06515,
    0.11301,
    0.20815,
    0.452,
    0.09504
  ]
}