{
  "Famalicao": [
    0.0,
    0.0,
    0.0,
    0.0,
    0.0,
    0.00018,
    0.00591,
    0.01595,
    0.02796,
    0.04238,
    0.05439,
    0.06839,
    0.08313,
    0.10121,
    0.11986,
    0.13939,
    0.16381,
    0.17744
  ],
  "Benfica": [
    0.0,
    0.0435,
    0.11976,
    0.29308,
    0.48956,
    0.05329,
    0.00077,
    4e-05,
    0.0,
    0.0,
    0.0,
    0.0,
    0.0,
    0.0,
    0.0,
    0.0,
    0.0,
    0.0
  ],
  "Guimaraes": [
    0.0,
    0.00016,
    0.00132,
    0.01147,
    0.07315,
    0.81875,
    0.07498,
    0.01478,
    0.00367,
    0.00125,
    0.00028,
    0.00015,
    3e-05,
    1e-05,
    0.0,
    0.0,
    0.0,
    0.0
  ],
  "Belenenses": [
    0.0,
    0.0,
    0.0,
    0.0,
    3e-05,
    0.00271,
    0.06389,
    0.09395,
    0.11716,
    0.12211,
    0.11612,
    0.10874,
    0.09822,
    0.08375,
    0.07241,
    0.05647,
    0.04167,
    0.02277
  ],
  "Nacional": [
    0.0,
    0.0,
    0.0,
    0.0,
    0.0,
    0.00151,
    0.03314,
    0.06167,
    0.08751,
    0.10475,
    0.10998,
    0.11043,
    0.10846,
    0.10201,
    0.09587,
    0.08161,
    0.06394,
    0.03912
  ],
  "Boavista": [
    0.0,
    0.0,
    0.0,
    0.0,
    0.0,
    0.00033,
    0.01199,
    0.02772,
    0.05108,
    0.06905,
    0.08314,
    0.08961,
    0.09878,
    0.11009,
    0.11271,
    0.1189,
    0.11914,
    0.10746
  ],
  "Porto": [
    5e-05,
    0.54075,
    0.29768,
    0.11931,
    0.04027,
    0.00193,
    1e-05,
    0.0,
    0.0,
    0.0,
    0.0,
    0.0,
    0.0,
    0.0,
    0.0,
    0.0,
    0.0,
    0.0
  ],
  "Sp Braga": [
    3e-05,
    0.33614,
    0.4014,
    0.18293,
    0.07542,
    0.00406,
    2e-05,
    0.0,
    0.0,
    0.0,
    0.0,
    0.0,
    0.0,
    0.0,
    0.0,
    0.0,
    0.0,
    0.0
  ],
  "Santa Clara": [
    0.0,
    0.0,
    0.0,
    3e-05,
    0.0005,
    0.02943,
    0.27455,
    0.26327,
    0.14712,
    0.10202,
    0.06512,
    0.04462,
    0.03095,
    0.01959,
    0.01148,
    0.007,
    0.00331,
    0.00101
  ],
  "Maritimo": [
    0.0,
    0.0,
    0.0,
    0.0,
    0.0,
    4e-05,
    0.00168,
    0.00543,
    0.01307,
    0.02372,
    0.03422,
    0.04665,
    0.06212,
    0.07836,
    0.10157,
    0.13705,
    0.18768,
    0.30841
  ],
  "Moreirense": [
    0.0,
    0.0,
    0.0,
    1e-05,
    0.00065,
    0.04961,
    0.35695,
    0.23108,
    0.14708,
    0.0862,
    0.05306,
    0.03187,
    0.02018,
    0.01165,
    0.00693,
    0.00306,
    0.00125,
    0.00042
  ],
  "Farense": [
    0.0,
    0.0,
    0.0,
    0.0,
    0.0,
    0.00022,
    0.00612,
    0.01612,
    0.03594,
    0.05035,
    0.06399,
    0.07866,
    0.09304,
    0.10499,
    0.1204,
    0.13263,
    0.14472,
    0.15282
  ],
  "Tondela": [
    0.0,
    0.0,
    0.0,
    0.0,
    0.0,
    0.00211,
    0.03535,
    0.06579,
    0.10118,
    0.10873,
    0.11355,
    0.10987,
    0.10496,
    0.09806,
    0.089,
    0.07622,
    0.06,
    0.03518
  ],
  "Rio Ave": [
    0.0,
    0.0,
    0.0,
    0.0,
    1e-05,
    0.00611,
    0.08644,
    0.11633,
    0.13842,
    0.13089,
    0.11778,
    0.10396,
    0.08711,
    0.07227,
    0.05826,
    0.0412,
    0.02836,
    0.01286
  ],
  "Portimonense": [
    0.0,
    0.0,
    0.0,
    0.0,
    0.0,
    0.00192,
    0.02867,
    0.0489,
    0.06497,
    0.07887,
    0.09133,
    0.10046,
    0.10671,
    0.10888,
    0.10478,
    0.10217,
    0.09205,
    0.07029
  ],
  "Pacos Ferreira": [
    0.0,
    0.07937,
    0.17984,
    0.39317,
    0.32041,
    0.0268,
    0.00041,
    0.0,
    0.0,
    0.0,
    0.0,
    0.0,
    0.0,
    0.0,
    0.0,
    0.0,
    0.0,
    0.0
  ],
  "Gil Vicente": [
    0.0,
    0.0,
    0.0,
    0.0,
    0.0,
    0.001,
    0.01912,
    0.03897,
    0.06484,
    0.07968,
    0.09704,
    0.10659,
    0.10631,
    0.10913,
    0.10673,
    0.1043,
    0.09407,
    0.07222
  ],
  "Sp Lisbon": [
    0.99992,
    8e-05,
    0.0,
    0.0,
    0.0,
    0.0,
    0.0,
    0.0,
    0.0,
    0.0,
    0.0,
    0.0,
    0.0,
    0.0,
    0.0,
    0.0,
    0.0,
    0.0
  ]
}