{
  "Crystal Palace": [
    0.00366,
    0.00902,
    0.01756,
    0.02813,
    0.04276,
    0.05679,
    0.07633,
    0.09714,
    0.11801,
    0.12813,
    0.11973,
    0.09949,
    0.07577,
    0.05106,
    0.03256,
    0.02095,
    0.01157,
    0.00644,
    0.0035,
    0.0014
  ],
  "Arsenal": [
    0.11319,
    0.15031,
    0.14736,
    0.13415,
    0.11645,
    0.09882,
    0.07832,
    0.05964,
    0.04159,
    0.02647,
    0.01588,
    0.00933,
    0.00488,
    0.00213,
    0.00084,
    0.00043,
    0.00015,
    5e-05,
    1e-05,
    0.0
  ],
  "Fulham": [
    0.02062,
    0.04226,
    0.06397,
    0.08311,
    0.10013,
    0.11339,
    0.12179,
    0.11727,
    0.101,
    0.08078,
    0.05877,
    0.03984,
    0.02525,
    0.01537,
    0.0084,
    0.00443,
    0.00209,
    0.00105,
    0.00036,
    0.00012
  ],
  "Liverpool": [
    0.13039,
    0.16276,
    0.15234,
    0.13473,
    0.11577,
    0.09338,
    0.0741,
    0.05365,
    0.03565,
    0.02169,
    0.01252,
    0.00655,
    0.00333,
    0.00185,
    0.00084,
    0.00028,
    0.0001,
    5e-05,
    2e-05,
    0.0
  ],
  "Bournemouth": [
    0.0,
    0.0,
    0.0,
    2e-05,
    8e-05,
    0.00013,
    0.00039,
    0.00096,
    0.00255,
    0.00514,
    0.00987,
    0.01802,
    0.03203,
    0.048,
    0.07283,
    0.10122,
    0.13723,
    0.17376,
    0.20293,
    0.19484
  ],
  "Aston Villa": [
    2e-05,
    3e-05,
    5e-05,
    0.00011,
    0.00039,
    0.00104,
    0.0023,
    0.00481,
    0.0092,
    0.01661,
    0.02873,
    0.04404,
    0.06422,
    0.08655,
    0.10993,
    0.13527,
    0.14524,
    0.1371,
    0.121,
    0.09336
  ],
  "Leeds": [
    0.00151,
    0.00488,
    0.00973,
    0.01668,
    0.02616,
    0.03886,
    0.05785,
    0.07831,
    0.10272,
    0.11978,
    0.12666,
    0.11633,
    0.09593,
    0.07353,
    0.05478,
    0.03491,
    0.0212,
    0.01279,
    0.00545,
    0.00194
  ],
  "Wolves": [
    0.00017,
    0.00075,
    0.00205,
    0.00403,
    0.00686,
    0.0126,
    0.02132,
    0.03429,
    0.05322,
    0.07832,
    0.10225,
    0.11606,
    0.12511,
    0.12322,
    0.10327,
    0.08186,
    0.05908,
    0.04121,
    0.02327,
    0.01106
  ],
  "Newcastle": [
    0.00697,
    0.01837,
    0.03054,
    0.0465,
    0.06271,
    0.08179,
    0.10106,
    0.11851,
    0.1264,
    0.11387,
    0.09383,
    0.07042,
    0.0523,
    0.03375,
    0.02037,
    0.01186,
    0.00614,
    0.00303,
    0.00128,
    0.0003
  ],
  "Nott'm Forest": [
    0.0,
    1e-05,
    0.0,
    0.0,
    2e-05,
    0.00013,
    0.00019,
    0.00054,
    0.00115,
    0.00259,
    0.00551,
    0.01086,
    0.01932,
    0.03051,
    0.04792,
    0.07319,
    0.10698,
    0.15275,
    0.21721,
    0.33112
  ],
  "Tottenham": [
    0.06442,
    0.10308,
    0.11749,
    0.12313,
    0.12229,
    0.11573,
    0.1011,
    0.08503,
    0.06202,
    0.04464,
    0.02868,
    0.016,
    0.00875,
    0.00432,
    0.00201,
    0.00091,
    0.00028,
    8e-05,
    1e-05,
    3e-05
  ],
  "Southampton": [
    5e-05,
    0.00027,
    0.00091,
    0.00175,
    0.00335,
    0.00651,
    0.01136,
    0.01939,
    0.03174,
    0.05333,
    0.07781,
    0.1029,
    0.11832,
    0.12727,
    0.12471,
    0.10648,
    0.08701,
    0.06311,
    0.04194,
    0.02179
  ],
  "Everton": [
    2e-05,
    8e-05,
    0.00038,
    0.00091,
    0.00214,
    0.00447,
    0.00829,
    0.01358,
    0.02629,
    0.04041,
    0.06251,
    0.08514,
    0.10421,
    0.12225,
    0.12756,
    0.11663,
    0.10454,
    0.08399,
    0.0607,
    0.0359
  ],
  "Chelsea": [
    0.00024,
    0.00131,
    0.00277,
    0.00577,
    0.00986,
    0.01614,
    0.02735,
    0.04412,
    0.0655,
    0.08681,
    0.10854,
    0.12293,
    0.12308,
    0.11301,
    0.09299,
    0.0727,
    0.04974,
    0.03212,
    0.01779,
    0.00723
  ],
  "Leicester": [
    0.0,
    0.0,
    2e-05,
    3e-05,
    5e-05,
    0.00018,
    0.00058,
    0.00137,
    0.0029,
    0.00597,
    0.01135,
    0.0202,
    0.03251,
    0.049,
    0.07139,
    0.09839,
    0.1281,
    0.16159,
    0.1941,
    0.22227
  ],
  "Brentford": [
    0.05327,
    0.09023,
    0.10881,
    0.11839,
    0.12102,
    0.11905,
    0.10637,
    0.08803,
    0.06806,
    0.04988,
    0.03279,
    0.02,
    0.01162,
    0.00638,
    0.00334,
    0.00174,
    0.00076,
    0.00018,
    7e-05,
    1e-05
  ],
  "Man United": [
    0.0234,
    0.05014,
    0.06972,
    0.08858,
    0.10352,
    0.11433,
    0.11473,
    0.10984,
    0.09587,
    0.07886,
    0.05687,
    0.03919,
    0.02559,
    0.01436,
    0.00757,
    0.00416,
    0.00207,
    0.00088,
    0.00028,
    4e-05
  ],
  "Brighton": [
    0.12812,
    0.16014,
    0.15123,
    0.13438,
    0.11408,
    0.0915,
    0.0722,
    0.05482,
    0.03787,
    0.02426,
    0.01431,
    0.0089,
    0.0046,
    0.00211,
    0.00088,
    0.00037,
    0.00015,
    6e-05,
    2e-05,
    0.0
  ],
  "West Ham": [
    1e-05,
    2e-05,
    5e-05,
    0.00023,
    0.00063,
    0.00102,
    0.00265,
    0.00543,
    0.01059,
    0.01874,
    0.03176,
    0.05282,
    0.07288,
    0.09522,
    0.11778,
    0.13419,
    0.13757,
    0.12976,
    0.11006,
    0.07859
  ],
  "Man City": [
    0.45394,
    0.20634,
    0.12502,
    0.07937,
    0.05173,
    0.03414,
    0.02172,
    0.01327,
    0.00767,
    0.00372,
    0.00163,
    0.00098,
    0.0003,
    0.00011,
    3e-05,
    3e-05,
    0.0,
    0.0,
    0.0,
    0.0
  ]
}