{
  "Go Ahead Eagles": [
    0.0,
    0.0,
    2e-05,
    0.00047,
    0.00424,
    0.01417,
    0.03133,
    0.05595,
    0.0869,
    0.11134,
    0.13202,
    0.1315,
    0.1246,
    0.10965,
    0.08767,
    0.06544,
    0.03932,
    0.00538
  ],
  "Heerenveen": [
    0.0,
    0.0,
    0.00039,
    0.00559,
    0.03475,
    0.0779,
    0.12935,
    0.16066,
    0.16113,
    0.13686,
    0.1033,
    0.07351,
    0.04965,
    0.03249,
    0.0199,
    0.0102,
    0.00391,
    0.00041
  ],
  "Waalwijk": [
    0.0,
    0.0,
    0.0,
    8e-05,
    0.00141,
    0.00496,
    0.01489,
    0.03208,
    0.05144,
    0.07591,
    0.09839,
    0.11892,
    0.13017,
    0.13386,
    0.12863,
    0.1117,
    0.08082,
    0.01674
  ],
  "AZ Alkmaar": [
    0.0,
    0.0,
    0.0,
    4e-05,
    0.00151,
    0.00632,
    0.01576,
    0.03181,
    0.05231,
    0.0748,
    0.09818,
    0.1167,
    0.12688,
    0.12899,
    0.12308,
    0.11353,
    0.08934,
    0.02075
  ],
  "Heracles": [
    0.0,
    0.0,
    0.0,
    0.0002,
    0.00213,
    0.00745,
    0.02069,
    0.03883,
    0.06255,
    0.08795,
    0.11478,
    0.12558,
    0.1311,
    0.12332,
    0.11173,
    0.09222,
    0.06787,
    0.0136
  ],
  "PSV Eindhoven": [
    0.00171,
    0.04777,
    0.66141,
    0.22895,
    0.04605,
    0.01117,
    0.00222,
    0.00055,
    0.00012,
    4e-05,
    1e-05,
    0.0,
    0.0,
    0.0,
    0.0,
    0.0,
    0.0,
    0.0
  ],
  "For Sittard": [
    0.0,
    0.0,
    0.0,
    1e-05,
    0.00025,
    0.00162,
    0.00486,
    0.01185,
    0.02355,
    0.04129,
    0.06193,
    0.08639,
    0.10965,
    0.13026,
    0.15025,
    0.16833,
    0.1641,
    0.04566
  ],
  "Twente": [
    0.0,
    0.00011,
    0.0155,
    0.08002,
    0.25162,
    0.26499,
    0.17242,
    0.10077,
    0.05639,
    0.02968,
    0.01528,
    0.00707,
    0.00361,
    0.00148,
    0.0007,
    0.00026,
    0.0001,
    0.0
  ],
  "Ajax": [
    0.77904,
    0.21592,
    0.00497,
    7e-05,
    0.0,
    0.0,
    0.0,
    0.0,
    0.0,
    0.0,
    0.0,
    0.0,
    0.0,
    0.0,
    0.0,
    0.0,
    0.0,
    0.0
  ],
  "Nijmegen": [
    0.0,
    0.0,
    0.00034,
    0.0046,
    0.02926,
    0.06893,
    0.11085,
    0.14833,
    0.1563,
    0.14488,
    0.11313,
    0.08282,
    0.05787,
    0.03912,
    0.02411,
    0.01343,
    0.00547,
    0.00056
  ],
  "Cambuur": [
    0.0,
    2e-05,
    0.00279,
    0.0248,
    0.11282,
    0.17475,
    0.20457,
    0.16026,
    0.11599,
    0.07887,
    0.05175,
    0.03145,
    0.01913,
    0.01192,
    0.006,
    0.00332,
    0.00141,
    0.00015
  ],
  "Groningen": [
    0.0,
    0.0,
    0.00046,
    0.00482,
    0.0343,
    0.07935,
    0.12932,
    0.15788,
    0.15525,
    0.13379,
    0.10199,
    0.07455,
    0.05224,
    0.03547,
    0.02189,
    0.01248,
    0.00564,
    0.00057
  ],
  "Utrecht": [
    5e-05,
    0.00642,
    0.24181,
    0.53136,
    0.14973,
    0.04933,
    0.01443,
    0.00469,
    0.00142,
    0.0005,
    0.00017,
    9e-05,
    0.0,
    0.0,
    0.0,
    0.0,
    0.0,
    0.0
  ],
  "Sparta Rotterdam": [
    0.0,
    0.0,
    0.0,
    1e-05,
    0.00027,
    0.00122,
    0.00413,
    0.01006,
    0.01909,
    0.03224,
    0.04964,
    0.07357,
    0.09425,
    0.12273,
    0.15343,
    0.17865,
    0.19832,
    0.06239
  ],
  "Zwolle": [
    0.0,
    0.0,
    0.0,
    0.0,
    0.0,
    0.0,
    0.0,
    1e-05,
    4e-05,
    0.00014,
    0.00052,
    0.00122,
    0.0029,
    0.00768,
    0.0183,
    0.0452,
    0.13831,
    0.78568
  ],
  "Vitesse": [
    0.0,
    0.0,
    0.0,
    0.0,
    0.00015,
    0.00107,
    0.00369,
    0.0103,
    0.01824,
    0.03259,
    0.04984,
    0.07245,
    0.09654,
    0.12242,
    0.15406,
    0.18516,
    0.20538,
    0.04811
  ],
  "Willem II": [
    0.0,
    0.00019,
    0.02364,
    0.11654,
    0.33139,
    0.23677,
    0.14149,
    0.07597,
    0.03928,
    0.01912,
    0.00907,
    0.00418,
    0.00141,
    0.00061,
    0.00025,
    8e-05,
    1e-05,
    0.0
  ],
  "Feyenoord": [
    0.2192,
    0.72957,
    0.04867,
    0.00244,
    0.00012,
    0.0,
    0.0,
    0.0,
    0.0,
    0.0,
    0.0,
    0.0,
    0.0,
    0.0,
    0.0,
    0.0,
    0.0,
    0.0
  ]
}