{
  "Empoli": [
    0.0,
    0.0,
    0.0,
    1e-05,
    2e-05,
    2e-05,
    5e-05,
    6e-05,
    0.00018,
    0.00022,
    0.00048,
    0.00086,
    0.00152,
    0.00215,
    0.00395,
    0.0074,
    0.01621,
    0.03848,
    0.13257,
    0.79582
  ],
  "Verona": [
    0.00038,
    0.00419,
    0.00752,
    0.01233,
    0.01628,
    0.02224,
    0.0272,
    0.03243,
    0.03763,
    0.04444,
    0.04981,
    0.05743,
    0.06468,
    0.07248,
    0.08543,
    0.09699,
    0.11285,
    0.12742,
    0.10784,
    0.02043
  ],
  "Frosinone": [
    0.01704,
    0.09456,
    0.11061,
    0.10763,
    0.09847,
    0.08772,
    0.07935,
    0.07175,
    0.06156,
    0.05486,
    0.04827,
    0.04097,
    0.03379,
    0.02785,
    0.02344,
    0.0186,
    0.01193,
    0.00794,
    0.00342,
    0.00024
  ],
  "Napoli": [
    0.06417,
    0.23072,
    0.15476,
    0.11757,
    0.08983,
    0.07229,
    0.05727,
    0.04638,
    0.03914,
    0.03194,
    0.02524,
    0.01989,
    0.01598,
    0.01181,
    0.00898,
    0.00687,
    0.00391,
    0.00224,
    0.00097,
    4e-05
  ],
  "Genoa": [
    0.00672,
    0.04246,
    0.05853,
    0.06693,
    0.07046,
    0.07331,
    0.07216,
    0.07381,
    0.07052,
    0.06927,
    0.06457,
    0.06205,
    0.05824,
    0.0541,
    0.04679,
    0.04087,
    0.0347,
    0.02328,
    0.01001,
    0.00122
  ],
  "Fiorentina": [
    0.0284,
    0.13709,
    0.13112,
    0.11127,
    0.09529,
    0.08179,
    0.07407,
    0.06263,
    0.05582,
    0.04769,
    0.04023,
    0.03473,
    0.02848,
    0.02176,
    0.01849,
    0.01392,
    0.00926,
    0.00576,
    0.00208,
    0.00012
  ],
  "Inter": [
    0.82607,
    0.11023,
    0.03477,
    0.01389,
    0.00678,
    0.00374,
    0.002,
    0.00123,
    0.00055,
    0.00031,
    0.00022,
    7e-05,
    4e-05,
    5e-05,
    4e-05,
    1e-05,
    0.0,
    0.0,
    0.0,
    0.0
  ],
  "Monza": [
    0.00302,
    0.02912,
    0.04335,
    0.05416,
    0.06109,
    0.06837,
    0.07016,
    0.07464,
    0.07329,
    0.07488,
    0.0721,
    0.06731,
    0.06472,
    0.06504,
    0.05705,
    0.04758,
    0.0364,
    0.02493,
    0.01163,
    0.00116
  ],
  "Roma": [
    0.00427,
    0.03143,
    0.04264,
    0.05137,
    0.05782,
    0.06353,
    0.06441,
    0.06741,
    0.06829,
    0.06897,
    0.06657,
    0.06781,
    0.06774,
    0.06579,
    0.06074,
    0.05392,
    0.04455,
    0.03294,
    0.01749,
    0.00231
  ],
  "Salernitana": [
    0.00097,
    0.01054,
    0.01798,
    0.02385,
    0.03078,
    0.03489,
    0.04088,
    0.04686,
    0.05325,
    0.06081,
    0.067,
    0.07489,
    0.077,
    0.07726,
    0.08446,
    0.08357,
    0.08133,
    0.07428,
    0.04958,
    0.00982
  ],
  "Sassuolo": [
    0.00463,
    0.03536,
    0.05015,
    0.05651,
    0.06127,
    0.06461,
    0.06657,
    0.06859,
    0.06821,
    0.06624,
    0.0691,
    0.06569,
    0.06384,
    0.06159,
    0.05405,
    0.05058,
    0.04125,
    0.03233,
    0.01686,
    0.00257
  ],
  "Atalanta": [
    0.00053,
    0.00465,
    0.00854,
    0.0148,
    0.02076,
    0.02663,
    0.0332,
    0.03981,
    0.04543,
    0.05575,
    0.06399,
    0.07144,
    0.07988,
    0.08797,
    0.09614,
    0.10069,
    0.10176,
    0.08805,
    0.05225,
    0.00773
  ],
  "Lecce": [
    0.00085,
    0.00863,
    0.01629,
    0.02201,
    0.02831,
    0.03411,
    0.03978,
    0.04588,
    0.05211,
    0.05771,
    0.06333,
    0.06795,
    0.07551,
    0.08155,
    0.08521,
    0.08778,
    0.08978,
    0.0833,
    0.05104,
    0.00887
  ],
  "Lazio": [
    0.0016,
    0.01357,
    0.02371,
    0.03215,
    0.03842,
    0.0451,
    0.05113,
    0.05594,
    0.06289,
    0.06525,
    0.06998,
    0.07134,
    0.07422,
    0.07689,
    0.07663,
    0.07469,
    0.07104,
    0.05925,
    0.03202,
    0.00418
  ],
  "Udinese": [
    0.0005,
    0.00485,
    0.0098,
    0.01524,
    0.02019,
    0.02586,
    0.03244,
    0.03831,
    0.04463,
    0.04869,
    0.05651,
    0.06252,
    0.06888,
    0.07696,
    0.08585,
    0.09545,
    0.10627,
    0.11023,
    0.08178,
    0.01504
  ],
  "Juventus": [
    0.01804,
    0.09294,
    0.10466,
    0.10157,
    0.09765,
    0.08825,
    0.08109,
    0.0717,
    0.06395,
    0.05649,
    0.04915,
    0.04211,
    0.03619,
    0.03028,
    0.02417,
    0.01884,
    0.0132,
    0.00715,
    0.00239,
    0.00018
  ],
  "Torino": [
    1e-05,
    0.0001,
    0.00035,
    0.0007,
    0.00137,
    0.0023,
    0.00333,
    0.00454,
    0.00619,
    0.00901,
    0.01239,
    0.01628,
    0.0225,
    0.03059,
    0.04325,
    0.06768,
    0.10502,
    0.18374,
    0.36935,
    0.1213
  ],
  "Cagliari": [
    0.00171,
    0.0161,
    0.02597,
    0.03357,
    0.0393,
    0.04663,
    0.049,
    0.05132,
    0.05723,
    0.06055,
    0.0626,
    0.06642,
    0.06767,
    0.06992,
    0.07256,
    0.07605,
    0.07778,
    0.07105,
    0.04659,
    0.00798
  ],
  "Bologna": [
    0.00515,
    0.03834,
    0.05541,
    0.06321,
    0.07033,
    0.07326,
    0.07498,
    0.07442,
    0.07417,
    0.06903,
    0.06746,
    0.06598,
    0.06141,
    0.05568,
    0.04879,
    0.04037,
    0.03058,
    0.02088,
    0.00983,
    0.00072
  ],
  "Milan": [
    0.01594,
    0.09512,
    0.10384,
    0.10123,
    0.09558,
    0.08535,
    0.08093,
    0.07229,
    0.06496,
    0.05789,
    0.051,
    0.04426,
    0.03771,
    0.03028,
    0.02398,
    0.01814,
    0.01218,
    0.00675,
    0.0023,
    0.00027
  ]
}