{
  "Burnley": [
    0.0,
    0.0,
    0.0,
    6e-05,
    0.00015,
    0.00033,
    0.00066,
    0.00144,
    0.00238,
    0.00455,
    0.00738,
    0.01191,
    0.01886,
    0.03017,
    0.04306,
    0.06715,
    0.10201,
    0.16257,
    0.25301,
    0.29431
  ],
  "Man City": [
    0.09291,
    0.12465,
    0.14597,
    0.15367,
    0.14454,
    0.10936,
    0.0779,
    0.05397,
    0.03642,
    0.02397,
    0.01575,
    0.00933,
    0.00597,
    0.00304,
    0.00157,
    0.00072,
    0.00021,
    5e-05,
    0.0,
    0.0
  ],
  "Arsenal": [
    0.28359,
    0.22038,
    0.17479,
    0.12698,
    0.08461,
    0.04977,
    0.02842,
    0.0154,
    0.00779,
    0.00429,
    0.00207,
    0.00113,
    0.0005,
    0.00021,
    7e-05,
    0.0,
    0.0,
    0.0,
    0.0,
    0.0
  ],
  "Nott'm Forest": [
    1e-05,
    3e-05,
    6e-05,
    0.00029,
    0.00088,
    0.00246,
    0.00438,
    0.0086,
    0.01396,
    0.02006,
    0.03118,
    0.04414,
    0.06051,
    0.08389,
    0.11052,
    0.1292,
    0.15187,
    0.15395,
    0.11789,
    0.06612
  ],
  "Bournemouth": [
    0.00141,
    0.00459,
    0.01044,
    0.02071,
    0.0356,
    0.05602,
    0.07486,
    0.08509,
    0.0988,
    0.10403,
    0.10463,
    0.10019,
    0.0886,
    0.07642,
    0.05304,
    0.03926,
    0.02681,
    0.01366,
    0.00474,
    0.0011
  ],
  "West Ham": [
    0.0139,
    0.03069,
    0.05042,
    0.0756,
    0.10302,
    0.12402,
    0.12222,
    0.1125,
    0.09533,
    0.07898,
    0.0626,
    0.04781,
    0.0354,
    0.02119,
    0.01348,
    0.00841,
    0.00299,
    0.00114,
    0.00024,
    6e-05
  ],
  "Brighton": [
    0.00417,
    0.01106,
    0.02234,
    0.03815,
    0.05798,
    0.08153,
    0.09779,
    0.1069,
    0.10829,
    0.1016,
    0.09345,
    0.07914,
    0.06545,
    0.04907,
    0.04003,
    0.02371,
    0.01213,
    0.00514,
    0.00173,
    0.00034
  ],
  "Luton": [
    0.0,
    1e-05,
    4e-05,
    0.00026,
    0.00038,
    0.00094,
    0.00192,
    0.00353,
    0.00668,
    0.01053,
    0.01638,
    0.02378,
    0.03452,
    0.0548,
    0.08128,
    0.1146,
    0.14226,
    0.1845,
    0.18386,
    0.13973
  ],
  "Everton": [
    0.00228,
    0.00618,
    0.01522,
    0.02772,
    0.04617,
    0.06559,
    0.08531,
    0.09612,
    0.10353,
    0.10647,
    0.09895,
    0.09,
    0.0804,
    0.06561,
    0.04755,
    0.03171,
    0.01853,
    0.00931,
    0.00281,
    0.00054
  ],
  "Fulham": [
    5e-05,
    0.00045,
    0.00119,
    0.00329,
    0.0071,
    0.01263,
    0.02184,
    0.03175,
    0.04367,
    0.05544,
    0.07014,
    0.08855,
    0.10243,
    0.11459,
    0.11806,
    0.11079,
    0.0965,
    0.06515,
    0.03959,
    0.01679
  ],
  "Sheffield United": [
    0.0,
    0.0,
    0.0,
    0.0,
    4e-05,
    9e-05,
    0.00015,
    0.00032,
    0.00081,
    0.00167,
    0.00315,
    0.00546,
    0.00954,
    0.0168,
    0.02962,
    0.05257,
    0.08172,
    0.14255,
    0.23957,
    0.41594
  ],
  "Crystal Palace": [
    2e-05,
    0.00015,
    0.00048,
    0.00149,
    0.00319,
    0.00675,
    0.01239,
    0.01894,
    0.02762,
    0.0379,
    0.05231,
    0.06555,
    0.0841,
    0.10011,
    0.11715,
    0.12663,
    0.12871,
    0.10749,
    0.07391,
    0.03511
  ],
  "Newcastle": [
    0.00462,
    0.01239,
    0.02487,
    0.0441,
    0.0702,
    0.09657,
    0.11009,
    0.11406,
    0.11133,
    0.09819,
    0.08462,
    0.07028,
    0.05508,
    0.0416,
    0.02841,
    0.01801,
    0.00956,
    0.0045,
    0.0013,
    0.00022
  ],
  "Aston Villa": [
    0.22645,
    0.21212,
    0.17943,
    0.13982,
    0.09961,
    0.06217,
    0.03575,
    0.02105,
    0.0117,
    0.00627,
    0.00303,
    0.00133,
    0.00075,
    0.00038,
    9e-05,
    4e-05,
    1e-05,
    0.0,
    0.0,
    0.0
  ],
  "Brentford": [
    0.0002,
    0.00079,
    0.00193,
    0.00441,
    0.0095,
    0.01851,
    0.02795,
    0.0385,
    0.04897,
    0.06207,
    0.07436,
    0.08529,
    0.09706,
    0.103,
    0.10744,
    0.10405,
    0.09239,
    0.0675,
    0.04024,
    0.01584
  ],
  "Tottenham": [
    0.10801,
    0.14065,
    0.16038,
    0.16395,
    0.13849,
    0.10101,
    0.06955,
    0.04597,
    0.02931,
    0.01849,
    0.0108,
    0.00678,
    0.00352,
    0.00177,
    0.00082,
    0.00032,
    0.00015,
    3e-05,
    0.0,
    0.0
  ],
  "Chelsea": [
    0.00038,
    0.00148,
    0.00388,
    0.00916,
    0.01668,
    0.02886,
    0.04132,
    0.05526,
    0.06756,
    0.08088,
    0.08965,
    0.09603,
    0.09865,
    0.09422,
    0.09234,
    0.08309,
    0.06767,
    0.04447,
    0.02145,
    0.00697
  ],
  "Liverpool": [
    0.25554,
    0.21764,
    0.17621,
    0.13319,
    0.0901,
    0.05555,
    0.03146,
    0.01846,
    0.01059,
    0.0055,
    0.00298,
    0.00159,
    0.00056,
    0.00034,
    0.00017,
    7e-05,
    5e-05,
    0.0,
    0.0,
    0.0
  ],
  "Man United": [
    0.00587,
    0.01484,
    0.02827,
    0.04759,
    0.07385,
    0.09819,
    0.11272,
    0.11289,
    0.1058,
    0.09578,
    0.08321,
    0.06926,
    0.05508,
    0.04048,
    0.02708,
    0.01612,
    0.00812,
    0.00347,
    0.00112,
    0.00026
  ],
  "Wolves": [
    0.00059,
    0.0019,
    0.00408,
    0.00956,
    0.01791,
    0.02965,
    0.04332,
    0.05925,
    0.06946,
    0.08333,
    0.09336,
    0.10245,
    0.10302,
    0.10231,
    0.08822,
    0.07355,
    0.05831,
    0.03452,
    0.01854,
    0.00667
  ]
}