{
  "Palmeiras / SP": [
    0.00792,
    0.12385,
    0.22745,
    0.23563,
    0.16698,
    0.11006,
    0.06749,
    0.03385,
    0.01686,
    0.00642,
    0.00254,
    0.00063,
    0.00021,
    8e-05,
    3e-05,
    0.0,
    0.0,
    0.0,
    0.0,
    0.0
  ],
  "Cuiabá / MT": [
    0.0,
    3e-05,
    0.00049,
    0.00266,
    0.00811,
    0.01852,
    0.03615,
    0.06699,
    0.10254,
    0.13802,
    0.14687,
    0.13954,
    0.11701,
    0.09107,
    0.06402,
    0.04052,
    0.02137,
    0.00603,
    6e-05,
    0.0
  ],
  "América / MG": [
    0.0,
    0.0,
    0.0,
    0.0,
    0.0,
    0.0,
    0.0,
    0.0,
    0.0,
    0.0,
    0.0,
    0.0,
    1e-05,
    9e-05,
    0.00034,
    0.00105,
    0.00462,
    0.02557,
    0.4172,
    0.55112
  ],
  "Fluminense / RJ": [
    3e-05,
    0.00503,
    0.02173,
    0.05092,
    0.09083,
    0.12996,
    0.16088,
    0.16693,
    0.14422,
    0.10114,
    0.06086,
    0.03595,
    0.01851,
    0.00827,
    0.00329,
    0.00124,
    0.00018,
    3e-05,
    0.0,
    0.0
  ],
  "Botafogo / RJ": [
    0.91402,
    0.07344,
    0.01063,
    0.00159,
    0.00031,
    1e-05,
    0.0,
    0.0,
    0.0,
    0.0,
    0.0,
    0.0,
    0.0,
    0.0,
    0.0,
    0.0,
    0.0,
    0.0,
    0.0,
    0.0
  ],
  "São Paulo / SP": [
    0.0,
    0.00016,
    0.00159,
    0.00531,
    0.01423,
    0.02958,
    0.05252,
    0.08593,
    0.12608,
    0.15796,
    0.15579,
    0.13166,
    0.10026,
    0.06384,
    0.04279,
    0.02357,
    0.00717,
    0.00156,
    0.0,
    0.0
  ],
  "Red Bull Bragantino / SP": [
    0.0622,
    0.4825,
    0.24781,
    0.11785,
    0.05147,
    0.02412,
    0.00948,
    0.00351,
    0.00085,
    0.00021,
    0.0,
    0.0,
    0.0,
    0.0,
    0.0,
    0.0,
    0.0,
    0.0,
    0.0,
    0.0
  ],
  "Bahia / BA": [
    0.0,
    0.0,
    2e-05,
    0.00028,
    0.00097,
    0.0029,
    0.00783,
    0.01711,
    0.03218,
    0.05967,
    0.09278,
    0.11247,
    0.13526,
    0.15876,
    0.15776,
    0.12933,
    0.06782,
    0.02437,
    0.00048,
    1e-05
  ],
  "Athletico Paranaense / PR": [
    0.00076,
    0.03767,
    0.09963,
    0.16316,
    0.19374,
    0.17623,
    0.13532,
    0.09117,
    0.05419,
    0.02726,
    0.01263,
    0.00534,
    0.00208,
    0.00064,
    0.00015,
    3e-05,
    0.0,
    0.0,
    0.0,
    0.0
  ],
  "Goiás / GO": [
    0.0,
    0.0,
    0.0,
    1e-05,
    7e-05,
    0.00028,
    0.0008,
    0.00287,
    0.00786,
    0.01803,
    0.03411,
    0.05804,
    0.09802,
    0.12173,
    0.15525,
    0.16914,
    0.16105,
    0.1608,
    0.01138,
    0.00056
  ],
  "Fortaleza / CE": [
    1e-05,
    0.00348,
    0.0125,
    0.03052,
    0.06059,
    0.09238,
    0.12965,
    0.16238,
    0.16808,
    0.13424,
    0.09296,
    0.05916,
    0.0296,
    0.01593,
    0.00628,
    0.00186,
    0.00037,
    1e-05,
    0.0,
    0.0
  ],
  "Internacional / RS": [
    0.0,
    0.0,
    6e-05,
    0.00032,
    0.00143,
    0.00506,
    0.01228,
    0.0266,
    0.0492,
    0.08267,
    0.11683,
    0.14105,
    0.14665,
    0.14445,
    0.12118,
    0.09322,
    0.04472,
    0.01402,
    0.00026,
    0.0
  ],
  "Atlético Mineiro / MG": [
    0.0002,
    0.01334,
    0.04264,
    0.08731,
    0.14453,
    0.16846,
    0.1677,
    0.14036,
    0.10361,
    0.06588,
    0.03557,
    0.01733,
    0.00823,
    0.00347,
    0.00093,
    0.00039,
    5e-05,
    0.0,
    0.0,
    0.0
  ],
  "Vasco da Gama / RJ": [
    0.0,
    0.0,
    0.0,
    1e-05,
    0.0,
    4e-05,
    0.00026,
    0.00084,
    0.0026,
    0.00628,
    0.0144,
    0.02663,
    0.04357,
    0.06952,
    0.1046,
    0.16807,
    0.28885,
    0.25641,
    0.01695,
    0.00097
  ],
  "Flamengo / RJ": [
    0.01459,
    0.2466,
    0.28957,
    0.20984,
    0.11789,
    0.06472,
    0.03231,
    0.01607,
    0.00576,
    0.00201,
    0.00055,
    8e-05,
    1e-05,
    0.0,
    0.0,
    0.0,
    0.0,
    0.0,
    0.0,
    0.0
  ],
  "Coritiba / PR": [
    0.0,
    0.0,
    0.0,
    0.0,
    0.0,
    0.0,
    0.0,
    0.0,
    0.0,
    0.0,
    0.0,
    1e-05,
    1e-05,
    5e-05,
    0.00039,
    0.00116,
    0.00622,
    0.03811,
    0.50959,
    0.44446
  ],
  "Corinthians / SP": [
    0.0,
    1e-05,
    4e-05,
    0.00019,
    0.00077,
    0.00271,
    0.00772,
    0.01647,
    0.03268,
    0.05705,
    0.08669,
    0.1137,
    0.1322,
    0.14097,
    0.13992,
    0.1298,
    0.09469,
    0.04303,
    0.00132,
    4e-05
  ],
  "Cruzeiro / MG": [
    0.0,
    0.0,
    6e-05,
    0.00038,
    0.00172,
    0.00493,
    0.01174,
    0.02501,
    0.04736,
    0.07967,
    0.10973,
    0.12807,
    0.13055,
    0.12677,
    0.11756,
    0.11238,
    0.07661,
    0.02653,
    0.00093,
    0.0
  ],
  "Grêmio / RS": [
    0.00027,
    0.01389,
    0.04578,
    0.09402,
    0.14636,
    0.17003,
    0.16778,
    0.14368,
    0.10507,
    0.05982,
    0.03036,
    0.01418,
    0.00565,
    0.00238,
    0.00058,
    0.00014,
    1e-05,
    0.0,
    0.0,
    0.0
  ],
  "Santos / SP": [
    0.0,
    0.0,
    0.0,
    0.0,
    0.0,
    1e-05,
    9e-05,
    0.00023,
    0.00086,
    0.00367,
    0.00733,
    0.01616,
    0.03217,
    0.05198,
    0.08493,
    0.1281,
    0.22627,
    0.40353,
    0.04183,
    0.00284
  ]
}