{
  "Milan": [
    0.13767,
    0.1338,
    0.12177,
    0.1061,
    0.09335,
    0.07999,
    0.06773,
    0.05727,
    0.0469,
    0.03746,
    0.03146,
    0.02486,
    0.01896,
    0.01414,
    0.01021,
    0.00797,
    0.00477,
    0.00306,
    0.00174,
    0.00079
  ],
  "Udinese": [
    0.12474,
    0.12789,
    0.12338,
    0.11354,
    0.09909,
    0.08562,
    0.06887,
    0.05728,
    0.04626,
    0.03672,
    0.02976,
    0.02366,
    0.01888,
    0.01392,
    0.01082,
    0.008,
    0.00563,
    0.00344,
    0.0018,
    0.0007
  ],
  "Sampdoria": [
    0.0003,
    0.00121,
    0.00223,
    0.00402,
    0.00578,
    0.00894,
    0.01186,
    0.01532,
    0.02097,
    0.02541,
    0.03133,
    0.03785,
    0.04532,
    0.05482,
    0.06646,
    0.08115,
    0.0985,
    0.12234,
    0.15642,
    0.20977
  ],
  "Atalanta": [
    0.15517,
    0.14416,
    0.12876,
    0.11122,
    0.0981,
    0.07755,
    0.06568,
    0.05183,
    0.04058,
    0.0329,
    0.02613,
    0.01968,
    0.01573,
    0.01151,
    0.00816,
    0.00581,
    0.00376,
    0.00221,
    0.00081,
    0.00025
  ],
  "Lecce": [
    0.00191,
    0.00526,
    0.00809,
    0.01345,
    0.0176,
    0.02465,
    0.02983,
    0.03664,
    0.04217,
    0.04929,
    0.05566,
    0.06282,
    0.06857,
    0.0745,
    0.07813,
    0.08412,
    0.09188,
    0.09068,
    0.08765,
    0.0771
  ],
  "Inter": [
    0.03278,
    0.04821,
    0.05961,
    0.07067,
    0.07639,
    0.0807,
    0.07997,
    0.07654,
    0.07284,
    0.06815,
    0.06369,
    0.05534,
    0.04918,
    0.04175,
    0.03557,
    0.03082,
    0.02338,
    0.01769,
    0.01155,
    0.00517
  ],
  "Monza": [
    0.00684,
    0.01285,
    0.02075,
    0.02725,
    0.03624,
    0.04476,
    0.05032,
    0.05821,
    0.06132,
    0.0678,
    0.07027,
    0.07409,
    0.07038,
    0.07057,
    0.07229,
    0.06719,
    0.06146,
    0.05291,
    0.04392,
    0.03058
  ],
  "Torino": [
    0.00947,
    0.01727,
    0.02556,
    0.03374,
    0.04327,
    0.05014,
    0.05908,
    0.0644,
    0.068,
    0.06978,
    0.07211,
    0.07044,
    0.06985,
    0.07118,
    0.06451,
    0.05781,
    0.05203,
    0.04581,
    0.03392,
    0.02163
  ],
  "Fiorentina": [
    0.00431,
    0.00917,
    0.01521,
    0.02079,
    0.02896,
    0.03592,
    0.0435,
    0.05151,
    0.06043,
    0.06441,
    0.06668,
    0.06813,
    0.07483,
    0.07645,
    0.07557,
    0.07411,
    0.07032,
    0.06459,
    0.05428,
    0.04083
  ],
  "Cremonese": [
    0.0005,
    0.00132,
    0.00239,
    0.00358,
    0.0061,
    0.00733,
    0.01192,
    0.01543,
    0.01948,
    0.02505,
    0.03095,
    0.03781,
    0.04506,
    0.05519,
    0.0636,
    0.0783,
    0.09331,
    0.11844,
    0.15395,
    0.23029
  ],
  "Lazio": [
    0.12315,
    0.12412,
    0.11843,
    0.10807,
    0.0995,
    0.08642,
    0.07308,
    0.05934,
    0.04915,
    0.03946,
    0.03355,
    0.02593,
    0.01916,
    0.01426,
    0.01094,
    0.00665,
    0.00446,
    0.00283,
    0.00106,
    0.00044
  ],
  "Bologna": [
    0.00234,
    0.00498,
    0.0089,
    0.01242,
    0.01801,
    0.02349,
    0.03048,
    0.03735,
    0.04286,
    0.0541,
    0.05825,
    0.0642,
    0.07075,
    0.07647,
    0.08089,
    0.08499,
    0.08709,
    0.0869,
    0.08538,
    0.07015
  ],
  "Salernitana": [
    0.00671,
    0.01246,
    0.01971,
    0.02755,
    0.0366,
    0.04332,
    0.05067,
    0.05725,
    0.06593,
    0.06922,
    0.07037,
    0.07198,
    0.0716,
    0.0727,
    0.0692,
    0.06635,
    0.06088,
    0.05439,
    0.04333,
    0.02978
  ],
  "Roma": [
    0.0983,
    0.10891,
    0.10818,
    0.10731,
    0.09662,
    0.08834,
    0.0777,
    0.06715,
    0.05651,
    0.04559,
    0.03619,
    0.02981,
    0.02374,
    0.01727,
    0.01438,
    0.01032,
    0.00657,
    0.00426,
    0.00209,
    0.00076
  ],
  "Spezia": [
    0.00325,
    0.00698,
    0.01168,
    0.01814,
    0.02361,
    0.02991,
    0.03833,
    0.04559,
    0.05001,
    0.0571,
    0.06209,
    0.0665,
    0.07145,
    0.07449,
    0.07908,
    0.078,
    0.07957,
    0.07536,
    0.07165,
    0.05721
  ],
  "Empoli": [
    0.00352,
    0.00757,
    0.0117,
    0.01832,
    0.02389,
    0.03125,
    0.03696,
    0.04227,
    0.05013,
    0.0549,
    0.06049,
    0.06466,
    0.06986,
    0.07375,
    0.07799,
    0.07993,
    0.08154,
    0.07902,
    0.07413,
    0.05812
  ],
  "Verona": [
    0.00094,
    0.00284,
    0.00507,
    0.00701,
    0.01086,
    0.01569,
    0.02067,
    0.02537,
    0.0306,
    0.03638,
    0.0415,
    0.04932,
    0.05653,
    0.06276,
    0.07517,
    0.08533,
    0.0979,
    0.11207,
    0.1283,
    0.13569
  ],
  "Napoli": [
    0.25407,
    0.17586,
    0.13453,
    0.10552,
    0.07901,
    0.06221,
    0.04815,
    0.03708,
    0.02829,
    0.02122,
    0.01631,
    0.01211,
    0.00886,
    0.00669,
    0.00402,
    0.00302,
    0.00162,
    0.00087,
    0.00048,
    8e-05
  ],
  "Juventus": [
    0.01809,
    0.02957,
    0.0386,
    0.04953,
    0.05872,
    0.06727,
    0.07198,
    0.07646,
    0.07656,
    0.07291,
    0.06976,
    0.06869,
    0.06385,
    0.05654,
    0.0493,
    0.04121,
    0.03374,
    0.02677,
    0.01925,
    0.0112
  ],
  "Sassuolo": [
    0.01594,
    0.02557,
    0.03545,
    0.04177,
    0.0483,
    0.0565,
    0.06322,
    0.06771,
    0.07101,
    0.07215,
    0.07345,
    0.07212,
    0.06744,
    0.06104,
    0.05371,
    0.04892,
    0.04159,
    0.03636,
    0.02829,
    0.01946
  ]
}