{
  "Burnley": [
    0.0,
    0.0,
    0.0,
    2e-05,
    6e-05,
    0.0004,
    0.00105,
    0.00301,
    0.0058,
    0.00958,
    0.01654,
    0.02633,
    0.03982,
    0.05638,
    0.07549,
    0.09829,
    0.12479,
    0.15001,
    0.18155,
    0.21088
  ],
  "Man City": [
    0.09647,
    0.1473,
    0.17903,
    0.1921,
    0.14954,
    0.09714,
    0.06025,
    0.03539,
    0.01976,
    0.01143,
    0.00625,
    0.00292,
    0.00129,
    0.00065,
    0.00032,
    0.00012,
    4e-05,
    0.0,
    0.0,
    0.0
  ],
  "Arsenal": [
    0.28381,
    0.25311,
    0.19384,
    0.13066,
    0.07232,
    0.03569,
    0.01698,
    0.00779,
    0.00346,
    0.00134,
    0.00057,
    0.00028,
    0.00014,
    1e-05,
    0.0,
    0.0,
    0.0,
    0.0,
    0.0,
    0.0
  ],
  "Nott'm Forest": [
    0.0,
    1e-05,
    1e-05,
    0.00022,
    0.00056,
    0.00169,
    0.0043,
    0.00771,
    0.01392,
    0.02253,
    0.03613,
    0.05428,
    0.07238,
    0.08839,
    0.1058,
    0.11609,
    0.12787,
    0.1333,
    0.11857,
    0.09624
  ],
  "Bournemouth": [
    0.0,
    1e-05,
    5e-05,
    0.00025,
    0.00083,
    0.00194,
    0.00463,
    0.0084,
    0.01426,
    0.02313,
    0.03523,
    0.05227,
    0.07519,
    0.09712,
    0.11021,
    0.12542,
    0.1363,
    0.12714,
    0.11194,
    0.07568
  ],
  "West Ham": [
    0.00593,
    0.01696,
    0.03877,
    0.07216,
    0.11516,
    0.14941,
    0.14733,
    0.12584,
    0.10287,
    0.07888,
    0.0571,
    0.03879,
    0.0241,
    0.01334,
    0.00698,
    0.0038,
    0.00179,
    0.00057,
    0.00016,
    6e-05
  ],
  "Brighton": [
    0.00055,
    0.00266,
    0.00759,
    0.01781,
    0.03763,
    0.06401,
    0.0864,
    0.10436,
    0.11626,
    0.11857,
    0.11259,
    0.09697,
    0.07718,
    0.05782,
    0.04463,
    0.02702,
    0.01548,
    0.00809,
    0.00355,
    0.00083
  ],
  "Luton": [
    0.0,
    0.0,
    0.0,
    2e-05,
    9e-05,
    0.00045,
    0.00119,
    0.00274,
    0.0051,
    0.00957,
    0.01573,
    0.02573,
    0.03781,
    0.06069,
    0.0847,
    0.10687,
    0.12594,
    0.15339,
    0.17718,
    0.1928
  ],
  "Everton": [
    2e-05,
    0.00021,
    0.00061,
    0.00226,
    0.00601,
    0.01309,
    0.02468,
    0.0397,
    0.05652,
    0.07344,
    0.09193,
    0.10649,
    0.12125,
    0.11936,
    0.10864,
    0.08731,
    0.06383,
    0.04538,
    0.02808,
    0.01119
  ],
  "Fulham": [
    3e-05,
    0.00038,
    0.00177,
    0.00526,
    0.01432,
    0.02904,
    0.04723,
    0.06683,
    0.08331,
    0.09787,
    0.10859,
    0.1136,
    0.10911,
    0.09429,
    0.07456,
    0.05972,
    0.04211,
    0.02686,
    0.01744,
    0.00768
  ],
  "Sheffield United": [
    0.0,
    0.0,
    0.0,
    1e-05,
    1e-05,
    0.00014,
    0.00043,
    0.00132,
    0.00283,
    0.00522,
    0.01067,
    0.01759,
    0.02845,
    0.04271,
    0.06182,
    0.08541,
    0.11061,
    0.15007,
    0.19642,
    0.28629
  ],
  "Crystal Palace": [
    0.0,
    0.0,
    4e-05,
    0.00011,
    0.00083,
    0.0018,
    0.00435,
    0.00832,
    0.01391,
    0.02441,
    0.03747,
    0.05357,
    0.07082,
    0.08796,
    0.10414,
    0.12021,
    0.12951,
    0.12958,
    0.11831,
    0.09466
  ],
  "Newcastle": [
    0.00038,
    0.00197,
    0.00635,
    0.01895,
    0.0422,
    0.0769,
    0.10871,
    0.13164,
    0.13749,
    0.12876,
    0.11007,
    0.08488,
    0.0581,
    0.03987,
    0.02508,
    0.01495,
    0.00815,
    0.00371,
    0.0014,
    0.00044
  ],
  "Aston Villa": [
    0.1515,
    0.22618,
    0.23718,
    0.1824,
    0.10644,
    0.0537,
    0.02469,
    0.01053,
    0.0044,
    0.00184,
    0.00085,
    0.00021,
    5e-05,
    2e-05,
    0.0,
    1e-05,
    0.0,
    0.0,
    0.0,
    0.0
  ],
  "Brentford": [
    0.00119,
    0.0053,
    0.01556,
    0.03422,
    0.06349,
    0.09299,
    0.11731,
    0.12553,
    0.12014,
    0.10676,
    0.09007,
    0.06984,
    0.05295,
    0.03792,
    0.02727,
    0.01806,
    0.01135,
    0.00573,
    0.00322,
    0.0011
  ],
  "Tottenham": [
    0.00736,
    0.02108,
    0.04342,
    0.0787,
    0.12144,
    0.14977,
    0.14637,
    0.1222,
    0.09565,
    0.07279,
    0.05272,
    0.03628,
    0.02298,
    0.01421,
    0.00824,
    0.0039,
    0.00194,
    0.0007,
    0.00022,
    3e-05
  ],
  "Chelsea": [
    0.00022,
    0.00102,
    0.00349,
    0.01018,
    0.0234,
    0.04255,
    0.06353,
    0.08357,
    0.09913,
    0.11017,
    0.11129,
    0.10641,
    0.09254,
    0.07804,
    0.0644,
    0.04645,
    0.03263,
    0.01853,
    0.00905,
    0.0034
  ],
  "Liverpool": [
    0.42218,
    0.25629,
    0.15871,
    0.08834,
    0.0428,
    0.01896,
    0.00752,
    0.00324,
    0.00127,
    0.00042,
    0.00017,
    8e-05,
    2e-05,
    0.0,
    0.0,
    0.0,
    0.0,
    0.0,
    0.0,
    0.0
  ],
  "Man United": [
    0.03033,
    0.06727,
    0.11278,
    0.1635,
    0.19514,
    0.15268,
    0.10392,
    0.06805,
    0.04459,
    0.02751,
    0.01611,
    0.00919,
    0.00487,
    0.00235,
    0.00102,
    0.00051,
    0.0001,
    6e-05,
    2e-05,
    0.0
  ],
  "Wolves": [
    3e-05,
    0.00025,
    0.0008,
    0.00283,
    0.00773,
    0.01765,
    0.02913,
    0.04383,
    0.05933,
    0.07578,
    0.08992,
    0.10429,
    0.11095,
    0.10887,
    0.0967,
    0.08586,
    0.06756,
    0.04688,
    0.03289,
    0.01872
  ]
}