{
  "Ein Frankfurt": [
    0.0,
    3e-05,
    0.00084,
    0.00739,
    0.04501,
    0.19708,
    0.2504,
    0.28824,
    0.16731,
    0.04193,
    0.00169,
    7e-05,
    1e-05,
    0.0,
    0.0,
    0.0,
    0.0,
    0.0
  ],
  "Bayern Munich": [
    0.85132,
    0.13446,
    0.01227,
    0.00188,
    7e-05,
    0.0,
    0.0,
    0.0,
    0.0,
    0.0,
    0.0,
    0.0,
    0.0,
    0.0,
    0.0,
    0.0,
    0.0,
    0.0
  ],
  "Augsburg": [
    0.0,
    0.0,
    0.0,
    0.0,
    0.0,
    0.0,
    0.0,
    7e-05,
    0.00074,
    0.01513,
    0.06214,
    0.1408,
    0.23469,
    0.25559,
    0.17877,
    0.0852,
    0.02366,
    0.00321
  ],
  "Freiburg": [
    0.00021,
    0.01266,
    0.12709,
    0.23452,
    0.45102,
    0.12281,
    0.03966,
    0.01045,
    0.00157,
    1e-05,
    0.0,
    0.0,
    0.0,
    0.0,
    0.0,
    0.0,
    0.0,
    0.0
  ],
  "Bochum": [
    0.0,
    0.0,
    0.0,
    0.0,
    0.0,
    0.0,
    0.0,
    0.0,
    5e-05,
    0.0018,
    0.01268,
    0.0426,
    0.09881,
    0.17676,
    0.29889,
    0.21841,
    0.11195,
    0.03805
  ],
  "Mainz": [
    0.0,
    1e-05,
    0.00023,
    0.00289,
    0.02559,
    0.14471,
    0.23305,
    0.22978,
    0.27687,
    0.08093,
    0.00581,
    0.00013,
    0.0,
    0.0,
    0.0,
    0.0,
    0.0,
    0.0
  ],
  "M'gladbach": [
    0.0,
    0.0,
    0.0,
    0.0,
    0.00014,
    0.00517,
    0.01895,
    0.04923,
    0.15067,
    0.53142,
    0.17548,
    0.05163,
    0.0141,
    0.0028,
    0.0004,
    1e-05,
    0.0,
    0.0
  ],
  "Hoffenheim": [
    0.0,
    0.0,
    0.0,
    0.0,
    0.0,
    0.0,
    2e-05,
    0.00014,
    0.00174,
    0.02171,
    0.09474,
    0.18137,
    0.24618,
    0.24454,
    0.1322,
    0.05813,
    0.01659,
    0.00264
  ],
  "Union Berlin": [
    0.00663,
    0.10377,
    0.45525,
    0.28647,
    0.1237,
    0.02091,
    0.00294,
    0.00032,
    1e-05,
    0.0,
    0.0,
    0.0,
    0.0,
    0.0,
    0.0,
    0.0,
    0.0,
    0.0
  ],
  "Hertha": [
    0.0,
    0.0,
    0.0,
    0.0,
    0.0,
    0.0,
    0.0,
    0.0,
    0.0,
    1e-05,
    0.00088,
    0.00376,
    0.01127,
    0.03046,
    0.08747,
    0.16249,
    0.26831,
    0.43535
  ],
  "Wolfsburg": [
    0.0,
    0.0,
    4e-05,
    0.0017,
    0.02018,
    0.09924,
    0.18708,
    0.27331,
    0.31466,
    0.09395,
    0.00911,
    0.00065,
    8e-05,
    0.0,
    0.0,
    0.0,
    0.0,
    0.0
  ],
  "Werder Bremen": [
    0.0,
    0.0,
    0.0,
    0.0,
    0.0,
    0.0,
    0.00013,
    0.00108,
    0.00707,
    0.08198,
    0.29737,
    0.29343,
    0.18469,
    0.09576,
    0.03161,
    0.00594,
    0.00089,
    5e-05
  ],
  "Dortmund": [
    0.13798,
    0.69908,
    0.12952,
    0.02999,
    0.00331,
    0.00012,
    0.0,
    0.0,
    0.0,
    0.0,
    0.0,
    0.0,
    0.0,
    0.0,
    0.0,
    0.0,
    0.0,
    0.0
  ],
  "Leverkusen": [
    0.0,
    0.00022,
    0.00667,
    0.03037,
    0.11823,
    0.36292,
    0.25561,
    0.14379,
    0.06697,
    0.01461,
    0.0006,
    1e-05,
    0.0,
    0.0,
    0.0,
    0.0,
    0.0,
    0.0
  ],
  "Stuttgart": [
    0.0,
    0.0,
    0.0,
    0.0,
    0.0,
    0.0,
    0.0,
    0.0,
    0.0,
    0.00034,
    0.00326,
    0.01744,
    0.04426,
    0.08841,
    0.178,
    0.30127,
    0.22237,
    0.14465
  ],
  "RB Leipzig": [
    0.00386,
    0.04977,
    0.26809,
    0.40479,
    0.21275,
    0.04703,
    0.01187,
    0.00172,
    0.00012,
    0.0,
    0.0,
    0.0,
    0.0,
    0.0,
    0.0,
    0.0,
    0.0,
    0.0
  ],
  "FC Koln": [
    0.0,
    0.0,
    0.0,
    0.0,
    0.0,
    1e-05,
    0.00029,
    0.00187,
    0.01222,
    0.11617,
    0.33564,
    0.26516,
    0.15742,
    0.08238,
    0.02385,
    0.00452,
    0.00047,
    0.0
  ],
  "Schalke 04": [
    0.0,
    0.0,
    0.0,
    0.0,
    0.0,
    0.0,
    0.0,
    0.0,
    0.0,
    1e-05,
    0.0006,
    0.00295,
    0.00849,
    0.0233,
    0.06881,
    0.16403,
    0.35576,
    0.37605
  ]
}