{
  "Sp Lisbon": [
    0.12417,
    0.73667,
    0.1376,
    0.00154,
    2e-05,
    0.0,
    0.0,
    0.0,
    0.0,
    0.0,
    0.0,
    0.0,
    0.0,
    0.0,
    0.0,
    0.0,
    0.0,
    0.0
  ],
  "Vizela": [
    0.0,
    0.0,
    0.0,
    0.0,
    5e-05,
    0.00942,
    0.01936,
    0.03463,
    0.05356,
    0.07458,
    0.09617,
    0.11613,
    0.12618,
    0.13077,
    0.12646,
    0.11045,
    0.0771,
    0.02514
  ],
  "Arouca": [
    0.0,
    0.0,
    0.0,
    0.0,
    0.0,
    0.00294,
    0.0075,
    0.01606,
    0.02858,
    0.04809,
    0.06877,
    0.08974,
    0.10675,
    0.12598,
    0.14393,
    0.15075,
    0.14665,
    0.06426
  ],
  "Estoril": [
    0.0,
    0.0,
    0.0,
    0.00078,
    0.02161,
    0.31035,
    0.22495,
    0.16531,
    0.11192,
    0.07083,
    0.0443,
    0.02528,
    0.01402,
    0.00679,
    0.0026,
    0.00108,
    0.00017,
    1e-05
  ],
  "Moreirense": [
    0.0,
    0.0,
    0.0,
    0.0,
    0.0,
    0.00117,
    0.00373,
    0.00817,
    0.01475,
    0.02668,
    0.04229,
    0.06114,
    0.0833,
    0.10769,
    0.13718,
    0.1749,
    0.22249,
    0.11651
  ],
  "Benfica": [
    0.00931,
    0.13798,
    0.80624,
    0.04483,
    0.00164,
    0.0,
    0.0,
    0.0,
    0.0,
    0.0,
    0.0,
    0.0,
    0.0,
    0.0,
    0.0,
    0.0,
    0.0,
    0.0
  ],
  "Maritimo": [
    0.0,
    0.0,
    0.0,
    0.00011,
    0.00845,
    0.15971,
    0.19955,
    0.18737,
    0.15287,
    0.1099,
    0.0722,
    0.04839,
    0.02989,
    0.01705,
    0.00946,
    0.00363,
    0.0013,
    0.00012
  ],
  "Sp Braga": [
    0.0,
    0.00094,
    0.04435,
    0.77015,
    0.18098,
    0.00336,
    0.00022,
    0.0,
    0.0,
    0.0,
    0.0,
    0.0,
    0.0,
    0.0,
    0.0,
    0.0,
    0.0,
    0.0
  ],
  "Guimaraes": [
    0.0,
    0.0,
    0.0,
    0.00029,
    0.0192,
    0.2737,
    0.24211,
    0.18172,
    0.12658,
    0.06559,
    0.03877,
    0.02385,
    0.01407,
    0.00835,
    0.00374,
    0.00152,
    0.00048,
    3e-05
  ],
  "Portimonense": [
    0.0,
    0.0,
    0.0,
    8e-05,
    0.00601,
    0.13632,
    0.16516,
    0.17864,
    0.16449,
    0.12974,
    0.08762,
    0.05652,
    0.03697,
    0.02158,
    0.01065,
    0.00474,
    0.00134,
    0.00014
  ],
  "Tondela": [
    0.0,
    0.0,
    0.0,
    0.0,
    0.0,
    0.00106,
    0.00383,
    0.00998,
    0.02105,
    0.03756,
    0.05602,
    0.07464,
    0.09735,
    0.11983,
    0.14291,
    0.1733,
    0.18221,
    0.08026
  ],
  "Santa Clara": [
    0.0,
    0.0,
    0.0,
    1e-05,
    0.00022,
    0.01859,
    0.04057,
    0.0725,
    0.10523,
    0.13527,
    0.1386,
    0.1304,
    0.11541,
    0.09493,
    0.07326,
    0.04775,
    0.02327,
    0.00399
  ],
  "Porto": [
    0.86652,
    0.12439,
    0.00903,
    6e-05,
    0.0,
    0.0,
    0.0,
    0.0,
    0.0,
    0.0,
    0.0,
    0.0,
    0.0,
    0.0,
    0.0,
    0.0,
    0.0,
    0.0
  ],
  "Belenenses": [
    0.0,
    0.0,
    0.0,
    0.0,
    0.0,
    0.0,
    0.00011,
    0.00027,
    0.00064,
    0.00197,
    0.00437,
    0.00765,
    0.01331,
    0.02416,
    0.04227,
    0.07884,
    0.17398,
    0.65243
  ],
  "Pacos Ferreira": [
    0.0,
    0.0,
    0.0,
    0.0,
    0.00029,
    0.01366,
    0.0318,
    0.05577,
    0.08673,
    0.118,
    0.13438,
    0.13394,
    0.12282,
    0.10625,
    0.08672,
    0.06268,
    0.03656,
    0.0104
  ],
  "Famalicao": [
    0.0,
    0.0,
    0.0,
    0.0,
    0.00043,
    0.01944,
    0.03616,
    0.0587,
    0.08449,
    0.11247,
    0.12781,
    0.12726,
    0.11933,
    0.10744,
    0.08931,
    0.06689,
    0.03832,
    0.01195
  ],
  "Gil Vicente": [
    0.0,
    2e-05,
    0.00278,
    0.18215,
    0.761,
    0.04419,
    0.0079,
    0.00169,
    0.00023,
    4e-05,
    0.0,
    0.0,
    0.0,
    0.0,
    0.0,
    0.0,
    0.0,
    0.0
  ],
  "Boavista": [
    0.0,
    0.0,
    0.0,
    0.0,
    0.0001,
    0.00609,
    0.01705,
    0.02919,
    0.04888,
    0.06928,
    0.0887,
    0.10506,
    0.1206,
    0.12918,
    0.13151,
    0.12347,
    0.09613,
    0.03476
  ]
}