{
  "Osasuna": [
    0.0,
    2e-05,
    0.00181,
    0.01276,
    0.05057,
    0.1473,
    0.19662,
    0.19126,
    0.15304,
    0.09753,
    0.06105,
    0.04134,
    0.02118,
    0.01268,
    0.00681,
    0.00407,
    0.00147,
    0.00039,
    0.0001,
    0.0
  ],
  "Sevilla": [
    0.0,
    0.0,
    0.0,
    1e-05,
    0.00018,
    0.00164,
    0.00594,
    0.01292,
    0.025,
    0.03854,
    0.05562,
    0.07016,
    0.08924,
    0.09714,
    0.11009,
    0.11967,
    0.12598,
    0.12943,
    0.11837,
    7e-05
  ],
  "Celta": [
    0.0,
    0.0,
    0.0,
    9e-05,
    0.00178,
    0.01319,
    0.03117,
    0.05239,
    0.07605,
    0.10054,
    0.11407,
    0.11659,
    0.11133,
    0.10068,
    0.08685,
    0.07239,
    0.05797,
    0.04161,
    0.02329,
    1e-05
  ],
  "Espanol": [
    0.0,
    0.0,
    0.0,
    1e-05,
    0.00027,
    0.00224,
    0.00705,
    0.01445,
    0.02603,
    0.04546,
    0.06306,
    0.08156,
    0.09646,
    0.10513,
    0.11808,
    0.11921,
    0.11909,
    0.11063,
    0.09123,
    4e-05
  ],
  "Valladolid": [
    0.0,
    0.0,
    0.0,
    1e-05,
    0.00017,
    0.00243,
    0.00769,
    0.01613,
    0.02946,
    0.04913,
    0.06915,
    0.08867,
    0.10277,
    0.11164,
    0.11692,
    0.11735,
    0.11209,
    0.1011,
    0.07523,
    6e-05
  ],
  "Villarreal": [
    0.0,
    4e-05,
    0.00688,
    0.03772,
    0.14136,
    0.29233,
    0.19562,
    0.13315,
    0.08753,
    0.04987,
    0.02733,
    0.01472,
    0.00702,
    0.0036,
    0.00185,
    0.00063,
    0.00027,
    6e-05,
    2e-05,
    0.0
  ],
  "Barcelona": [
    0.96614,
    0.0337,
    0.00016,
    0.0,
    0.0,
    0.0,
    0.0,
    0.0,
    0.0,
    0.0,
    0.0,
    0.0,
    0.0,
    0.0,
    0.0,
    0.0,
    0.0,
    0.0,
    0.0,
    0.0
  ],
  "Vallecano": [
    0.0,
    1e-05,
    0.00201,
    0.0136,
    0.0664,
    0.17001,
    0.21808,
    0.1889,
    0.13632,
    0.08693,
    0.05221,
    0.02927,
    0.01796,
    0.00998,
    0.00517,
    0.00196,
    0.00084,
    0.00028,
    7e-05,
    0.0
  ],
  "Cadiz": [
    0.0,
    0.0,
    0.0,
    2e-05,
    0.0004,
    0.00356,
    0.01065,
    0.02451,
    0.04739,
    0.06887,
    0.09045,
    0.10128,
    0.11061,
    0.11287,
    0.10734,
    0.09964,
    0.09012,
    0.07626,
    0.05598,
    5e-05
  ],
  "Sociedad": [
    2e-05,
    0.01565,
    0.28945,
    0.42839,
    0.19223,
    0.05243,
    0.01504,
    0.00482,
    0.00147,
    0.00036,
    0.00012,
    2e-05,
    0.0,
    0.0,
    0.0,
    0.0,
    0.0,
    0.0,
    0.0,
    0.0
  ],
  "Valencia": [
    0.0,
    0.0,
    0.0,
    0.0,
    1e-05,
    0.00017,
    0.00062,
    0.00162,
    0.00502,
    0.00977,
    0.01956,
    0.02994,
    0.04157,
    0.0581,
    0.07592,
    0.10147,
    0.13681,
    0.19495,
    0.32338,
    0.00109
  ],
  "Girona": [
    0.0,
    0.0,
    0.0,
    0.00016,
    0.00197,
    0.01268,
    0.02963,
    0.05409,
    0.08395,
    0.12243,
    0.13165,
    0.1266,
    0.11207,
    0.09802,
    0.08056,
    0.06368,
    0.04443,
    0.02684,
    0.01124,
    0.0
  ],
  "Almeria": [
    0.0,
    0.0,
    0.0,
    0.0,
    7e-05,
    0.00078,
    0.00329,
    0.00835,
    0.01975,
    0.03494,
    0.05215,
    0.06782,
    0.08272,
    0.09788,
    0.10999,
    0.12221,
    0.13445,
    0.13645,
    0.12903,
    0.00012
  ],
  "Real Madrid": [
    0.03375,
    0.91018,
    0.04941,
    0.00618,
    0.00042,
    6e-05,
    0.0,
    0.0,
    0.0,
    0.0,
    0.0,
    0.0,
    0.0,
    0.0,
    0.0,
    0.0,
    0.0,
    0.0,
    0.0,
    0.0
  ],
  "Ath Bilbao": [
    0.0,
    0.0,
    0.00041,
    0.00461,
    0.02719,
    0.0909,
    0.15446,
    0.18201,
    0.17359,
    0.12889,
    0.0874,
    0.0576,
    0.03887,
    0.02399,
    0.01471,
    0.00876,
    0.00405,
    0.00205,
    0.00051,
    0.0
  ],
  "Mallorca": [
    0.0,
    0.0,
    3e-05,
    0.00058,
    0.00475,
    0.02359,
    0.05326,
    0.08068,
    0.11036,
    0.1376,
    0.13533,
    0.11914,
    0.09778,
    0.07886,
    0.0588,
    0.04483,
    0.02983,
    0.0171,
    0.00748,
    0.0
  ],
  "Getafe": [
    0.0,
    0.0,
    0.0,
    0.0,
    2e-05,
    0.00048,
    0.00259,
    0.00611,
    0.01315,
    0.02471,
    0.03941,
    0.05478,
    0.07027,
    0.08939,
    0.10688,
    0.1241,
    0.14257,
    0.16278,
    0.16261,
    0.00015
  ],
  "Ath Madrid": [
    9e-05,
    0.039,
    0.5701,
    0.2788,
    0.09001,
    0.01674,
    0.00395,
    0.00095,
    0.00027,
    7e-05,
    1e-05,
    1e-05,
    0.0,
    0.0,
    0.0,
    0.0,
    0.0,
    0.0,
    0.0,
    0.0
  ],
  "Betis": [
    0.0,
    0.0014,
    0.07974,
    0.21706,
    0.4222,
    0.16947,
    0.06434,
    0.02766,
    0.01162,
    0.00436,
    0.00143,
    0.0005,
    0.00015,
    4e-05,
    3e-05,
    0.0,
    0.0,
    0.0,
    0.0,
    0.0
  ],
  "Elche": [
    0.0,
    0.0,
    0.0,
    0.0,
    0.0,
    0.0,
    0.0,
    0.0,
    0.0,
    0.0,
    0.0,
    0.0,
    0.0,
    0.0,
    0.0,
    3e-05,
    3e-05,
    7e-05,
    0.00146,
    0.99841
  ]
}