{
  "M'gladbach": [
    0.0,
    0.00013,
    0.00129,
    0.00379,
    0.00831,
    0.01616,
    0.02659,
    0.04174,
    0.05701,
    0.07701,
    0.09025,
    0.1083,
    0.11475,
    0.12769,
    0.13466,
    0.13751,
    0.05302,
    0.00179
  ],
  "Bayern Munich": [
    0.92375,
    0.06579,
    0.0084,
    0.00159,
    0.00032,
    0.00014,
    1e-05,
    0.0,
    0.0,
    0.0,
    0.0,
    0.0,
    0.0,
    0.0,
    0.0,
    0.0,
    0.0,
    0.0
  ],
  "Augsburg": [
    0.0,
    4e-05,
    0.0006,
    0.00197,
    0.00518,
    0.01051,
    0.01905,
    0.02919,
    0.04732,
    0.06659,
    0.08626,
    0.1075,
    0.12595,
    0.1375,
    0.14753,
    0.14512,
    0.06657,
    0.00312
  ],
  "Hoffenheim": [
    0.00458,
    0.10236,
    0.19204,
    0.20168,
    0.16673,
    0.11954,
    0.0819,
    0.05439,
    0.03455,
    0.01977,
    0.01125,
    0.00644,
    0.0028,
    0.00125,
    0.00054,
    0.00014,
    4e-05,
    0.0
  ],
  "Bielefeld": [
    0.0,
    0.0,
    0.0,
    0.0,
    2e-05,
    6e-05,
    0.00025,
    0.00073,
    0.0014,
    0.00351,
    0.00674,
    0.01217,
    0.02047,
    0.03645,
    0.07666,
    0.16564,
    0.60034,
    0.07556
  ],
  "Freiburg": [
    0.00355,
    0.08437,
    0.17167,
    0.19652,
    0.17248,
    0.13131,
    0.09052,
    0.06041,
    0.03796,
    0.02319,
    0.01323,
    0.00772,
    0.0042,
    0.0017,
    0.00086,
    0.00024,
    7e-05,
    0.0
  ],
  "Stuttgart": [
    0.0,
    2e-05,
    0.00053,
    0.00201,
    0.00505,
    0.01079,
    0.02032,
    0.03221,
    0.04843,
    0.06494,
    0.08469,
    0.10094,
    0.13383,
    0.14598,
    0.14984,
    0.14291,
    0.0557,
    0.00181
  ],
  "Greuther Furth": [
    0.0,
    0.0,
    0.0,
    0.0,
    0.0,
    0.0,
    0.0,
    0.0,
    0.0,
    2e-05,
    1e-05,
    7e-05,
    0.00016,
    0.00043,
    0.00152,
    0.00809,
    0.07662,
    0.91308
  ],
  "Union Berlin": [
    0.00019,
    0.00851,
    0.02954,
    0.05888,
    0.08647,
    0.11322,
    0.12758,
    0.12779,
    0.11346,
    0.09701,
    0.07495,
    0.05797,
    0.04175,
    0.03007,
    0.01956,
    0.01056,
    0.00248,
    1e-05
  ],
  "Leverkusen": [
    0.00854,
    0.16087,
    0.2604,
    0.20213,
    0.14284,
    0.09312,
    0.0569,
    0.0343,
    0.01923,
    0.01168,
    0.0054,
    0.00272,
    0.00101,
    0.00051,
    0.00029,
    5e-05,
    1e-05,
    0.0
  ],
  "Wolfsburg": [
    1e-05,
    0.00016,
    0.0013,
    0.0039,
    0.0086,
    0.01652,
    0.02921,
    0.04469,
    0.06476,
    0.08875,
    0.10802,
    0.11918,
    0.12819,
    0.13102,
    0.12392,
    0.09711,
    0.03368,
    0.00098
  ],
  "Bochum": [
    1e-05,
    0.00095,
    0.00498,
    0.01279,
    0.02627,
    0.04375,
    0.0656,
    0.08564,
    0.10718,
    0.11815,
    0.1181,
    0.10852,
    0.09711,
    0.08583,
    0.06734,
    0.04345,
    0.0141,
    0.00023
  ],
  "Dortmund": [
    0.05871,
    0.53882,
    0.21323,
    0.09708,
    0.04894,
    0.02384,
    0.01121,
    0.00492,
    0.00187,
    0.00083,
    0.00032,
    0.00015,
    5e-05,
    3e-05,
    0.0,
    0.0,
    0.0,
    0.0
  ],
  "Ein Frankfurt": [
    8e-05,
    0.00707,
    0.02407,
    0.04711,
    0.07615,
    0.10315,
    0.12173,
    0.12781,
    0.12061,
    0.10113,
    0.08179,
    0.0641,
    0.04921,
    0.03724,
    0.02397,
    0.01213,
    0.00261,
    4e-05
  ],
  "Mainz": [
    0.00017,
    0.00885,
    0.02915,
    0.0568,
    0.08672,
    0.11375,
    0.12778,
    0.12717,
    0.11293,
    0.09261,
    0.0734,
    0.05783,
    0.04491,
    0.03307,
    0.02169,
    0.01106,
    0.00209,
    2e-05
  ],
  "RB Leipzig": [
    0.00041,
    0.02096,
    0.05764,
    0.09954,
    0.13607,
    0.15131,
    0.13856,
    0.11287,
    0.08757,
    0.06204,
    0.04618,
    0.03325,
    0.0234,
    0.01538,
    0.00986,
    0.00401,
    0.00095,
    0.0
  ],
  "FC Koln": [
    0.0,
    0.00095,
    0.00449,
    0.01204,
    0.0244,
    0.04105,
    0.06192,
    0.08517,
    0.10124,
    0.11103,
    0.12369,
    0.11453,
    0.10252,
    0.0854,
    0.07006,
    0.04735,
    0.01385,
    0.00031
  ],
  "Hertha": [
    0.0,
    0.00015,
    0.00067,
    0.00217,
    0.00545,
    0.01178,
    0.02087,
    0.03097,
    0.04448,
    0.06174,
    0.07572,
    0.09861,
    0.10969,
    0.13045,
    0.1517,
    0.17463,
    0.07787,
    0.00305
  ]
}