{
  "Valencia": [
    0.0,
    0.00018,
    0.00537,
    0.014,
    0.02627,
    0.04496,
    0.07114,
    0.10207,
    0.12559,
    0.14383,
    0.13483,
    0.11603,
    0.08182,
    0.05981,
    0.03916,
    0.02355,
    0.00937,
    0.00185,
    0.00017,
    0.0
  ],
  "Getafe": [
    0.0,
    0.0,
    7e-05,
    0.0003,
    0.00107,
    0.00232,
    0.00598,
    0.01355,
    0.02537,
    0.04158,
    0.06333,
    0.08627,
    0.11881,
    0.14309,
    0.16011,
    0.1567,
    0.12026,
    0.04806,
    0.01235,
    0.00078
  ],
  "Cadiz": [
    0.0,
    0.0,
    0.0,
    0.0,
    0.0,
    0.0,
    1e-05,
    2e-05,
    3e-05,
    6e-05,
    0.00037,
    0.00114,
    0.00305,
    0.00778,
    0.01758,
    0.04038,
    0.10538,
    0.3131,
    0.4004,
    0.1107
  ],
  "Levante": [
    0.0,
    0.0,
    0.0,
    0.0,
    0.0,
    0.0,
    0.0,
    0.0,
    0.0,
    0.0,
    1e-05,
    1e-05,
    0.0001,
    0.0002,
    0.0007,
    0.00223,
    0.00906,
    0.04865,
    0.15597,
    0.78307
  ],
  "Mallorca": [
    0.0,
    0.0,
    1e-05,
    1e-05,
    0.00011,
    0.00027,
    0.00084,
    0.00203,
    0.00523,
    0.01023,
    0.01934,
    0.03279,
    0.05593,
    0.08765,
    0.12938,
    0.18803,
    0.27626,
    0.14086,
    0.04722,
    0.00381
  ],
  "Betis": [
    0.0062,
    0.07773,
    0.32018,
    0.22087,
    0.15031,
    0.09773,
    0.06008,
    0.03417,
    0.01784,
    0.00877,
    0.0041,
    0.00139,
    0.00042,
    0.00014,
    6e-05,
    1e-05,
    0.0,
    0.0,
    0.0,
    0.0
  ],
  "Alaves": [
    0.0,
    0.0,
    0.0,
    0.0,
    0.0,
    0.0,
    1e-05,
    3e-05,
    6e-05,
    0.00022,
    0.00046,
    0.00148,
    0.00438,
    0.0099,
    0.02198,
    0.05125,
    0.1267,
    0.32814,
    0.35576,
    0.09963
  ],
  "Real Madrid": [
    0.82111,
    0.16375,
    0.01311,
    0.00172,
    0.00025,
    3e-05,
    2e-05,
    1e-05,
    0.0,
    0.0,
    0.0,
    0.0,
    0.0,
    0.0,
    0.0,
    0.0,
    0.0,
    0.0,
    0.0,
    0.0
  ],
  "Osasuna": [
    0.0,
    1e-05,
    0.00058,
    0.00259,
    0.00644,
    0.01405,
    0.02639,
    0.04723,
    0.07146,
    0.10265,
    0.13128,
    0.15114,
    0.14767,
    0.12181,
    0.08738,
    0.05729,
    0.02642,
    0.00494,
    0.00064,
    3e-05
  ],
  "Espanol": [
    0.0,
    1e-05,
    0.00018,
    0.00088,
    0.00247,
    0.00562,
    0.01262,
    0.02364,
    0.03978,
    0.06332,
    0.08693,
    0.11532,
    0.13848,
    0.14473,
    0.14359,
    0.11842,
    0.07637,
    0.02309,
    0.00433,
    0.00022
  ],
  "Celta": [
    0.0,
    6e-05,
    0.00216,
    0.00674,
    0.01532,
    0.03003,
    0.05182,
    0.08397,
    0.11793,
    0.14949,
    0.16736,
    0.1372,
    0.09985,
    0.06589,
    0.04051,
    0.02234,
    0.00802,
    0.00123,
    8e-05,
    0.0
  ],
  "Ath Madrid": [
    0.0011,
    0.02353,
    0.13643,
    0.1728,
    0.17808,
    0.15524,
    0.12446,
    0.08602,
    0.05724,
    0.0338,
    0.01698,
    0.00859,
    0.0038,
    0.00142,
    0.00035,
    0.00016,
    0.0,
    0.0,
    0.0,
    0.0
  ],
  "Barcelona": [
    0.00306,
    0.04272,
    0.22013,
    0.21413,
    0.16837,
    0.12959,
    0.09036,
    0.05854,
    0.03766,
    0.0193,
    0.01003,
    0.00406,
    0.00128,
    0.00061,
    0.00012,
    3e-05,
    1e-05,
    0.0,
    0.0,
    0.0
  ],
  "Sociedad": [
    0.00014,
    0.00462,
    0.04627,
    0.08046,
    0.10852,
    0.13306,
    0.14788,
    0.14529,
    0.12602,
    0.08885,
    0.05701,
    0.03324,
    0.01683,
    0.00745,
    0.00309,
    0.00101,
    0.00024,
    2e-05,
    0.0,
    0.0
  ],
  "Sevilla": [
    0.16807,
    0.67043,
    0.11396,
    0.032,
    0.01059,
    0.00332,
    0.00123,
    0.00033,
    6e-05,
    1e-05,
    0.0,
    0.0,
    0.0,
    0.0,
    0.0,
    0.0,
    0.0,
    0.0,
    0.0,
    0.0
  ],
  "Vallecano": [
    1e-05,
    0.00146,
    0.01528,
    0.03573,
    0.05861,
    0.08523,
    0.11346,
    0.13453,
    0.14236,
    0.13093,
    0.10689,
    0.07787,
    0.04743,
    0.0272,
    0.01422,
    0.00638,
    0.00222,
    0.00018,
    1e-05,
    0.0
  ],
  "Villarreal": [
    0.00025,
    0.01233,
    0.08989,
    0.14786,
    0.17191,
    0.1681,
    0.13868,
    0.10171,
    0.07014,
    0.04624,
    0.02846,
    0.01452,
    0.00649,
    0.0024,
    0.00076,
    0.00024,
    2e-05,
    0.0,
    0.0,
    0.0
  ],
  "Granada": [
    0.0,
    0.0,
    4e-05,
    0.00015,
    0.00053,
    0.00152,
    0.00333,
    0.00728,
    0.0154,
    0.02588,
    0.04405,
    0.0723,
    0.11027,
    0.14587,
    0.1722,
    0.18305,
    0.14178,
    0.05827,
    0.0167,
    0.00138
  ],
  "Elche": [
    0.0,
    0.0,
    2e-05,
    0.00021,
    0.00066,
    0.00192,
    0.00461,
    0.01171,
    0.02273,
    0.03962,
    0.06577,
    0.10485,
    0.14167,
    0.16165,
    0.16294,
    0.14622,
    0.09714,
    0.03153,
    0.00637,
    0.00038
  ],
  "Ath Bilbao": [
    6e-05,
    0.00317,
    0.03632,
    0.06955,
    0.10049,
    0.12701,
    0.14708,
    0.14787,
    0.1251,
    0.09522,
    0.0628,
    0.0418,
    0.02172,
    0.0124,
    0.00587,
    0.00271,
    0.00075,
    8e-05,
    0.0,
    0.0
  ]
}