{
  "Man United": [
    4e-05,
    0.00072,
    0.0042,
    0.01215,
    0.02262,
    0.03247,
    0.04511,
    0.05878,
    0.07881,
    0.09788,
    0.1137,
    0.14105,
    0.1394,
    0.11428,
    0.06967,
    0.03854,
    0.01938,
    0.00846,
    0.00231,
    0.00043
  ],
  "Fulham": [
    0.00025,
    0.00304,
    0.01199,
    0.03051,
    0.05099,
    0.06775,
    0.08437,
    0.09822,
    0.10816,
    0.11492,
    0.11438,
    0.10358,
    0.08718,
    0.06003,
    0.03598,
    0.01789,
    0.00754,
    0.00258,
    0.00055,
    9e-05
  ],
  "Ipswich": [
    0.0,
    0.0,
    0.0,
    0.0,
    0.0,
    2e-05,
    7e-05,
    0.0001,
    0.00018,
    0.00057,
    0.00138,
    0.00335,
    0.00803,
    0.01842,
    0.03803,
    0.07123,
    0.12286,
    0.21151,
    0.31327,
    0.21098
  ],
  "Liverpool": [
    0.68724,
    0.2277,
    0.05951,
    0.01699,
    0.00542,
    0.00212,
    0.00061,
    0.00023,
    9e-05,
    5e-05,
    4e-05,
    0.0,
    0.0,
    0.0,
    0.0,
    0.0,
    0.0,
    0.0,
    0.0,
    0.0
  ],
  "Arsenal": [
    0.04906,
    0.18729,
    0.31864,
    0.18709,
    0.10308,
    0.06258,
    0.03753,
    0.02394,
    0.01427,
    0.00831,
    0.00463,
    0.00236,
    0.00089,
    0.00022,
    8e-05,
    1e-05,
    2e-05,
    0.0,
    0.0,
    0.0
  ],
  "Wolves": [
    0.0,
    0.0,
    0.0,
    0.0,
    2e-05,
    6e-05,
    7e-05,
    0.00037,
    0.00078,
    0.00143,
    0.00309,
    0.00761,
    0.01619,
    0.03392,
    0.06429,
    0.10869,
    0.16727,
    0.23834,
    0.23104,
    0.12683
  ],
  "Everton": [
    0.0,
    1e-05,
    4e-05,
    0.00025,
    0.00057,
    0.00115,
    0.00241,
    0.00465,
    0.00908,
    0.01535,
    0.02813,
    0.04817,
    0.0762,
    0.12716,
    0.17498,
    0.18197,
    0.15786,
    0.10473,
    0.05249,
    0.0148
  ],
  "Brighton": [
    0.00225,
    0.01659,
    0.05601,
    0.0975,
    0.12147,
    0.12425,
    0.12009,
    0.10874,
    0.09752,
    0.08065,
    0.0669,
    0.04734,
    0.0314,
    0.01761,
    0.00772,
    0.00277,
    0.00095,
    0.00022,
    2e-05,
    0.0
  ],
  "Newcastle": [
    9e-05,
    0.0014,
    0.00799,
    0.02025,
    0.03509,
    0.05129,
    0.06726,
    0.08442,
    0.09764,
    0.1119,
    0.12273,
    0.12174,
    0.1169,
    0.07717,
    0.04619,
    0.02328,
    0.01041,
    0.0032,
    0.00092,
    0.00013
  ],
  "Southampton": [
    0.0,
    0.0,
    0.0,
    0.0,
    0.0,
    0.0,
    1e-05,
    1e-05,
    3e-05,
    1e-05,
    0.00014,
    0.0004,
    0.00124,
    0.00406,
    0.00968,
    0.02137,
    0.04527,
    0.10006,
    0.22484,
    0.59288
  ],
  "Nott'm Forest": [
    0.0014,
    0.01265,
    0.04363,
    0.081,
    0.10561,
    0.11651,
    0.11813,
    0.11215,
    0.10264,
    0.09056,
    0.0786,
    0.06135,
    0.03971,
    0.02115,
    0.01001,
    0.00328,
    0.00123,
    0.00032,
    7e-05,
    0.0
  ],
  "Bournemouth": [
    0.00174,
    0.01404,
    0.05183,
    0.09586,
    0.12058,
    0.12667,
    0.12189,
    0.1094,
    0.09539,
    0.08483,
    0.06806,
    0.04919,
    0.0315,
    0.01712,
    0.00801,
    0.00256,
    0.00114,
    0.00014,
    5e-05,
    0.0
  ],
  "West Ham": [
    0.0,
    1e-05,
    0.0002,
    0.00103,
    0.00264,
    0.00535,
    0.00863,
    0.01467,
    0.02393,
    0.03601,
    0.05578,
    0.0836,
    0.1265,
    0.17409,
    0.16554,
    0.13431,
    0.09255,
    0.05077,
    0.01995,
    0.00444
  ],
  "Aston Villa": [
    0.00058,
    0.00559,
    0.02428,
    0.05093,
    0.07411,
    0.08832,
    0.1021,
    0.1083,
    0.10955,
    0.10885,
    0.10072,
    0.08592,
    0.06581,
    0.04029,
    0.02087,
    0.0093,
    0.00339,
    0.00099,
    0.0001,
    0.0
  ],
  "Brentford": [
    0.00033,
    0.00354,
    0.01407,
    0.03217,
    0.05131,
    0.06733,
    0.08134,
    0.09548,
    0.10387,
    0.11056,
    0.11218,
    0.10814,
    0.09285,
    0.06257,
    0.03591,
    0.01802,
    0.00756,
    0.00224,
    0.0005,
    3e-05
  ],
  "Crystal Palace": [
    0.0,
    1e-05,
    4e-05,
    0.00016,
    0.00053,
    0.00109,
    0.00228,
    0.00458,
    0.00799,
    0.01348,
    0.02292,
    0.03636,
    0.06319,
    0.10422,
    0.15068,
    0.1787,
    0.17981,
    0.13602,
    0.07373,
    0.02421
  ],
  "Chelsea": [
    0.23954,
    0.43692,
    0.18769,
    0.07572,
    0.03195,
    0.01439,
    0.00713,
    0.00359,
    0.00154,
    0.00085,
    0.00043,
    0.00017,
    7e-05,
    1e-05,
    0.0,
    0.0,
    0.0,
    0.0,
    0.0,
    0.0
  ],
  "Man City": [
    0.01556,
    0.07621,
    0.16982,
    0.20419,
    0.15708,
    0.11698,
    0.08138,
    0.06034,
    0.04357,
    0.02984,
    0.02021,
    0.01251,
    0.00771,
    0.00297,
    0.00109,
    0.00045,
    8e-05,
    1e-05,
    0.0,
    0.0
  ],
  "Leicester": [
    0.0,
    0.0,
    2e-05,
    0.00012,
    0.00021,
    0.00067,
    0.00145,
    0.00265,
    0.00549,
    0.00974,
    0.01705,
    0.03459,
    0.06001,
    0.10477,
    0.15237,
    0.18411,
    0.1815,
    0.13996,
    0.08014,
    0.02515
  ],
  "Tottenham": [
    0.00192,
    0.01428,
    0.05004,
    0.09408,
    0.11672,
    0.121,
    0.11814,
    0.10938,
    0.09947,
    0.08421,
    0.06893,
    0.05257,
    0.03522,
    0.01994,
    0.0089,
    0.00352,
    0.00118,
    0.00045,
    2e-05,
    3e-05
  ]
}