{
  "Go Ahead Eagles": [
    0.0,
    0.0,
    9e-05,
    0.00194,
    0.00692,
    0.01705,
    0.0386,
    0.08121,
    0.16025,
    0.19789,
    0.18711,
    0.15147,
    0.09678,
    0.04243,
    0.01425,
    0.00346,
    0.00054,
    1e-05
  ],
  "Heerenveen": [
    0.0,
    2e-05,
    0.00033,
    0.00446,
    0.01379,
    0.03251,
    0.06524,
    0.12365,
    0.21255,
    0.19899,
    0.15524,
    0.1042,
    0.05864,
    0.02209,
    0.00669,
    0.00146,
    0.00014,
    0.0
  ],
  "Waalwijk": [
    0.0,
    0.0,
    0.0,
    0.0,
    1e-05,
    7e-05,
    0.00037,
    0.00175,
    0.00734,
    0.01868,
    0.03925,
    0.07736,
    0.14846,
    0.25592,
    0.22731,
    0.14526,
    0.07227,
    0.00595
  ],
  "AZ Alkmaar": [
    8e-05,
    0.00118,
    0.01069,
    0.06056,
    0.11002,
    0.16316,
    0.20734,
    0.21447,
    0.1206,
    0.06216,
    0.03058,
    0.01339,
    0.00474,
    0.0009,
    0.00012,
    1e-05,
    0.0,
    0.0
  ],
  "Heracles": [
    0.0,
    0.0,
    0.0,
    0.0,
    0.0,
    4e-05,
    8e-05,
    0.00064,
    0.0029,
    0.00824,
    0.01934,
    0.04333,
    0.09755,
    0.20358,
    0.26075,
    0.21476,
    0.13332,
    0.01547
  ],
  "PSV Eindhoven": [
    0.30425,
    0.42318,
    0.21155,
    0.04413,
    0.0127,
    0.00304,
    0.00092,
    0.00021,
    2e-05,
    0.0,
    0.0,
    0.0,
    0.0,
    0.0,
    0.0,
    0.0,
    0.0,
    0.0
  ],
  "For Sittard": [
    0.0,
    0.0,
    0.0,
    0.0,
    0.0,
    0.0,
    1e-05,
    7e-05,
    0.00033,
    0.0014,
    0.0042,
    0.01287,
    0.03736,
    0.10286,
    0.19275,
    0.28489,
    0.30865,
    0.05461
  ],
  "Twente": [
    0.00165,
    0.01411,
    0.06791,
    0.24812,
    0.23457,
    0.18493,
    0.12867,
    0.07386,
    0.02979,
    0.0109,
    0.00382,
    0.00138,
    0.00026,
    3e-05,
    0.0,
    0.0,
    0.0,
    0.0
  ],
  "Ajax": [
    0.15603,
    0.25629,
    0.44028,
    0.0989,
    0.03262,
    0.01134,
    0.00344,
    0.00083,
    0.00025,
    2e-05,
    0.0,
    0.0,
    0.0,
    0.0,
    0.0,
    0.0,
    0.0,
    0.0
  ],
  "Nijmegen": [
    0.0,
    0.0,
    1e-05,
    0.00039,
    0.00204,
    0.00607,
    0.01612,
    0.04125,
    0.09217,
    0.14558,
    0.189,
    0.2106,
    0.16454,
    0.08416,
    0.03451,
    0.01106,
    0.0024,
    0.0001
  ],
  "Cambuur": [
    0.00017,
    0.00223,
    0.01488,
    0.08409,
    0.13713,
    0.17864,
    0.20872,
    0.18406,
    0.10316,
    0.05099,
    0.02337,
    0.00924,
    0.00276,
    0.00047,
    8e-05,
    1e-05,
    0.0,
    0.0
  ],
  "Groningen": [
    0.0,
    1e-05,
    3e-05,
    0.00149,
    0.00512,
    0.01287,
    0.03188,
    0.07038,
    0.14137,
    0.18896,
    0.19895,
    0.16678,
    0.10837,
    0.04921,
    0.01824,
    0.00515,
    0.00119,
    0.0
  ],
  "Utrecht": [
    0.00043,
    0.00531,
    0.03223,
    0.15083,
    0.19913,
    0.2112,
    0.1777,
    0.12532,
    0.0593,
    0.02447,
    0.0097,
    0.00349,
    0.00072,
    0.00017,
    0.0,
    0.0,
    0.0,
    0.0
  ],
  "Sparta Rotterdam": [
    0.0,
    0.0,
    0.0,
    0.0,
    0.0,
    1e-05,
    0.0,
    2e-05,
    0.0002,
    0.00121,
    0.00373,
    0.01075,
    0.03091,
    0.08073,
    0.16127,
    0.27424,
    0.35924,
    0.07769
  ],
  "Zwolle": [
    0.0,
    0.0,
    0.0,
    0.0,
    0.0,
    0.0,
    0.0,
    0.0,
    0.0,
    0.0,
    0.0,
    8e-05,
    0.00032,
    0.002,
    0.00787,
    0.03022,
    0.11367,
    0.84584
  ],
  "Vitesse": [
    0.00222,
    0.01526,
    0.06948,
    0.28123,
    0.24053,
    0.17582,
    0.11446,
    0.0638,
    0.02478,
    0.00839,
    0.00289,
    0.00092,
    0.00019,
    3e-05,
    0.0,
    0.0,
    0.0,
    0.0
  ],
  "Willem II": [
    0.0,
    0.0,
    0.0,
    8e-05,
    0.00059,
    0.00225,
    0.00621,
    0.01843,
    0.04499,
    0.08212,
    0.13282,
    0.19414,
    0.2484,
    0.15542,
    0.07616,
    0.02948,
    0.00858,
    0.00033
  ],
  "Feyenoord": [
    0.53517,
    0.28241,
    0.15252,
    0.02378,
    0.00483,
    0.001,
    0.00024,
    5e-05,
    0.0,
    0.0,
    0.0,
    0.0,
    0.0,
    0.0,
    0.0,
    0.0,
    0.0,
    0.0
  ]
}