{
  "Lyon": [
    0.0001,
    0.03259,
    0.14042,
    0.19874,
    0.19138,
    0.16175,
    0.11861,
    0.07683,
    0.03991,
    0.02053,
    0.01046,
    0.00491,
    0.00236,
    0.00092,
    0.00036,
    0.0001,
    3e-05,
    0.0,
    0.0,
    0.0
  ],
  "Ajaccio": [
    0.0,
    0.0,
    0.0,
    0.0,
    0.0,
    0.0,
    8e-05,
    0.00011,
    0.00053,
    0.00193,
    0.00432,
    0.00815,
    0.01586,
    0.02894,
    0.05126,
    0.08818,
    0.14959,
    0.23086,
    0.34956,
    0.07063
  ],
  "Strasbourg": [
    0.0,
    0.0,
    0.0,
    0.0,
    0.0,
    5e-05,
    0.00026,
    0.00091,
    0.00271,
    0.00651,
    0.01248,
    0.02313,
    0.03846,
    0.06144,
    0.09734,
    0.14399,
    0.19954,
    0.21729,
    0.16967,
    0.02622
  ],
  "Monaco": [
    0.0,
    0.00013,
    0.00204,
    0.00833,
    0.01915,
    0.03863,
    0.06929,
    0.10827,
    0.14383,
    0.14832,
    0.13419,
    0.10827,
    0.08242,
    0.05981,
    0.03795,
    0.02275,
    0.01079,
    0.00449,
    0.00129,
    5e-05
  ],
  "Clermont": [
    0.0,
    0.00293,
    0.02271,
    0.05334,
    0.08809,
    0.12743,
    0.16478,
    0.17975,
    0.1375,
    0.09255,
    0.05781,
    0.0339,
    0.01926,
    0.01063,
    0.00569,
    0.00249,
    0.00083,
    0.00026,
    5e-05,
    0.0
  ],
  "Paris SG": [
    0.98377,
    0.01602,
    0.0002,
    1e-05,
    0.0,
    0.0,
    0.0,
    0.0,
    0.0,
    0.0,
    0.0,
    0.0,
    0.0,
    0.0,
    0.0,
    0.0,
    0.0,
    0.0,
    0.0,
    0.0
  ],
  "Toulouse": [
    0.0,
    2e-05,
    0.00027,
    0.00127,
    0.0036,
    0.00823,
    0.02071,
    0.04132,
    0.07556,
    0.11044,
    0.12484,
    0.1343,
    0.12905,
    0.116,
    0.09228,
    0.06778,
    0.04241,
    0.02242,
    0.00875,
    0.00075
  ],
  "Nice": [
    0.0,
    0.0,
    0.0,
    5e-05,
    5e-05,
    0.00045,
    0.00138,
    0.0042,
    0.01209,
    0.02471,
    0.0398,
    0.06305,
    0.0902,
    0.12288,
    0.15085,
    0.16564,
    0.14614,
    0.11075,
    0.06074,
    0.00702
  ],
  "Angers": [
    0.0,
    0.0,
    0.0,
    0.0,
    0.0,
    0.0,
    0.0,
    0.0,
    0.0,
    0.0,
    1e-05,
    3e-05,
    8e-05,
    0.00027,
    0.0008,
    0.00256,
    0.00808,
    0.02806,
    0.1065,
    0.85361
  ],
  "Nantes": [
    0.0,
    8e-05,
    0.00078,
    0.00374,
    0.00885,
    0.01836,
    0.03695,
    0.06925,
    0.10598,
    0.12876,
    0.13863,
    0.12985,
    0.11568,
    0.09126,
    0.06738,
    0.04356,
    0.02538,
    0.01135,
    0.00402,
    0.00014
  ],
  "Lens": [
    0.00087,
    0.14482,
    0.37988,
    0.20992,
    0.12504,
    0.07245,
    0.03855,
    0.01745,
    0.00707,
    0.00273,
    0.00083,
    0.00029,
    7e-05,
    1e-05,
    2e-05,
    0.0,
    0.0,
    0.0,
    0.0,
    0.0
  ],
  "Brest": [
    0.0,
    0.0,
    0.0,
    0.0,
    1e-05,
    3e-05,
    0.00013,
    0.00034,
    0.00175,
    0.00424,
    0.01012,
    0.01969,
    0.03176,
    0.05241,
    0.08199,
    0.12398,
    0.17836,
    0.22721,
    0.23114,
    0.03684
  ],
  "Lille": [
    0.0,
    0.01282,
    0.06809,
    0.11955,
    0.15387,
    0.17176,
    0.16765,
    0.1274,
    0.08368,
    0.04719,
    0.02527,
    0.01231,
    0.00586,
    0.00269,
    0.00123,
    0.00043,
    0.00017,
    2e-05,
    1e-05,
    0.0
  ],
  "Auxerre": [
    0.0,
    0.0,
    2e-05,
    0.00014,
    0.00058,
    0.00193,
    0.00516,
    0.01379,
    0.03101,
    0.05282,
    0.08006,
    0.1079,
    0.12671,
    0.13954,
    0.14051,
    0.1232,
    0.08984,
    0.05822,
    0.02676,
    0.00181
  ],
  "Montpellier": [
    1e-05,
    0.0161,
    0.0817,
    0.14156,
    0.16844,
    0.17748,
    0.15643,
    0.11599,
    0.06759,
    0.03754,
    0.01939,
    0.00983,
    0.00459,
    0.0019,
    0.00091,
    0.00044,
    8e-05,
    1e-05,
    1e-05,
    0.0
  ],
  "Troyes": [
    0.0,
    0.0,
    2e-05,
    0.0002,
    0.00093,
    0.00242,
    0.00691,
    0.0163,
    0.03344,
    0.05624,
    0.08008,
    0.10614,
    0.12686,
    0.1375,
    0.13699,
    0.1203,
    0.08894,
    0.05682,
    0.02781,
    0.0021
  ],
  "Rennes": [
    0.0,
    0.0002,
    0.00224,
    0.00759,
    0.01939,
    0.03942,
    0.07054,
    0.1131,
    0.14949,
    0.14802,
    0.13586,
    0.10857,
    0.07998,
    0.05642,
    0.03549,
    0.0203,
    0.00896,
    0.00359,
    0.0008,
    4e-05
  ],
  "Lorient": [
    6e-05,
    0.03142,
    0.1352,
    0.20428,
    0.19933,
    0.1642,
    0.12042,
    0.07317,
    0.03717,
    0.01869,
    0.00899,
    0.00416,
    0.00176,
    0.00082,
    0.00022,
    0.0001,
    1e-05,
    0.0,
    0.0,
    0.0
  ],
  "Marseille": [
    0.01519,
    0.74283,
    0.16608,
    0.04997,
    0.0171,
    0.00611,
    0.00202,
    0.00055,
    0.00013,
    2e-05,
    0.0,
    0.0,
    0.0,
    0.0,
    0.0,
    0.0,
    0.0,
    0.0,
    0.0,
    0.0
  ],
  "Reims": [
    0.0,
    4e-05,
    0.00035,
    0.00131,
    0.00419,
    0.0093,
    0.02013,
    0.04127,
    0.07056,
    0.09876,
    0.11686,
    0.12552,
    0.12904,
    0.11656,
    0.09873,
    0.0742,
    0.05085,
    0.02865,
    0.01289,
    0.00079
  ]
}