{
  "Burnley": [
    0.0,
    0.0,
    0.0,
    0.0,
    0.0,
    0.0,
    0.0,
    0.0,
    2e-05,
    0.00012,
    0.00063,
    0.00182,
    0.00514,
    0.01292,
    0.03402,
    0.07893,
    0.16437,
    0.25014,
    0.30663,
    0.14526
  ],
  "Man City": [
    0.13975,
    0.17163,
    0.17999,
    0.17586,
    0.15406,
    0.11221,
    0.0528,
    0.01175,
    0.00175,
    0.00016,
    4e-05,
    0.0,
    0.0,
    0.0,
    0.0,
    0.0,
    0.0,
    0.0,
    0.0,
    0.0
  ],
  "Arsenal": [
    0.05778,
    0.09332,
    0.12511,
    0.16169,
    0.19235,
    0.20047,
    0.12464,
    0.03598,
    0.00747,
    0.00102,
    0.00015,
    0.0,
    2e-05,
    0.0,
    0.0,
    0.0,
    0.0,
    0.0,
    0.0,
    0.0
  ],
  "Nott'm Forest": [
    0.0,
    0.0,
    0.0,
    0.0,
    0.0,
    5e-05,
    0.00034,
    0.0041,
    0.01876,
    0.05464,
    0.092,
    0.13352,
    0.17304,
    0.20783,
    0.15434,
    0.0974,
    0.04288,
    0.01629,
    0.00451,
    0.0003
  ],
  "Bournemouth": [
    0.0,
    0.0,
    0.0,
    0.0,
    0.0,
    0.0,
    0.0,
    0.0,
    0.0,
    0.00014,
    0.00088,
    0.00204,
    0.00688,
    0.01881,
    0.04412,
    0.09717,
    0.20948,
    0.2622,
    0.25763,
    0.10065
  ],
  "West Ham": [
    0.00028,
    0.00108,
    0.00331,
    0.00797,
    0.02159,
    0.05408,
    0.15462,
    0.38897,
    0.22895,
    0.08134,
    0.03345,
    0.01544,
    0.00613,
    0.00207,
    0.00056,
    0.00016,
    0.0,
    0.0,
    0.0,
    0.0
  ],
  "Brighton": [
    0.00586,
    0.01714,
    0.03508,
    0.06265,
    0.10722,
    0.19342,
    0.35161,
    0.16051,
    0.05132,
    0.01113,
    0.00282,
    0.0009,
    0.00028,
    5e-05,
    1e-05,
    0.0,
    0.0,
    0.0,
    0.0,
    0.0
  ],
  "Luton": [
    0.0,
    0.0,
    0.0,
    0.0,
    0.0,
    0.0,
    0.0,
    0.0,
    2e-05,
    0.00043,
    0.0014,
    0.00427,
    0.00982,
    0.02686,
    0.06609,
    0.14579,
    0.25284,
    0.25254,
    0.18113,
    0.05881
  ],
  "Everton": [
    0.0,
    0.0,
    0.0,
    0.0,
    0.0,
    0.0,
    1e-05,
    0.00029,
    0.00197,
    0.00854,
    0.01943,
    0.03651,
    0.07255,
    0.12207,
    0.19824,
    0.24754,
    0.16352,
    0.08657,
    0.03755,
    0.00521
  ],
  "Fulham": [
    0.0,
    0.0,
    0.0,
    0.0,
    0.0,
    0.0,
    7e-05,
    0.00091,
    0.00539,
    0.02098,
    0.0424,
    0.07054,
    0.11188,
    0.16824,
    0.23087,
    0.19345,
    0.09378,
    0.04266,
    0.01675,
    0.00208
  ],
  "Sheffield United": [
    0.0,
    0.0,
    0.0,
    0.0,
    0.0,
    0.0,
    0.0,
    0.0,
    0.0,
    0.0,
    0.0,
    1e-05,
    0.00013,
    0.00043,
    0.00216,
    0.00768,
    0.03052,
    0.07828,
    0.19323,
    0.68756
  ],
  "Crystal Palace": [
    0.0,
    0.0,
    0.0,
    0.0,
    1e-05,
    8e-05,
    0.0011,
    0.01055,
    0.03868,
    0.10119,
    0.14648,
    0.17753,
    0.18499,
    0.15259,
    0.10407,
    0.05552,
    0.02006,
    0.00577,
    0.00129,
    9e-05
  ],
  "Newcastle": [
    0.17265,
    0.20733,
    0.19758,
    0.1647,
    0.12756,
    0.08512,
    0.03696,
    0.00716,
    0.00092,
    2e-05,
    0.0,
    0.0,
    0.0,
    0.0,
    0.0,
    0.0,
    0.0,
    0.0,
    0.0,
    0.0
  ],
  "Aston Villa": [
    0.13369,
    0.17589,
    0.17874,
    0.16968,
    0.15159,
    0.11712,
    0.05689,
    0.01412,
    0.00209,
    0.00017,
    0.0,
    2e-05,
    0.0,
    0.0,
    0.0,
    0.0,
    0.0,
    0.0,
    0.0,
    0.0
  ],
  "Brentford": [
    0.0,
    0.0,
    1e-05,
    3e-05,
    0.00014,
    0.00062,
    0.00471,
    0.02953,
    0.08919,
    0.18674,
    0.1902,
    0.17008,
    0.13558,
    0.09411,
    0.05769,
    0.02905,
    0.00928,
    0.0025,
    0.00052,
    2e-05
  ],
  "Tottenham": [
    0.06137,
    0.10547,
    0.13251,
    0.16158,
    0.18073,
    0.18514,
    0.12403,
    0.03921,
    0.00889,
    0.00091,
    0.0001,
    4e-05,
    1e-05,
    1e-05,
    0.0,
    0.0,
    0.0,
    0.0,
    0.0,
    0.0
  ],
  "Chelsea": [
    1e-05,
    0.00018,
    0.0007,
    0.00189,
    0.00599,
    0.01925,
    0.07216,
    0.23648,
    0.3612,
    0.1564,
    0.07738,
    0.03746,
    0.01841,
    0.00828,
    0.00325,
    0.00086,
    9e-05,
    1e-05,
    0.0,
    0.0
  ],
  "Liverpool": [
    0.42861,
    0.22796,
    0.14697,
    0.09393,
    0.05857,
    0.03131,
    0.01102,
    0.00149,
    0.00014,
    0.0,
    0.0,
    0.0,
    0.0,
    0.0,
    0.0,
    0.0,
    0.0,
    0.0,
    0.0,
    0.0
  ],
  "Man United": [
    0.0,
    0.0,
    0.0,
    2e-05,
    0.00012,
    0.00072,
    0.00527,
    0.03012,
    0.09342,
    0.19258,
    0.19959,
    0.17767,
    0.13762,
    0.08758,
    0.0475,
    0.02047,
    0.00584,
    0.00126,
    0.00022,
    0.0
  ],
  "Wolves": [
    0.0,
    0.0,
    0.0,
    0.0,
    7e-05,
    0.00041,
    0.00377,
    0.02883,
    0.08982,
    0.18349,
    0.19305,
    0.17215,
    0.13752,
    0.09815,
    0.05708,
    0.02598,
    0.00734,
    0.00178,
    0.00054,
    2e-05
  ]
}