{
  "São Paulo / SP": [
    0.00272,
    0.01073,
    0.02637,
    0.0463,
    0.06284,
    0.07451,
    0.08456,
    0.08596,
    0.08796,
    0.08146,
    0.07728,
    0.07235,
    0.06754,
    0.06086,
    0.0512,
    0.04227,
    0.03295,
    0.02094,
    0.00885,
    0.00235
  ],
  "Sport / PE": [
    0.0,
    0.0,
    0.0,
    0.0,
    4e-05,
    0.00011,
    7e-05,
    0.00025,
    0.00053,
    0.00082,
    0.0015,
    0.00221,
    0.00426,
    0.00696,
    0.01221,
    0.02123,
    0.0423,
    0.08963,
    0.22182,
    0.59606
  ],
  "Cruzeiro / MG": [
    0.17117,
    0.25846,
    0.21246,
    0.1355,
    0.08295,
    0.05099,
    0.03235,
    0.0199,
    0.01288,
    0.0089,
    0.00567,
    0.00337,
    0.00218,
    0.00154,
    0.00093,
    0.00044,
    0.00019,
    0.0001,
    2e-05,
    0.0
  ],
  "Mirassol / SP": [
    0.00236,
    0.00905,
    0.02144,
    0.03968,
    0.05745,
    0.07157,
    0.08013,
    0.08446,
    0.08448,
    0.08265,
    0.08189,
    0.07541,
    0.06991,
    0.06386,
    0.05587,
    0.04704,
    0.0363,
    0.02361,
    0.01044,
    0.0024
  ],
  "Grêmio / RS": [
    2e-05,
    0.00018,
    0.00077,
    0.002,
    0.00463,
    0.00833,
    0.0133,
    0.01805,
    0.02572,
    0.03322,
    0.04382,
    0.05584,
    0.06764,
    0.08203,
    0.09924,
    0.11965,
    0.14356,
    0.14263,
    0.10089,
    0.03848
  ],
  "Atlético Mineiro / MG": [
    0.00089,
    0.00381,
    0.00969,
    0.02085,
    0.03235,
    0.0459,
    0.05733,
    0.06602,
    0.07462,
    0.0785,
    0.08358,
    0.08704,
    0.08772,
    0.08223,
    0.07883,
    0.07022,
    0.05706,
    0.03939,
    0.01896,
    0.00501
  ],
  "Fortaleza / CE": [
    0.0004,
    0.00258,
    0.00722,
    0.016,
    0.02594,
    0.03862,
    0.04957,
    0.05989,
    0.06882,
    0.07764,
    0.08021,
    0.08616,
    0.08622,
    0.08761,
    0.08792,
    0.07859,
    0.06696,
    0.04872,
    0.02452,
    0.00641
  ],
  "Fluminense / RJ": [
    0.00153,
    0.00753,
    0.01704,
    0.03209,
    0.04964,
    0.06434,
    0.07502,
    0.08483,
    0.08725,
    0.09007,
    0.08187,
    0.08159,
    0.07488,
    0.07074,
    0.0597,
    0.05028,
    0.03669,
    0.02274,
    0.01016,
    0.00201
  ],
  "Juventude / RS": [
    0.0,
    0.0,
    1e-05,
    3e-05,
    0.00015,
    0.00034,
    0.00068,
    0.00123,
    0.00207,
    0.00386,
    0.00602,
    0.00985,
    0.01584,
    0.02527,
    0.03869,
    0.06172,
    0.09957,
    0.17601,
    0.31958,
    0.23908
  ],
  "Vitória / BA": [
    0.00012,
    0.00109,
    0.00317,
    0.00764,
    0.01353,
    0.02036,
    0.02879,
    0.035,
    0.04247,
    0.0513,
    0.06077,
    0.06835,
    0.08044,
    0.08888,
    0.09976,
    0.10727,
    0.10894,
    0.09841,
    0.06151,
    0.0222
  ],
  "Flamengo / RJ": [
    0.55923,
    0.23006,
    0.10946,
    0.05096,
    0.02406,
    0.01265,
    0.00631,
    0.00316,
    0.00193,
    0.00093,
    0.00069,
    0.00034,
    0.00012,
    6e-05,
    4e-05,
    0.0,
    0.0,
    0.0,
    0.0,
    0.0
  ],
  "Internacional / RS": [
    0.0005,
    0.00304,
    0.00841,
    0.01774,
    0.02916,
    0.04054,
    0.0531,
    0.06042,
    0.06857,
    0.08226,
    0.08839,
    0.08831,
    0.08698,
    0.08465,
    0.07999,
    0.0743,
    0.06228,
    0.04416,
    0.0207,
    0.0065
  ],
  "Palmeiras / SP": [
    0.17503,
    0.24727,
    0.20689,
    0.14004,
    0.08669,
    0.05432,
    0.03407,
    0.02083,
    0.01421,
    0.00856,
    0.00514,
    0.00302,
    0.00185,
    0.00124,
    0.00048,
    0.00022,
    7e-05,
    7e-05,
    0.0,
    0.0
  ],
  "Botafogo / RJ": [
    0.01732,
    0.05155,
    0.08965,
    0.11698,
    0.1266,
    0.11753,
    0.09931,
    0.08814,
    0.07181,
    0.05751,
    0.04683,
    0.03583,
    0.02668,
    0.02004,
    0.01458,
    0.00961,
    0.00587,
    0.00302,
    0.00094,
    0.0002
  ],
  "Vasco da Gama / RJ": [
    0.00048,
    0.00316,
    0.00926,
    0.01943,
    0.03115,
    0.04317,
    0.05498,
    0.0652,
    0.07338,
    0.08076,
    0.08607,
    0.08707,
    0.08715,
    0.0845,
    0.07904,
    0.07129,
    0.05854,
    0.04102,
    0.01994,
    0.00441
  ],
  "Santos / SP": [
    2e-05,
    0.00012,
    0.00058,
    0.00148,
    0.00283,
    0.00554,
    0.00861,
    0.01267,
    0.01823,
    0.0253,
    0.03338,
    0.0435,
    0.05476,
    0.07003,
    0.08787,
    0.11352,
    0.14201,
    0.17173,
    0.14232,
    0.0655
  ],
  "Bahia / BA": [
    0.00938,
    0.0299,
    0.06153,
    0.09177,
    0.11048,
    0.11064,
    0.10308,
    0.09131,
    0.07883,
    0.06901,
    0.05851,
    0.04913,
    0.03946,
    0.03205,
    0.02528,
    0.019,
    0.01148,
    0.00647,
    0.00229,
    0.0004
  ],
  "Corinthians / SP": [
    0.0004,
    0.00262,
    0.00732,
    0.01535,
    0.02564,
    0.0356,
    0.04427,
    0.05271,
    0.0606,
    0.06515,
    0.07295,
    0.0792,
    0.08677,
    0.09037,
    0.09192,
    0.08706,
    0.07833,
    0.06158,
    0.03375,
    0.00841
  ],
  "Red Bull Bragantino / SP": [
    0.05196,
    0.11575,
    0.16028,
    0.1716,
    0.13805,
    0.10294,
    0.07494,
    0.05722,
    0.04061,
    0.02705,
    0.01978,
    0.01522,
    0.01026,
    0.00619,
    0.00442,
    0.00216,
    0.00102,
    0.00039,
    0.00013,
    3e-05
  ],
  "Ceará / CE": [
    0.00647,
    0.0231,
    0.04845,
    0.07456,
    0.09582,
    0.102,
    0.09953,
    0.09275,
    0.08503,
    0.07505,
    0.06565,
    0.05621,
    0.04934,
    0.04089,
    0.03203,
    0.02413,
    0.01588,
    0.00938,
    0.00318,
    0.00055
  ]
}