{
  "Famalicao": [
    0.0,
    0.0,
    0.0,
    0.0,
    0.0,
    0.00011,
    0.00147,
    0.00547,
    0.01135,
    0.01933,
    0.03124,
    0.04526,
    0.06244,
    0.08419,
    0.11064,
    0.14617,
    0.19972,
    0.28261
  ],
  "Benfica": [
    0.00188,
    0.09137,
    0.20323,
    0.47082,
    0.21655,
    0.01562,
    0.0005,
    3e-05,
    0.0,
    0.0,
    0.0,
    0.0,
    0.0,
    0.0,
    0.0,
    0.0,
    0.0,
    0.0
  ],
  "Guimaraes": [
    0.0,
    5e-05,
    0.00078,
    0.00969,
    0.08587,
    0.66777,
    0.1622,
    0.05122,
    0.01501,
    0.00509,
    0.00163,
    0.00049,
    0.00017,
    2e-05,
    0.0,
    1e-05,
    0.0,
    0.0
  ],
  "Belenenses": [
    0.0,
    0.0,
    0.0,
    0.0,
    0.0,
    0.0013,
    0.01937,
    0.04323,
    0.0798,
    0.10008,
    0.10636,
    0.11186,
    0.1126,
    0.11046,
    0.10267,
    0.09377,
    0.07343,
    0.04507
  ],
  "Nacional": [
    0.0,
    0.0,
    0.0,
    0.0,
    0.0,
    0.00162,
    0.01722,
    0.03698,
    0.06685,
    0.08979,
    0.10173,
    0.1082,
    0.11408,
    0.11436,
    0.10869,
    0.09772,
    0.083,
    0.05976
  ],
  "Boavista": [
    0.0,
    0.0,
    0.0,
    0.0,
    1e-05,
    0.00071,
    0.01202,
    0.03052,
    0.06357,
    0.08436,
    0.09992,
    0.10827,
    0.11339,
    0.11382,
    0.11236,
    0.10498,
    0.0921,
    0.06397
  ],
  "Porto": [
    0.01964,
    0.42987,
    0.36275,
    0.15223,
    0.0341,
    0.00139,
    2e-05,
    0.0,
    0.0,
    0.0,
    0.0,
    0.0,
    0.0,
    0.0,
    0.0,
    0.0,
    0.0,
    0.0
  ],
  "Sp Braga": [
    0.02356,
    0.4272,
    0.37453,
    0.14472,
    0.02928,
    0.00069,
    2e-05,
    0.0,
    0.0,
    0.0,
    0.0,
    0.0,
    0.0,
    0.0,
    0.0,
    0.0,
    0.0,
    0.0
  ],
  "Santa Clara": [
    0.0,
    0.0,
    0.0,
    0.0002,
    0.00818,
    0.11538,
    0.35455,
    0.25987,
    0.11772,
    0.06519,
    0.03527,
    0.02058,
    0.01188,
    0.00619,
    0.00296,
    0.00138,
    0.00052,
    0.00013
  ],
  "Maritimo": [
    0.0,
    0.0,
    0.0,
    0.0,
    0.0,
    0.00013,
    0.00137,
    0.00571,
    0.01793,
    0.03321,
    0.04669,
    0.06172,
    0.0793,
    0.09585,
    0.11784,
    0.1414,
    0.17269,
    0.22616
  ],
  "Moreirense": [
    0.0,
    0.0,
    0.0,
    8e-05,
    0.00509,
    0.08628,
    0.27053,
    0.27219,
    0.16554,
    0.08854,
    0.05197,
    0.02933,
    0.01558,
    0.00843,
    0.00442,
    0.0014,
    0.00054,
    8e-05
  ],
  "Farense": [
    0.0,
    0.0,
    0.0,
    0.0,
    0.0,
    0.00034,
    0.00302,
    0.01122,
    0.03088,
    0.04795,
    0.06406,
    0.07803,
    0.09243,
    0.1063,
    0.12217,
    0.13766,
    0.1512,
    0.15474
  ],
  "Tondela": [
    0.0,
    0.0,
    0.0,
    0.0,
    8e-05,
    0.00331,
    0.02576,
    0.06049,
    0.10862,
    0.12738,
    0.12843,
    0.12337,
    0.11045,
    0.09787,
    0.08085,
    0.06554,
    0.04522,
    0.02263
  ],
  "Rio Ave": [
    0.0,
    0.0,
    0.0,
    0.0,
    0.00031,
    0.01266,
    0.0681,
    0.1188,
    0.15975,
    0.1469,
    0.12661,
    0.10606,
    0.08466,
    0.06685,
    0.04874,
    0.03323,
    0.01993,
    0.0074
  ],
  "Portimonense": [
    0.0,
    0.0,
    0.0,
    0.0,
    0.00011,
    0.00951,
    0.0503,
    0.08557,
    0.12377,
    0.13433,
    0.12811,
    0.11409,
    0.09955,
    0.08444,
    0.06794,
    0.05081,
    0.03442,
    0.01705
  ],
  "Pacos Ferreira": [
    6e-05,
    0.01256,
    0.05293,
    0.22186,
    0.62041,
    0.08272,
    0.00846,
    0.0009,
    9e-05,
    1e-05,
    0.0,
    0.0,
    0.0,
    0.0,
    0.0,
    0.0,
    0.0,
    0.0
  ],
  "Gil Vicente": [
    0.0,
    0.0,
    0.0,
    0.0,
    0.0,
    0.00046,
    0.00509,
    0.0178,
    0.03912,
    0.05784,
    0.07798,
    0.09274,
    0.10347,
    0.11122,
    0.12072,
    0.12593,
    0.12723,
    0.1204
  ],
  "Sp Lisbon": [
    0.95486,
    0.03895,
    0.00578,
    0.0004,
    1e-05,
    0.0,
    0.0,
    0.0,
    0.0,
    0.0,
    0.0,
    0.0,
    0.0,
    0.0,
    0.0,
    0.0,
    0.0,
    0.0
  ]
}