{
  "Internacional / RS": [
    0.00443,
    0.01386,
    0.04009,
    0.06905,
    0.09767,
    0.11582,
    0.12108,
    0.1191,
    0.11783,
    0.09947,
    0.07995,
    0.06529,
    0.03921,
    0.01178,
    0.00373,
    0.00112,
    0.00036,
    0.00014,
    2e-05,
    0.0
  ],
  "Bahia / BA": [
    0.04845,
    0.11101,
    0.20359,
    0.2088,
    0.15489,
    0.10195,
    0.06455,
    0.0436,
    0.02735,
    0.01728,
    0.01071,
    0.00507,
    0.00218,
    0.00053,
    3e-05,
    1e-05,
    0.0,
    0.0,
    0.0,
    0.0
  ],
  "Criciúma / SC": [
    0.00012,
    0.00093,
    0.00435,
    0.01213,
    0.0245,
    0.04055,
    0.05676,
    0.07783,
    0.09406,
    0.11527,
    0.13989,
    0.15909,
    0.15135,
    0.07032,
    0.03066,
    0.01359,
    0.00586,
    0.00206,
    0.00065,
    3e-05
  ],
  "Juventude / RS": [
    0.0001,
    0.00056,
    0.00282,
    0.00777,
    0.01729,
    0.02882,
    0.04279,
    0.06091,
    0.07933,
    0.10483,
    0.1337,
    0.16842,
    0.18137,
    0.09325,
    0.04429,
    0.0199,
    0.00919,
    0.00346,
    0.00112,
    8e-05
  ],
  "Fluminense / RJ": [
    0.0,
    0.0,
    0.0,
    0.0,
    0.0,
    0.0,
    0.0,
    0.0,
    0.0,
    0.0,
    0.0,
    2e-05,
    0.0001,
    0.00065,
    0.00219,
    0.00619,
    0.0151,
    0.03929,
    0.11994,
    0.81652
  ],
  "Red Bull Bragantino / SP": [
    0.00072,
    0.00512,
    0.01839,
    0.04052,
    0.06943,
    0.09565,
    0.11086,
    0.11848,
    0.12533,
    0.12163,
    0.11451,
    0.0922,
    0.05747,
    0.02014,
    0.00684,
    0.00195,
    0.00065,
    0.0001,
    1e-05,
    0.0
  ],
  "São Paulo / SP": [
    0.00128,
    0.00727,
    0.02447,
    0.04862,
    0.07704,
    0.09907,
    0.11536,
    0.12665,
    0.12387,
    0.1165,
    0.10468,
    0.08016,
    0.04948,
    0.0174,
    0.00573,
    0.00162,
    0.00058,
    0.0002,
    2e-05,
    0.0
  ],
  "Fortaleza / CE": [
    0.00275,
    0.0123,
    0.0378,
    0.06882,
    0.10119,
    0.12532,
    0.13314,
    0.12496,
    0.11151,
    0.09888,
    0.07764,
    0.05727,
    0.03302,
    0.01106,
    0.00319,
    0.00085,
    0.00018,
    9e-05,
    3e-05,
    0.0
  ],
  "Vasco da Gama / RJ": [
    0.0,
    0.0,
    0.0,
    3e-05,
    0.00018,
    0.00036,
    0.00123,
    0.00268,
    0.00532,
    0.00995,
    0.02086,
    0.04307,
    0.09982,
    0.20286,
    0.19092,
    0.15647,
    0.12242,
    0.08737,
    0.05078,
    0.00568
  ],
  "Grêmio / RS": [
    0.0,
    0.0,
    0.0,
    0.0,
    2e-05,
    0.00015,
    0.00025,
    0.00056,
    0.00145,
    0.00288,
    0.00653,
    0.01555,
    0.03883,
    0.09764,
    0.13987,
    0.16059,
    0.17056,
    0.17304,
    0.15805,
    0.03403
  ],
  "Corinthians / SP": [
    0.0,
    0.0,
    0.0,
    0.0,
    1e-05,
    4e-05,
    8e-05,
    0.00016,
    0.00052,
    0.00122,
    0.0039,
    0.00931,
    0.02652,
    0.07473,
    0.11377,
    0.1458,
    0.1723,
    0.19741,
    0.20832,
    0.04591
  ],
  "Atlético Mineiro / MG": [
    0.00019,
    0.0013,
    0.00595,
    0.0158,
    0.02933,
    0.0465,
    0.0683,
    0.0859,
    0.10797,
    0.13206,
    0.14543,
    0.14684,
    0.12419,
    0.05466,
    0.02183,
    0.00915,
    0.00319,
    0.00113,
    0.00026,
    2e-05
  ],
  "Athletico Paranaense / PR": [
    0.01508,
    0.04826,
    0.11339,
    0.16195,
    0.1662,
    0.14105,
    0.11238,
    0.08202,
    0.06146,
    0.04429,
    0.02847,
    0.01581,
    0.00762,
    0.00151,
    0.00044,
    4e-05,
    3e-05,
    0.0,
    0.0,
    0.0
  ],
  "Cuiabá / MT": [
    0.0,
    0.0,
    0.0,
    0.0,
    1e-05,
    0.00011,
    0.00037,
    0.00072,
    0.00199,
    0.00486,
    0.01077,
    0.0246,
    0.06187,
    0.14622,
    0.17853,
    0.18253,
    0.16089,
    0.12822,
    0.08374,
    0.01457
  ],
  "Atlético Goianiense / GO": [
    0.0,
    0.0,
    0.0,
    0.0,
    0.0,
    0.0,
    1e-05,
    8e-05,
    0.00022,
    0.00074,
    0.00153,
    0.00449,
    0.01521,
    0.05007,
    0.08582,
    0.1237,
    0.16946,
    0.2199,
    0.26361,
    0.06516
  ],
  "Flamengo / RJ": [
    0.45616,
    0.3127,
    0.13114,
    0.05777,
    0.02467,
    0.00981,
    0.00443,
    0.00186,
    0.00101,
    0.00027,
    0.00011,
    6e-05,
    1e-05,
    0.0,
    0.0,
    0.0,
    0.0,
    0.0,
    0.0,
    0.0
  ],
  "Cruzeiro / MG": [
    0.00153,
    0.00684,
    0.02232,
    0.04756,
    0.07746,
    0.09926,
    0.11134,
    0.11746,
    0.11719,
    0.11432,
    0.10581,
    0.08826,
    0.06076,
    0.02073,
    0.00633,
    0.00206,
    0.00055,
    0.00018,
    4e-05,
    0.0
  ],
  "Botafogo / RJ": [
    0.07043,
    0.15278,
    0.24665,
    0.19285,
    0.12937,
    0.08197,
    0.05001,
    0.033,
    0.02037,
    0.01157,
    0.00668,
    0.00316,
    0.00101,
    0.00014,
    1e-05,
    0.0,
    0.0,
    0.0,
    0.0,
    0.0
  ],
  "Vitória / BA": [
    0.0,
    0.0,
    0.0,
    1e-05,
    6e-05,
    0.0001,
    0.00026,
    0.00066,
    0.00171,
    0.00339,
    0.00849,
    0.02128,
    0.04998,
    0.12631,
    0.16582,
    0.17443,
    0.16868,
    0.14741,
    0.11341,
    0.018
  ],
  "Palmeiras / SP": [
    0.39876,
    0.32707,
    0.14904,
    0.06832,
    0.03068,
    0.01347,
    0.0068,
    0.00337,
    0.00151,
    0.00059,
    0.00034,
    5e-05,
    0.0,
    0.0,
    0.0,
    0.0,
    0.0,
    0.0,
    0.0,
    0.0
  ]
}