{
  "Milan": [
    0.19888,
    0.23599,
    0.21442,
    0.16588,
    0.11108,
    0.05601,
    0.0153,
    0.0022,
    0.00021,
    3e-05,
    0.0,
    0.0,
    0.0,
    0.0,
    0.0,
    0.0,
    0.0,
    0.0,
    0.0,
    0.0
  ],
  "Udinese": [
    0.08223,
    0.14365,
    0.19306,
    0.22114,
    0.19504,
    0.11893,
    0.03857,
    0.00658,
    0.00065,
    0.0001,
    5e-05,
    0.0,
    0.0,
    0.0,
    0.0,
    0.0,
    0.0,
    0.0,
    0.0,
    0.0
  ],
  "Sampdoria": [
    0.0,
    0.0,
    0.0,
    0.0,
    0.0,
    0.0,
    0.0,
    2e-05,
    5e-05,
    0.00024,
    0.00037,
    0.00099,
    0.00233,
    0.00482,
    0.01033,
    0.02229,
    0.04816,
    0.10608,
    0.2243,
    0.58002
  ],
  "Atalanta": [
    0.22778,
    0.24384,
    0.21414,
    0.15699,
    0.09751,
    0.04589,
    0.01232,
    0.00143,
    9e-05,
    1e-05,
    0.0,
    0.0,
    0.0,
    0.0,
    0.0,
    0.0,
    0.0,
    0.0,
    0.0,
    0.0
  ],
  "Lecce": [
    0.0,
    0.0,
    0.0,
    0.0,
    0.0,
    5e-05,
    0.001,
    0.007,
    0.02197,
    0.03998,
    0.05933,
    0.08077,
    0.10056,
    0.12259,
    0.14006,
    0.14257,
    0.12773,
    0.09069,
    0.04989,
    0.01581
  ],
  "Inter": [
    0.00115,
    0.00482,
    0.01289,
    0.03226,
    0.08108,
    0.19488,
    0.41997,
    0.17578,
    0.04917,
    0.01683,
    0.0068,
    0.00253,
    0.00113,
    0.00047,
    0.00015,
    8e-05,
    1e-05,
    0.0,
    0.0,
    0.0
  ],
  "Monza": [
    0.0,
    0.0,
    0.0,
    1e-05,
    7e-05,
    0.00048,
    0.00468,
    0.02871,
    0.07379,
    0.10252,
    0.12323,
    0.13016,
    0.13063,
    0.12109,
    0.10574,
    0.07951,
    0.053,
    0.0311,
    0.01236,
    0.00292
  ],
  "Torino": [
    0.0,
    0.0,
    2e-05,
    5e-05,
    0.00037,
    0.00219,
    0.01446,
    0.07457,
    0.15914,
    0.17242,
    0.15068,
    0.12426,
    0.10011,
    0.07796,
    0.05382,
    0.0359,
    0.02094,
    0.00907,
    0.00346,
    0.00058
  ],
  "Fiorentina": [
    0.0,
    0.0,
    0.0,
    2e-05,
    0.00016,
    0.00113,
    0.0095,
    0.05057,
    0.1174,
    0.14854,
    0.14417,
    0.13122,
    0.1204,
    0.09626,
    0.07454,
    0.05201,
    0.0309,
    0.01587,
    0.00616,
    0.00115
  ],
  "Cremonese": [
    0.0,
    0.0,
    0.0,
    0.0,
    0.0,
    0.0,
    2e-05,
    0.00032,
    0.00132,
    0.00382,
    0.0077,
    0.01342,
    0.02301,
    0.03745,
    0.05769,
    0.09243,
    0.14108,
    0.20322,
    0.24951,
    0.16901
  ],
  "Lazio": [
    0.01365,
    0.03764,
    0.07177,
    0.12778,
    0.20548,
    0.30865,
    0.17577,
    0.04787,
    0.00844,
    0.00217,
    0.00062,
    0.00012,
    4e-05,
    0.0,
    0.0,
    0.0,
    0.0,
    0.0,
    0.0,
    0.0
  ],
  "Bologna": [
    0.0,
    0.0,
    0.0,
    0.0,
    0.0,
    1e-05,
    0.00011,
    0.00104,
    0.00472,
    0.01286,
    0.02389,
    0.03769,
    0.05622,
    0.07931,
    0.10961,
    0.14273,
    0.17505,
    0.17184,
    0.13119,
    0.05373
  ],
  "Salernitana": [
    0.0,
    0.0,
    0.0,
    0.0,
    1e-05,
    0.00025,
    0.00269,
    0.01771,
    0.05303,
    0.08512,
    0.10647,
    0.12258,
    0.12824,
    0.12965,
    0.11961,
    0.09946,
    0.07031,
    0.04183,
    0.01866,
    0.00438
  ],
  "Roma": [
    0.0436,
    0.08752,
    0.13529,
    0.20009,
    0.24294,
    0.19239,
    0.08028,
    0.01539,
    0.00203,
    0.00038,
    7e-05,
    2e-05,
    0.0,
    0.0,
    0.0,
    0.0,
    0.0,
    0.0,
    0.0,
    0.0
  ],
  "Spezia": [
    0.0,
    0.0,
    0.0,
    1e-05,
    1e-05,
    7e-05,
    0.00077,
    0.00596,
    0.02113,
    0.0389,
    0.05827,
    0.078,
    0.09805,
    0.12283,
    0.14025,
    0.14752,
    0.13104,
    0.09127,
    0.05128,
    0.01464
  ],
  "Empoli": [
    0.0,
    0.0,
    0.0,
    3e-05,
    0.00014,
    0.00088,
    0.0082,
    0.0387,
    0.09022,
    0.11492,
    0.13096,
    0.13412,
    0.12787,
    0.11303,
    0.09408,
    0.06977,
    0.04431,
    0.02266,
    0.00829,
    0.00182
  ],
  "Verona": [
    0.0,
    0.0,
    0.0,
    0.0,
    0.0,
    1e-05,
    5e-05,
    0.00031,
    0.0018,
    0.00371,
    0.00765,
    0.01409,
    0.02385,
    0.03656,
    0.05927,
    0.09495,
    0.14708,
    0.21199,
    0.24309,
    0.15559
  ],
  "Napoli": [
    0.43266,
    0.24624,
    0.15718,
    0.09106,
    0.04935,
    0.01879,
    0.00423,
    0.00044,
    4e-05,
    1e-05,
    0.0,
    0.0,
    0.0,
    0.0,
    0.0,
    0.0,
    0.0,
    0.0,
    0.0,
    0.0
  ],
  "Juventus": [
    5e-05,
    0.0003,
    0.00122,
    0.00449,
    0.0159,
    0.05474,
    0.18429,
    0.41365,
    0.17385,
    0.07537,
    0.0375,
    0.01997,
    0.01016,
    0.00481,
    0.00231,
    0.001,
    0.00032,
    7e-05,
    0.0,
    0.0
  ],
  "Sassuolo": [
    0.0,
    0.0,
    1e-05,
    0.00019,
    0.00086,
    0.00465,
    0.02779,
    0.11175,
    0.22095,
    0.18207,
    0.14224,
    0.11006,
    0.0774,
    0.05317,
    0.03254,
    0.01978,
    0.01007,
    0.00431,
    0.00181,
    0.00035
  ]
}