{
  "Sp Lisbon": [
    0.35087,
    0.33775,
    0.31017,
    0.00118,
    3e-05,
    0.0,
    0.0,
    0.0,
    0.0,
    0.0,
    0.0,
    0.0,
    0.0,
    0.0,
    0.0,
    0.0,
    0.0,
    0.0
  ],
  "Rio Ave": [
    0.0,
    0.0,
    0.0,
    0.00023,
    0.00168,
    0.00726,
    0.01906,
    0.03994,
    0.07939,
    0.13129,
    0.18433,
    0.16757,
    0.1282,
    0.09163,
    0.06467,
    0.04492,
    0.02728,
    0.01255
  ],
  "AVS": [
    0.0,
    0.0,
    0.0,
    3e-05,
    5e-05,
    0.00047,
    0.00154,
    0.00548,
    0.01457,
    0.03521,
    0.07097,
    0.10668,
    0.12885,
    0.1401,
    0.1433,
    0.13637,
    0.12146,
    0.09492
  ],
  "Nacional": [
    0.0,
    0.0,
    0.0,
    0.0,
    3e-05,
    0.0001,
    0.0005,
    0.00214,
    0.007,
    0.0198,
    0.04609,
    0.07636,
    0.10598,
    0.13017,
    0.14809,
    0.15906,
    0.16268,
    0.142
  ],
  "Casa Pia": [
    0.0,
    0.0,
    0.0,
    0.0088,
    0.03391,
    0.07802,
    0.1321,
    0.1764,
    0.20855,
    0.17538,
    0.09596,
    0.04922,
    0.02294,
    0.01119,
    0.0043,
    0.00214,
    0.00085,
    0.00024
  ],
  "Boavista": [
    0.0,
    0.0,
    0.0,
    0.0,
    1e-05,
    0.00019,
    0.00073,
    0.0032,
    0.01019,
    0.02603,
    0.05817,
    0.09406,
    0.12225,
    0.13965,
    0.14522,
    0.14545,
    0.13603,
    0.11882
  ],
  "Porto": [
    0.37924,
    0.34587,
    0.27398,
    0.00091,
    0.0,
    0.0,
    0.0,
    0.0,
    0.0,
    0.0,
    0.0,
    0.0,
    0.0,
    0.0,
    0.0,
    0.0,
    0.0,
    0.0
  ],
  "Gil Vicente": [
    0.0,
    0.0,
    0.0,
    0.00181,
    0.01339,
    0.03654,
    0.07895,
    0.13375,
    0.1925,
    0.21404,
    0.14407,
    0.08398,
    0.04714,
    0.02692,
    0.01472,
    0.0073,
    0.00368,
    0.00121
  ],
  "Estoril": [
    0.0,
    0.0,
    0.0,
    2e-05,
    9e-05,
    0.00053,
    0.0022,
    0.00674,
    0.0167,
    0.04139,
    0.08078,
    0.11474,
    0.13754,
    0.14498,
    0.13852,
    0.12848,
    0.11035,
    0.07694
  ],
  "Santa Clara": [
    0.0,
    3e-05,
    0.00029,
    0.19326,
    0.37681,
    0.22049,
    0.11818,
    0.05652,
    0.02391,
    0.00789,
    0.00196,
    0.00053,
    8e-05,
    4e-05,
    1e-05,
    0.0,
    0.0,
    0.0
  ],
  "Famalicao": [
    0.0,
    0.0,
    0.0,
    0.01361,
    0.06393,
    0.13629,
    0.19799,
    0.2115,
    0.17499,
    0.1101,
    0.05193,
    0.0234,
    0.00974,
    0.00418,
    0.00146,
    0.00065,
    0.00019,
    4e-05
  ],
  "Benfica": [
    0.26987,
    0.31613,
    0.4113,
    0.00263,
    6e-05,
    1e-05,
    0.0,
    0.0,
    0.0,
    0.0,
    0.0,
    0.0,
    0.0,
    0.0,
    0.0,
    0.0,
    0.0,
    0.0
  ],
  "Farense": [
    0.0,
    0.0,
    0.0,
    0.0,
    0.0,
    6e-05,
    0.00044,
    0.00159,
    0.00515,
    0.01471,
    0.03394,
    0.05966,
    0.0906,
    0.11809,
    0.14234,
    0.16657,
    0.18801,
    0.17884
  ],
  "Moreirense": [
    0.0,
    0.0,
    0.0,
    0.01848,
    0.07667,
    0.15466,
    0.22688,
    0.21084,
    0.15344,
    0.0902,
    0.04037,
    0.01711,
    0.00699,
    0.00279,
    0.00106,
    0.00039,
    0.00012,
    0.0
  ],
  "Sp Braga": [
    2e-05,
    0.00022,
    0.00415,
    0.66193,
    0.21,
    0.07906,
    0.02991,
    0.01076,
    0.00294,
    0.0009,
    0.0001,
    1e-05,
    0.0,
    0.0,
    0.0,
    0.0,
    0.0,
    0.0
  ],
  "Estrela": [
    0.0,
    0.0,
    0.0,
    3e-05,
    0.00065,
    0.00249,
    0.00943,
    0.0233,
    0.05116,
    0.10089,
    0.16566,
    0.17158,
    0.14453,
    0.11404,
    0.08836,
    0.06258,
    0.04259,
    0.02271
  ],
  "Arouca": [
    0.0,
    0.0,
    0.0,
    0.0,
    0.0,
    3e-05,
    7e-05,
    0.00045,
    0.00206,
    0.00626,
    0.01607,
    0.03237,
    0.0543,
    0.07594,
    0.10789,
    0.14608,
    0.20675,
    0.35173
  ],
  "Guimaraes": [
    0.0,
    0.0,
    0.00011,
    0.09708,
    0.22269,
    0.2838,
    0.18202,
    0.11739,
    0.05745,
    0.02591,
    0.0096,
    0.00273,
    0.00086,
    0.00028,
    6e-05,
    1e-05,
    1e-05,
    0.0
  ]
}