{
  "Liverpool": [
    0.54765,
    0.19792,
    0.10086,
    0.05919,
    0.03442,
    0.02168,
    0.01358,
    0.009,
    0.00594,
    0.00341,
    0.00253,
    0.00164,
    0.00099,
    0.00056,
    0.00031,
    0.00017,
    0.00011,
    2e-05,
    2e-05,
    0.0
  ],
  "Norwich": [
    0.00035,
    0.00202,
    0.0048,
    0.00738,
    0.01039,
    0.01344,
    0.01816,
    0.02189,
    0.02632,
    0.03123,
    0.03718,
    0.04332,
    0.05095,
    0.05743,
    0.0659,
    0.08047,
    0.0934,
    0.11374,
    0.14254,
    0.17909
  ],
  "West Ham": [
    0.00486,
    0.0149,
    0.02632,
    0.03389,
    0.04088,
    0.04712,
    0.05082,
    0.05486,
    0.05796,
    0.06246,
    0.06257,
    0.06434,
    0.06697,
    0.06589,
    0.06629,
    0.06752,
    0.06387,
    0.05979,
    0.05129,
    0.0374
  ],
  "Man City": [
    0.14704,
    0.2101,
    0.1647,
    0.12087,
    0.08712,
    0.06635,
    0.04954,
    0.03778,
    0.03077,
    0.02345,
    0.0181,
    0.01371,
    0.01015,
    0.00729,
    0.00491,
    0.00352,
    0.00231,
    0.00142,
    0.00067,
    0.0002
  ],
  "Bournemouth": [
    0.0122,
    0.03251,
    0.04889,
    0.06325,
    0.06944,
    0.06936,
    0.07113,
    0.07088,
    0.06909,
    0.06614,
    0.06411,
    0.06088,
    0.05722,
    0.05236,
    0.04618,
    0.0427,
    0.03686,
    0.03109,
    0.02277,
    0.01294
  ],
  "Sheffield United": [
    0.01152,
    0.03353,
    0.04949,
    0.06267,
    0.06813,
    0.07287,
    0.07252,
    0.07137,
    0.07032,
    0.06663,
    0.06332,
    0.0599,
    0.05592,
    0.05088,
    0.04737,
    0.04263,
    0.03563,
    0.02974,
    0.02266,
    0.0129
  ],
  "Burnley": [
    0.00305,
    0.01138,
    0.02079,
    0.0302,
    0.03742,
    0.04313,
    0.051,
    0.05451,
    0.05883,
    0.06213,
    0.06419,
    0.06438,
    0.06622,
    0.0683,
    0.06932,
    0.0668,
    0.06625,
    0.06309,
    0.05587,
    0.04314
  ],
  "Southampton": [
    0.00056,
    0.00276,
    0.00565,
    0.01021,
    0.01465,
    0.01866,
    0.02344,
    0.03,
    0.03411,
    0.04052,
    0.0451,
    0.05157,
    0.05871,
    0.06613,
    0.07266,
    0.08087,
    0.09266,
    0.10383,
    0.11971,
    0.1282
  ],
  "Crystal Palace": [
    0.00839,
    0.02555,
    0.04139,
    0.05332,
    0.06003,
    0.06449,
    0.06664,
    0.06831,
    0.06919,
    0.06726,
    0.06604,
    0.06312,
    0.06022,
    0.05663,
    0.05304,
    0.04822,
    0.04283,
    0.03704,
    0.02985,
    0.01844
  ],
  "Everton": [
    0.00271,
    0.00644,
    0.01275,
    0.02104,
    0.02483,
    0.03279,
    0.03714,
    0.04123,
    0.04642,
    0.05096,
    0.0564,
    0.0598,
    0.06487,
    0.06965,
    0.07385,
    0.07571,
    0.0809,
    0.0843,
    0.08323,
    0.07498
  ],
  "Watford": [
    0.00015,
    0.00077,
    0.00163,
    0.003,
    0.0047,
    0.00783,
    0.0107,
    0.01423,
    0.01657,
    0.02136,
    0.02799,
    0.03305,
    0.03862,
    0.0479,
    0.05911,
    0.07276,
    0.09141,
    0.11766,
    0.16117,
    0.26939
  ],
  "Brighton": [
    0.00843,
    0.02616,
    0.04094,
    0.05116,
    0.06121,
    0.06748,
    0.06956,
    0.0688,
    0.0664,
    0.06976,
    0.06702,
    0.0647,
    0.06021,
    0.05639,
    0.05321,
    0.0483,
    0.04113,
    0.0368,
    0.02645,
    0.01589
  ],
  "Tottenham": [
    0.00468,
    0.01591,
    0.02772,
    0.0375,
    0.04844,
    0.0529,
    0.05762,
    0.06096,
    0.06522,
    0.06671,
    0.06705,
    0.06564,
    0.06396,
    0.06372,
    0.06201,
    0.06009,
    0.05762,
    0.04907,
    0.04324,
    0.02994
  ],
  "Aston Villa": [
    0.00177,
    0.00748,
    0.01459,
    0.02062,
    0.0289,
    0.03372,
    0.04012,
    0.04905,
    0.05109,
    0.05451,
    0.05813,
    0.06206,
    0.06539,
    0.06992,
    0.07237,
    0.07582,
    0.07814,
    0.07718,
    0.07505,
    0.06409
  ],
  "Leicester": [
    0.09911,
    0.17146,
    0.15526,
    0.12496,
    0.09993,
    0.0782,
    0.0624,
    0.0489,
    0.03786,
    0.03057,
    0.02434,
    0.01875,
    0.01489,
    0.01093,
    0.00825,
    0.00585,
    0.00413,
    0.00239,
    0.0015,
    0.00032
  ],
  "Wolves": [
    0.00495,
    0.01631,
    0.0276,
    0.03547,
    0.04586,
    0.05435,
    0.05977,
    0.06165,
    0.06351,
    0.06413,
    0.06462,
    0.06515,
    0.06496,
    0.06558,
    0.06349,
    0.06018,
    0.05703,
    0.05311,
    0.04279,
    0.02949
  ],
  "Newcastle": [
    0.00318,
    0.01268,
    0.02044,
    0.03008,
    0.03867,
    0.04571,
    0.04936,
    0.0532,
    0.05777,
    0.05947,
    0.06296,
    0.06496,
    0.06735,
    0.06768,
    0.0684,
    0.06665,
    0.06618,
    0.06214,
    0.05914,
    0.04398
  ],
  "Arsenal": [
    0.01721,
    0.04598,
    0.06263,
    0.07346,
    0.07704,
    0.0754,
    0.07539,
    0.07169,
    0.06795,
    0.06315,
    0.05968,
    0.05604,
    0.05053,
    0.04637,
    0.04123,
    0.03554,
    0.02992,
    0.02406,
    0.01747,
    0.00926
  ],
  "Man United": [
    0.00482,
    0.01631,
    0.02806,
    0.03761,
    0.04763,
    0.05355,
    0.05801,
    0.06153,
    0.06354,
    0.06399,
    0.06353,
    0.06834,
    0.06639,
    0.06483,
    0.06312,
    0.06045,
    0.05505,
    0.05056,
    0.04286,
    0.02982
  ],
  "Chelsea": [
    0.11737,
    0.14983,
    0.14549,
    0.12412,
    0.10031,
    0.08097,
    0.0631,
    0.05016,
    0.04114,
    0.03216,
    0.02514,
    0.01865,
    0.01548,
    0.01156,
    0.00898,
    0.00575,
    0.00457,
    0.00297,
    0.00172,
    0.00053
  ]
}