{
  "Groningen": [
    0.0,
    0.0,
    0.0,
    0.0,
    0.0,
    0.0,
    4e-05,
    0.10228,
    0.12393,
    0.13062,
    0.13916,
    0.15117,
    0.14657,
    0.13079,
    0.07519,
    0.00025,
    0.0,
    0.0
  ],
  "NAC Breda": [
    0.0,
    0.0,
    0.0,
    0.0,
    0.0,
    0.0,
    0.0,
    0.03321,
    0.04072,
    0.05339,
    0.06837,
    0.10025,
    0.13554,
    0.21774,
    0.33209,
    0.01869,
    0.0,
    0.0
  ],
  "Feyenoord": [
    6e-05,
    0.05568,
    0.73967,
    0.20459,
    0.0,
    0.0,
    0.0,
    0.0,
    0.0,
    0.0,
    0.0,
    0.0,
    0.0,
    0.0,
    0.0,
    0.0,
    0.0,
    0.0
  ],
  "Willem II": [
    0.0,
    0.0,
    0.0,
    0.0,
    0.0,
    0.0,
    0.0,
    0.0,
    0.0,
    0.0,
    0.0,
    7e-05,
    0.00139,
    0.00705,
    0.04705,
    0.85352,
    0.08277,
    0.00815
  ],
  "Nijmegen": [
    0.0,
    0.0,
    0.0,
    0.0,
    0.0,
    0.0,
    0.00037,
    0.20861,
    0.14537,
    0.12959,
    0.12832,
    0.11972,
    0.11945,
    0.10118,
    0.04692,
    0.00047,
    0.0,
    0.0
  ],
  "Twente": [
    0.0,
    0.0,
    0.0,
    0.0,
    0.28471,
    0.36301,
    0.35197,
    0.00031,
    0.0,
    0.0,
    0.0,
    0.0,
    0.0,
    0.0,
    0.0,
    0.0,
    0.0,
    0.0
  ],
  "Almere City": [
    0.0,
    0.0,
    0.0,
    0.0,
    0.0,
    0.0,
    0.0,
    0.0,
    0.0,
    0.0,
    0.0,
    0.0,
    0.0,
    0.0,
    2e-05,
    0.04111,
    0.39394,
    0.56493
  ],
  "AZ Alkmaar": [
    0.0,
    0.0,
    0.0,
    0.0,
    0.29605,
    0.30773,
    0.39582,
    0.0004,
    0.0,
    0.0,
    0.0,
    0.0,
    0.0,
    0.0,
    0.0,
    0.0,
    0.0,
    0.0
  ],
  "PSV Eindhoven": [
    0.12108,
    0.82165,
    0.05458,
    0.00269,
    0.0,
    0.0,
    0.0,
    0.0,
    0.0,
    0.0,
    0.0,
    0.0,
    0.0,
    0.0,
    0.0,
    0.0,
    0.0,
    0.0
  ],
  "Waalwijk": [
    0.0,
    0.0,
    0.0,
    0.0,
    0.0,
    0.0,
    0.0,
    0.0,
    0.0,
    0.0,
    0.0,
    0.0,
    0.0,
    0.0,
    2e-05,
    0.04984,
    0.52322,
    0.42692
  ],
  "Sparta Rotterdam": [
    0.0,
    0.0,
    0.0,
    0.0,
    0.0,
    0.0,
    1e-05,
    0.08062,
    0.16818,
    0.18828,
    0.18008,
    0.15521,
    0.12391,
    0.08153,
    0.02216,
    2e-05,
    0.0,
    0.0
  ],
  "Heracles": [
    0.0,
    0.0,
    0.0,
    0.0,
    0.0,
    0.0,
    1e-05,
    0.05245,
    0.10761,
    0.1324,
    0.15547,
    0.17293,
    0.18286,
    0.15112,
    0.04492,
    0.00023,
    0.0,
    0.0
  ],
  "Go Ahead Eagles": [
    0.0,
    0.0,
    0.0,
    0.0,
    0.41924,
    0.32926,
    0.25006,
    0.00142,
    2e-05,
    0.0,
    0.0,
    0.0,
    0.0,
    0.0,
    0.0,
    0.0,
    0.0,
    0.0
  ],
  "For Sittard": [
    0.0,
    0.0,
    0.0,
    0.0,
    0.0,
    0.0,
    0.00023,
    0.1651,
    0.18293,
    0.1825,
    0.16621,
    0.13292,
    0.10052,
    0.05745,
    0.01214,
    0.0,
    0.0,
    0.0
  ],
  "Utrecht": [
    0.0,
    0.00154,
    0.20574,
    0.79272,
    0.0,
    0.0,
    0.0,
    0.0,
    0.0,
    0.0,
    0.0,
    0.0,
    0.0,
    0.0,
    0.0,
    0.0,
    0.0,
    0.0
  ],
  "Zwolle": [
    0.0,
    0.0,
    0.0,
    0.0,
    0.0,
    0.0,
    0.0,
    0.00932,
    0.01812,
    0.03258,
    0.05273,
    0.08509,
    0.12853,
    0.22285,
    0.41484,
    0.03587,
    7e-05,
    0.0
  ],
  "Ajax": [
    0.87886,
    0.12113,
    1e-05,
    0.0,
    0.0,
    0.0,
    0.0,
    0.0,
    0.0,
    0.0,
    0.0,
    0.0,
    0.0,
    0.0,
    0.0,
    0.0,
    0.0,
    0.0
  ],
  "Heerenveen": [
    0.0,
    0.0,
    0.0,
    0.0,
    0.0,
    0.0,
    0.00149,
    0.34628,
    0.21312,
    0.15064,
    0.10966,
    0.08264,
    0.06123,
    0.03029,
    0.00465,
    0.0,
    0.0,
    0.0
  ]
}