{
  "Parma": [
    0.0,
    0.0,
    4e-05,
    0.00838,
    0.12668,
    0.2933,
    0.20615,
    0.14111,
    0.09547,
    0.06015,
    0.03674,
    0.01953,
    0.00823,
    0.00294,
    0.00102,
    0.00019,
    6e-05,
    1e-05,
    0.0,
    0.0
  ],
  "Juventus": [
    0.28868,
    0.36761,
    0.31337,
    0.02969,
    0.00065,
    0.0,
    0.0,
    0.0,
    0.0,
    0.0,
    0.0,
    0.0,
    0.0,
    0.0,
    0.0,
    0.0,
    0.0,
    0.0,
    0.0,
    0.0
  ],
  "Fiorentina": [
    0.0,
    0.0,
    0.0,
    1e-05,
    0.00152,
    0.0103,
    0.02472,
    0.04331,
    0.06827,
    0.09994,
    0.1375,
    0.17584,
    0.18166,
    0.11896,
    0.07309,
    0.03919,
    0.01915,
    0.00607,
    0.00044,
    3e-05
  ],
  "Napoli": [
    0.0,
    0.0,
    0.0,
    0.00113,
    0.035,
    0.11869,
    0.15417,
    0.16512,
    0.15572,
    0.1331,
    0.1037,
    0.07246,
    0.03854,
    0.01525,
    0.00519,
    0.0014,
    0.00041,
    0.00012,
    0.0,
    0.0
  ],
  "Udinese": [
    0.0,
    0.0,
    0.0,
    0.0,
    1e-05,
    8e-05,
    0.00042,
    0.00104,
    0.0028,
    0.00734,
    0.01632,
    0.03838,
    0.07931,
    0.14827,
    0.17062,
    0.1872,
    0.18702,
    0.13547,
    0.02335,
    0.00237
  ],
  "Milan": [
    0.0,
    0.0,
    0.0,
    0.00062,
    0.01475,
    0.06281,
    0.10148,
    0.13004,
    0.14946,
    0.15681,
    0.14925,
    0.11752,
    0.0735,
    0.02863,
    0.01074,
    0.00335,
    0.00092,
    0.00011,
    1e-05,
    0.0
  ],
  "Cagliari": [
    0.0,
    0.0,
    0.0,
    0.00078,
    0.02218,
    0.08357,
    0.1274,
    0.149,
    0.15284,
    0.14823,
    0.12628,
    0.08942,
    0.0565,
    0.02687,
    0.01173,
    0.00373,
    0.00129,
    0.00018,
    0.0,
    0.0
  ],
  "Brescia": [
    0.0,
    0.0,
    0.0,
    0.0,
    0.0,
    0.0,
    0.0,
    0.0,
    0.0,
    0.0,
    2e-05,
    4e-05,
    0.00022,
    0.00101,
    0.0039,
    0.01019,
    0.02884,
    0.08886,
    0.43224,
    0.43468
  ],
  "Roma": [
    0.0,
    5e-05,
    0.0013,
    0.084,
    0.62753,
    0.16825,
    0.0671,
    0.0297,
    0.01344,
    0.0055,
    0.00226,
    0.00071,
    0.00015,
    1e-05,
    0.0,
    0.0,
    0.0,
    0.0,
    0.0,
    0.0
  ],
  "Genoa": [
    0.0,
    0.0,
    0.0,
    0.0,
    0.0,
    4e-05,
    0.00023,
    0.00049,
    0.00144,
    0.0032,
    0.00878,
    0.01963,
    0.0444,
    0.086,
    0.12082,
    0.16056,
    0.20115,
    0.26129,
    0.0757,
    0.01627
  ],
  "Sampdoria": [
    0.0,
    0.0,
    0.0,
    0.0,
    0.0,
    1e-05,
    0.00013,
    0.00034,
    0.00114,
    0.00284,
    0.0067,
    0.01584,
    0.03901,
    0.08141,
    0.13804,
    0.17965,
    0.2282,
    0.23089,
    0.0639,
    0.0119
  ],
  "Lazio": [
    0.56555,
    0.29587,
    0.1294,
    0.00913,
    5e-05,
    0.0,
    0.0,
    0.0,
    0.0,
    0.0,
    0.0,
    0.0,
    0.0,
    0.0,
    0.0,
    0.0,
    0.0,
    0.0,
    0.0,
    0.0
  ],
  "Spal": [
    0.0,
    0.0,
    0.0,
    0.0,
    0.0,
    0.0,
    0.0,
    0.0,
    0.0,
    0.0,
    0.0,
    4e-05,
    0.00028,
    0.00091,
    0.00269,
    0.00776,
    0.02114,
    0.07198,
    0.36498,
    0.53022
  ],
  "Atalanta": [
    0.00202,
    0.01371,
    0.08162,
    0.80338,
    0.08732,
    0.00923,
    0.00204,
    0.00051,
    0.00016,
    1e-05,
    0.0,
    0.0,
    0.0,
    0.0,
    0.0,
    0.0,
    0.0,
    0.0,
    0.0,
    0.0
  ],
  "Torino": [
    0.0,
    0.0,
    0.0,
    0.0,
    4e-05,
    0.00024,
    0.00129,
    0.00328,
    0.00732,
    0.01553,
    0.02986,
    0.05964,
    0.10959,
    0.16811,
    0.18618,
    0.17915,
    0.14328,
    0.08051,
    0.01449,
    0.00149
  ],
  "Sassuolo": [
    0.0,
    0.0,
    0.0,
    4e-05,
    0.00149,
    0.01065,
    0.02648,
    0.04668,
    0.07153,
    0.10576,
    0.14116,
    0.17591,
    0.16863,
    0.11086,
    0.0728,
    0.04069,
    0.02062,
    0.00607,
    0.00062,
    1e-05
  ],
  "Verona": [
    0.0,
    0.0,
    3e-05,
    0.00445,
    0.072,
    0.19417,
    0.20315,
    0.17124,
    0.13627,
    0.09698,
    0.06296,
    0.03492,
    0.01537,
    0.00614,
    0.00179,
    0.00046,
    6e-05,
    1e-05,
    0.0,
    0.0
  ],
  "Bologna": [
    0.0,
    0.0,
    0.0,
    0.00036,
    0.00958,
    0.04825,
    0.0842,
    0.11537,
    0.13764,
    0.15068,
    0.15137,
    0.12793,
    0.08567,
    0.04703,
    0.02583,
    0.01107,
    0.00421,
    0.00078,
    3e-05,
    0.0
  ],
  "Inter": [
    0.14375,
    0.32276,
    0.47424,
    0.05803,
    0.00119,
    3e-05,
    0.0,
    0.0,
    0.0,
    0.0,
    0.0,
    0.0,
    0.0,
    0.0,
    0.0,
    0.0,
    0.0,
    0.0,
    0.0,
    0.0
  ],
  "Lecce": [
    0.0,
    0.0,
    0.0,
    0.0,
    1e-05,
    0.00038,
    0.00104,
    0.00277,
    0.0065,
    0.01393,
    0.0271,
    0.05219,
    0.09894,
    0.1576,
    0.17556,
    0.17541,
    0.14365,
    0.11765,
    0.02424,
    0.00303
  ]
}