{
  "Brentford": [
    0.0,
    0.0,
    0.0,
    0.0,
    0.0,
    0.0,
    7e-05,
    0.00175,
    0.04105,
    0.15381,
    0.18442,
    0.18493,
    0.15256,
    0.13273,
    0.13054,
    0.01663,
    0.0015,
    1e-05,
    0.0,
    0.0
  ],
  "Arsenal": [
    0.0,
    0.0,
    0.00852,
    0.51366,
    0.41793,
    0.04888,
    0.01027,
    0.0007,
    4e-05,
    0.0,
    0.0,
    0.0,
    0.0,
    0.0,
    0.0,
    0.0,
    0.0,
    0.0,
    0.0,
    0.0
  ],
  "Man United": [
    0.0,
    0.0,
    2e-05,
    0.00981,
    0.0715,
    0.50892,
    0.30446,
    0.09593,
    0.00924,
    0.00012,
    0.0,
    0.0,
    0.0,
    0.0,
    0.0,
    0.0,
    0.0,
    0.0,
    0.0,
    0.0
  ],
  "Leeds": [
    0.0,
    0.0,
    0.0,
    0.0,
    0.0,
    0.0,
    0.0,
    0.0,
    1e-05,
    0.00021,
    0.0009,
    0.00217,
    0.00438,
    0.01213,
    0.038,
    0.49135,
    0.33579,
    0.11466,
    0.0004,
    0.0
  ],
  "Burnley": [
    0.0,
    0.0,
    0.0,
    0.0,
    0.0,
    0.0,
    0.0,
    0.0,
    0.0,
    0.0,
    9e-05,
    0.0002,
    0.00078,
    0.00318,
    0.00965,
    0.12875,
    0.23076,
    0.53928,
    0.08003,
    0.00728
  ],
  "Brighton": [
    0.0,
    0.0,
    0.0,
    0.0,
    0.0,
    1e-05,
    0.00035,
    0.00625,
    0.05467,
    0.14809,
    0.20236,
    0.20421,
    0.16453,
    0.12779,
    0.0862,
    0.00536,
    0.00018,
    0.0,
    0.0,
    0.0
  ],
  "Chelsea": [
    0.0,
    0.00025,
    0.98637,
    0.01246,
    0.0009,
    1e-05,
    1e-05,
    0.0,
    0.0,
    0.0,
    0.0,
    0.0,
    0.0,
    0.0,
    0.0,
    0.0,
    0.0,
    0.0,
    0.0,
    0.0
  ],
  "Crystal Palace": [
    0.0,
    0.0,
    0.0,
    0.0,
    0.0,
    4e-05,
    0.00109,
    0.01348,
    0.14157,
    0.29421,
    0.19628,
    0.13474,
    0.09725,
    0.0692,
    0.04605,
    0.0055,
    0.00056,
    3e-05,
    0.0,
    0.0
  ],
  "Everton": [
    0.0,
    0.0,
    0.0,
    0.0,
    0.0,
    0.0,
    0.0,
    0.0,
    0.0,
    8e-05,
    0.00017,
    0.00073,
    0.00192,
    0.0062,
    0.02087,
    0.28576,
    0.41384,
    0.25604,
    0.01418,
    0.00021
  ],
  "Southampton": [
    0.0,
    0.0,
    0.0,
    0.0,
    0.0,
    0.0,
    0.0001,
    0.00154,
    0.03525,
    0.10689,
    0.12609,
    0.14001,
    0.14982,
    0.17192,
    0.24428,
    0.02239,
    0.00167,
    4e-05,
    0.0,
    0.0
  ],
  "Leicester": [
    0.0,
    0.0,
    0.0,
    0.0,
    0.00023,
    0.00728,
    0.03414,
    0.12389,
    0.51447,
    0.16798,
    0.08842,
    0.03814,
    0.0165,
    0.0064,
    0.00247,
    8e-05,
    0.0,
    0.0,
    0.0,
    0.0
  ],
  "Wolves": [
    0.0,
    0.0,
    0.0,
    0.00012,
    0.00308,
    0.07796,
    0.21766,
    0.55045,
    0.13094,
    0.017,
    0.00244,
    0.00035,
    0.0,
    0.0,
    0.0,
    0.0,
    0.0,
    0.0,
    0.0,
    0.0
  ],
  "Watford": [
    0.0,
    0.0,
    0.0,
    0.0,
    0.0,
    0.0,
    0.0,
    0.0,
    0.0,
    0.0,
    0.0,
    0.0,
    0.0,
    0.0,
    0.0,
    0.001,
    0.01041,
    0.07778,
    0.65327,
    0.25754
  ],
  "Aston Villa": [
    0.0,
    0.0,
    0.0,
    0.0,
    0.0,
    0.0,
    6e-05,
    0.00214,
    0.0326,
    0.07088,
    0.11545,
    0.16071,
    0.1997,
    0.19518,
    0.19462,
    0.02486,
    0.0035,
    0.0003,
    0.0,
    0.0
  ],
  "Norwich": [
    0.0,
    0.0,
    0.0,
    0.0,
    0.0,
    0.0,
    0.0,
    0.0,
    0.0,
    0.0,
    0.0,
    0.0,
    0.0,
    0.0,
    0.0,
    7e-05,
    0.00098,
    0.01186,
    0.25212,
    0.73497
  ],
  "Liverpool": [
    0.3178,
    0.68198,
    0.00022,
    0.0,
    0.0,
    0.0,
    0.0,
    0.0,
    0.0,
    0.0,
    0.0,
    0.0,
    0.0,
    0.0,
    0.0,
    0.0,
    0.0,
    0.0,
    0.0,
    0.0
  ],
  "Newcastle": [
    0.0,
    0.0,
    0.0,
    0.0,
    0.0,
    0.0,
    0.0,
    0.00025,
    0.00902,
    0.03942,
    0.0833,
    0.1338,
    0.21256,
    0.27527,
    0.22732,
    0.01825,
    0.00081,
    0.0,
    0.0,
    0.0
  ],
  "West Ham": [
    0.0,
    0.0,
    1e-05,
    0.0022,
    0.02805,
    0.30852,
    0.42559,
    0.20315,
    0.03108,
    0.00131,
    8e-05,
    1e-05,
    0.0,
    0.0,
    0.0,
    0.0,
    0.0,
    0.0,
    0.0,
    0.0
  ],
  "Tottenham": [
    0.0,
    0.0,
    0.00483,
    0.46175,
    0.47831,
    0.04838,
    0.0062,
    0.00047,
    6e-05,
    0.0,
    0.0,
    0.0,
    0.0,
    0.0,
    0.0,
    0.0,
    0.0,
    0.0,
    0.0,
    0.0
  ],
  "Man City": [
    0.6822,
    0.31777,
    3e-05,
    0.0,
    0.0,
    0.0,
    0.0,
    0.0,
    0.0,
    0.0,
    0.0,
    0.0,
    0.0,
    0.0,
    0.0,
    0.0,
    0.0,
    0.0,
    0.0,
    0.0
  ]
}