{
  "Go Ahead Eagles": [
    0.00823,
    0.01264,
    0.01755,
    0.02217,
    0.02738,
    0.03541,
    0.04221,
    0.05097,
    0.05731,
    0.06291,
    0.07015,
    0.07825,
    0.085,
    0.09385,
    0.09597,
    0.09254,
    0.08602,
    0.06144
  ],
  "Heerenveen": [
    0.04467,
    0.05853,
    0.06565,
    0.07127,
    0.07209,
    0.07252,
    0.07212,
    0.06943,
    0.06969,
    0.06549,
    0.06443,
    0.06075,
    0.05524,
    0.04833,
    0.04147,
    0.03404,
    0.02328,
    0.011
  ],
  "Waalwijk": [
    0.0029,
    0.00601,
    0.0097,
    0.01418,
    0.01867,
    0.02378,
    0.02846,
    0.0355,
    0.04298,
    0.05072,
    0.05966,
    0.06831,
    0.08207,
    0.09245,
    0.10671,
    0.11865,
    0.12726,
    0.11199
  ],
  "AZ Alkmaar": [
    0.03181,
    0.04214,
    0.05012,
    0.05683,
    0.06,
    0.06569,
    0.0674,
    0.06853,
    0.07125,
    0.06932,
    0.07094,
    0.06798,
    0.06449,
    0.06038,
    0.05271,
    0.04468,
    0.03532,
    0.02041
  ],
  "Heracles": [
    0.01109,
    0.01825,
    0.02524,
    0.03196,
    0.03915,
    0.04492,
    0.05128,
    0.05727,
    0.06384,
    0.07003,
    0.07571,
    0.08208,
    0.08141,
    0.08347,
    0.08163,
    0.07471,
    0.06528,
    0.04268
  ],
  "PSV Eindhoven": [
    0.17093,
    0.14108,
    0.12293,
    0.10302,
    0.08782,
    0.07609,
    0.06364,
    0.05392,
    0.0441,
    0.03727,
    0.02959,
    0.0231,
    0.01686,
    0.01239,
    0.00889,
    0.00494,
    0.00254,
    0.00089
  ],
  "For Sittard": [
    0.00322,
    0.00611,
    0.00912,
    0.0138,
    0.01846,
    0.02352,
    0.02993,
    0.03684,
    0.04444,
    0.05264,
    0.06048,
    0.07045,
    0.08242,
    0.09188,
    0.10249,
    0.11667,
    0.12349,
    0.11404
  ],
  "Twente": [
    0.07236,
    0.08465,
    0.08711,
    0.08864,
    0.0876,
    0.08285,
    0.08084,
    0.07444,
    0.06672,
    0.059,
    0.0516,
    0.04523,
    0.03698,
    0.02882,
    0.02248,
    0.01684,
    0.00983,
    0.00401
  ],
  "Ajax": [
    0.19612,
    0.13986,
    0.1154,
    0.09621,
    0.08209,
    0.07356,
    0.06162,
    0.05485,
    0.04523,
    0.03606,
    0.02841,
    0.02266,
    0.01715,
    0.01291,
    0.00852,
    0.0057,
    0.00273,
    0.00092
  ],
  "Nijmegen": [
    0.03042,
    0.04332,
    0.05338,
    0.05831,
    0.06709,
    0.07035,
    0.07376,
    0.07135,
    0.07354,
    0.07879,
    0.0711,
    0.06649,
    0.06136,
    0.0555,
    0.04783,
    0.03688,
    0.02694,
    0.01359
  ],
  "Cambuur": [
    0.02244,
    0.03396,
    0.04292,
    0.05158,
    0.06086,
    0.06296,
    0.06625,
    0.07046,
    0.07912,
    0.0793,
    0.0767,
    0.07305,
    0.06954,
    0.06056,
    0.05378,
    0.04602,
    0.03246,
    0.01804
  ],
  "Groningen": [
    0.00301,
    0.00547,
    0.00964,
    0.0143,
    0.01929,
    0.0236,
    0.03039,
    0.0395,
    0.04736,
    0.0555,
    0.06357,
    0.07293,
    0.08414,
    0.09348,
    0.10346,
    0.11101,
    0.11863,
    0.10472
  ],
  "Utrecht": [
    0.1336,
    0.12749,
    0.11504,
    0.10239,
    0.08924,
    0.07819,
    0.07071,
    0.06247,
    0.0502,
    0.04411,
    0.03542,
    0.02867,
    0.02196,
    0.01714,
    0.01154,
    0.00714,
    0.00353,
    0.00116
  ],
  "Sparta Rotterdam": [
    0.00307,
    0.00648,
    0.00981,
    0.01455,
    0.01923,
    0.02501,
    0.03152,
    0.03776,
    0.04413,
    0.05269,
    0.06375,
    0.07135,
    0.08267,
    0.09314,
    0.10532,
    0.11605,
    0.12097,
    0.1025
  ],
  "Zwolle": [
    0.00026,
    0.0008,
    0.00132,
    0.00253,
    0.00373,
    0.0057,
    0.00767,
    0.01056,
    0.01449,
    0.01864,
    0.02559,
    0.03451,
    0.04621,
    0.06119,
    0.08424,
    0.11955,
    0.18637,
    0.37664
  ],
  "Vitesse": [
    0.04556,
    0.05898,
    0.06392,
    0.07141,
    0.07076,
    0.07157,
    0.07383,
    0.07136,
    0.06967,
    0.06729,
    0.06495,
    0.06167,
    0.05569,
    0.04908,
    0.0408,
    0.03164,
    0.02121,
    0.01061
  ],
  "Willem II": [
    0.10132,
    0.1066,
    0.10191,
    0.09775,
    0.09334,
    0.08355,
    0.07515,
    0.06716,
    0.05645,
    0.05067,
    0.04527,
    0.03594,
    0.02874,
    0.0219,
    0.01563,
    0.0106,
    0.00602,
    0.002
  ],
  "Feyenoord": [
    0.11899,
    0.10763,
    0.09924,
    0.0891,
    0.0832,
    0.08073,
    0.07322,
    0.06763,
    0.05948,
    0.04957,
    0.04268,
    0.03658,
    0.02807,
    0.02353,
    0.01653,
    0.01234,
    0.00812,
    0.00336
  ]
}