{
  "Parma": [
    0.00125,
    0.00386,
    0.00956,
    0.0202,
    0.04376,
    0.09342,
    0.19677,
    0.17663,
    0.13111,
    0.09565,
    0.07039,
    0.04992,
    0.03728,
    0.02529,
    0.01724,
    0.01251,
    0.00781,
    0.00442,
    0.0023,
    0.00063
  ],
  "Juventus": [
    0.43296,
    0.22536,
    0.14198,
    0.09647,
    0.06056,
    0.0305,
    0.00909,
    0.00231,
    0.00054,
    0.00019,
    4e-05,
    0.0,
    0.0,
    0.0,
    0.0,
    0.0,
    0.0,
    0.0,
    0.0,
    0.0
  ],
  "Fiorentina": [
    0.0,
    0.0,
    2e-05,
    7e-05,
    0.00042,
    0.00158,
    0.00752,
    0.01618,
    0.02624,
    0.03963,
    0.05064,
    0.06571,
    0.07806,
    0.09124,
    0.10319,
    0.1108,
    0.1159,
    0.12115,
    0.11146,
    0.06019
  ],
  "Napoli": [
    0.0,
    1e-05,
    3e-05,
    0.00015,
    0.00047,
    0.00176,
    0.00671,
    0.01612,
    0.02736,
    0.03919,
    0.05311,
    0.06733,
    0.08179,
    0.09548,
    0.10783,
    0.11346,
    0.12209,
    0.11907,
    0.10063,
    0.04741
  ],
  "Udinese": [
    0.0,
    0.0,
    0.0,
    0.0,
    0.00011,
    0.00051,
    0.00262,
    0.00604,
    0.01193,
    0.01993,
    0.02883,
    0.04192,
    0.0558,
    0.07383,
    0.08797,
    0.11105,
    0.13694,
    0.15385,
    0.16147,
    0.1072
  ],
  "Milan": [
    0.00013,
    0.00044,
    0.00115,
    0.00392,
    0.01031,
    0.03022,
    0.08248,
    0.11772,
    0.13068,
    0.1282,
    0.11452,
    0.10208,
    0.08228,
    0.06135,
    0.04964,
    0.03545,
    0.02488,
    0.01511,
    0.0072,
    0.00224
  ],
  "Cagliari": [
    0.12199,
    0.16347,
    0.17325,
    0.17516,
    0.16167,
    0.12379,
    0.04983,
    0.01809,
    0.0078,
    0.003,
    0.00112,
    0.00054,
    0.00016,
    9e-05,
    1e-05,
    2e-05,
    1e-05,
    0.0,
    0.0,
    0.0
  ],
  "Brescia": [
    4e-05,
    0.00014,
    0.00063,
    0.00235,
    0.00686,
    0.02135,
    0.06408,
    0.09517,
    0.11248,
    0.11922,
    0.11424,
    0.10077,
    0.08809,
    0.0814,
    0.06571,
    0.04781,
    0.03587,
    0.02434,
    0.01411,
    0.00534
  ],
  "Roma": [
    0.14887,
    0.18322,
    0.18302,
    0.17207,
    0.14656,
    0.10517,
    0.03807,
    0.01399,
    0.00581,
    0.00195,
    0.00077,
    0.00025,
    0.00015,
    6e-05,
    2e-05,
    1e-05,
    1e-05,
    0.0,
    0.0,
    0.0
  ],
  "Genoa": [
    0.0,
    0.0,
    1e-05,
    5e-05,
    0.00013,
    0.00087,
    0.0042,
    0.00881,
    0.01488,
    0.02308,
    0.03223,
    0.04183,
    0.05572,
    0.06664,
    0.08115,
    0.10029,
    0.11951,
    0.14349,
    0.17199,
    0.13512
  ],
  "Sampdoria": [
    0.0,
    0.0,
    0.0,
    0.0,
    1e-05,
    0.0,
    7e-05,
    0.00035,
    0.00072,
    0.00167,
    0.00269,
    0.00496,
    0.00956,
    0.01553,
    0.02453,
    0.03978,
    0.06164,
    0.10601,
    0.19928,
    0.5332
  ],
  "Lazio": [
    0.1144,
    0.16318,
    0.18126,
    0.17972,
    0.16344,
    0.12281,
    0.04768,
    0.01686,
    0.00663,
    0.0026,
    0.00073,
    0.00049,
    0.00015,
    2e-05,
    3e-05,
    0.0,
    0.0,
    0.0,
    0.0,
    0.0
  ],
  "Spal": [
    0.0,
    0.0,
    0.0,
    0.00012,
    0.00061,
    0.00293,
    0.01186,
    0.02494,
    0.04174,
    0.05907,
    0.07599,
    0.09226,
    0.10068,
    0.10768,
    0.10865,
    0.10247,
    0.09452,
    0.08243,
    0.06348,
    0.03057
  ],
  "Atalanta": [
    0.13086,
    0.17233,
    0.17853,
    0.16926,
    0.15122,
    0.11439,
    0.04915,
    0.02005,
    0.00815,
    0.00343,
    0.00164,
    0.00058,
    0.00022,
    0.00015,
    1e-05,
    3e-05,
    0.0,
    0.0,
    0.0,
    0.0
  ],
  "Torino": [
    2e-05,
    7e-05,
    0.00035,
    0.0011,
    0.00384,
    0.01062,
    0.03363,
    0.05981,
    0.08285,
    0.09554,
    0.1058,
    0.10834,
    0.10315,
    0.09577,
    0.08408,
    0.07321,
    0.05979,
    0.04454,
    0.0278,
    0.00969
  ],
  "Sassuolo": [
    0.00072,
    0.00251,
    0.00724,
    0.01644,
    0.03695,
    0.08043,
    0.16758,
    0.16868,
    0.13803,
    0.10479,
    0.08008,
    0.05931,
    0.04434,
    0.03253,
    0.0232,
    0.01595,
    0.01066,
    0.00633,
    0.00325,
    0.00098
  ],
  "Verona": [
    2e-05,
    6e-05,
    0.00016,
    0.00055,
    0.00202,
    0.00685,
    0.02401,
    0.04688,
    0.06635,
    0.08434,
    0.09528,
    0.09907,
    0.10054,
    0.09815,
    0.09535,
    0.08856,
    0.07597,
    0.06133,
    0.03968,
    0.01483
  ],
  "Bologna": [
    0.00011,
    0.00051,
    0.00174,
    0.00493,
    0.01341,
    0.03357,
    0.08873,
    0.12051,
    0.12818,
    0.11754,
    0.10334,
    0.08623,
    0.07272,
    0.06201,
    0.05144,
    0.04259,
    0.03262,
    0.02256,
    0.01279,
    0.00447
  ],
  "Inter": [
    0.04863,
    0.08484,
    0.12104,
    0.1572,
    0.19671,
    0.21563,
    0.10133,
    0.04308,
    0.01798,
    0.008,
    0.00341,
    0.00131,
    0.00064,
    0.00012,
    6e-05,
    2e-05,
    0.0,
    0.0,
    0.0,
    0.0
  ],
  "Lecce": [
    0.0,
    0.0,
    3e-05,
    0.00024,
    0.00094,
    0.0036,
    0.01459,
    0.02778,
    0.04054,
    0.05298,
    0.06515,
    0.0771,
    0.08867,
    0.09266,
    0.09989,
    0.10599,
    0.10178,
    0.09537,
    0.08456,
    0.04813
  ]
}