{
  "Crystal Palace": [
    0.0,
    0.0,
    0.0,
    0.0,
    1e-05,
    5e-05,
    0.00029,
    0.00196,
    0.00743,
    0.02904,
    0.10138,
    0.33636,
    0.21234,
    0.11964,
    0.07409,
    0.05014,
    0.0311,
    0.02066,
    0.01147,
    0.00404
  ],
  "Arsenal": [
    0.74887,
    0.24993,
    0.00119,
    1e-05,
    0.0,
    0.0,
    0.0,
    0.0,
    0.0,
    0.0,
    0.0,
    0.0,
    0.0,
    0.0,
    0.0,
    0.0,
    0.0,
    0.0,
    0.0,
    0.0
  ],
  "Fulham": [
    0.0,
    0.0,
    0.00023,
    0.00567,
    0.02634,
    0.08116,
    0.14707,
    0.21962,
    0.26139,
    0.17369,
    0.07374,
    0.00965,
    0.00126,
    0.00014,
    4e-05,
    0.0,
    0.0,
    0.0,
    0.0,
    0.0
  ],
  "Liverpool": [
    0.0,
    0.0,
    0.00703,
    0.05684,
    0.13774,
    0.23982,
    0.22027,
    0.16595,
    0.10948,
    0.04914,
    0.01307,
    0.00063,
    2e-05,
    1e-05,
    0.0,
    0.0,
    0.0,
    0.0,
    0.0,
    0.0
  ],
  "Bournemouth": [
    0.0,
    0.0,
    0.0,
    0.0,
    0.0,
    0.0,
    0.0,
    0.00012,
    0.00048,
    0.00274,
    0.01584,
    0.09482,
    0.13614,
    0.15635,
    0.14486,
    0.12967,
    0.11358,
    0.0909,
    0.07102,
    0.04348
  ],
  "Aston Villa": [
    0.0,
    0.0,
    3e-05,
    0.00032,
    0.00238,
    0.00996,
    0.02518,
    0.05697,
    0.11491,
    0.24521,
    0.40287,
    0.10238,
    0.02772,
    0.00821,
    0.00284,
    0.0008,
    0.00017,
    4e-05,
    1e-05,
    0.0
  ],
  "Leeds": [
    0.0,
    0.0,
    0.0,
    0.0,
    0.0,
    0.0,
    0.0,
    0.0,
    4e-05,
    0.00019,
    0.00282,
    0.02647,
    0.05329,
    0.08378,
    0.10894,
    0.12849,
    0.14598,
    0.15767,
    0.16615,
    0.12618
  ],
  "Wolves": [
    0.0,
    0.0,
    0.0,
    0.0,
    0.0,
    1e-05,
    3e-05,
    0.00032,
    0.00179,
    0.00873,
    0.04451,
    0.17119,
    0.22108,
    0.18473,
    0.13321,
    0.09433,
    0.06652,
    0.04211,
    0.02386,
    0.00758
  ],
  "Newcastle": [
    1e-05,
    0.00026,
    0.13325,
    0.31399,
    0.29207,
    0.1433,
    0.06902,
    0.03127,
    0.01244,
    0.00369,
    0.0007,
    0.0,
    0.0,
    0.0,
    0.0,
    0.0,
    0.0,
    0.0,
    0.0,
    0.0
  ],
  "Nott'm Forest": [
    0.0,
    0.0,
    0.0,
    0.0,
    0.0,
    0.0,
    1e-05,
    4e-05,
    0.00036,
    0.00347,
    0.0179,
    0.09078,
    0.13792,
    0.14671,
    0.14797,
    0.13631,
    0.11516,
    0.09459,
    0.06995,
    0.03883
  ],
  "Tottenham": [
    0.0,
    0.00015,
    0.12511,
    0.35503,
    0.28546,
    0.13546,
    0.06346,
    0.02555,
    0.00812,
    0.0015,
    0.00016,
    0.0,
    0.0,
    0.0,
    0.0,
    0.0,
    0.0,
    0.0,
    0.0,
    0.0
  ],
  "Southampton": [
    0.0,
    0.0,
    0.0,
    0.0,
    0.0,
    0.0,
    0.0,
    0.0,
    0.0,
    2e-05,
    0.00016,
    0.00316,
    0.01005,
    0.02165,
    0.0375,
    0.05831,
    0.08571,
    0.13139,
    0.20935,
    0.4427
  ],
  "Everton": [
    0.0,
    0.0,
    0.0,
    0.0,
    0.0,
    0.0,
    0.0,
    1e-05,
    0.0,
    0.00021,
    0.00196,
    0.02066,
    0.04824,
    0.07503,
    0.10329,
    0.1293,
    0.15344,
    0.17107,
    0.16929,
    0.1275
  ],
  "Chelsea": [
    0.0,
    0.0,
    5e-05,
    0.00074,
    0.00519,
    0.02061,
    0.0475,
    0.09549,
    0.17889,
    0.31676,
    0.24963,
    0.06689,
    0.01361,
    0.00376,
    0.00064,
    0.00023,
    1e-05,
    0.0,
    0.0,
    0.0
  ],
  "Leicester": [
    0.0,
    0.0,
    0.0,
    0.0,
    0.0,
    0.0,
    1e-05,
    1e-05,
    0.00012,
    0.00082,
    0.00684,
    0.04326,
    0.08113,
    0.10804,
    0.12701,
    0.13371,
    0.13768,
    0.13699,
    0.1303,
    0.09408
  ],
  "Brentford": [
    0.0,
    0.0,
    0.00265,
    0.02295,
    0.06641,
    0.13931,
    0.19168,
    0.22687,
    0.18801,
    0.10738,
    0.04576,
    0.00796,
    0.00083,
    0.00017,
    2e-05,
    0.0,
    0.0,
    0.0,
    0.0,
    0.0
  ],
  "Man United": [
    0.00013,
    0.00747,
    0.7128,
    0.19128,
    0.06584,
    0.01682,
    0.00446,
    0.001,
    0.00018,
    2e-05,
    0.0,
    0.0,
    0.0,
    0.0,
    0.0,
    0.0,
    0.0,
    0.0,
    0.0,
    0.0
  ],
  "Brighton": [
    0.0,
    0.0,
    0.01095,
    0.05306,
    0.11856,
    0.2135,
    0.23102,
    0.17482,
    0.11633,
    0.05716,
    0.02061,
    0.00355,
    0.00038,
    6e-05,
    0.0,
    0.0,
    0.0,
    0.0,
    0.0,
    0.0
  ],
  "West Ham": [
    0.0,
    0.0,
    0.0,
    0.0,
    0.0,
    0.0,
    0.0,
    0.0,
    3e-05,
    0.00023,
    0.00205,
    0.02224,
    0.05599,
    0.09172,
    0.11959,
    0.13871,
    0.15065,
    0.15458,
    0.1486,
    0.11561
  ],
  "Man City": [
    0.25099,
    0.74219,
    0.00671,
    0.00011,
    0.0,
    0.0,
    0.0,
    0.0,
    0.0,
    0.0,
    0.0,
    0.0,
    0.0,
    0.0,
    0.0,
    0.0,
    0.0,
    0.0,
    0.0,
    0.0
  ]
}