{
  "São Paulo / SP": [
    0.0,
    0.0,
    2e-05,
    0.0002,
    0.00091,
    0.00395,
    0.01205,
    0.0294,
    0.05136,
    0.07551,
    0.09601,
    0.10375,
    0.10954,
    0.11134,
    0.11479,
    0.11574,
    0.10855,
    0.05683,
    0.00991,
    0.00014
  ],
  "Sport / PE": [
    0.0,
    0.0,
    0.0,
    0.0,
    0.0,
    0.0,
    0.0,
    0.0,
    0.0,
    0.0,
    0.0,
    0.0,
    0.0,
    1e-05,
    3e-05,
    0.00016,
    0.00078,
    0.00749,
    0.08797,
    0.90356
  ],
  "Cruzeiro / MG": [
    0.26497,
    0.50267,
    0.15036,
    0.05505,
    0.01988,
    0.00542,
    0.00127,
    0.00031,
    7e-05,
    0.0,
    0.0,
    0.0,
    0.0,
    0.0,
    0.0,
    0.0,
    0.0,
    0.0,
    0.0,
    0.0
  ],
  "Mirassol / SP": [
    0.00133,
    0.01055,
    0.05595,
    0.10421,
    0.16064,
    0.22012,
    0.18632,
    0.12219,
    0.06777,
    0.03478,
    0.01788,
    0.00903,
    0.00447,
    0.0027,
    0.00128,
    0.00053,
    0.00022,
    3e-05,
    0.0,
    0.0
  ],
  "Grêmio / RS": [
    0.0,
    0.0,
    6e-05,
    0.00024,
    0.00101,
    0.00381,
    0.01184,
    0.02754,
    0.05336,
    0.07808,
    0.10241,
    0.1154,
    0.12889,
    0.12986,
    0.11451,
    0.10189,
    0.0834,
    0.04171,
    0.00595,
    4e-05
  ],
  "Atlético Mineiro / MG": [
    8e-05,
    0.00132,
    0.0099,
    0.02872,
    0.06287,
    0.12035,
    0.17611,
    0.20119,
    0.15551,
    0.09945,
    0.06001,
    0.03831,
    0.02126,
    0.01262,
    0.00693,
    0.00365,
    0.00134,
    0.00038,
    0.0,
    0.0
  ],
  "Fortaleza / CE": [
    0.0,
    0.0,
    0.0,
    0.0,
    0.0,
    2e-05,
    9e-05,
    0.00043,
    0.00154,
    0.00354,
    0.00673,
    0.01238,
    0.01961,
    0.0304,
    0.05649,
    0.09543,
    0.17777,
    0.42474,
    0.1616,
    0.00923
  ],
  "Fluminense / RJ": [
    0.0,
    0.00033,
    0.00393,
    0.0123,
    0.031,
    0.06484,
    0.11538,
    0.16489,
    0.18044,
    0.13598,
    0.09706,
    0.06923,
    0.04793,
    0.03557,
    0.02158,
    0.01233,
    0.00557,
    0.00154,
    0.0001,
    0.0
  ],
  "Juventude / RS": [
    0.0,
    0.0,
    0.0,
    0.0,
    0.0,
    0.0,
    0.0,
    1e-05,
    1e-05,
    5e-05,
    0.00018,
    0.00044,
    0.00163,
    0.00364,
    0.00786,
    0.01666,
    0.04398,
    0.16136,
    0.67812,
    0.08606
  ],
  "Vitória / BA": [
    0.0,
    0.0,
    1e-05,
    8e-05,
    0.00024,
    0.00144,
    0.00532,
    0.01445,
    0.0299,
    0.05054,
    0.07131,
    0.08731,
    0.10064,
    0.115,
    0.12735,
    0.14121,
    0.15284,
    0.08685,
    0.01517,
    0.00034
  ],
  "Flamengo / RJ": [
    0.68615,
    0.24528,
    0.05098,
    0.01319,
    0.00366,
    0.00062,
    0.00011,
    1e-05,
    0.0,
    0.0,
    0.0,
    0.0,
    0.0,
    0.0,
    0.0,
    0.0,
    0.0,
    0.0,
    0.0,
    0.0
  ],
  "Internacional / RS": [
    0.0,
    0.0,
    7e-05,
    0.00035,
    0.00152,
    0.006,
    0.01604,
    0.03549,
    0.06333,
    0.09069,
    0.10493,
    0.11819,
    0.12298,
    0.11972,
    0.1149,
    0.09499,
    0.07214,
    0.03372,
    0.00492,
    2e-05
  ],
  "Palmeiras / SP": [
    0.0175,
    0.08297,
    0.23663,
    0.25092,
    0.20186,
    0.11553,
    0.05623,
    0.02402,
    0.00915,
    0.00314,
    0.00119,
    0.00059,
    0.00017,
    9e-05,
    1e-05,
    0.0,
    0.0,
    0.0,
    0.0,
    0.0
  ],
  "Botafogo / RJ": [
    0.02095,
    0.0985,
    0.28061,
    0.24944,
    0.17856,
    0.09898,
    0.04534,
    0.01826,
    0.00651,
    0.0021,
    0.00041,
    0.0002,
    0.00011,
    3e-05,
    0.0,
    0.0,
    0.0,
    0.0,
    0.0,
    0.0
  ],
  "Vasco da Gama / RJ": [
    0.0,
    0.0,
    1e-05,
    9e-05,
    0.00041,
    0.00158,
    0.00489,
    0.01243,
    0.02532,
    0.04314,
    0.05942,
    0.07784,
    0.0932,
    0.11245,
    0.13499,
    0.15469,
    0.15793,
    0.09834,
    0.0228,
    0.00047
  ],
  "Santos / SP": [
    0.0,
    0.0,
    2e-05,
    0.00025,
    0.00122,
    0.00474,
    0.01327,
    0.0315,
    0.05842,
    0.086,
    0.10276,
    0.11211,
    0.11581,
    0.11609,
    0.11644,
    0.10928,
    0.08454,
    0.04029,
    0.00718,
    8e-05
  ],
  "Bahia / BA": [
    0.00884,
    0.05537,
    0.19069,
    0.23198,
    0.22302,
    0.14479,
    0.08185,
    0.0383,
    0.0152,
    0.0061,
    0.0021,
    0.00111,
    0.00043,
    0.00013,
    6e-05,
    2e-05,
    1e-05,
    0.0,
    0.0,
    0.0
  ],
  "Corinthians / SP": [
    0.0,
    1e-05,
    0.00023,
    0.00096,
    0.00357,
    0.01159,
    0.02721,
    0.05618,
    0.09357,
    0.12412,
    0.12811,
    0.11811,
    0.10795,
    0.09955,
    0.08807,
    0.07111,
    0.04693,
    0.01978,
    0.00293,
    2e-05
  ],
  "Red Bull Bragantino / SP": [
    0.00018,
    0.003,
    0.02042,
    0.05127,
    0.10712,
    0.18784,
    0.22543,
    0.1767,
    0.10782,
    0.05757,
    0.03012,
    0.01619,
    0.00911,
    0.00414,
    0.00199,
    0.00084,
    0.00022,
    4e-05,
    0.0,
    0.0
  ],
  "Ceará / CE": [
    0.0,
    0.0,
    0.00011,
    0.00075,
    0.00251,
    0.00838,
    0.02125,
    0.0467,
    0.08072,
    0.10921,
    0.11937,
    0.11981,
    0.11627,
    0.10666,
    0.09272,
    0.08147,
    0.06378,
    0.0269,
    0.00335,
    4e-05
  ]
}