{
  "Internacional / RS": [
    0.02741,
    0.04255,
    0.06054,
    0.07197,
    0.08465,
    0.08892,
    0.09799,
    0.10056,
    0.09439,
    0.08872,
    0.07404,
    0.05911,
    0.04257,
    0.02931,
    0.01793,
    0.01067,
    0.0056,
    0.00226,
    0.00068,
    0.00013
  ],
  "Bahia / BA": [
    0.0515,
    0.07694,
    0.09484,
    0.10687,
    0.11168,
    0.11026,
    0.10464,
    0.09091,
    0.07585,
    0.05955,
    0.04412,
    0.0306,
    0.01963,
    0.01131,
    0.00643,
    0.00313,
    0.00119,
    0.00037,
    0.00017,
    1e-05
  ],
  "Criciúma / SC": [
    0.00016,
    0.00056,
    0.00159,
    0.00314,
    0.00527,
    0.00914,
    0.01532,
    0.02329,
    0.03477,
    0.0515,
    0.06809,
    0.09099,
    0.10792,
    0.12363,
    0.12649,
    0.11817,
    0.09814,
    0.06574,
    0.03884,
    0.01725
  ],
  "Juventude / RS": [
    0.0006,
    0.00189,
    0.00421,
    0.00705,
    0.012,
    0.01941,
    0.02974,
    0.04168,
    0.06008,
    0.07908,
    0.1007,
    0.11999,
    0.1264,
    0.11876,
    0.10064,
    0.07689,
    0.05278,
    0.02922,
    0.01402,
    0.00486
  ],
  "Fluminense / RJ": [
    4e-05,
    0.00013,
    0.00025,
    0.0006,
    0.00151,
    0.00291,
    0.00508,
    0.00932,
    0.01584,
    0.02769,
    0.04405,
    0.06456,
    0.09119,
    0.1138,
    0.13565,
    0.14501,
    0.13627,
    0.10409,
    0.06735,
    0.03466
  ],
  "Red Bull Bragantino / SP": [
    0.00994,
    0.02264,
    0.03311,
    0.04847,
    0.06404,
    0.07779,
    0.09393,
    0.1053,
    0.11224,
    0.11183,
    0.10159,
    0.07851,
    0.05758,
    0.03763,
    0.02329,
    0.01219,
    0.00641,
    0.00241,
    0.00091,
    0.00019
  ],
  "São Paulo / SP": [
    0.11635,
    0.13429,
    0.13141,
    0.12288,
    0.11201,
    0.0979,
    0.08126,
    0.06571,
    0.0512,
    0.03655,
    0.02304,
    0.01371,
    0.00704,
    0.00373,
    0.00187,
    0.00059,
    0.00036,
    5e-05,
    5e-05,
    0.0
  ],
  "Fortaleza / CE": [
    0.0898,
    0.10924,
    0.11678,
    0.11908,
    0.1143,
    0.10415,
    0.09093,
    0.0777,
    0.05984,
    0.04426,
    0.03046,
    0.01949,
    0.01161,
    0.00686,
    0.00317,
    0.00138,
    0.00067,
    0.00021,
    6e-05,
    1e-05
  ],
  "Vasco da Gama / RJ": [
    0.0,
    0.0,
    0.0,
    2e-05,
    4e-05,
    5e-05,
    0.00014,
    0.00033,
    0.00072,
    0.00187,
    0.0042,
    0.00782,
    0.01676,
    0.03073,
    0.05211,
    0.08403,
    0.13398,
    0.2045,
    0.23724,
    0.22546
  ],
  "Grêmio / RS": [
    0.00024,
    0.0008,
    0.00149,
    0.00337,
    0.00526,
    0.009,
    0.01371,
    0.02112,
    0.03164,
    0.04593,
    0.06429,
    0.08629,
    0.10822,
    0.12059,
    0.12949,
    0.12522,
    0.10541,
    0.07027,
    0.03988,
    0.01778
  ],
  "Corinthians / SP": [
    0.00017,
    0.00079,
    0.00179,
    0.00382,
    0.00692,
    0.01184,
    0.01966,
    0.03022,
    0.04346,
    0.06144,
    0.09165,
    0.11575,
    0.12895,
    0.12909,
    0.1164,
    0.09618,
    0.06967,
    0.04177,
    0.02237,
    0.00806
  ],
  "Atlético Mineiro / MG": [
    0.11833,
    0.12818,
    0.13246,
    0.12558,
    0.1126,
    0.09839,
    0.08099,
    0.06333,
    0.05079,
    0.03803,
    0.02355,
    0.01322,
    0.00786,
    0.00398,
    0.00167,
    0.00082,
    0.0002,
    2e-05,
    0.0,
    0.0
  ],
  "Athletico Paranaense / PR": [
    0.02661,
    0.04562,
    0.06256,
    0.07647,
    0.08885,
    0.10029,
    0.10528,
    0.10606,
    0.10197,
    0.09044,
    0.07087,
    0.05135,
    0.03381,
    0.02009,
    0.01063,
    0.00559,
    0.00247,
    0.0008,
    0.00021,
    3e-05
  ],
  "Cuiabá / MT": [
    0.0,
    0.0,
    0.0,
    0.0,
    1e-05,
    3e-05,
    0.0001,
    0.00022,
    0.00074,
    0.00154,
    0.00379,
    0.0071,
    0.01449,
    0.0263,
    0.04503,
    0.07696,
    0.12137,
    0.18853,
    0.2432,
    0.27059
  ],
  "Atlético Goianiense / GO": [
    0.0,
    9e-05,
    0.00023,
    0.0005,
    0.00113,
    0.00234,
    0.00433,
    0.008,
    0.01374,
    0.02332,
    0.03622,
    0.05468,
    0.07888,
    0.10573,
    0.12973,
    0.14787,
    0.1489,
    0.11985,
    0.08053,
    0.04393
  ],
  "Flamengo / RJ": [
    0.24603,
    0.19639,
    0.15088,
    0.11579,
    0.08502,
    0.06687,
    0.04756,
    0.03429,
    0.0232,
    0.01531,
    0.00925,
    0.00511,
    0.00243,
    0.00115,
    0.00057,
    9e-05,
    6e-05,
    0.0,
    0.0,
    0.0
  ],
  "Cruzeiro / MG": [
    0.01171,
    0.02411,
    0.03739,
    0.05138,
    0.06607,
    0.08131,
    0.09324,
    0.102,
    0.10537,
    0.10211,
    0.09328,
    0.07841,
    0.05749,
    0.04217,
    0.02623,
    0.01556,
    0.00829,
    0.00288,
    0.00084,
    0.00016
  ],
  "Botafogo / RJ": [
    0.29398,
    0.20071,
    0.14458,
    0.10668,
    0.08079,
    0.05841,
    0.04069,
    0.0284,
    0.01912,
    0.0117,
    0.00738,
    0.00406,
    0.002,
    0.00093,
    0.00036,
    0.00016,
    3e-05,
    1e-05,
    1e-05,
    0.0
  ],
  "Vitória / BA": [
    0.0,
    0.0,
    0.0,
    0.0,
    1e-05,
    1e-05,
    5e-05,
    9e-05,
    0.00026,
    0.00058,
    0.00156,
    0.00436,
    0.00858,
    0.01651,
    0.03151,
    0.05378,
    0.09426,
    0.16058,
    0.25149,
    0.37637
  ],
  "Palmeiras / SP": [
    0.00713,
    0.01507,
    0.02589,
    0.03633,
    0.04784,
    0.06098,
    0.07536,
    0.09147,
    0.10478,
    0.10855,
    0.10787,
    0.09489,
    0.07659,
    0.0577,
    0.0408,
    0.02571,
    0.01394,
    0.00644,
    0.00215,
    0.00051
  ]
}