{
  "Go Ahead Eagles": [
    0.0,
    0.0,
    0.0,
    0.0,
    0.0,
    0.00244,
    0.0205,
    0.14937,
    0.30297,
    0.23048,
    0.16831,
    0.08674,
    0.03348,
    0.00556,
    0.00015,
    0.0,
    0.0,
    0.0
  ],
  "Heerenveen": [
    0.0,
    0.0,
    0.0,
    0.0,
    0.0,
    1e-05,
    0.00057,
    0.01001,
    0.03254,
    0.06905,
    0.11521,
    0.20124,
    0.30235,
    0.21727,
    0.04777,
    0.00387,
    0.00011,
    0.0
  ],
  "Waalwijk": [
    0.0,
    0.0,
    0.0,
    0.0,
    0.0,
    0.0,
    3e-05,
    0.00175,
    0.00724,
    0.02434,
    0.05551,
    0.13117,
    0.22535,
    0.37188,
    0.14479,
    0.03219,
    0.00531,
    0.00044
  ],
  "AZ Alkmaar": [
    0.0,
    0.0009,
    0.1585,
    0.3555,
    0.48367,
    0.00143,
    0.0,
    0.0,
    0.0,
    0.0,
    0.0,
    0.0,
    0.0,
    0.0,
    0.0,
    0.0,
    0.0,
    0.0
  ],
  "Heracles": [
    0.0,
    0.0,
    0.0,
    0.0,
    0.0,
    4e-05,
    0.00027,
    0.00872,
    0.03004,
    0.06841,
    0.13766,
    0.2816,
    0.24616,
    0.16303,
    0.05473,
    0.00844,
    0.00087,
    3e-05
  ],
  "PSV Eindhoven": [
    0.09689,
    0.88336,
    0.01859,
    0.00112,
    4e-05,
    0.0,
    0.0,
    0.0,
    0.0,
    0.0,
    0.0,
    0.0,
    0.0,
    0.0,
    0.0,
    0.0,
    0.0,
    0.0
  ],
  "For Sittard": [
    0.0,
    0.0,
    0.0,
    0.0,
    0.0,
    0.0,
    0.0,
    0.0,
    0.0,
    0.00011,
    0.00037,
    0.00262,
    0.01083,
    0.04773,
    0.19709,
    0.31274,
    0.31495,
    0.11356
  ],
  "Twente": [
    0.0,
    0.00253,
    0.27194,
    0.37433,
    0.35072,
    0.00048,
    0.0,
    0.0,
    0.0,
    0.0,
    0.0,
    0.0,
    0.0,
    0.0,
    0.0,
    0.0,
    0.0,
    0.0
  ],
  "Ajax": [
    0.90294,
    0.09664,
    0.0004,
    2e-05,
    0.0,
    0.0,
    0.0,
    0.0,
    0.0,
    0.0,
    0.0,
    0.0,
    0.0,
    0.0,
    0.0,
    0.0,
    0.0,
    0.0
  ],
  "Nijmegen": [
    0.0,
    0.0,
    0.0,
    0.0,
    0.0,
    0.00165,
    0.01447,
    0.08355,
    0.22599,
    0.25677,
    0.25026,
    0.11936,
    0.04115,
    0.00654,
    0.00026,
    0.0,
    0.0,
    0.0
  ],
  "Cambuur": [
    0.0,
    0.0,
    0.0,
    0.0,
    0.0,
    0.00107,
    0.00856,
    0.08064,
    0.17205,
    0.25666,
    0.22631,
    0.14091,
    0.08075,
    0.03002,
    0.00297,
    6e-05,
    0.0,
    0.0
  ],
  "Groningen": [
    0.0,
    0.0,
    0.0,
    0.0,
    0.0,
    0.02514,
    0.12216,
    0.50367,
    0.19946,
    0.08803,
    0.03996,
    0.01535,
    0.00531,
    0.00089,
    3e-05,
    0.0,
    0.0,
    0.0
  ],
  "Utrecht": [
    0.0,
    0.0,
    0.0,
    0.0,
    1e-05,
    0.2563,
    0.60148,
    0.11712,
    0.02151,
    0.00327,
    0.00029,
    2e-05,
    0.0,
    0.0,
    0.0,
    0.0,
    0.0,
    0.0
  ],
  "Sparta Rotterdam": [
    0.0,
    0.0,
    0.0,
    0.0,
    0.0,
    0.0,
    0.0,
    7e-05,
    0.00034,
    0.00151,
    0.00573,
    0.0198,
    0.0497,
    0.13025,
    0.39512,
    0.21704,
    0.12405,
    0.05639
  ],
  "Zwolle": [
    0.0,
    0.0,
    0.0,
    0.0,
    0.0,
    0.0,
    0.0,
    0.0,
    0.0,
    0.0,
    0.0,
    3e-05,
    0.00034,
    0.00415,
    0.03151,
    0.08999,
    0.18613,
    0.68785
  ],
  "Vitesse": [
    0.0,
    0.0,
    0.0,
    1e-05,
    0.00191,
    0.71142,
    0.23196,
    0.0451,
    0.00786,
    0.00137,
    0.00032,
    5e-05,
    0.0,
    0.0,
    0.0,
    0.0,
    0.0,
    0.0
  ],
  "Willem II": [
    0.0,
    0.0,
    0.0,
    0.0,
    0.0,
    0.0,
    0.0,
    0.0,
    0.0,
    0.0,
    7e-05,
    0.00111,
    0.00458,
    0.02268,
    0.12558,
    0.33567,
    0.36858,
    0.14173
  ],
  "Feyenoord": [
    0.00017,
    0.01657,
    0.55057,
    0.26902,
    0.16365,
    2e-05,
    0.0,
    0.0,
    0.0,
    0.0,
    0.0,
    0.0,
    0.0,
    0.0,
    0.0,
    0.0,
    0.0,
    0.0
  ]
}