{
  "Ath Bilbao": [
    0.01855,
    0.03516,
    0.04708,
    0.05948,
    0.0696,
    0.08009,
    0.08519,
    0.08953,
    0.09127,
    0.087,
    0.08171,
    0.06878,
    0.05765,
    0.04644,
    0.03256,
    0.02214,
    0.01443,
    0.00833,
    0.00387,
    0.00114
  ],
  "Barcelona": [
    0.2191,
    0.18025,
    0.14079,
    0.10894,
    0.08366,
    0.06666,
    0.05387,
    0.04175,
    0.03043,
    0.02338,
    0.01699,
    0.01247,
    0.0088,
    0.00565,
    0.00355,
    0.00204,
    0.001,
    0.00041,
    0.00018,
    8e-05
  ],
  "Celta": [
    0.01381,
    0.02455,
    0.0367,
    0.04751,
    0.05794,
    0.06557,
    0.06994,
    0.07745,
    0.08055,
    0.08186,
    0.08204,
    0.07762,
    0.0702,
    0.06182,
    0.05008,
    0.04021,
    0.02826,
    0.01818,
    0.01098,
    0.00473
  ],
  "Real Madrid": [
    0.06841,
    0.08601,
    0.09361,
    0.09499,
    0.09525,
    0.08997,
    0.08481,
    0.07639,
    0.06766,
    0.05874,
    0.05019,
    0.04057,
    0.03138,
    0.02319,
    0.01619,
    0.01055,
    0.00656,
    0.00338,
    0.0016,
    0.00055
  ],
  "Valencia": [
    0.0052,
    0.01095,
    0.01759,
    0.02587,
    0.03359,
    0.04188,
    0.05052,
    0.05905,
    0.06799,
    0.07776,
    0.08359,
    0.08786,
    0.08686,
    0.08343,
    0.0734,
    0.06467,
    0.05094,
    0.03806,
    0.02642,
    0.01437
  ],
  "Sociedad": [
    0.0654,
    0.08974,
    0.10229,
    0.10476,
    0.10284,
    0.09934,
    0.09058,
    0.07867,
    0.06777,
    0.05691,
    0.04427,
    0.03342,
    0.02289,
    0.01713,
    0.01095,
    0.00659,
    0.00378,
    0.00176,
    0.00073,
    0.00018
  ],
  "Mallorca": [
    2e-05,
    1e-05,
    0.00013,
    0.00026,
    0.00071,
    0.0011,
    0.00226,
    0.00381,
    0.00572,
    0.00963,
    0.01453,
    0.02116,
    0.02982,
    0.04277,
    0.06249,
    0.08159,
    0.10678,
    0.14081,
    0.19004,
    0.28636
  ],
  "Eibar": [
    0.14108,
    0.13937,
    0.12921,
    0.1148,
    0.09716,
    0.08328,
    0.06956,
    0.05833,
    0.04837,
    0.03689,
    0.02632,
    0.01924,
    0.01353,
    0.00986,
    0.00631,
    0.00349,
    0.00195,
    0.00075,
    0.00041,
    9e-05
  ],
  "Leganes": [
    0.00021,
    0.00077,
    0.00194,
    0.00279,
    0.00495,
    0.00762,
    0.01153,
    0.01706,
    0.02466,
    0.0348,
    0.04171,
    0.05474,
    0.07122,
    0.0857,
    0.10015,
    0.1105,
    0.11637,
    0.11368,
    0.10595,
    0.09365
  ],
  "Osasuna": [
    0.00031,
    0.00123,
    0.00225,
    0.00424,
    0.00648,
    0.00938,
    0.01383,
    0.01991,
    0.02597,
    0.035,
    0.04633,
    0.05825,
    0.07544,
    0.09041,
    0.10145,
    0.1143,
    0.11782,
    0.11108,
    0.09649,
    0.06983
  ],
  "Villarreal": [
    0.28523,
    0.18547,
    0.13532,
    0.101,
    0.07573,
    0.05853,
    0.04461,
    0.03386,
    0.02571,
    0.01841,
    0.01391,
    0.00931,
    0.00595,
    0.0034,
    0.00193,
    0.00089,
    0.00042,
    0.00022,
    0.0001,
    0.0
  ],
  "Granada": [
    0.00011,
    0.00038,
    0.00092,
    0.00181,
    0.00317,
    0.00486,
    0.00813,
    0.01094,
    0.01477,
    0.02281,
    0.03339,
    0.04529,
    0.0597,
    0.07801,
    0.09826,
    0.11329,
    0.12822,
    0.13285,
    0.13188,
    0.11121
  ],
  "Alaves": [
    2e-05,
    6e-05,
    0.00014,
    0.00033,
    0.0007,
    0.00131,
    0.00236,
    0.00413,
    0.00637,
    0.0108,
    0.01675,
    0.02492,
    0.03532,
    0.04944,
    0.06986,
    0.09377,
    0.12301,
    0.15617,
    0.19112,
    0.21342
  ],
  "Levante": [
    2e-05,
    0.00016,
    0.00032,
    0.00081,
    0.00133,
    0.00231,
    0.00407,
    0.00689,
    0.01043,
    0.0162,
    0.02437,
    0.03439,
    0.04805,
    0.06301,
    0.08248,
    0.10322,
    0.12689,
    0.14808,
    0.16237,
    0.1646
  ],
  "Espanol": [
    0.01072,
    0.02136,
    0.03239,
    0.04364,
    0.05474,
    0.06227,
    0.07315,
    0.0807,
    0.08684,
    0.08883,
    0.08656,
    0.08084,
    0.07212,
    0.06114,
    0.04914,
    0.0377,
    0.0262,
    0.01791,
    0.00937,
    0.00438
  ],
  "Sevilla": [
    0.00416,
    0.00994,
    0.01495,
    0.0223,
    0.03021,
    0.03874,
    0.04659,
    0.05545,
    0.06469,
    0.07469,
    0.08251,
    0.08739,
    0.09045,
    0.08707,
    0.08059,
    0.06888,
    0.05448,
    0.04228,
    0.02899,
    0.01564
  ],
  "Betis": [
    0.01254,
    0.0223,
    0.03438,
    0.04328,
    0.05401,
    0.06128,
    0.06666,
    0.07156,
    0.07649,
    0.07954,
    0.07929,
    0.08016,
    0.07614,
    0.06571,
    0.05565,
    0.04497,
    0.03232,
    0.02342,
    0.01336,
    0.00694
  ],
  "Valladolid": [
    0.00619,
    0.01293,
    0.02075,
    0.02906,
    0.03666,
    0.04436,
    0.05344,
    0.05992,
    0.06713,
    0.07415,
    0.08248,
    0.08574,
    0.08652,
    0.08339,
    0.07518,
    0.06315,
    0.04904,
    0.03571,
    0.02245,
    0.01175
  ],
  "Ath Madrid": [
    0.06581,
    0.08465,
    0.09319,
    0.09921,
    0.10017,
    0.09486,
    0.09005,
    0.08294,
    0.07245,
    0.05703,
    0.045,
    0.03853,
    0.02758,
    0.01976,
    0.01349,
    0.00713,
    0.00454,
    0.00243,
    0.00103,
    0.00015
  ],
  "Getafe": [
    0.08311,
    0.09471,
    0.09605,
    0.09492,
    0.0911,
    0.08659,
    0.07885,
    0.07166,
    0.06473,
    0.05557,
    0.04806,
    0.03932,
    0.03038,
    0.02267,
    0.01629,
    0.01092,
    0.00699,
    0.00449,
    0.00266,
    0.00093
  ]
}