{
  "Valencia": [
    0.0,
    0.0,
    0.0,
    0.0,
    2e-05,
    0.00169,
    0.04758,
    0.11816,
    0.17844,
    0.28296,
    0.17472,
    0.12196,
    0.05308,
    0.01765,
    0.00333,
    0.00039,
    2e-05,
    0.0,
    0.0,
    0.0
  ],
  "Getafe": [
    0.0,
    0.0,
    0.0,
    0.0,
    0.0,
    0.0,
    0.0,
    1e-05,
    0.00056,
    0.00455,
    0.01457,
    0.03695,
    0.0817,
    0.13129,
    0.18997,
    0.19704,
    0.17712,
    0.11799,
    0.04195,
    0.0063
  ],
  "Cadiz": [
    0.0,
    0.0,
    0.0,
    0.0,
    0.0,
    0.0,
    0.0,
    0.0,
    0.00011,
    0.00152,
    0.00559,
    0.01804,
    0.0517,
    0.10188,
    0.17118,
    0.19881,
    0.20223,
    0.15401,
    0.07604,
    0.01889
  ],
  "Levante": [
    0.0,
    0.0,
    0.0,
    0.0,
    0.0,
    0.0,
    0.0,
    0.0,
    0.0,
    0.0,
    0.0,
    4e-05,
    0.00063,
    0.00325,
    0.01107,
    0.02914,
    0.06186,
    0.13741,
    0.3455,
    0.4111
  ],
  "Mallorca": [
    0.0,
    0.0,
    0.0,
    0.0,
    0.0,
    0.0,
    0.0,
    0.0,
    1e-05,
    0.00023,
    0.00201,
    0.0091,
    0.03407,
    0.08317,
    0.16847,
    0.21004,
    0.21708,
    0.19162,
    0.0733,
    0.0109
  ],
  "Betis": [
    1e-05,
    0.07275,
    0.13415,
    0.21804,
    0.33903,
    0.21498,
    0.01982,
    0.0012,
    2e-05,
    0.0,
    0.0,
    0.0,
    0.0,
    0.0,
    0.0,
    0.0,
    0.0,
    0.0,
    0.0,
    0.0
  ],
  "Alaves": [
    0.0,
    0.0,
    0.0,
    0.0,
    0.0,
    0.0,
    0.0,
    0.0,
    0.0,
    0.0,
    0.0,
    0.0,
    3e-05,
    0.00042,
    0.00488,
    0.01704,
    0.04526,
    0.11607,
    0.30905,
    0.50725
  ],
  "Real Madrid": [
    0.99859,
    0.00139,
    2e-05,
    0.0,
    0.0,
    0.0,
    0.0,
    0.0,
    0.0,
    0.0,
    0.0,
    0.0,
    0.0,
    0.0,
    0.0,
    0.0,
    0.0,
    0.0,
    0.0,
    0.0
  ],
  "Osasuna": [
    0.0,
    0.0,
    0.0,
    1e-05,
    0.00031,
    0.00554,
    0.10063,
    0.23127,
    0.3504,
    0.16791,
    0.0905,
    0.03973,
    0.01145,
    0.00205,
    0.0002,
    0.0,
    0.0,
    0.0,
    0.0,
    0.0
  ],
  "Espanol": [
    0.0,
    0.0,
    0.0,
    0.0,
    0.0,
    4e-05,
    0.00458,
    0.02846,
    0.07308,
    0.16409,
    0.21015,
    0.22371,
    0.15612,
    0.08761,
    0.03514,
    0.013,
    0.00348,
    0.0005,
    4e-05,
    0.0
  ],
  "Celta": [
    0.0,
    0.0,
    0.0,
    0.0,
    0.0,
    2e-05,
    0.00234,
    0.01923,
    0.07393,
    0.14557,
    0.28949,
    0.22783,
    0.13959,
    0.06841,
    0.02474,
    0.00735,
    0.0014,
    0.0001,
    0.0,
    0.0
  ],
  "Ath Madrid": [
    0.00025,
    0.22419,
    0.27157,
    0.25775,
    0.16292,
    0.07941,
    0.00381,
    0.0001,
    0.0,
    0.0,
    0.0,
    0.0,
    0.0,
    0.0,
    0.0,
    0.0,
    0.0,
    0.0,
    0.0,
    0.0
  ],
  "Barcelona": [
    0.00104,
    0.42513,
    0.26819,
    0.16263,
    0.09628,
    0.04369,
    0.00303,
    1e-05,
    0.0,
    0.0,
    0.0,
    0.0,
    0.0,
    0.0,
    0.0,
    0.0,
    0.0,
    0.0,
    0.0,
    0.0
  ],
  "Sociedad": [
    0.0,
    0.01921,
    0.05063,
    0.10797,
    0.2174,
    0.47674,
    0.11475,
    0.01271,
    0.00059,
    0.0,
    0.0,
    0.0,
    0.0,
    0.0,
    0.0,
    0.0,
    0.0,
    0.0,
    0.0,
    0.0
  ],
  "Sevilla": [
    0.00011,
    0.25725,
    0.27436,
    0.24835,
    0.1615,
    0.05451,
    0.00382,
    0.0001,
    0.0,
    0.0,
    0.0,
    0.0,
    0.0,
    0.0,
    0.0,
    0.0,
    0.0,
    0.0,
    0.0,
    0.0
  ],
  "Vallecano": [
    0.0,
    0.0,
    0.0,
    0.0,
    0.0,
    0.0,
    0.00011,
    0.00139,
    0.00752,
    0.02799,
    0.07637,
    0.14711,
    0.2151,
    0.23305,
    0.14099,
    0.08388,
    0.04501,
    0.01735,
    0.00396,
    0.00017
  ],
  "Villarreal": [
    0.0,
    8e-05,
    0.00108,
    0.00522,
    0.02139,
    0.1112,
    0.52719,
    0.22008,
    0.08259,
    0.02611,
    0.00452,
    0.00053,
    1e-05,
    0.0,
    0.0,
    0.0,
    0.0,
    0.0,
    0.0,
    0.0
  ],
  "Granada": [
    0.0,
    0.0,
    0.0,
    0.0,
    0.0,
    0.0,
    0.0,
    0.0,
    0.0,
    8e-05,
    0.00107,
    0.00503,
    0.01754,
    0.04842,
    0.11333,
    0.16328,
    0.20585,
    0.25142,
    0.14862,
    0.04536
  ],
  "Elche": [
    0.0,
    0.0,
    0.0,
    0.0,
    0.0,
    0.0,
    5e-05,
    0.00103,
    0.00921,
    0.03042,
    0.07845,
    0.15157,
    0.23462,
    0.22215,
    0.13668,
    0.08003,
    0.04069,
    0.01353,
    0.00154,
    3e-05
  ],
  "Ath Bilbao": [
    0.0,
    0.0,
    0.0,
    3e-05,
    0.00115,
    0.01218,
    0.17229,
    0.36625,
    0.22354,
    0.14857,
    0.05256,
    0.0184,
    0.00436,
    0.00065,
    2e-05,
    0.0,
    0.0,
    0.0,
    0.0,
    0.0
  ]
}