{
  "Le Havre": [
    0.0,
    0.0,
    0.0,
    0.0,
    0.0,
    0.0,
    0.0,
    0.0,
    0.0,
    0.00013,
    0.00038,
    0.00105,
    0.00315,
    0.00867,
    0.02426,
    0.07597,
    0.23835,
    0.64804
  ],
  "Paris SG": [
    0.99053,
    0.00912,
    0.00031,
    4e-05,
    0.0,
    0.0,
    0.0,
    0.0,
    0.0,
    0.0,
    0.0,
    0.0,
    0.0,
    0.0,
    0.0,
    0.0,
    0.0,
    0.0
  ],
  "Brest": [
    0.0,
    0.00028,
    0.00198,
    0.00661,
    0.01889,
    0.04757,
    0.10835,
    0.19692,
    0.21292,
    0.17778,
    0.10703,
    0.06155,
    0.03552,
    0.0162,
    0.00644,
    0.00172,
    0.00024,
    0.0
  ],
  "Marseille": [
    0.00876,
    0.68962,
    0.18311,
    0.0741,
    0.03094,
    0.01073,
    0.00235,
    0.00033,
    6e-05,
    0.0,
    0.0,
    0.0,
    0.0,
    0.0,
    0.0,
    0.0,
    0.0,
    0.0
  ],
  "Reims": [
    0.0,
    0.0,
    2e-05,
    5e-05,
    0.00034,
    0.00174,
    0.00728,
    0.02526,
    0.05517,
    0.10088,
    0.15431,
    0.17465,
    0.15848,
    0.14105,
    0.10685,
    0.05749,
    0.01507,
    0.00136
  ],
  "Lille": [
    0.00014,
    0.08429,
    0.21766,
    0.23631,
    0.21161,
    0.14632,
    0.06982,
    0.02401,
    0.00739,
    0.00197,
    0.00037,
    0.0001,
    1e-05,
    0.0,
    0.0,
    0.0,
    0.0,
    0.0
  ],
  "Monaco": [
    0.00044,
    0.11421,
    0.25798,
    0.22731,
    0.18652,
    0.12635,
    0.05958,
    0.02029,
    0.00568,
    0.00129,
    0.00031,
    3e-05,
    1e-05,
    0.0,
    0.0,
    0.0,
    0.0,
    0.0
  ],
  "St Etienne": [
    0.0,
    0.0,
    0.0,
    0.0,
    0.0,
    0.0,
    0.00012,
    0.00067,
    0.00243,
    0.00638,
    0.01502,
    0.03548,
    0.06781,
    0.117,
    0.19743,
    0.30561,
    0.1881,
    0.06395
  ],
  "Auxerre": [
    0.0,
    0.0,
    0.0,
    9e-05,
    0.00064,
    0.00253,
    0.01126,
    0.03395,
    0.06838,
    0.11839,
    0.1655,
    0.17633,
    0.16318,
    0.13396,
    0.07981,
    0.03451,
    0.00968,
    0.00179
  ],
  "Nice": [
    0.00013,
    0.06883,
    0.20794,
    0.23016,
    0.21009,
    0.15863,
    0.08025,
    0.03002,
    0.01036,
    0.00274,
    0.00067,
    0.00015,
    2e-05,
    1e-05,
    0.0,
    0.0,
    0.0,
    0.0
  ],
  "Angers": [
    0.0,
    0.0,
    2e-05,
    0.0001,
    0.00036,
    0.0016,
    0.00752,
    0.02426,
    0.05427,
    0.10004,
    0.15484,
    0.17078,
    0.16805,
    0.14109,
    0.10491,
    0.05727,
    0.01377,
    0.00112
  ],
  "Lens": [
    0.0,
    0.02969,
    0.10071,
    0.15496,
    0.19821,
    0.22921,
    0.15928,
    0.07806,
    0.03315,
    0.01218,
    0.00333,
    0.00096,
    0.00025,
    1e-05,
    0.0,
    0.0,
    0.0,
    0.0
  ],
  "Montpellier": [
    0.0,
    0.0,
    0.0,
    0.0,
    0.0,
    0.0,
    1e-05,
    8e-05,
    0.00021,
    0.00107,
    0.00318,
    0.00734,
    0.01703,
    0.03413,
    0.07635,
    0.17695,
    0.4229,
    0.26075
  ],
  "Strasbourg": [
    0.0,
    0.00014,
    0.00266,
    0.00846,
    0.02404,
    0.05973,
    0.13135,
    0.21832,
    0.21455,
    0.15548,
    0.08802,
    0.05063,
    0.02687,
    0.0132,
    0.00501,
    0.00141,
    0.00011,
    2e-05
  ],
  "Toulouse": [
    0.0,
    3e-05,
    0.00061,
    0.00252,
    0.00882,
    0.02595,
    0.07272,
    0.1576,
    0.20053,
    0.18877,
    0.13251,
    0.09257,
    0.06115,
    0.03451,
    0.0161,
    0.00496,
    0.0006,
    5e-05
  ],
  "Nantes": [
    0.0,
    0.0,
    0.0,
    1e-05,
    0.00013,
    0.0007,
    0.00395,
    0.01547,
    0.0376,
    0.06596,
    0.10086,
    0.12851,
    0.15843,
    0.1784,
    0.16615,
    0.10082,
    0.03671,
    0.0063
  ],
  "Rennes": [
    0.0,
    0.0,
    0.0,
    0.0,
    2e-05,
    0.00014,
    0.00059,
    0.00315,
    0.01034,
    0.02516,
    0.05717,
    0.0935,
    0.13789,
    0.18107,
    0.2166,
    0.18328,
    0.07447,
    0.01662
  ],
  "Lyon": [
    0.0,
    0.00379,
    0.027,
    0.05928,
    0.10939,
    0.1888,
    0.28557,
    0.17161,
    0.08696,
    0.04178,
    0.0165,
    0.00637,
    0.00215,
    0.0007,
    9e-05,
    1e-05,
    0.0,
    0.0
  ]
}