{
  "Volendam": [
    0.0,
    0.0,
    0.0,
    0.0,
    0.0,
    0.0,
    0.0,
    0.0,
    0.0,
    1e-05,
    4e-05,
    0.00021,
    0.00046,
    0.00269,
    0.01626,
    0.09238,
    0.36116,
    0.52679
  ],
  "Vitesse": [
    0.0,
    0.0,
    0.0,
    0.0,
    0.0,
    0.0,
    0.0,
    0.0,
    1e-05,
    3e-05,
    8e-05,
    0.00029,
    0.00095,
    0.00374,
    0.02109,
    0.10887,
    0.43912,
    0.42582
  ],
  "PSV Eindhoven": [
    0.99659,
    0.00341,
    0.0,
    0.0,
    0.0,
    0.0,
    0.0,
    0.0,
    0.0,
    0.0,
    0.0,
    0.0,
    0.0,
    0.0,
    0.0,
    0.0,
    0.0,
    0.0
  ],
  "Utrecht": [
    0.0,
    0.0,
    0.0,
    4e-05,
    0.00066,
    0.01038,
    0.03305,
    0.09363,
    0.12833,
    0.16446,
    0.16196,
    0.14442,
    0.12202,
    0.08944,
    0.04138,
    0.00977,
    0.00044,
    2e-05
  ],
  "Heerenveen": [
    0.0,
    0.0,
    0.0,
    0.0,
    0.00026,
    0.00509,
    0.01932,
    0.06266,
    0.09983,
    0.14806,
    0.16632,
    0.1619,
    0.14465,
    0.11474,
    0.05885,
    0.01712,
    0.00115,
    5e-05
  ],
  "Waalwijk": [
    0.0,
    0.0,
    0.0,
    0.0,
    0.0,
    0.0,
    4e-05,
    0.00026,
    0.00087,
    0.00284,
    0.00681,
    0.0157,
    0.03314,
    0.0721,
    0.19776,
    0.47536,
    0.1533,
    0.04182
  ],
  "Ajax": [
    0.0,
    0.00064,
    0.04507,
    0.25207,
    0.50981,
    0.13392,
    0.04603,
    0.00947,
    0.00245,
    0.00042,
    0.0001,
    0.0,
    2e-05,
    0.0,
    0.0,
    0.0,
    0.0,
    0.0
  ],
  "Heracles": [
    0.0,
    0.0,
    0.0,
    0.0,
    0.0,
    5e-05,
    0.00031,
    0.00201,
    0.00641,
    0.01654,
    0.03319,
    0.05877,
    0.09742,
    0.16799,
    0.36285,
    0.20997,
    0.03922,
    0.00527
  ],
  "Zwolle": [
    0.0,
    0.0,
    2e-05,
    0.00028,
    0.00626,
    0.05747,
    0.13034,
    0.23999,
    0.22743,
    0.14487,
    0.08787,
    0.05429,
    0.03182,
    0.01513,
    0.00367,
    0.00055,
    1e-05,
    0.0
  ],
  "Sparta Rotterdam": [
    0.0,
    0.0,
    1e-05,
    0.00032,
    0.00529,
    0.04266,
    0.11311,
    0.23019,
    0.23163,
    0.15952,
    0.09837,
    0.06012,
    0.03519,
    0.01821,
    0.00494,
    0.00044,
    0.0,
    0.0
  ],
  "Nijmegen": [
    0.0,
    0.0,
    0.00064,
    0.01708,
    0.10119,
    0.36194,
    0.30736,
    0.12238,
    0.05552,
    0.02146,
    0.00808,
    0.00298,
    0.00095,
    0.0004,
    1e-05,
    1e-05,
    0.0,
    0.0
  ],
  "Excelsior": [
    0.0,
    0.0,
    0.0,
    0.0,
    0.00013,
    0.00296,
    0.01223,
    0.04321,
    0.07665,
    0.12525,
    0.15671,
    0.16987,
    0.16554,
    0.14216,
    0.08001,
    0.0233,
    0.00188,
    0.0001
  ],
  "AZ Alkmaar": [
    0.0,
    0.00181,
    0.15093,
    0.55021,
    0.24545,
    0.04147,
    0.00891,
    0.00107,
    0.00015,
    0.0,
    0.0,
    0.0,
    0.0,
    0.0,
    0.0,
    0.0,
    0.0,
    0.0
  ],
  "Go Ahead Eagles": [
    0.0,
    0.0,
    0.00097,
    0.01744,
    0.09567,
    0.33775,
    0.31089,
    0.13649,
    0.06013,
    0.02431,
    0.01004,
    0.00432,
    0.00146,
    0.00044,
    8e-05,
    1e-05,
    0.0,
    0.0
  ],
  "Feyenoord": [
    0.00339,
    0.94581,
    0.04912,
    0.00159,
    8e-05,
    1e-05,
    0.0,
    0.0,
    0.0,
    0.0,
    0.0,
    0.0,
    0.0,
    0.0,
    0.0,
    0.0,
    0.0,
    0.0
  ],
  "For Sittard": [
    0.0,
    0.0,
    0.0,
    0.0,
    0.00012,
    0.00159,
    0.00721,
    0.02448,
    0.04594,
    0.07973,
    0.11877,
    0.15649,
    0.18853,
    0.21027,
    0.1273,
    0.0375,
    0.002,
    7e-05
  ],
  "Almere City": [
    0.0,
    0.0,
    0.0,
    0.0,
    0.0002,
    0.00239,
    0.01096,
    0.03416,
    0.06465,
    0.1125,
    0.15166,
    0.17064,
    0.17785,
    0.16269,
    0.0858,
    0.02472,
    0.00172,
    6e-05
  ],
  "Twente": [
    2e-05,
    0.04833,
    0.75324,
    0.16097,
    0.03488,
    0.00232,
    0.00024,
    0.0,
    0.0,
    0.0,
    0.0,
    0.0,
    0.0,
    0.0,
    0.0,
    0.0,
    0.0,
    0.0
  ]
}