{
  "Heerenveen": [
    0.14809,
    0.1322,
    0.11743,
    0.10245,
    0.0916,
    0.0792,
    0.06646,
    0.05727,
    0.04751,
    0.04073,
    0.03125,
    0.02623,
    0.02027,
    0.01558,
    0.01066,
    0.00738,
    0.00412,
    0.00157
  ],
  "Willem II": [
    0.00378,
    0.00946,
    0.01387,
    0.02088,
    0.02701,
    0.03356,
    0.04079,
    0.04616,
    0.05422,
    0.06069,
    0.06798,
    0.0731,
    0.08132,
    0.08448,
    0.09223,
    0.09452,
    0.09868,
    0.09727
  ],
  "Zwolle": [
    0.00501,
    0.0108,
    0.01717,
    0.02388,
    0.03088,
    0.0381,
    0.04537,
    0.05171,
    0.06042,
    0.06687,
    0.07381,
    0.07856,
    0.08267,
    0.08741,
    0.08738,
    0.08736,
    0.08147,
    0.07113
  ],
  "Feyenoord": [
    0.10077,
    0.10754,
    0.10745,
    0.10467,
    0.09595,
    0.08443,
    0.07624,
    0.06828,
    0.0577,
    0.04878,
    0.03988,
    0.03191,
    0.02592,
    0.01953,
    0.01405,
    0.00896,
    0.00568,
    0.00226
  ],
  "Twente": [
    0.07102,
    0.08561,
    0.09207,
    0.09375,
    0.09448,
    0.08913,
    0.08152,
    0.07646,
    0.0658,
    0.05721,
    0.04795,
    0.04066,
    0.03289,
    0.025,
    0.01889,
    0.01432,
    0.00879,
    0.00445
  ],
  "For Sittard": [
    0.0008,
    0.00251,
    0.00465,
    0.00725,
    0.01141,
    0.01658,
    0.02145,
    0.02822,
    0.03553,
    0.04459,
    0.05326,
    0.0614,
    0.07311,
    0.08929,
    0.1021,
    0.11977,
    0.14266,
    0.18542
  ],
  "FC Emmen": [
    0.00176,
    0.00419,
    0.00715,
    0.01152,
    0.01767,
    0.02305,
    0.02793,
    0.03717,
    0.0452,
    0.05254,
    0.06004,
    0.06993,
    0.0811,
    0.09005,
    0.099,
    0.10959,
    0.12368,
    0.13843
  ],
  "VVV Venlo": [
    0.00461,
    0.0093,
    0.01499,
    0.02055,
    0.02835,
    0.0372,
    0.04511,
    0.05289,
    0.06134,
    0.06536,
    0.07306,
    0.08252,
    0.08462,
    0.08664,
    0.0866,
    0.08626,
    0.08343,
    0.07717
  ],
  "Heracles": [
    0.0156,
    0.02267,
    0.03079,
    0.03735,
    0.04624,
    0.0527,
    0.06016,
    0.06481,
    0.07024,
    0.07362,
    0.07473,
    0.07592,
    0.07415,
    0.07065,
    0.06793,
    0.06289,
    0.05657,
    0.04298
  ],
  "Den Haag": [
    0.00304,
    0.00711,
    0.01116,
    0.01629,
    0.02335,
    0.03028,
    0.03634,
    0.04547,
    0.05228,
    0.06426,
    0.07153,
    0.07677,
    0.08205,
    0.08835,
    0.09342,
    0.09741,
    0.10002,
    0.10087
  ],
  "Sparta Rotterdam": [
    0.00194,
    0.00394,
    0.00727,
    0.01174,
    0.01637,
    0.02316,
    0.02925,
    0.0351,
    0.04523,
    0.05265,
    0.06233,
    0.07159,
    0.07885,
    0.08867,
    0.09771,
    0.10754,
    0.12421,
    0.14245
  ],
  "Ajax": [
    0.18659,
    0.15324,
    0.13071,
    0.11153,
    0.09217,
    0.07396,
    0.06095,
    0.0525,
    0.03994,
    0.02925,
    0.02182,
    0.01624,
    0.01168,
    0.00812,
    0.00572,
    0.00318,
    0.00177,
    0.00063
  ],
  "Groningen": [
    0.05431,
    0.07074,
    0.08045,
    0.08749,
    0.08681,
    0.08605,
    0.08714,
    0.07944,
    0.07316,
    0.06252,
    0.05367,
    0.04617,
    0.03948,
    0.03117,
    0.02443,
    0.01809,
    0.01265,
    0.00623
  ],
  "PSV Eindhoven": [
    0.13114,
    0.12697,
    0.11972,
    0.10796,
    0.09399,
    0.08589,
    0.07256,
    0.06033,
    0.05048,
    0.04061,
    0.03228,
    0.02509,
    0.01837,
    0.01413,
    0.00916,
    0.00629,
    0.00371,
    0.00132
  ],
  "Waalwijk": [
    0.00469,
    0.01008,
    0.01542,
    0.0215,
    0.02864,
    0.03509,
    0.04381,
    0.05037,
    0.05743,
    0.06487,
    0.07268,
    0.07789,
    0.08073,
    0.08521,
    0.08986,
    0.09072,
    0.08668,
    0.08433
  ],
  "Vitesse": [
    0.21045,
    0.16324,
    0.13085,
    0.10599,
    0.08529,
    0.06977,
    0.05752,
    0.04473,
    0.03543,
    0.02841,
    0.02138,
    0.01592,
    0.01183,
    0.00831,
    0.00552,
    0.00311,
    0.00163,
    0.00062
  ],
  "Utrecht": [
    0.02954,
    0.04314,
    0.05399,
    0.06287,
    0.06958,
    0.07522,
    0.07846,
    0.07849,
    0.07558,
    0.07306,
    0.07177,
    0.06332,
    0.05776,
    0.04865,
    0.04187,
    0.03517,
    0.02563,
    0.0159
  ],
  "AZ Alkmaar": [
    0.02686,
    0.03726,
    0.04486,
    0.05233,
    0.06021,
    0.06663,
    0.06894,
    0.0706,
    0.07251,
    0.07398,
    0.07058,
    0.06678,
    0.0632,
    0.05876,
    0.05347,
    0.04744,
    0.03862,
    0.02697
  ]
}