{
  "São Paulo / SP": [
    1e-05,
    5e-05,
    0.00096,
    0.00672,
    0.02958,
    0.10585,
    0.34747,
    0.1927,
    0.11849,
    0.07511,
    0.05076,
    0.03176,
    0.02116,
    0.0112,
    0.00535,
    0.00208,
    0.00065,
    0.0001,
    0.0,
    0.0
  ],
  "Sport / PE": [
    0.0,
    0.0,
    0.0,
    0.0,
    0.0,
    0.0,
    0.0,
    0.0,
    0.0,
    0.0,
    0.0,
    1e-05,
    8e-05,
    0.00013,
    0.00033,
    0.00168,
    0.00712,
    0.02727,
    0.11012,
    0.85326
  ],
  "Cruzeiro / MG": [
    0.04785,
    0.35921,
    0.36501,
    0.15449,
    0.05623,
    0.01637,
    0.00077,
    6e-05,
    1e-05,
    0.0,
    0.0,
    0.0,
    0.0,
    0.0,
    0.0,
    0.0,
    0.0,
    0.0,
    0.0,
    0.0
  ],
  "Mirassol / SP": [
    0.00268,
    0.04185,
    0.11814,
    0.26313,
    0.29717,
    0.22008,
    0.04254,
    0.00955,
    0.00297,
    0.00117,
    0.00045,
    0.0002,
    4e-05,
    2e-05,
    1e-05,
    0.0,
    0.0,
    0.0,
    0.0,
    0.0
  ],
  "Grêmio / RS": [
    0.0,
    0.0,
    0.0,
    4e-05,
    0.00046,
    0.00307,
    0.026,
    0.05237,
    0.07213,
    0.093,
    0.11012,
    0.12473,
    0.13553,
    0.13773,
    0.11128,
    0.07559,
    0.0396,
    0.01499,
    0.00324,
    0.00012
  ],
  "Atlético Mineiro / MG": [
    0.0,
    0.0,
    1e-05,
    0.00033,
    0.00244,
    0.01403,
    0.07765,
    0.12548,
    0.13341,
    0.13422,
    0.1259,
    0.11687,
    0.09533,
    0.07524,
    0.05264,
    0.02943,
    0.01207,
    0.00416,
    0.00078,
    1e-05
  ],
  "Fortaleza / CE": [
    0.0,
    0.0,
    0.0,
    0.0,
    0.0,
    0.0,
    0.0,
    5e-05,
    0.00016,
    0.00043,
    0.00076,
    0.00217,
    0.00462,
    0.01098,
    0.02565,
    0.05904,
    0.12722,
    0.24806,
    0.42794,
    0.09292
  ],
  "Fluminense / RJ": [
    0.0,
    1e-05,
    7e-05,
    0.00074,
    0.00433,
    0.02053,
    0.09949,
    0.14379,
    0.14511,
    0.13853,
    0.11967,
    0.10393,
    0.08563,
    0.06563,
    0.04178,
    0.02098,
    0.00777,
    0.00177,
    0.00023,
    1e-05
  ],
  "Juventude / RS": [
    0.0,
    0.0,
    0.0,
    0.0,
    0.0,
    0.0,
    3e-05,
    0.00014,
    0.0004,
    0.00085,
    0.00185,
    0.00371,
    0.0095,
    0.01776,
    0.04063,
    0.08664,
    0.1772,
    0.32544,
    0.29507,
    0.04078
  ],
  "Vitória / BA": [
    0.0,
    0.0,
    0.0,
    0.0,
    1e-05,
    4e-05,
    0.00072,
    0.00179,
    0.00406,
    0.00796,
    0.01556,
    0.02407,
    0.03831,
    0.06086,
    0.10497,
    0.18112,
    0.26652,
    0.19233,
    0.09276,
    0.00892
  ],
  "Flamengo / RJ": [
    0.85909,
    0.11347,
    0.02265,
    0.00418,
    0.00055,
    6e-05,
    0.0,
    0.0,
    0.0,
    0.0,
    0.0,
    0.0,
    0.0,
    0.0,
    0.0,
    0.0,
    0.0,
    0.0,
    0.0,
    0.0
  ],
  "Internacional / RS": [
    0.0,
    0.0,
    1e-05,
    0.00025,
    0.00277,
    0.0153,
    0.08397,
    0.12761,
    0.13493,
    0.13535,
    0.12713,
    0.11359,
    0.09615,
    0.07408,
    0.0498,
    0.02602,
    0.00997,
    0.00269,
    0.00035,
    3e-05
  ],
  "Palmeiras / SP": [
    0.08587,
    0.41596,
    0.29977,
    0.13286,
    0.0496,
    0.01491,
    0.00098,
    3e-05,
    1e-05,
    1e-05,
    0.0,
    0.0,
    0.0,
    0.0,
    0.0,
    0.0,
    0.0,
    0.0,
    0.0,
    0.0
  ],
  "Botafogo / RJ": [
    0.00364,
    0.05259,
    0.13976,
    0.28755,
    0.28186,
    0.19514,
    0.03108,
    0.00609,
    0.00162,
    0.00046,
    0.00018,
    2e-05,
    1e-05,
    0.0,
    0.0,
    0.0,
    0.0,
    0.0,
    0.0,
    0.0
  ],
  "Vasco da Gama / RJ": [
    0.0,
    0.0,
    0.0,
    1e-05,
    9e-05,
    0.00102,
    0.00994,
    0.02282,
    0.03805,
    0.0551,
    0.07102,
    0.09112,
    0.11878,
    0.14929,
    0.17323,
    0.13546,
    0.08266,
    0.03825,
    0.01265,
    0.00051
  ],
  "Santos / SP": [
    0.0,
    0.0,
    0.0,
    0.0,
    1e-05,
    0.00012,
    0.00163,
    0.00447,
    0.00937,
    0.01632,
    0.02609,
    0.04014,
    0.06016,
    0.0967,
    0.15009,
    0.22602,
    0.1945,
    0.11948,
    0.05158,
    0.00332
  ],
  "Bahia / BA": [
    0.00086,
    0.01686,
    0.05361,
    0.14916,
    0.2711,
    0.36415,
    0.09801,
    0.02876,
    0.01007,
    0.00421,
    0.00198,
    0.00085,
    0.00024,
    0.00011,
    1e-05,
    2e-05,
    0.0,
    0.0,
    0.0,
    0.0
  ],
  "Corinthians / SP": [
    0.0,
    0.0,
    0.0,
    6e-05,
    0.00047,
    0.00386,
    0.02755,
    0.05841,
    0.07834,
    0.09554,
    0.10608,
    0.11837,
    0.1248,
    0.13102,
    0.11782,
    0.08116,
    0.03927,
    0.01411,
    0.00309,
    5e-05
  ],
  "Red Bull Bragantino / SP": [
    0.0,
    0.0,
    1e-05,
    0.00043,
    0.0028,
    0.02,
    0.11534,
    0.16774,
    0.1691,
    0.14279,
    0.11848,
    0.09885,
    0.07208,
    0.04844,
    0.02718,
    0.0121,
    0.00372,
    0.00086,
    8e-05,
    0.0
  ],
  "Ceará / CE": [
    0.0,
    0.0,
    0.0,
    5e-05,
    0.00053,
    0.00547,
    0.03683,
    0.05814,
    0.08177,
    0.09895,
    0.12397,
    0.12961,
    0.13758,
    0.12081,
    0.09923,
    0.06266,
    0.03173,
    0.01049,
    0.00211,
    7e-05
  ]
}