{
  "Liverpool": [
    0.97078,
    0.02597,
    0.00292,
    0.00033,
    0.0,
    0.0,
    0.0,
    0.0,
    0.0,
    0.0,
    0.0,
    0.0,
    0.0,
    0.0,
    0.0,
    0.0,
    0.0,
    0.0,
    0.0,
    0.0
  ],
  "Norwich": [
    0.0,
    0.0,
    0.0,
    0.0,
    0.0,
    2e-05,
    0.00011,
    0.00044,
    0.00084,
    0.00207,
    0.00382,
    0.0073,
    0.01418,
    0.02451,
    0.04288,
    0.06889,
    0.10945,
    0.1741,
    0.26828,
    0.28311
  ],
  "West Ham": [
    0.0,
    0.0,
    0.0,
    1e-05,
    0.00019,
    0.00087,
    0.00204,
    0.00423,
    0.00751,
    0.01362,
    0.02358,
    0.037,
    0.05607,
    0.08217,
    0.11397,
    0.14537,
    0.16468,
    0.16353,
    0.11976,
    0.0654
  ],
  "Man City": [
    0.00153,
    0.11201,
    0.25892,
    0.53006,
    0.06895,
    0.01857,
    0.00625,
    0.0023,
    0.00088,
    0.00031,
    0.00012,
    8e-05,
    2e-05,
    0.0,
    0.0,
    0.0,
    0.0,
    0.0,
    0.0,
    0.0
  ],
  "Bournemouth": [
    0.0,
    0.0,
    2e-05,
    0.00033,
    0.00942,
    0.02041,
    0.03306,
    0.04949,
    0.06592,
    0.08513,
    0.10562,
    0.12246,
    0.12998,
    0.11777,
    0.09608,
    0.07184,
    0.04957,
    0.0272,
    0.01209,
    0.00361
  ],
  "Sheffield United": [
    0.0,
    0.00014,
    0.0021,
    0.02125,
    0.15885,
    0.16375,
    0.14861,
    0.13145,
    0.10944,
    0.08597,
    0.06627,
    0.04662,
    0.02975,
    0.01825,
    0.00935,
    0.00529,
    0.00205,
    0.00065,
    0.00019,
    2e-05
  ],
  "Burnley": [
    0.0,
    4e-05,
    0.00079,
    0.01033,
    0.09034,
    0.11819,
    0.12788,
    0.12704,
    0.12276,
    0.11087,
    0.09483,
    0.06939,
    0.0509,
    0.03518,
    0.0222,
    0.01109,
    0.00506,
    0.00227,
    0.00075,
    9e-05
  ],
  "Southampton": [
    0.0,
    0.0,
    0.0,
    0.0,
    0.0001,
    0.00043,
    0.0013,
    0.00286,
    0.00574,
    0.01067,
    0.01762,
    0.02893,
    0.04564,
    0.07203,
    0.09953,
    0.13085,
    0.15695,
    0.16985,
    0.15341,
    0.10409
  ],
  "Crystal Palace": [
    0.0,
    2e-05,
    0.00011,
    0.00213,
    0.03094,
    0.05179,
    0.07002,
    0.08682,
    0.09997,
    0.11363,
    0.11836,
    0.11229,
    0.0968,
    0.07859,
    0.05664,
    0.03839,
    0.02433,
    0.01228,
    0.00536,
    0.00153
  ],
  "Everton": [
    0.0,
    0.0,
    0.0,
    1e-05,
    0.00037,
    0.00135,
    0.00262,
    0.00539,
    0.01022,
    0.01647,
    0.02705,
    0.04198,
    0.06254,
    0.08602,
    0.1191,
    0.14609,
    0.16274,
    0.15189,
    0.11092,
    0.05524
  ],
  "Watford": [
    0.0,
    0.0,
    0.0,
    0.0,
    0.0,
    3e-05,
    5e-05,
    0.00011,
    0.00022,
    0.00051,
    0.00122,
    0.00302,
    0.00607,
    0.01301,
    0.02484,
    0.04409,
    0.07573,
    0.13225,
    0.24373,
    0.45512
  ],
  "Brighton": [
    0.0,
    0.0,
    0.0,
    0.0001,
    0.00424,
    0.0098,
    0.01685,
    0.02687,
    0.04032,
    0.0568,
    0.07755,
    0.10088,
    0.12212,
    0.13479,
    0.12859,
    0.10865,
    0.082,
    0.05371,
    0.02738,
    0.00935
  ],
  "Tottenham": [
    0.0,
    1e-05,
    0.00038,
    0.00534,
    0.06262,
    0.09004,
    0.10708,
    0.11534,
    0.12076,
    0.11799,
    0.10574,
    0.09015,
    0.06986,
    0.04901,
    0.0322,
    0.01769,
    0.00977,
    0.00426,
    0.00144,
    0.00032
  ],
  "Aston Villa": [
    0.0,
    0.0,
    0.0,
    7e-05,
    0.00207,
    0.00553,
    0.00983,
    0.01792,
    0.02837,
    0.04093,
    0.05934,
    0.08176,
    0.10246,
    0.12672,
    0.13939,
    0.13328,
    0.10855,
    0.08002,
    0.04481,
    0.01895
  ],
  "Leicester": [
    0.01658,
    0.54283,
    0.30605,
    0.12623,
    0.00717,
    0.00092,
    0.00019,
    3e-05,
    0.0,
    0.0,
    0.0,
    0.0,
    0.0,
    0.0,
    0.0,
    0.0,
    0.0,
    0.0,
    0.0,
    0.0
  ],
  "Wolves": [
    0.0,
    0.00071,
    0.0055,
    0.04051,
    0.27523,
    0.19541,
    0.14624,
    0.10821,
    0.08014,
    0.05726,
    0.0372,
    0.02446,
    0.01456,
    0.00815,
    0.00399,
    0.00162,
    0.00053,
    0.00026,
    2e-05,
    0.0
  ],
  "Newcastle": [
    0.0,
    1e-05,
    1e-05,
    0.00081,
    0.01392,
    0.02783,
    0.04248,
    0.0581,
    0.07573,
    0.09501,
    0.11221,
    0.12079,
    0.12065,
    0.10538,
    0.08375,
    0.06248,
    0.04171,
    0.02499,
    0.01106,
    0.00308
  ],
  "Arsenal": [
    0.0,
    0.00013,
    0.00144,
    0.0206,
    0.14785,
    0.15886,
    0.1486,
    0.13107,
    0.11063,
    0.08888,
    0.06776,
    0.04824,
    0.03374,
    0.02004,
    0.01171,
    0.00617,
    0.00299,
    0.00095,
    0.00032,
    2e-05
  ],
  "Man United": [
    0.0,
    9e-05,
    0.00089,
    0.01311,
    0.11011,
    0.13344,
    0.13617,
    0.13218,
    0.12051,
    0.10388,
    0.08171,
    0.06465,
    0.04466,
    0.02838,
    0.01578,
    0.00821,
    0.00389,
    0.00179,
    0.00048,
    7e-05
  ],
  "Chelsea": [
    0.01111,
    0.31804,
    0.42087,
    0.22878,
    0.01763,
    0.00276,
    0.00062,
    0.00015,
    4e-05,
    0.0,
    0.0,
    0.0,
    0.0,
    0.0,
    0.0,
    0.0,
    0.0,
    0.0,
    0.0,
    0.0
  ]
}