{
  "Palmeiras / SP": [
    0.05512,
    0.21876,
    0.18218,
    0.14329,
    0.11279,
    0.08567,
    0.06404,
    0.04959,
    0.03414,
    0.02441,
    0.01514,
    0.00871,
    0.00383,
    0.00133,
    0.00064,
    0.00027,
    7e-05,
    1e-05,
    1e-05,
    0.0
  ],
  "Cuiabá / MT": [
    2e-05,
    0.00023,
    0.00098,
    0.0019,
    0.00419,
    0.0078,
    0.01299,
    0.02016,
    0.03132,
    0.04779,
    0.07617,
    0.10792,
    0.14611,
    0.15095,
    0.12916,
    0.10473,
    0.07416,
    0.04906,
    0.02547,
    0.00889
  ],
  "América / MG": [
    0.0,
    0.0,
    0.0,
    1e-05,
    9e-05,
    0.00016,
    0.00022,
    0.00043,
    0.00106,
    0.00263,
    0.00531,
    0.01216,
    0.02598,
    0.04935,
    0.0793,
    0.1092,
    0.14764,
    0.18509,
    0.21012,
    0.17125
  ],
  "Fluminense / RJ": [
    0.00659,
    0.04384,
    0.06663,
    0.08347,
    0.09882,
    0.10549,
    0.11065,
    0.10774,
    0.09963,
    0.08947,
    0.07219,
    0.05336,
    0.03156,
    0.01658,
    0.00862,
    0.00354,
    0.00124,
    0.00042,
    0.00013,
    3e-05
  ],
  "Botafogo / RJ": [
    0.80335,
    0.12274,
    0.04207,
    0.0172,
    0.00785,
    0.00368,
    0.00163,
    0.00098,
    0.00028,
    0.00015,
    4e-05,
    3e-05,
    0.0,
    0.0,
    0.0,
    0.0,
    0.0,
    0.0,
    0.0,
    0.0
  ],
  "São Paulo / SP": [
    0.00524,
    0.03578,
    0.05842,
    0.07433,
    0.09168,
    0.10227,
    0.1076,
    0.10873,
    0.10565,
    0.09618,
    0.08134,
    0.06078,
    0.03701,
    0.01851,
    0.00978,
    0.00444,
    0.00163,
    0.00053,
    9e-05,
    1e-05
  ],
  "Red Bull Bragantino / SP": [
    0.03103,
    0.13136,
    0.14594,
    0.14357,
    0.12577,
    0.1076,
    0.08873,
    0.07157,
    0.05454,
    0.04074,
    0.02861,
    0.01652,
    0.00864,
    0.00355,
    0.00126,
    0.00037,
    0.00012,
    8e-05,
    0.0,
    0.0
  ],
  "Bahia / BA": [
    0.0,
    5e-05,
    0.00013,
    0.00046,
    0.00103,
    0.00225,
    0.0036,
    0.00707,
    0.01273,
    0.02299,
    0.04011,
    0.06595,
    0.10636,
    0.14541,
    0.16083,
    0.15366,
    0.1204,
    0.08575,
    0.05182,
    0.0194
  ],
  "Athletico Paranaense / PR": [
    0.00227,
    0.01752,
    0.03132,
    0.04714,
    0.06394,
    0.07974,
    0.0936,
    0.10512,
    0.113,
    0.11676,
    0.10805,
    0.09102,
    0.0617,
    0.03647,
    0.01854,
    0.00869,
    0.00349,
    0.00137,
    0.00024,
    2e-05
  ],
  "Goiás / GO": [
    0.0,
    0.0,
    2e-05,
    6e-05,
    0.00015,
    0.00018,
    0.00058,
    0.00128,
    0.00262,
    0.00625,
    0.01182,
    0.02384,
    0.04484,
    0.0711,
    0.10013,
    0.13127,
    0.16464,
    0.17874,
    0.1626,
    0.09988
  ],
  "Fortaleza / CE": [
    0.00329,
    0.02455,
    0.04221,
    0.05871,
    0.07393,
    0.08799,
    0.09936,
    0.10596,
    0.11148,
    0.1077,
    0.09891,
    0.0801,
    0.05135,
    0.02967,
    0.01482,
    0.00621,
    0.00273,
    0.00081,
    0.00019,
    3e-05
  ],
  "Internacional / RS": [
    0.00047,
    0.00432,
    0.00993,
    0.01805,
    0.0281,
    0.04057,
    0.05504,
    0.07182,
    0.09298,
    0.11357,
    0.13211,
    0.14335,
    0.11416,
    0.08084,
    0.04934,
    0.02645,
    0.01227,
    0.00504,
    0.0014,
    0.00019
  ],
  "Atlético Mineiro / MG": [
    0.00428,
    0.03102,
    0.0524,
    0.07055,
    0.08562,
    0.09821,
    0.10636,
    0.10901,
    0.10804,
    0.09902,
    0.08611,
    0.06518,
    0.04217,
    0.02285,
    0.01128,
    0.00538,
    0.00171,
    0.00058,
    0.00022,
    1e-05
  ],
  "Vasco da Gama / RJ": [
    0.0,
    0.0,
    0.0,
    1e-05,
    2e-05,
    0.00013,
    0.00026,
    0.00041,
    0.00111,
    0.00253,
    0.00553,
    0.01213,
    0.02505,
    0.04628,
    0.0789,
    0.11369,
    0.1605,
    0.19602,
    0.20927,
    0.14816
  ],
  "Flamengo / RJ": [
    0.04559,
    0.18862,
    0.1704,
    0.1464,
    0.11955,
    0.09307,
    0.0725,
    0.0561,
    0.04197,
    0.02964,
    0.01842,
    0.01023,
    0.00465,
    0.00187,
    0.00068,
    0.00023,
    8e-05,
    0.0,
    0.0,
    0.0
  ],
  "Coritiba / PR": [
    0.0,
    0.0,
    0.0,
    0.0,
    0.0,
    0.0,
    0.0,
    6e-05,
    8e-05,
    0.00019,
    0.00059,
    0.00166,
    0.00447,
    0.01033,
    0.02013,
    0.03901,
    0.07132,
    0.12286,
    0.22654,
    0.50276
  ],
  "Corinthians / SP": [
    0.0,
    0.0001,
    0.00037,
    0.0008,
    0.00244,
    0.00375,
    0.00677,
    0.01114,
    0.01959,
    0.03185,
    0.05297,
    0.0814,
    0.12228,
    0.14106,
    0.14357,
    0.13553,
    0.10751,
    0.07379,
    0.04547,
    0.01961
  ],
  "Cruzeiro / MG": [
    0.00252,
    0.01632,
    0.03214,
    0.04697,
    0.06122,
    0.07831,
    0.09303,
    0.1041,
    0.11221,
    0.11493,
    0.10993,
    0.0897,
    0.0608,
    0.03631,
    0.02177,
    0.01164,
    0.00515,
    0.00216,
    0.00068,
    0.00011
  ],
  "Grêmio / RS": [
    0.04023,
    0.16477,
    0.16468,
    0.14665,
    0.12181,
    0.10104,
    0.07974,
    0.06171,
    0.04587,
    0.03184,
    0.02136,
    0.01207,
    0.0053,
    0.00209,
    0.00059,
    0.00015,
    8e-05,
    2e-05,
    0.0,
    0.0
  ],
  "Santos / SP": [
    0.0,
    2e-05,
    0.00018,
    0.00043,
    0.001,
    0.00209,
    0.0033,
    0.00702,
    0.0117,
    0.02136,
    0.03529,
    0.06389,
    0.10374,
    0.13545,
    0.15066,
    0.14554,
    0.12526,
    0.09767,
    0.06575,
    0.02965
  ]
}