{
  "Brentford": [
    0.0,
    5e-05,
    0.00059,
    0.01007,
    0.03691,
    0.06012,
    0.07879,
    0.09098,
    0.10276,
    0.1075,
    0.1035,
    0.09394,
    0.08357,
    0.07178,
    0.05941,
    0.04451,
    0.03013,
    0.01708,
    0.00677,
    0.00154
  ],
  "Arsenal": [
    0.00012,
    0.00107,
    0.00723,
    0.06798,
    0.18956,
    0.17755,
    0.14043,
    0.1108,
    0.08569,
    0.06554,
    0.05095,
    0.0366,
    0.0271,
    0.0178,
    0.0109,
    0.00631,
    0.0028,
    0.00125,
    0.00029,
    3e-05
  ],
  "Man United": [
    4e-05,
    0.00072,
    0.00444,
    0.05262,
    0.15927,
    0.16183,
    0.14271,
    0.12111,
    0.09327,
    0.07416,
    0.0571,
    0.04486,
    0.03266,
    0.0233,
    0.01573,
    0.00875,
    0.00494,
    0.00186,
    0.00055,
    8e-05
  ],
  "Leeds": [
    0.0,
    0.0,
    0.0,
    0.00013,
    0.00113,
    0.00271,
    0.00578,
    0.01022,
    0.01589,
    0.02272,
    0.03146,
    0.04436,
    0.0598,
    0.08126,
    0.1105,
    0.1413,
    0.16487,
    0.15995,
    0.10448,
    0.04344
  ],
  "Burnley": [
    0.0,
    0.0,
    2e-05,
    0.00041,
    0.00329,
    0.00749,
    0.01414,
    0.02219,
    0.03058,
    0.04176,
    0.05471,
    0.07007,
    0.08658,
    0.10442,
    0.12545,
    0.13184,
    0.12397,
    0.10049,
    0.05922,
    0.02337
  ],
  "Brighton": [
    2e-05,
    0.00023,
    0.00174,
    0.02636,
    0.08782,
    0.11713,
    0.13237,
    0.12304,
    0.11106,
    0.09592,
    0.07974,
    0.0676,
    0.05517,
    0.04003,
    0.02907,
    0.01748,
    0.00975,
    0.004,
    0.00125,
    0.00022
  ],
  "Chelsea": [
    0.56613,
    0.27119,
    0.13763,
    0.02319,
    0.00162,
    0.00021,
    3e-05,
    0.0,
    0.0,
    0.0,
    0.0,
    0.0,
    0.0,
    0.0,
    0.0,
    0.0,
    0.0,
    0.0,
    0.0,
    0.0
  ],
  "Crystal Palace": [
    7e-05,
    0.00118,
    0.00864,
    0.08825,
    0.21495,
    0.18038,
    0.13949,
    0.10746,
    0.07812,
    0.0565,
    0.04116,
    0.03071,
    0.02132,
    0.01474,
    0.00904,
    0.00491,
    0.00202,
    0.0008,
    0.00021,
    5e-05
  ],
  "Everton": [
    0.0,
    1e-05,
    0.00017,
    0.00304,
    0.01623,
    0.02913,
    0.04414,
    0.0605,
    0.07325,
    0.08471,
    0.09361,
    0.10302,
    0.1124,
    0.10817,
    0.09414,
    0.07586,
    0.05451,
    0.03134,
    0.01254,
    0.00323
  ],
  "Southampton": [
    0.0,
    3e-05,
    0.00041,
    0.00696,
    0.02951,
    0.04855,
    0.06495,
    0.08055,
    0.0955,
    0.10185,
    0.10355,
    0.09931,
    0.09166,
    0.08513,
    0.07076,
    0.05415,
    0.03645,
    0.02048,
    0.00816,
    0.00204
  ],
  "Leicester": [
    1e-05,
    2e-05,
    0.00045,
    0.00893,
    0.03971,
    0.06294,
    0.08235,
    0.09605,
    0.10339,
    0.10556,
    0.10557,
    0.09627,
    0.08616,
    0.07429,
    0.0556,
    0.04036,
    0.02453,
    0.01279,
    0.00412,
    0.0009
  ],
  "Wolves": [
    0.0,
    1e-05,
    0.00015,
    0.00349,
    0.01683,
    0.0325,
    0.04884,
    0.0621,
    0.07929,
    0.09374,
    0.1039,
    0.11068,
    0.10808,
    0.10374,
    0.08687,
    0.06692,
    0.04663,
    0.02414,
    0.00988,
    0.00221
  ],
  "Watford": [
    0.0,
    0.0,
    0.0,
    5e-05,
    0.00026,
    0.001,
    0.00219,
    0.00413,
    0.00687,
    0.01251,
    0.01812,
    0.028,
    0.04227,
    0.06171,
    0.09083,
    0.1263,
    0.1701,
    0.20169,
    0.15708,
    0.07689
  ],
  "Aston Villa": [
    0.0,
    0.0,
    0.0,
    0.00021,
    0.0018,
    0.00417,
    0.00898,
    0.01485,
    0.02222,
    0.03169,
    0.04354,
    0.05855,
    0.07803,
    0.10058,
    0.1239,
    0.14358,
    0.14186,
    0.12314,
    0.07294,
    0.02996
  ],
  "Norwich": [
    0.0,
    0.0,
    0.0,
    0.0,
    0.0,
    1e-05,
    6e-05,
    0.00019,
    0.0003,
    0.00064,
    0.00147,
    0.00251,
    0.00491,
    0.00894,
    0.01768,
    0.03338,
    0.06396,
    0.12632,
    0.26915,
    0.47048
  ],
  "Liverpool": [
    0.23752,
    0.35959,
    0.31838,
    0.07343,
    0.00872,
    0.00185,
    0.00036,
    9e-05,
    3e-05,
    2e-05,
    1e-05,
    0.0,
    0.0,
    0.0,
    0.0,
    0.0,
    0.0,
    0.0,
    0.0,
    0.0
  ],
  "Newcastle": [
    0.0,
    0.0,
    0.0,
    0.0,
    3e-05,
    0.00013,
    0.00017,
    0.00044,
    0.00117,
    0.0018,
    0.00328,
    0.00566,
    0.00961,
    0.01692,
    0.03021,
    0.05294,
    0.09001,
    0.15675,
    0.28673,
    0.34415
  ],
  "West Ham": [
    0.01137,
    0.0434,
    0.1398,
    0.53215,
    0.15241,
    0.06161,
    0.02827,
    0.0145,
    0.0077,
    0.00424,
    0.00226,
    0.00113,
    0.00074,
    0.00026,
    0.00013,
    2e-05,
    1e-05,
    0.0,
    0.0,
    0.0
  ],
  "Tottenham": [
    1e-05,
    0.0,
    0.00031,
    0.00592,
    0.02772,
    0.04808,
    0.06524,
    0.08054,
    0.09284,
    0.09911,
    0.10606,
    0.10671,
    0.09994,
    0.08693,
    0.06978,
    0.05139,
    0.03346,
    0.01792,
    0.00663,
    0.00141
  ],
  "Man City": [
    0.18471,
    0.3225,
    0.38004,
    0.09681,
    0.01223,
    0.00261,
    0.00071,
    0.00026,
    7e-05,
    3e-05,
    1e-05,
    2e-05,
    0.0,
    0.0,
    0.0,
    0.0,
    0.0,
    0.0,
    0.0,
    0.0
  ]
}