{
  "Portimonense": [
    0.00044,
    0.00166,
    0.00464,
    0.00944,
    0.01575,
    0.0242,
    0.03426,
    0.04688,
    0.05601,
    0.06866,
    0.08158,
    0.0965,
    0.11284,
    0.12394,
    0.12707,
    0.09849,
    0.06386,
    0.03378
  ],
  "Belenenses": [
    0.00067,
    0.00302,
    0.00704,
    0.01364,
    0.02344,
    0.03556,
    0.05041,
    0.06545,
    0.07623,
    0.08662,
    0.09477,
    0.10342,
    0.11114,
    0.11194,
    0.09662,
    0.06721,
    0.03766,
    0.01516
  ],
  "Santa Clara": [
    0.00138,
    0.00472,
    0.01094,
    0.02285,
    0.03544,
    0.05219,
    0.06803,
    0.08382,
    0.09367,
    0.10148,
    0.10528,
    0.10754,
    0.10137,
    0.08506,
    0.06503,
    0.03703,
    0.01831,
    0.00586
  ],
  "Famalicao": [
    0.3518,
    0.23524,
    0.15715,
    0.09924,
    0.06254,
    0.03879,
    0.02308,
    0.01398,
    0.00832,
    0.00442,
    0.00267,
    0.00165,
    0.00074,
    0.00025,
    0.00011,
    1e-05,
    1e-05,
    0.0
  ],
  "Gil Vicente": [
    8e-05,
    0.00044,
    0.00144,
    0.00393,
    0.00785,
    0.01466,
    0.02328,
    0.03563,
    0.05131,
    0.06869,
    0.09151,
    0.11257,
    0.12568,
    0.13789,
    0.13557,
    0.10057,
    0.06088,
    0.02802
  ],
  "Porto": [
    0.04451,
    0.08918,
    0.12841,
    0.15082,
    0.14971,
    0.1276,
    0.10078,
    0.07396,
    0.0532,
    0.03563,
    0.02261,
    0.0121,
    0.00657,
    0.00327,
    0.00128,
    0.00031,
    6e-05,
    0.0
  ],
  "Benfica": [
    0.29293,
    0.23915,
    0.17321,
    0.11623,
    0.07491,
    0.04451,
    0.02705,
    0.01558,
    0.00889,
    0.00386,
    0.00224,
    0.00089,
    0.00035,
    0.00017,
    3e-05,
    0.0,
    0.0,
    0.0
  ],
  "Pacos Ferreira": [
    0.0,
    2e-05,
    3e-05,
    5e-05,
    0.00014,
    0.00049,
    0.00113,
    0.00234,
    0.00502,
    0.00753,
    0.01353,
    0.0243,
    0.0392,
    0.06288,
    0.1043,
    0.17496,
    0.25083,
    0.31325
  ],
  "Boavista": [
    0.00707,
    0.01839,
    0.03441,
    0.05378,
    0.07531,
    0.09038,
    0.10237,
    0.10909,
    0.10362,
    0.09667,
    0.0825,
    0.0721,
    0.05987,
    0.04531,
    0.02903,
    0.01376,
    0.0052,
    0.00114
  ],
  "Aves": [
    0.0,
    0.0,
    3e-05,
    0.00011,
    0.00017,
    0.0004,
    0.00098,
    0.00195,
    0.00336,
    0.00745,
    0.01348,
    0.02199,
    0.03559,
    0.05958,
    0.09906,
    0.1665,
    0.23942,
    0.34993
  ],
  "Maritimo": [
    0.00592,
    0.01654,
    0.02909,
    0.04742,
    0.06789,
    0.08469,
    0.09512,
    0.10064,
    0.10883,
    0.10374,
    0.09289,
    0.07631,
    0.0638,
    0.04716,
    0.03316,
    0.01728,
    0.00743,
    0.00209
  ],
  "Sp Lisbon": [
    0.19933,
    0.20751,
    0.18114,
    0.13769,
    0.09557,
    0.06571,
    0.04186,
    0.02841,
    0.01829,
    0.01153,
    0.00626,
    0.00354,
    0.00179,
    0.0009,
    0.00024,
    0.00017,
    5e-05,
    1e-05
  ],
  "Sp Braga": [
    0.06661,
    0.11132,
    0.14248,
    0.15121,
    0.13263,
    0.10894,
    0.08703,
    0.06291,
    0.04773,
    0.03492,
    0.0226,
    0.01455,
    0.00851,
    0.00508,
    0.00218,
    0.00105,
    0.0002,
    5e-05
  ],
  "Moreirense": [
    0.00103,
    0.00388,
    0.00946,
    0.01841,
    0.03096,
    0.04432,
    0.06244,
    0.07783,
    0.09403,
    0.1065,
    0.11496,
    0.11539,
    0.10289,
    0.08807,
    0.06594,
    0.03914,
    0.01815,
    0.0066
  ],
  "Setubal": [
    0.0,
    0.0,
    1e-05,
    3e-05,
    0.00014,
    0.00031,
    0.00079,
    0.0017,
    0.00334,
    0.00624,
    0.01198,
    0.02197,
    0.04039,
    0.0716,
    0.12496,
    0.21724,
    0.26583,
    0.23347
  ],
  "Tondela": [
    0.00133,
    0.00418,
    0.0103,
    0.01761,
    0.02987,
    0.04388,
    0.05783,
    0.07145,
    0.08196,
    0.09486,
    0.10394,
    0.10851,
    0.10899,
    0.099,
    0.08051,
    0.05042,
    0.02621,
    0.00915
  ],
  "Rio Ave": [
    0.02024,
    0.04554,
    0.07377,
    0.09982,
    0.11658,
    0.1225,
    0.11378,
    0.09866,
    0.08384,
    0.06554,
    0.05706,
    0.041,
    0.02791,
    0.01764,
    0.01017,
    0.00422,
    0.00146,
    0.00027
  ],
  "Guimaraes": [
    0.00666,
    0.01921,
    0.03645,
    0.05772,
    0.0811,
    0.10087,
    0.10978,
    0.10972,
    0.10235,
    0.09566,
    0.08014,
    0.06567,
    0.05237,
    0.04026,
    0.02474,
    0.01164,
    0.00444,
    0.00122
  ]
}