{
  "Milan": [
    0.16508,
    0.215,
    0.21199,
    0.18082,
    0.12732,
    0.06079,
    0.02512,
    0.009,
    0.00327,
    0.00113,
    0.00034,
    0.00011,
    3e-05,
    0.0,
    0.0,
    0.0,
    0.0,
    0.0,
    0.0,
    0.0
  ],
  "Udinese": [
    0.12035,
    0.17975,
    0.20943,
    0.20788,
    0.15894,
    0.0759,
    0.02992,
    0.01124,
    0.00395,
    0.00176,
    0.00052,
    0.00017,
    0.00014,
    5e-05,
    0.0,
    0.0,
    0.0,
    0.0,
    0.0,
    0.0
  ],
  "Sampdoria": [
    0.0,
    0.0,
    0.0,
    0.0,
    0.0,
    0.0,
    3e-05,
    0.00024,
    0.00062,
    0.00191,
    0.0039,
    0.00717,
    0.01251,
    0.02112,
    0.03411,
    0.0527,
    0.08362,
    0.133,
    0.2236,
    0.42547
  ],
  "Atalanta": [
    0.06017,
    0.10839,
    0.162,
    0.20546,
    0.22821,
    0.13201,
    0.06084,
    0.02458,
    0.01083,
    0.00449,
    0.00173,
    0.00089,
    0.00025,
    0.00012,
    2e-05,
    1e-05,
    0.0,
    0.0,
    0.0,
    0.0
  ],
  "Lecce": [
    0.0,
    0.0,
    2e-05,
    0.00012,
    0.00073,
    0.00361,
    0.01135,
    0.02527,
    0.04291,
    0.06389,
    0.08542,
    0.10182,
    0.11442,
    0.11895,
    0.11502,
    0.1005,
    0.0852,
    0.06541,
    0.04452,
    0.02084
  ],
  "Inter": [
    0.00194,
    0.00776,
    0.01967,
    0.04522,
    0.09807,
    0.19868,
    0.22853,
    0.15498,
    0.10055,
    0.062,
    0.03667,
    0.02104,
    0.01179,
    0.00667,
    0.00342,
    0.00173,
    0.00083,
    0.00032,
    0.0001,
    3e-05
  ],
  "Monza": [
    0.0,
    2e-05,
    5e-05,
    0.00038,
    0.00197,
    0.00809,
    0.02361,
    0.05021,
    0.07593,
    0.10041,
    0.12156,
    0.12351,
    0.11883,
    0.10715,
    0.08903,
    0.06767,
    0.05125,
    0.034,
    0.01948,
    0.00685
  ],
  "Torino": [
    0.0,
    0.00018,
    0.00061,
    0.00237,
    0.00796,
    0.02802,
    0.06319,
    0.10813,
    0.13707,
    0.14838,
    0.1322,
    0.10752,
    0.08494,
    0.06405,
    0.04529,
    0.03139,
    0.01968,
    0.01131,
    0.00596,
    0.00175
  ],
  "Fiorentina": [
    0.0,
    3e-05,
    0.0001,
    0.00063,
    0.00292,
    0.01183,
    0.03012,
    0.06201,
    0.09072,
    0.11839,
    0.12558,
    0.12299,
    0.11547,
    0.09452,
    0.07684,
    0.05803,
    0.04149,
    0.02701,
    0.01546,
    0.00586
  ],
  "Cremonese": [
    0.0,
    0.0,
    0.0,
    0.0,
    2e-05,
    7e-05,
    0.00033,
    0.00138,
    0.00323,
    0.00737,
    0.01367,
    0.02336,
    0.03409,
    0.05036,
    0.06972,
    0.09272,
    0.12045,
    0.15889,
    0.20298,
    0.22136
  ],
  "Lazio": [
    0.17818,
    0.22535,
    0.20756,
    0.17271,
    0.12497,
    0.05879,
    0.02166,
    0.00718,
    0.00253,
    0.00064,
    0.00026,
    0.00012,
    4e-05,
    1e-05,
    0.0,
    0.0,
    0.0,
    0.0,
    0.0,
    0.0
  ],
  "Bologna": [
    0.0,
    0.0,
    0.0,
    0.0,
    7e-05,
    0.00047,
    0.00173,
    0.00526,
    0.01225,
    0.02364,
    0.0383,
    0.05645,
    0.07474,
    0.09275,
    0.11105,
    0.12625,
    0.135,
    0.13284,
    0.11563,
    0.07357
  ],
  "Salernitana": [
    0.0,
    0.0,
    7e-05,
    0.0003,
    0.00129,
    0.00595,
    0.0178,
    0.03799,
    0.06692,
    0.09328,
    0.11197,
    0.11959,
    0.12135,
    0.11311,
    0.0958,
    0.07826,
    0.0598,
    0.04188,
    0.02445,
    0.01019
  ],
  "Roma": [
    0.00627,
    0.01894,
    0.0397,
    0.07776,
    0.14512,
    0.24779,
    0.2051,
    0.12307,
    0.06672,
    0.0351,
    0.01769,
    0.00879,
    0.00443,
    0.00202,
    0.00099,
    0.00034,
    0.00013,
    2e-05,
    2e-05,
    0.0
  ],
  "Spezia": [
    0.0,
    0.0,
    0.0,
    0.0,
    8e-05,
    0.00037,
    0.0017,
    0.00521,
    0.01085,
    0.0208,
    0.03431,
    0.05214,
    0.0685,
    0.09029,
    0.10983,
    0.1283,
    0.13956,
    0.14187,
    0.12043,
    0.07576
  ],
  "Empoli": [
    0.0,
    0.0,
    1e-05,
    8e-05,
    0.00036,
    0.00214,
    0.00571,
    0.01349,
    0.02534,
    0.04092,
    0.06003,
    0.0806,
    0.09845,
    0.11266,
    0.12148,
    0.12395,
    0.11376,
    0.09491,
    0.06953,
    0.03658
  ],
  "Verona": [
    0.0,
    0.0,
    0.0,
    1e-05,
    2e-05,
    0.00035,
    0.00152,
    0.00379,
    0.00908,
    0.01549,
    0.02528,
    0.03896,
    0.05468,
    0.07175,
    0.09394,
    0.11822,
    0.13815,
    0.15254,
    0.15521,
    0.12101
  ],
  "Napoli": [
    0.46758,
    0.24205,
    0.14056,
    0.08456,
    0.04317,
    0.01554,
    0.00444,
    0.00151,
    0.00051,
    6e-05,
    2e-05,
    0.0,
    0.0,
    0.0,
    0.0,
    0.0,
    0.0,
    0.0,
    0.0,
    0.0
  ],
  "Juventus": [
    0.00035,
    0.00158,
    0.00512,
    0.01371,
    0.03666,
    0.0906,
    0.15403,
    0.19633,
    0.16704,
    0.11828,
    0.07943,
    0.05474,
    0.03415,
    0.02102,
    0.01305,
    0.00709,
    0.00416,
    0.00184,
    0.00069,
    0.00013
  ],
  "Sassuolo": [
    8e-05,
    0.00095,
    0.00311,
    0.00799,
    0.02212,
    0.059,
    0.11327,
    0.15913,
    0.16968,
    0.14206,
    0.11112,
    0.08003,
    0.05119,
    0.0334,
    0.02041,
    0.01284,
    0.00692,
    0.00416,
    0.00194,
    0.0006
  ]
}