{
  "Le Havre": [
    0.0,
    0.0,
    0.0,
    0.0,
    0.0,
    0.0,
    1e-05,
    2e-05,
    7e-05,
    0.00038,
    0.00109,
    0.00277,
    0.00795,
    0.0189,
    0.04309,
    0.10338,
    0.24625,
    0.57609
  ],
  "Paris SG": [
    0.96435,
    0.03159,
    0.00354,
    0.0004,
    0.0001,
    2e-05,
    0.0,
    0.0,
    0.0,
    0.0,
    0.0,
    0.0,
    0.0,
    0.0,
    0.0,
    0.0,
    0.0,
    0.0
  ],
  "Brest": [
    2e-05,
    0.00307,
    0.01145,
    0.02628,
    0.04764,
    0.07971,
    0.11977,
    0.15753,
    0.17779,
    0.14852,
    0.09751,
    0.06416,
    0.03866,
    0.01791,
    0.00752,
    0.00209,
    0.00033,
    4e-05
  ],
  "Marseille": [
    0.02778,
    0.56741,
    0.21354,
    0.10165,
    0.04895,
    0.0244,
    0.01013,
    0.00438,
    0.0014,
    0.00026,
    7e-05,
    3e-05,
    0.0,
    0.0,
    0.0,
    0.0,
    0.0,
    0.0
  ],
  "Reims": [
    1e-05,
    5e-05,
    0.00053,
    0.00154,
    0.00519,
    0.01128,
    0.02418,
    0.04598,
    0.08125,
    0.12794,
    0.16789,
    0.16682,
    0.13727,
    0.10986,
    0.07235,
    0.03491,
    0.01133,
    0.00162
  ],
  "Lille": [
    0.00154,
    0.08386,
    0.16591,
    0.20036,
    0.18265,
    0.14585,
    0.10069,
    0.0625,
    0.03364,
    0.01497,
    0.00545,
    0.00188,
    0.00055,
    0.00013,
    2e-05,
    0.0,
    0.0,
    0.0
  ],
  "Monaco": [
    0.00168,
    0.08744,
    0.16882,
    0.19041,
    0.17897,
    0.14381,
    0.10541,
    0.06563,
    0.03373,
    0.01438,
    0.00642,
    0.00238,
    0.00075,
    0.00013,
    4e-05,
    0.0,
    0.0,
    0.0
  ],
  "St Etienne": [
    0.0,
    0.0,
    0.0,
    0.0,
    2e-05,
    0.00014,
    0.00057,
    0.00142,
    0.00462,
    0.01085,
    0.02088,
    0.04632,
    0.08362,
    0.13738,
    0.20301,
    0.25164,
    0.16813,
    0.0714
  ],
  "Auxerre": [
    0.0,
    4e-05,
    0.00052,
    0.00149,
    0.00438,
    0.0091,
    0.02172,
    0.04234,
    0.07328,
    0.11907,
    0.15666,
    0.17372,
    0.16156,
    0.12053,
    0.07023,
    0.03243,
    0.01032,
    0.00261
  ],
  "Nice": [
    0.0041,
    0.16959,
    0.27162,
    0.20687,
    0.14262,
    0.09406,
    0.05562,
    0.03101,
    0.01504,
    0.00641,
    0.00232,
    0.00055,
    0.00015,
    4e-05,
    0.0,
    0.0,
    0.0,
    0.0
  ],
  "Angers": [
    0.0,
    8e-05,
    0.00032,
    0.0011,
    0.0032,
    0.0077,
    0.01774,
    0.03595,
    0.06823,
    0.11404,
    0.15479,
    0.16658,
    0.15926,
    0.12231,
    0.08464,
    0.04623,
    0.01534,
    0.00249
  ],
  "Lens": [
    9e-05,
    0.01994,
    0.05886,
    0.09485,
    0.13429,
    0.15808,
    0.1665,
    0.14504,
    0.10641,
    0.06079,
    0.03121,
    0.01447,
    0.00655,
    0.00209,
    0.00073,
    9e-05,
    1e-05,
    0.0
  ],
  "Montpellier": [
    0.0,
    0.0,
    0.0,
    0.0,
    0.0,
    1e-05,
    2e-05,
    0.00011,
    0.00035,
    0.00144,
    0.00426,
    0.01006,
    0.02196,
    0.04602,
    0.09256,
    0.17715,
    0.36251,
    0.28355
  ],
  "Strasbourg": [
    1e-05,
    0.00542,
    0.02294,
    0.04777,
    0.07892,
    0.11637,
    0.15131,
    0.16992,
    0.15298,
    0.10916,
    0.06609,
    0.04042,
    0.02346,
    0.01031,
    0.00372,
    0.00092,
    0.00026,
    2e-05
  ],
  "Toulouse": [
    0.0,
    0.00051,
    0.00269,
    0.00742,
    0.01785,
    0.03462,
    0.06218,
    0.10011,
    0.13935,
    0.16048,
    0.14638,
    0.12199,
    0.09565,
    0.06108,
    0.03221,
    0.01414,
    0.00299,
    0.00035
  ],
  "Nantes": [
    0.0,
    0.0,
    2e-05,
    7e-05,
    0.00043,
    0.00117,
    0.00325,
    0.00894,
    0.01953,
    0.03841,
    0.06158,
    0.08862,
    0.126,
    0.17478,
    0.19635,
    0.16293,
    0.08959,
    0.02833
  ],
  "Rennes": [
    0.0,
    1e-05,
    0.0,
    6e-05,
    0.00011,
    0.00048,
    0.00212,
    0.00579,
    0.01328,
    0.02893,
    0.05661,
    0.08933,
    0.13246,
    0.17725,
    0.19314,
    0.17401,
    0.09292,
    0.0335
  ],
  "Lyon": [
    0.00042,
    0.03099,
    0.07924,
    0.11973,
    0.15468,
    0.1732,
    0.15878,
    0.12333,
    0.07905,
    0.04397,
    0.02079,
    0.0099,
    0.00415,
    0.00128,
    0.00039,
    8e-05,
    2e-05,
    0.0
  ]
}