{
  "Ath Bilbao": [
    0.0,
    0.0,
    0.0,
    9e-05,
    0.00999,
    0.04098,
    0.10543,
    0.24627,
    0.25408,
    0.17042,
    0.11321,
    0.05628,
    0.00322,
    3e-05,
    0.0,
    0.0,
    0.0,
    0.0,
    0.0,
    0.0
  ],
  "Barcelona": [
    0.16149,
    0.83832,
    0.00019,
    0.0,
    0.0,
    0.0,
    0.0,
    0.0,
    0.0,
    0.0,
    0.0,
    0.0,
    0.0,
    0.0,
    0.0,
    0.0,
    0.0,
    0.0,
    0.0,
    0.0
  ],
  "Celta": [
    0.0,
    0.0,
    0.0,
    0.0,
    0.0,
    0.0,
    0.0,
    0.0,
    0.0,
    0.0,
    0.00088,
    0.00792,
    0.04103,
    0.1122,
    0.20581,
    0.25653,
    0.30628,
    0.06201,
    0.00709,
    0.00025
  ],
  "Real Madrid": [
    0.83851,
    0.16149,
    0.0,
    0.0,
    0.0,
    0.0,
    0.0,
    0.0,
    0.0,
    0.0,
    0.0,
    0.0,
    0.0,
    0.0,
    0.0,
    0.0,
    0.0,
    0.0,
    0.0,
    0.0
  ],
  "Valencia": [
    0.0,
    0.0,
    0.0,
    0.0,
    0.0022,
    0.02097,
    0.09467,
    0.20817,
    0.22483,
    0.2267,
    0.15337,
    0.06285,
    0.00615,
    9e-05,
    0.0,
    0.0,
    0.0,
    0.0,
    0.0,
    0.0
  ],
  "Sociedad": [
    0.0,
    0.0,
    0.00041,
    0.00451,
    0.09231,
    0.22228,
    0.3639,
    0.1944,
    0.08409,
    0.03113,
    0.00663,
    0.00034,
    0.0,
    0.0,
    0.0,
    0.0,
    0.0,
    0.0,
    0.0,
    0.0
  ],
  "Mallorca": [
    0.0,
    0.0,
    0.0,
    0.0,
    0.0,
    0.0,
    0.0,
    0.0,
    0.0,
    0.0,
    0.0,
    0.0,
    1e-05,
    0.00068,
    0.00544,
    0.01921,
    0.06852,
    0.45729,
    0.39709,
    0.05176
  ],
  "Eibar": [
    0.0,
    0.0,
    0.0,
    0.0,
    0.0,
    0.0,
    0.0,
    0.0,
    0.0,
    0.0,
    0.00047,
    0.00701,
    0.06953,
    0.14192,
    0.21629,
    0.25779,
    0.25116,
    0.04913,
    0.00658,
    0.00012
  ],
  "Leganes": [
    0.0,
    0.0,
    0.0,
    0.0,
    0.0,
    0.0,
    0.0,
    0.0,
    0.0,
    0.0,
    0.0,
    0.0,
    1e-05,
    0.00029,
    0.00363,
    0.01393,
    0.0507,
    0.36663,
    0.47048,
    0.09433
  ],
  "Osasuna": [
    0.0,
    0.0,
    0.0,
    0.0,
    0.00018,
    0.00292,
    0.01445,
    0.06275,
    0.13954,
    0.1883,
    0.29716,
    0.22181,
    0.06293,
    0.00914,
    0.00076,
    6e-05,
    0.0,
    0.0,
    0.0,
    0.0
  ],
  "Villarreal": [
    0.0,
    0.0,
    0.00551,
    0.05277,
    0.44234,
    0.31168,
    0.14991,
    0.03329,
    0.00411,
    0.00037,
    2e-05,
    0.0,
    0.0,
    0.0,
    0.0,
    0.0,
    0.0,
    0.0,
    0.0,
    0.0
  ],
  "Granada": [
    0.0,
    0.0,
    0.0,
    0.0,
    0.00313,
    0.0262,
    0.10155,
    0.18424,
    0.22587,
    0.26398,
    0.14721,
    0.04529,
    0.00251,
    2e-05,
    0.0,
    0.0,
    0.0,
    0.0,
    0.0,
    0.0
  ],
  "Alaves": [
    0.0,
    0.0,
    0.0,
    0.0,
    0.0,
    0.0,
    0.0,
    0.0,
    0.0,
    2e-05,
    0.00079,
    0.0102,
    0.07118,
    0.16736,
    0.22907,
    0.25187,
    0.23535,
    0.03178,
    0.00238,
    0.0
  ],
  "Levante": [
    0.0,
    0.0,
    0.0,
    0.0,
    0.0,
    0.00037,
    0.00352,
    0.01754,
    0.04934,
    0.1089,
    0.23663,
    0.43089,
    0.12421,
    0.02466,
    0.00364,
    0.00028,
    2e-05,
    0.0,
    0.0,
    0.0
  ],
  "Espanol": [
    0.0,
    0.0,
    0.0,
    0.0,
    0.0,
    0.0,
    0.0,
    0.0,
    0.0,
    0.0,
    0.0,
    0.0,
    0.0,
    0.0,
    1e-05,
    5e-05,
    0.00129,
    0.02881,
    0.1163,
    0.85354
  ],
  "Sevilla": [
    0.0,
    0.0,
    0.32855,
    0.59152,
    0.07457,
    0.00512,
    0.00024,
    0.0,
    0.0,
    0.0,
    0.0,
    0.0,
    0.0,
    0.0,
    0.0,
    0.0,
    0.0,
    0.0,
    0.0,
    0.0
  ],
  "Betis": [
    0.0,
    0.0,
    0.0,
    0.0,
    0.0,
    0.0,
    0.0,
    1e-05,
    0.0002,
    0.00204,
    0.01655,
    0.06299,
    0.27994,
    0.27993,
    0.18437,
    0.11699,
    0.05341,
    0.0035,
    7e-05,
    0.0
  ],
  "Valladolid": [
    0.0,
    0.0,
    0.0,
    0.0,
    0.0,
    0.0,
    0.0,
    7e-05,
    0.00121,
    0.00607,
    0.02687,
    0.09442,
    0.33928,
    0.26368,
    0.15098,
    0.08329,
    0.03327,
    0.00085,
    1e-05,
    0.0
  ],
  "Ath Madrid": [
    0.0,
    0.00019,
    0.66119,
    0.31787,
    0.02002,
    0.00073,
    0.0,
    0.0,
    0.0,
    0.0,
    0.0,
    0.0,
    0.0,
    0.0,
    0.0,
    0.0,
    0.0,
    0.0,
    0.0,
    0.0
  ],
  "Getafe": [
    0.0,
    0.0,
    0.00415,
    0.03324,
    0.35526,
    0.36875,
    0.16633,
    0.05326,
    0.01673,
    0.00207,
    0.00021,
    0.0,
    0.0,
    0.0,
    0.0,
    0.0,
    0.0,
    0.0,
    0.0,
    0.0
  ]
}