{
  "Man United": [
    2e-05,
    0.00022,
    0.00068,
    0.00273,
    0.00735,
    0.01458,
    0.02617,
    0.03853,
    0.05676,
    0.07933,
    0.09842,
    0.11951,
    0.12683,
    0.12566,
    0.10998,
    0.08392,
    0.05502,
    0.03346,
    0.01531,
    0.00552
  ],
  "Fulham": [
    0.00184,
    0.00743,
    0.02045,
    0.04567,
    0.08428,
    0.11542,
    0.13253,
    0.1305,
    0.11623,
    0.09906,
    0.07896,
    0.05952,
    0.04294,
    0.02984,
    0.01865,
    0.00971,
    0.00461,
    0.00181,
    0.00048,
    7e-05
  ],
  "Ipswich": [
    0.0,
    0.0,
    0.0,
    4e-05,
    0.00018,
    0.00049,
    0.00148,
    0.00344,
    0.00666,
    0.01187,
    0.02112,
    0.0332,
    0.05106,
    0.07821,
    0.11272,
    0.15242,
    0.16794,
    0.16642,
    0.13003,
    0.06272
  ],
  "Liverpool": [
    0.15633,
    0.22442,
    0.22599,
    0.17753,
    0.10118,
    0.05454,
    0.02924,
    0.01527,
    0.00811,
    0.00385,
    0.00209,
    0.00089,
    0.00039,
    0.00014,
    2e-05,
    1e-05,
    0.0,
    0.0,
    0.0,
    0.0
  ],
  "Arsenal": [
    0.21597,
    0.26437,
    0.21872,
    0.14676,
    0.07866,
    0.03811,
    0.01908,
    0.00938,
    0.00482,
    0.00231,
    0.00115,
    0.00042,
    0.00014,
    6e-05,
    4e-05,
    1e-05,
    0.0,
    0.0,
    0.0,
    0.0
  ],
  "Wolves": [
    0.0,
    0.0,
    0.0,
    0.0,
    1e-05,
    3e-05,
    0.00017,
    0.00042,
    0.0007,
    0.00176,
    0.00427,
    0.00767,
    0.01485,
    0.0295,
    0.04905,
    0.08577,
    0.13236,
    0.18904,
    0.26296,
    0.22144
  ],
  "Everton": [
    0.0,
    0.0,
    0.0,
    2e-05,
    3e-05,
    0.00028,
    0.00069,
    0.00166,
    0.00322,
    0.00599,
    0.01119,
    0.02047,
    0.03526,
    0.0574,
    0.09584,
    0.1402,
    0.1765,
    0.19221,
    0.16618,
    0.09286
  ],
  "Brighton": [
    0.00813,
    0.02572,
    0.05631,
    0.10063,
    0.15163,
    0.16042,
    0.13423,
    0.10735,
    0.08289,
    0.06113,
    0.04372,
    0.02928,
    0.01903,
    0.01104,
    0.00492,
    0.00236,
    0.00096,
    0.00021,
    4e-05,
    0.0
  ],
  "Newcastle": [
    0.00046,
    0.00214,
    0.0067,
    0.01843,
    0.03902,
    0.06344,
    0.08661,
    0.10239,
    0.11298,
    0.11559,
    0.11189,
    0.10087,
    0.08824,
    0.06549,
    0.04259,
    0.02344,
    0.01255,
    0.00531,
    0.0015,
    0.00036
  ],
  "Southampton": [
    0.0,
    0.0,
    0.0,
    0.0,
    1e-05,
    2e-05,
    2e-05,
    1e-05,
    4e-05,
    0.00031,
    0.00072,
    0.00167,
    0.00347,
    0.00753,
    0.01516,
    0.03112,
    0.06045,
    0.11814,
    0.2279,
    0.53343
  ],
  "Nott'm Forest": [
    0.00052,
    0.00254,
    0.0075,
    0.02075,
    0.04287,
    0.06976,
    0.09458,
    0.10836,
    0.11404,
    0.11543,
    0.11236,
    0.09763,
    0.07821,
    0.05742,
    0.03759,
    0.02219,
    0.01153,
    0.00499,
    0.0014,
    0.00033
  ],
  "Bournemouth": [
    0.0,
    9e-05,
    0.00041,
    0.00163,
    0.00477,
    0.01117,
    0.01938,
    0.03155,
    0.04626,
    0.06618,
    0.08376,
    0.1052,
    0.1266,
    0.13423,
    0.12981,
    0.10012,
    0.07071,
    0.04247,
    0.01987,
    0.00579
  ],
  "West Ham": [
    0.0001,
    0.00123,
    0.0035,
    0.01069,
    0.02604,
    0.04562,
    0.06527,
    0.08436,
    0.10328,
    0.11221,
    0.11682,
    0.1117,
    0.10138,
    0.08071,
    0.062,
    0.03801,
    0.02135,
    0.01053,
    0.00448,
    0.00072
  ],
  "Aston Villa": [
    0.0014,
    0.00673,
    0.01884,
    0.04403,
    0.07998,
    0.1111,
    0.12566,
    0.12964,
    0.11942,
    0.10219,
    0.08521,
    0.0646,
    0.04576,
    0.03156,
    0.01852,
    0.00933,
    0.00425,
    0.00128,
    0.00045,
    5e-05
  ],
  "Brentford": [
    0.00027,
    0.00168,
    0.00569,
    0.01544,
    0.03608,
    0.05937,
    0.08257,
    0.09893,
    0.10862,
    0.11292,
    0.10937,
    0.1023,
    0.08699,
    0.06962,
    0.05116,
    0.03139,
    0.01676,
    0.00783,
    0.00254,
    0.00047
  ],
  "Crystal Palace": [
    0.0,
    0.0,
    1e-05,
    7e-05,
    0.00021,
    0.00097,
    0.00202,
    0.00439,
    0.00754,
    0.01268,
    0.02089,
    0.03401,
    0.05095,
    0.07506,
    0.10752,
    0.14664,
    0.17217,
    0.1653,
    0.13313,
    0.06644
  ],
  "Chelsea": [
    0.09159,
    0.1707,
    0.21632,
    0.21136,
    0.13556,
    0.07852,
    0.04356,
    0.02403,
    0.01311,
    0.00724,
    0.00395,
    0.00226,
    0.00101,
    0.00057,
    0.00014,
    5e-05,
    2e-05,
    1e-05,
    0.0,
    0.0
  ],
  "Man City": [
    0.50812,
    0.24895,
    0.13294,
    0.06357,
    0.02768,
    0.01145,
    0.00443,
    0.00161,
    0.00082,
    0.00026,
    0.00014,
    3e-05,
    0.0,
    0.0,
    0.0,
    0.0,
    0.0,
    0.0,
    0.0,
    0.0
  ],
  "Leicester": [
    0.0,
    3e-05,
    0.00019,
    0.00068,
    0.00279,
    0.00674,
    0.01284,
    0.02119,
    0.03403,
    0.04774,
    0.06587,
    0.09086,
    0.11656,
    0.14001,
    0.1416,
    0.12213,
    0.09234,
    0.06091,
    0.03369,
    0.0098
  ],
  "Tottenham": [
    0.01525,
    0.04375,
    0.08575,
    0.13997,
    0.18167,
    0.15797,
    0.11947,
    0.08699,
    0.06047,
    0.04195,
    0.0281,
    0.01791,
    0.01033,
    0.00595,
    0.00269,
    0.00118,
    0.00048,
    8e-05,
    4e-05,
    0.0
  ]
}