{
  "Benfica": [
    0.70032,
    0.216,
    0.08109,
    0.00257,
    2e-05,
    0.0,
    0.0,
    0.0,
    0.0,
    0.0,
    0.0,
    0.0,
    0.0,
    0.0,
    0.0,
    0.0,
    0.0,
    0.0
  ],
  "Arouca": [
    0.0,
    0.0,
    0.00036,
    0.03404,
    0.19486,
    0.19364,
    0.15261,
    0.11894,
    0.09323,
    0.06963,
    0.05216,
    0.03851,
    0.02504,
    0.01566,
    0.00797,
    0.00265,
    0.00069,
    1e-05
  ],
  "Rio Ave": [
    0.0,
    0.0,
    2e-05,
    0.00468,
    0.045,
    0.07242,
    0.08939,
    0.10217,
    0.10655,
    0.10963,
    0.10636,
    0.10341,
    0.09206,
    0.07661,
    0.05404,
    0.02939,
    0.00797,
    0.0003
  ],
  "Vizela": [
    0.0,
    0.0,
    4e-05,
    0.01037,
    0.0772,
    0.10752,
    0.1188,
    0.1188,
    0.11426,
    0.1054,
    0.09349,
    0.0815,
    0.06744,
    0.04996,
    0.03491,
    0.01676,
    0.00347,
    8e-05
  ],
  "Estoril": [
    0.0,
    0.0,
    0.0,
    0.00295,
    0.02881,
    0.0498,
    0.06876,
    0.08073,
    0.0928,
    0.10067,
    0.1089,
    0.10753,
    0.10591,
    0.09971,
    0.08841,
    0.0499,
    0.01454,
    0.00058
  ],
  "Famalicao": [
    0.0,
    0.0,
    0.0,
    0.00045,
    0.00682,
    0.01599,
    0.0261,
    0.03909,
    0.0523,
    0.06759,
    0.08548,
    0.10245,
    0.12303,
    0.14845,
    0.16038,
    0.12231,
    0.04673,
    0.00283
  ],
  "Porto": [
    0.15832,
    0.39133,
    0.4113,
    0.03831,
    0.00068,
    6e-05,
    0.0,
    0.0,
    0.0,
    0.0,
    0.0,
    0.0,
    0.0,
    0.0,
    0.0,
    0.0,
    0.0,
    0.0
  ],
  "Maritimo": [
    0.0,
    0.0,
    0.0,
    1e-05,
    1e-05,
    0.00014,
    0.00053,
    0.00092,
    0.00209,
    0.00408,
    0.00659,
    0.01275,
    0.02463,
    0.04443,
    0.0892,
    0.20257,
    0.51602,
    0.09603
  ],
  "Santa Clara": [
    0.0,
    0.0,
    0.0,
    1e-05,
    0.00039,
    0.00161,
    0.00395,
    0.00722,
    0.01305,
    0.02037,
    0.02954,
    0.04449,
    0.07403,
    0.11381,
    0.17191,
    0.28304,
    0.19623,
    0.04035
  ],
  "Casa Pia": [
    0.0,
    3e-05,
    0.00104,
    0.06222,
    0.31917,
    0.20237,
    0.13537,
    0.09339,
    0.0659,
    0.04623,
    0.03175,
    0.02015,
    0.01204,
    0.00635,
    0.00287,
    0.00103,
    9e-05,
    0.0
  ],
  "Sp Braga": [
    0.14041,
    0.38018,
    0.43176,
    0.04681,
    0.0008,
    3e-05,
    1e-05,
    0.0,
    0.0,
    0.0,
    0.0,
    0.0,
    0.0,
    0.0,
    0.0,
    0.0,
    0.0,
    0.0
  ],
  "Sp Lisbon": [
    0.00095,
    0.01244,
    0.07415,
    0.76692,
    0.10011,
    0.02813,
    0.01017,
    0.00422,
    0.00189,
    0.00064,
    0.00025,
    7e-05,
    4e-05,
    2e-05,
    0.0,
    0.0,
    0.0,
    0.0
  ],
  "Chaves": [
    0.0,
    0.0,
    7e-05,
    0.00601,
    0.04952,
    0.07645,
    0.09516,
    0.1065,
    0.11091,
    0.11082,
    0.10774,
    0.09984,
    0.08578,
    0.06882,
    0.04824,
    0.0262,
    0.00762,
    0.00032
  ],
  "Guimaraes": [
    0.0,
    2e-05,
    0.00015,
    0.01781,
    0.11017,
    0.13558,
    0.13763,
    0.12686,
    0.11269,
    0.0962,
    0.08038,
    0.06621,
    0.04955,
    0.0344,
    0.02068,
    0.00959,
    0.00204,
    4e-05
  ],
  "Portimonense": [
    0.0,
    0.0,
    1e-05,
    0.00161,
    0.01885,
    0.03499,
    0.05165,
    0.06649,
    0.07995,
    0.0927,
    0.10512,
    0.11419,
    0.11733,
    0.11447,
    0.10069,
    0.07267,
    0.02811,
    0.00117
  ],
  "Boavista": [
    0.0,
    0.0,
    1e-05,
    0.00467,
    0.04071,
    0.0647,
    0.0829,
    0.09436,
    0.10209,
    0.10755,
    0.10636,
    0.10133,
    0.09466,
    0.08083,
    0.0641,
    0.0417,
    0.01359,
    0.00044
  ],
  "Gil Vicente": [
    0.0,
    0.0,
    0.0,
    0.00056,
    0.00688,
    0.01657,
    0.02697,
    0.04031,
    0.05227,
    0.06848,
    0.08581,
    0.10728,
    0.12764,
    0.14427,
    0.14972,
    0.11568,
    0.05448,
    0.00308
  ],
  "Pacos Ferreira": [
    0.0,
    0.0,
    0.0,
    0.0,
    0.0,
    0.0,
    0.0,
    0.0,
    2e-05,
    1e-05,
    7e-05,
    0.00029,
    0.00082,
    0.00221,
    0.00688,
    0.02651,
    0.10842,
    0.85477
  ]
}