{
  "Ath Bilbao": [
    0.0024,
    0.01894,
    0.0956,
    0.60716,
    0.18375,
    0.06089,
    0.02,
    0.00738,
    0.00238,
    0.00096,
    0.00035,
    0.00015,
    2e-05,
    2e-05,
    0.0,
    0.0,
    0.0,
    0.0,
    0.0,
    0.0
  ],
  "Getafe": [
    0.0,
    0.0,
    0.0,
    6e-05,
    0.00058,
    0.00256,
    0.00697,
    0.01486,
    0.02358,
    0.03778,
    0.05372,
    0.07472,
    0.09974,
    0.12793,
    0.15257,
    0.15404,
    0.12709,
    0.08083,
    0.0366,
    0.00637
  ],
  "Betis": [
    0.0,
    0.0,
    0.00016,
    0.00705,
    0.03307,
    0.07303,
    0.1074,
    0.12715,
    0.12742,
    0.12242,
    0.11066,
    0.09385,
    0.07359,
    0.0537,
    0.03537,
    0.02067,
    0.0099,
    0.00346,
    0.00102,
    8e-05
  ],
  "Girona": [
    0.0,
    1e-05,
    0.00056,
    0.02332,
    0.0887,
    0.15454,
    0.18317,
    0.15094,
    0.11767,
    0.08955,
    0.06662,
    0.04836,
    0.03322,
    0.02179,
    0.01184,
    0.00618,
    0.0026,
    0.00067,
    0.00025,
    1e-05
  ],
  "Celta": [
    0.0,
    0.0,
    4e-05,
    0.00467,
    0.02464,
    0.05931,
    0.09201,
    0.1141,
    0.12133,
    0.11864,
    0.11165,
    0.099,
    0.08635,
    0.06822,
    0.04697,
    0.02943,
    0.01526,
    0.00629,
    0.00193,
    0.00016
  ],
  "Alaves": [
    0.0,
    0.0,
    0.0,
    7e-05,
    0.0003,
    0.00169,
    0.00429,
    0.00866,
    0.01498,
    0.02338,
    0.03511,
    0.05186,
    0.0736,
    0.09998,
    0.13417,
    0.15951,
    0.16186,
    0.12913,
    0.08069,
    0.02072
  ],
  "Las Palmas": [
    0.0,
    0.0,
    0.0,
    0.00077,
    0.00581,
    0.01826,
    0.03722,
    0.05505,
    0.07478,
    0.08952,
    0.10422,
    0.11499,
    0.1217,
    0.11572,
    0.09865,
    0.07518,
    0.0497,
    0.02705,
    0.00995,
    0.00143
  ],
  "Sevilla": [
    0.0,
    0.0,
    0.0,
    0.00028,
    0.0027,
    0.0096,
    0.02199,
    0.03573,
    0.05265,
    0.0703,
    0.08885,
    0.10748,
    0.12393,
    0.13146,
    0.12342,
    0.10038,
    0.07008,
    0.04155,
    0.01721,
    0.00239
  ],
  "Osasuna": [
    0.0,
    0.0,
    9e-05,
    0.00384,
    0.01935,
    0.04961,
    0.08482,
    0.10954,
    0.12198,
    0.12414,
    0.11861,
    0.10788,
    0.08876,
    0.06911,
    0.04854,
    0.03003,
    0.01536,
    0.00643,
    0.00181,
    0.0001
  ],
  "Leganes": [
    0.0,
    0.0,
    0.0,
    0.0,
    4e-05,
    0.00012,
    0.00061,
    0.00118,
    0.00286,
    0.00573,
    0.0103,
    0.01828,
    0.03049,
    0.05162,
    0.08069,
    0.12785,
    0.18156,
    0.2333,
    0.19421,
    0.06116
  ],
  "Valencia": [
    0.0,
    0.0,
    0.0,
    0.0,
    2e-05,
    3e-05,
    0.00018,
    0.00058,
    0.00116,
    0.00228,
    0.00433,
    0.00776,
    0.01518,
    0.02773,
    0.04639,
    0.07778,
    0.12853,
    0.2078,
    0.31468,
    0.16557
  ],
  "Barcelona": [
    0.59129,
    0.28954,
    0.1129,
    0.00603,
    0.00022,
    0.0,
    2e-05,
    0.0,
    0.0,
    0.0,
    0.0,
    0.0,
    0.0,
    0.0,
    0.0,
    0.0,
    0.0,
    0.0,
    0.0,
    0.0
  ],
  "Sociedad": [
    0.0,
    0.00018,
    0.00317,
    0.0819,
    0.25189,
    0.25178,
    0.16082,
    0.09982,
    0.06267,
    0.03722,
    0.02387,
    0.01368,
    0.00742,
    0.00348,
    0.00137,
    0.00044,
    0.00023,
    5e-05,
    1e-05,
    0.0
  ],
  "Vallecano": [
    0.0,
    0.0,
    3e-05,
    0.00195,
    0.01551,
    0.03783,
    0.06639,
    0.08569,
    0.10426,
    0.11253,
    0.11606,
    0.1161,
    0.10659,
    0.0897,
    0.06597,
    0.04257,
    0.02461,
    0.01049,
    0.00339,
    0.00033
  ],
  "Mallorca": [
    0.0,
    0.0,
    2e-05,
    0.00282,
    0.02054,
    0.05389,
    0.0921,
    0.11619,
    0.12661,
    0.12932,
    0.1217,
    0.1057,
    0.08503,
    0.06395,
    0.04297,
    0.02267,
    0.01139,
    0.00406,
    0.00095,
    9e-05
  ],
  "Real Madrid": [
    0.28709,
    0.41682,
    0.26742,
    0.02625,
    0.00219,
    0.00021,
    2e-05,
    0.0,
    0.0,
    0.0,
    0.0,
    0.0,
    0.0,
    0.0,
    0.0,
    0.0,
    0.0,
    0.0,
    0.0,
    0.0
  ],
  "Valladolid": [
    0.0,
    0.0,
    0.0,
    0.0,
    0.0,
    0.0,
    0.0,
    0.0,
    1e-05,
    4e-05,
    7e-05,
    0.00033,
    0.00046,
    0.00182,
    0.00423,
    0.01034,
    0.02602,
    0.06712,
    0.19581,
    0.69375
  ],
  "Espanol": [
    0.0,
    0.0,
    0.0,
    1e-05,
    0.00012,
    0.00072,
    0.00202,
    0.00404,
    0.00794,
    0.01295,
    0.0213,
    0.03266,
    0.0504,
    0.07229,
    0.10603,
    0.1427,
    0.17574,
    0.18175,
    0.14149,
    0.04784
  ],
  "Villarreal": [
    7e-05,
    0.00085,
    0.01045,
    0.14915,
    0.33957,
    0.22425,
    0.11975,
    0.06904,
    0.03772,
    0.02323,
    0.01258,
    0.0072,
    0.00352,
    0.00148,
    0.00082,
    0.00023,
    7e-05,
    2e-05,
    0.0,
    0.0
  ],
  "Ath Madrid": [
    0.11915,
    0.27366,
    0.50956,
    0.08467,
    0.011,
    0.00168,
    0.00022,
    5e-05,
    0.0,
    1e-05,
    0.0,
    0.0,
    0.0,
    0.0,
    0.0,
    0.0,
    0.0,
    0.0,
    0.0,
    0.0
  ]
}