{
  "Sp Lisbon": [
    0.93184,
    0.05899,
    0.00915,
    2e-05,
    0.0,
    0.0,
    0.0,
    0.0,
    0.0,
    0.0,
    0.0,
    0.0,
    0.0,
    0.0,
    0.0,
    0.0,
    0.0,
    0.0
  ],
  "Rio Ave": [
    0.0,
    0.0,
    0.0,
    0.00056,
    0.00469,
    0.01208,
    0.0277,
    0.05736,
    0.12131,
    0.17146,
    0.19073,
    0.14463,
    0.10244,
    0.06909,
    0.04543,
    0.02782,
    0.01733,
    0.00737
  ],
  "AVS": [
    0.0,
    0.0,
    0.0,
    1e-05,
    0.00012,
    0.00032,
    0.002,
    0.00622,
    0.02065,
    0.04597,
    0.08378,
    0.11788,
    0.13428,
    0.14123,
    0.13937,
    0.1238,
    0.10571,
    0.07866
  ],
  "Nacional": [
    0.0,
    0.0,
    0.0,
    0.0,
    1e-05,
    9e-05,
    0.00028,
    0.00124,
    0.00632,
    0.0172,
    0.03609,
    0.06295,
    0.08669,
    0.11535,
    0.13809,
    0.15968,
    0.17865,
    0.19736
  ],
  "Casa Pia": [
    0.0,
    0.0,
    0.0,
    0.00189,
    0.01138,
    0.02824,
    0.05725,
    0.1084,
    0.21174,
    0.2224,
    0.15437,
    0.09283,
    0.05269,
    0.02911,
    0.01603,
    0.00864,
    0.00367,
    0.00136
  ],
  "Boavista": [
    0.0,
    0.0,
    0.0,
    0.0,
    0.00013,
    0.00034,
    0.00186,
    0.00572,
    0.02221,
    0.05268,
    0.09442,
    0.13312,
    0.14706,
    0.14333,
    0.12866,
    0.11201,
    0.09107,
    0.06739
  ],
  "Porto": [
    0.0366,
    0.5251,
    0.43477,
    0.00346,
    7e-05,
    0.0,
    0.0,
    0.0,
    0.0,
    0.0,
    0.0,
    0.0,
    0.0,
    0.0,
    0.0,
    0.0,
    0.0,
    0.0
  ],
  "Gil Vicente": [
    0.0,
    0.0,
    0.0,
    0.0018,
    0.01067,
    0.02778,
    0.06166,
    0.1171,
    0.22558,
    0.21146,
    0.1467,
    0.08578,
    0.04907,
    0.02923,
    0.01648,
    0.0092,
    0.00537,
    0.00212
  ],
  "Estoril": [
    0.0,
    0.0,
    0.0,
    1e-05,
    8e-05,
    0.00026,
    0.00115,
    0.00393,
    0.01463,
    0.03466,
    0.06638,
    0.10162,
    0.12836,
    0.14064,
    0.14639,
    0.14112,
    0.12541,
    0.09536
  ],
  "Santa Clara": [
    0.0,
    2e-05,
    0.00078,
    0.16678,
    0.31123,
    0.21642,
    0.1559,
    0.09623,
    0.03573,
    0.01242,
    0.00337,
    0.00082,
    0.00021,
    6e-05,
    3e-05,
    0.0,
    0.0,
    0.0
  ],
  "Famalicao": [
    0.0,
    0.0,
    0.00023,
    0.08085,
    0.1961,
    0.2385,
    0.20825,
    0.15639,
    0.0758,
    0.03007,
    0.00957,
    0.0027,
    0.00111,
    0.00031,
    8e-05,
    4e-05,
    0.0,
    0.0
  ],
  "Benfica": [
    0.03156,
    0.41536,
    0.54595,
    0.00695,
    0.00016,
    2e-05,
    0.0,
    0.0,
    0.0,
    0.0,
    0.0,
    0.0,
    0.0,
    0.0,
    0.0,
    0.0,
    0.0,
    0.0
  ],
  "Farense": [
    0.0,
    0.0,
    0.0,
    0.0,
    0.0,
    4e-05,
    7e-05,
    0.00068,
    0.00397,
    0.01205,
    0.02724,
    0.04905,
    0.07646,
    0.1042,
    0.13756,
    0.16716,
    0.19728,
    0.22424
  ],
  "Moreirense": [
    0.0,
    0.0,
    0.0001,
    0.04563,
    0.14084,
    0.20075,
    0.22177,
    0.21104,
    0.10415,
    0.04716,
    0.0185,
    0.00647,
    0.00227,
    0.00099,
    0.00019,
    0.0001,
    3e-05,
    1e-05
  ],
  "Sp Braga": [
    0.0,
    0.00053,
    0.00899,
    0.64649,
    0.19602,
    0.08392,
    0.03988,
    0.01782,
    0.00522,
    0.00098,
    0.00013,
    2e-05,
    0.0,
    0.0,
    0.0,
    0.0,
    0.0,
    0.0
  ],
  "Estrela": [
    0.0,
    0.0,
    0.0,
    4e-05,
    8e-05,
    0.00068,
    0.00298,
    0.00963,
    0.03518,
    0.07426,
    0.12079,
    0.15052,
    0.15032,
    0.13253,
    0.11063,
    0.0928,
    0.07102,
    0.04854
  ],
  "Arouca": [
    0.0,
    0.0,
    0.0,
    0.0,
    0.0,
    2e-05,
    0.00015,
    0.0005,
    0.00321,
    0.01064,
    0.02329,
    0.04287,
    0.06615,
    0.09293,
    0.1207,
    0.15754,
    0.20441,
    0.27759
  ],
  "Guimaraes": [
    0.0,
    0.0,
    3e-05,
    0.04551,
    0.12842,
    0.19054,
    0.2191,
    0.20774,
    0.1143,
    0.05659,
    0.02464,
    0.00874,
    0.00289,
    0.001,
    0.00036,
    9e-05,
    5e-05,
    0.0
  ]
}