{
  "Crystal Palace": [
    0.0,
    0.0,
    0.0,
    0.0,
    0.0,
    0.0,
    0.0,
    0.0,
    0.00167,
    0.01444,
    0.2057,
    0.26501,
    0.24499,
    0.14139,
    0.08372,
    0.02842,
    0.01077,
    0.00342,
    0.00046,
    1e-05
  ],
  "Arsenal": [
    0.63931,
    0.35808,
    0.0026,
    1e-05,
    0.0,
    0.0,
    0.0,
    0.0,
    0.0,
    0.0,
    0.0,
    0.0,
    0.0,
    0.0,
    0.0,
    0.0,
    0.0,
    0.0,
    0.0,
    0.0
  ],
  "Fulham": [
    0.0,
    0.0,
    0.0,
    5e-05,
    0.00161,
    0.00628,
    0.02088,
    0.06481,
    0.28559,
    0.53985,
    0.07043,
    0.00912,
    0.00127,
    0.00011,
    0.0,
    0.0,
    0.0,
    0.0,
    0.0,
    0.0
  ],
  "Liverpool": [
    0.0,
    0.0,
    0.00888,
    0.05732,
    0.29762,
    0.25273,
    0.19939,
    0.13308,
    0.04082,
    0.01008,
    8e-05,
    0.0,
    0.0,
    0.0,
    0.0,
    0.0,
    0.0,
    0.0,
    0.0,
    0.0
  ],
  "Bournemouth": [
    0.0,
    0.0,
    0.0,
    0.0,
    0.0,
    0.0,
    0.0,
    0.0,
    4e-05,
    0.00104,
    0.05218,
    0.11655,
    0.14192,
    0.20286,
    0.23924,
    0.12765,
    0.06903,
    0.03472,
    0.01244,
    0.00233
  ],
  "Aston Villa": [
    0.0,
    0.0,
    0.00339,
    0.02605,
    0.16261,
    0.22442,
    0.25552,
    0.26358,
    0.05697,
    0.00743,
    3e-05,
    0.0,
    0.0,
    0.0,
    0.0,
    0.0,
    0.0,
    0.0,
    0.0,
    0.0
  ],
  "Leeds": [
    0.0,
    0.0,
    0.0,
    0.0,
    0.0,
    0.0,
    0.0,
    0.0,
    0.0,
    0.0,
    0.00085,
    0.0049,
    0.01536,
    0.0492,
    0.10727,
    0.18722,
    0.21369,
    0.2098,
    0.15988,
    0.05183
  ],
  "Wolves": [
    0.0,
    0.0,
    0.0,
    0.0,
    0.0,
    0.0,
    0.0,
    0.0,
    0.00041,
    0.0068,
    0.14332,
    0.23323,
    0.27053,
    0.20358,
    0.10107,
    0.03136,
    0.00811,
    0.00138,
    0.0002,
    1e-05
  ],
  "Newcastle": [
    9e-05,
    0.00421,
    0.39692,
    0.47505,
    0.08962,
    0.02628,
    0.00668,
    0.00111,
    4e-05,
    0.0,
    0.0,
    0.0,
    0.0,
    0.0,
    0.0,
    0.0,
    0.0,
    0.0,
    0.0,
    0.0
  ],
  "Nott'm Forest": [
    0.0,
    0.0,
    0.0,
    0.0,
    0.0,
    0.0,
    0.0,
    0.0,
    0.0,
    0.0,
    0.00122,
    0.00466,
    0.0141,
    0.02963,
    0.06548,
    0.14974,
    0.20062,
    0.22032,
    0.1994,
    0.11483
  ],
  "Tottenham": [
    0.0,
    0.0,
    0.00681,
    0.03888,
    0.19601,
    0.23772,
    0.24981,
    0.20063,
    0.05889,
    0.01122,
    3e-05,
    0.0,
    0.0,
    0.0,
    0.0,
    0.0,
    0.0,
    0.0,
    0.0,
    0.0
  ],
  "Southampton": [
    0.0,
    0.0,
    0.0,
    0.0,
    0.0,
    0.0,
    0.0,
    0.0,
    0.0,
    0.0,
    0.0,
    6e-05,
    0.00033,
    0.00174,
    0.00795,
    0.03114,
    0.05912,
    0.10393,
    0.19151,
    0.60422
  ],
  "Everton": [
    0.0,
    0.0,
    0.0,
    0.0,
    0.0,
    0.0,
    0.0,
    0.0,
    0.0,
    0.0,
    0.00069,
    0.00534,
    0.0139,
    0.03235,
    0.07346,
    0.16876,
    0.1891,
    0.19275,
    0.2058,
    0.11785
  ],
  "Chelsea": [
    0.0,
    0.0,
    0.0,
    0.0,
    0.0,
    0.0,
    2e-05,
    0.00043,
    0.01007,
    0.06835,
    0.45866,
    0.22867,
    0.12665,
    0.07012,
    0.03034,
    0.00572,
    0.00092,
    5e-05,
    0.0,
    0.0
  ],
  "Leicester": [
    0.0,
    0.0,
    0.0,
    0.0,
    0.0,
    0.0,
    0.0,
    0.0,
    0.0,
    0.0,
    0.00041,
    0.00215,
    0.00798,
    0.02546,
    0.06565,
    0.16259,
    0.1952,
    0.20925,
    0.223,
    0.10831
  ],
  "Brentford": [
    0.0,
    0.0,
    0.0,
    1e-05,
    0.00255,
    0.01212,
    0.03765,
    0.10986,
    0.48849,
    0.32544,
    0.02154,
    0.00221,
    0.00013,
    0.0,
    0.0,
    0.0,
    0.0,
    0.0,
    0.0,
    0.0
  ],
  "Man United": [
    0.00047,
    0.00995,
    0.55615,
    0.35105,
    0.06048,
    0.01647,
    0.0047,
    0.00072,
    1e-05,
    0.0,
    0.0,
    0.0,
    0.0,
    0.0,
    0.0,
    0.0,
    0.0,
    0.0,
    0.0,
    0.0
  ],
  "Brighton": [
    0.0,
    0.0,
    0.01351,
    0.05121,
    0.1895,
    0.22398,
    0.22535,
    0.22578,
    0.05688,
    0.0135,
    0.00029,
    0.0,
    0.0,
    0.0,
    0.0,
    0.0,
    0.0,
    0.0,
    0.0,
    0.0
  ],
  "West Ham": [
    0.0,
    0.0,
    0.0,
    0.0,
    0.0,
    0.0,
    0.0,
    0.0,
    0.00012,
    0.00185,
    0.04457,
    0.1281,
    0.16284,
    0.24356,
    0.22582,
    0.1074,
    0.05344,
    0.02438,
    0.00731,
    0.00061
  ],
  "Man City": [
    0.36013,
    0.62776,
    0.01174,
    0.00037,
    0.0,
    0.0,
    0.0,
    0.0,
    0.0,
    0.0,
    0.0,
    0.0,
    0.0,
    0.0,
    0.0,
    0.0,
    0.0,
    0.0,
    0.0,
    0.0
  ]
}