{
  "Sp Braga": [
    0.09423,
    0.16351,
    0.28913,
    0.27318,
    0.12871,
    0.04347,
    0.00617,
    0.00119,
    0.00033,
    7e-05,
    1e-05,
    0.0,
    0.0,
    0.0,
    0.0,
    0.0,
    0.0,
    0.0
  ],
  "Famalicao": [
    0.0,
    4e-05,
    0.00027,
    0.00157,
    0.01113,
    0.0452,
    0.13961,
    0.14745,
    0.13849,
    0.11828,
    0.10402,
    0.08567,
    0.07226,
    0.0542,
    0.03901,
    0.02547,
    0.01313,
    0.0042
  ],
  "Gil Vicente": [
    0.0,
    0.0,
    3e-05,
    0.00015,
    0.00197,
    0.01128,
    0.04831,
    0.07071,
    0.08642,
    0.09531,
    0.1032,
    0.10892,
    0.10689,
    0.10506,
    0.09743,
    0.08164,
    0.05896,
    0.02372
  ],
  "Portimonense": [
    0.0,
    0.0,
    0.0,
    2e-05,
    0.00016,
    0.00192,
    0.01209,
    0.0232,
    0.03571,
    0.04841,
    0.06517,
    0.08009,
    0.0981,
    0.11859,
    0.1386,
    0.15003,
    0.14588,
    0.08203
  ],
  "Farense": [
    0.0,
    2e-05,
    0.00035,
    0.0021,
    0.01389,
    0.05471,
    0.16752,
    0.1614,
    0.13778,
    0.11675,
    0.09542,
    0.07593,
    0.06065,
    0.04589,
    0.03305,
    0.02065,
    0.01092,
    0.00297
  ],
  "Casa Pia": [
    0.0,
    0.0,
    2e-05,
    0.00034,
    0.00257,
    0.01445,
    0.05935,
    0.08187,
    0.09529,
    0.10618,
    0.10874,
    0.10922,
    0.10514,
    0.09865,
    0.08556,
    0.06772,
    0.04645,
    0.01845
  ],
  "Sp Lisbon": [
    0.34652,
    0.34058,
    0.18166,
    0.0927,
    0.03024,
    0.00762,
    0.0006,
    6e-05,
    2e-05,
    0.0,
    0.0,
    0.0,
    0.0,
    0.0,
    0.0,
    0.0,
    0.0,
    0.0
  ],
  "Vizela": [
    0.0,
    0.0,
    0.0,
    1e-05,
    0.00021,
    0.0018,
    0.01052,
    0.02059,
    0.03076,
    0.04489,
    0.05815,
    0.07473,
    0.0892,
    0.1107,
    0.13537,
    0.15781,
    0.16196,
    0.1033
  ],
  "Rio Ave": [
    0.0,
    0.0,
    0.0,
    2e-05,
    0.00012,
    0.00098,
    0.00616,
    0.0129,
    0.02167,
    0.03194,
    0.0444,
    0.05881,
    0.07801,
    0.10047,
    0.12744,
    0.16471,
    0.20531,
    0.14706
  ],
  "Chaves": [
    0.0,
    0.0,
    0.0,
    0.0,
    0.0,
    2e-05,
    0.0003,
    0.00093,
    0.00183,
    0.00379,
    0.00664,
    0.01191,
    0.0197,
    0.03347,
    0.05778,
    0.10265,
    0.20348,
    0.5575
  ],
  "Estrela": [
    0.0,
    0.0,
    4e-05,
    0.00025,
    0.002,
    0.0122,
    0.05269,
    0.07767,
    0.09401,
    0.10529,
    0.11124,
    0.11145,
    0.10951,
    0.10116,
    0.08798,
    0.06971,
    0.04751,
    0.01729
  ],
  "Guimaraes": [
    0.00603,
    0.02518,
    0.07163,
    0.16077,
    0.33307,
    0.28332,
    0.07509,
    0.02616,
    0.01099,
    0.00465,
    0.00195,
    0.00075,
    0.00026,
    0.00014,
    1e-05,
    0.0,
    0.0,
    0.0
  ],
  "Arouca": [
    0.0,
    1e-05,
    0.00011,
    0.00073,
    0.0059,
    0.02455,
    0.08464,
    0.10988,
    0.11734,
    0.11957,
    0.11451,
    0.10427,
    0.09228,
    0.07915,
    0.06227,
    0.04784,
    0.02778,
    0.00917
  ],
  "Estoril": [
    1e-05,
    3e-05,
    0.00052,
    0.00326,
    0.01991,
    0.07298,
    0.19215,
    0.16914,
    0.13902,
    0.1088,
    0.08442,
    0.06855,
    0.05223,
    0.03761,
    0.02542,
    0.01632,
    0.00774,
    0.00189
  ],
  "Moreirense": [
    0.00192,
    0.01164,
    0.03928,
    0.10939,
    0.29333,
    0.36538,
    0.10471,
    0.04097,
    0.01798,
    0.00815,
    0.00359,
    0.00198,
    0.00105,
    0.00042,
    0.00019,
    2e-05,
    0.0,
    0.0
  ],
  "Porto": [
    0.08791,
    0.17612,
    0.26095,
    0.28294,
    0.13488,
    0.04922,
    0.00643,
    0.00121,
    0.00027,
    5e-05,
    2e-05,
    0.0,
    0.0,
    0.0,
    0.0,
    0.0,
    0.0,
    0.0
  ],
  "Boavista": [
    0.0,
    0.0,
    0.0,
    8e-05,
    0.00109,
    0.00676,
    0.03343,
    0.05462,
    0.07209,
    0.08786,
    0.09852,
    0.10772,
    0.11472,
    0.11449,
    0.10989,
    0.09543,
    0.07088,
    0.03242
  ],
  "Benfica": [
    0.46338,
    0.28287,
    0.15601,
    0.07249,
    0.02082,
    0.00414,
    0.00023,
    5e-05,
    0.0,
    1e-05,
    0.0,
    0.0,
    0.0,
    0.0,
    0.0,
    0.0,
    0.0,
    0.0
  ]
}