{
  "Cuiabá / MT": [
    0.00277,
    0.00785,
    0.01494,
    0.02357,
    0.03348,
    0.04733,
    0.05821,
    0.06942,
    0.07021,
    0.07788,
    0.07863,
    0.07749,
    0.07656,
    0.07331,
    0.07335,
    0.06552,
    0.05759,
    0.0469,
    0.03561,
    0.00938
  ],
  "Juventude / RS": [
    0.00213,
    0.006,
    0.01296,
    0.02343,
    0.03442,
    0.04445,
    0.05266,
    0.06037,
    0.06441,
    0.06644,
    0.06941,
    0.07199,
    0.07267,
    0.07457,
    0.07552,
    0.07524,
    0.07151,
    0.06281,
    0.04534,
    0.01367
  ],
  "Bahia / BA": [
    0.00035,
    0.00206,
    0.00503,
    0.00947,
    0.01706,
    0.02476,
    0.03193,
    0.03914,
    0.0477,
    0.05206,
    0.05993,
    0.0655,
    0.07135,
    0.0816,
    0.08673,
    0.09564,
    0.10061,
    0.09992,
    0.08248,
    0.02668
  ],
  "Santos / SP": [
    0.00081,
    0.00294,
    0.00717,
    0.01349,
    0.02203,
    0.03253,
    0.04051,
    0.04879,
    0.05508,
    0.06123,
    0.06555,
    0.07165,
    0.07662,
    0.08334,
    0.0881,
    0.08636,
    0.08699,
    0.07943,
    0.0604,
    0.01698
  ],
  "São Paulo / SP": [
    0.00181,
    0.00686,
    0.01472,
    0.02493,
    0.03554,
    0.04737,
    0.05543,
    0.06191,
    0.06755,
    0.07085,
    0.07354,
    0.07593,
    0.07667,
    0.07707,
    0.07379,
    0.07038,
    0.06458,
    0.05339,
    0.03777,
    0.00991
  ],
  "Fluminense / RJ": [
    0.00194,
    0.00614,
    0.01345,
    0.02253,
    0.03356,
    0.04462,
    0.05406,
    0.06088,
    0.06649,
    0.07104,
    0.07493,
    0.0777,
    0.08083,
    0.07545,
    0.07391,
    0.07463,
    0.06412,
    0.05391,
    0.03799,
    0.01182
  ],
  "Atlético Mineiro / MG": [
    0.46172,
    0.22743,
    0.12903,
    0.07643,
    0.04418,
    0.02519,
    0.01488,
    0.00895,
    0.00526,
    0.00314,
    0.0019,
    0.00099,
    0.00047,
    0.00024,
    0.00012,
    6e-05,
    1e-05,
    0.0,
    0.0,
    0.0
  ],
  "Fortaleza / CE": [
    0.06911,
    0.11722,
    0.13769,
    0.14122,
    0.12661,
    0.10225,
    0.07987,
    0.06097,
    0.04786,
    0.03527,
    0.02728,
    0.01841,
    0.01313,
    0.00998,
    0.00647,
    0.00369,
    0.00201,
    0.00069,
    0.00025,
    2e-05
  ],
  "Flamengo / RJ": [
    0.13151,
    0.16835,
    0.15991,
    0.13551,
    0.10616,
    0.08178,
    0.0603,
    0.04383,
    0.03321,
    0.02428,
    0.01788,
    0.01322,
    0.00993,
    0.00622,
    0.00387,
    0.00213,
    0.00119,
    0.00051,
    0.00018,
    3e-05
  ],
  "Palmeiras / SP": [
    0.19967,
    0.21794,
    0.17504,
    0.12661,
    0.08998,
    0.06238,
    0.04105,
    0.02887,
    0.01976,
    0.01396,
    0.00928,
    0.00606,
    0.00391,
    0.00255,
    0.00134,
    0.00087,
    0.00043,
    0.00021,
    9e-05,
    0.0
  ],
  "Ceará / CE": [
    0.00517,
    0.01475,
    0.02646,
    0.04005,
    0.05271,
    0.065,
    0.07273,
    0.07619,
    0.07853,
    0.07739,
    0.08111,
    0.07806,
    0.07171,
    0.06447,
    0.05692,
    0.04886,
    0.03996,
    0.02944,
    0.0168,
    0.00369
  ],
  "Grêmio / RS": [
    0.00022,
    0.00099,
    0.00227,
    0.00437,
    0.00846,
    0.01259,
    0.01747,
    0.02297,
    0.02863,
    0.03795,
    0.04631,
    0.05276,
    0.06334,
    0.07483,
    0.08685,
    0.09859,
    0.11439,
    0.13002,
    0.13929,
    0.0577
  ],
  "Corinthians / SP": [
    0.01689,
    0.0386,
    0.06138,
    0.0792,
    0.09319,
    0.09671,
    0.09518,
    0.08791,
    0.08046,
    0.07329,
    0.06166,
    0.05413,
    0.04485,
    0.0363,
    0.02863,
    0.02117,
    0.01553,
    0.00978,
    0.00439,
    0.00075
  ],
  "Atlético Goianiense / GO": [
    0.00731,
    0.02066,
    0.03646,
    0.05073,
    0.0644,
    0.07438,
    0.08187,
    0.08523,
    0.08297,
    0.07998,
    0.07631,
    0.0692,
    0.063,
    0.05482,
    0.0476,
    0.03925,
    0.02963,
    0.02195,
    0.01193,
    0.00232
  ],
  "Athletico Paranaense / PR": [
    0.00668,
    0.01847,
    0.03097,
    0.04566,
    0.0596,
    0.06884,
    0.07596,
    0.07942,
    0.07931,
    0.07853,
    0.07314,
    0.07008,
    0.06532,
    0.06128,
    0.05271,
    0.04653,
    0.03789,
    0.02847,
    0.01729,
    0.00385
  ],
  "América / MG": [
    0.00014,
    0.00103,
    0.00275,
    0.00536,
    0.00989,
    0.01438,
    0.02116,
    0.02629,
    0.03458,
    0.04064,
    0.04725,
    0.05499,
    0.06453,
    0.07553,
    0.08627,
    0.09853,
    0.11647,
    0.12812,
    0.12676,
    0.04533
  ],
  "Chapecoense / SC": [
    0.0,
    0.0,
    0.0,
    3e-05,
    7e-05,
    0.00021,
    0.00031,
    0.00052,
    0.0008,
    0.00126,
    0.00212,
    0.00304,
    0.00518,
    0.00742,
    0.01171,
    0.02042,
    0.03355,
    0.06655,
    0.15538,
    0.69143
  ],
  "Red Bull Bragantino / SP": [
    0.08819,
    0.13165,
    0.14816,
    0.14278,
    0.12044,
    0.09253,
    0.07132,
    0.05341,
    0.04082,
    0.03146,
    0.02361,
    0.01791,
    0.01363,
    0.00936,
    0.00674,
    0.00428,
    0.00224,
    0.00113,
    0.00028,
    6e-05
  ],
  "Internacional / RS": [
    0.0034,
    0.01051,
    0.02039,
    0.03211,
    0.04398,
    0.05561,
    0.06435,
    0.0692,
    0.07567,
    0.07598,
    0.07691,
    0.08168,
    0.0784,
    0.07385,
    0.06645,
    0.05817,
    0.04734,
    0.0376,
    0.02366,
    0.00474
  ],
  "Sport / PE": [
    0.00018,
    0.00055,
    0.00122,
    0.00252,
    0.00424,
    0.00709,
    0.01075,
    0.01573,
    0.0207,
    0.02737,
    0.03325,
    0.03921,
    0.0479,
    0.05781,
    0.07292,
    0.08968,
    0.11396,
    0.14917,
    0.20411,
    0.10164
  ]
}