{
  "Benfica": [
    0.48377,
    0.28654,
    0.17642,
    0.04442,
    0.00689,
    0.00145,
    0.00038,
    0.00011,
    0.0,
    2e-05,
    0.0,
    0.0,
    0.0,
    0.0,
    0.0,
    0.0,
    0.0,
    0.0
  ],
  "Arouca": [
    0.0,
    0.0,
    3e-05,
    0.00079,
    0.00376,
    0.00916,
    0.01761,
    0.02838,
    0.04408,
    0.06265,
    0.09101,
    0.12753,
    0.15592,
    0.16891,
    0.15166,
    0.10497,
    0.02873,
    0.00481
  ],
  "Rio Ave": [
    1e-05,
    0.00033,
    0.00316,
    0.02798,
    0.07965,
    0.1088,
    0.12365,
    0.13021,
    0.12633,
    0.11548,
    0.09877,
    0.07549,
    0.05248,
    0.03211,
    0.01743,
    0.00683,
    0.00114,
    0.00015
  ],
  "Vizela": [
    6e-05,
    0.00013,
    0.00127,
    0.01374,
    0.04472,
    0.0681,
    0.09121,
    0.10742,
    0.12177,
    0.12883,
    0.12468,
    0.10675,
    0.08308,
    0.05462,
    0.03475,
    0.01583,
    0.00275,
    0.00029
  ],
  "Estoril": [
    0.0003,
    0.00297,
    0.01561,
    0.08785,
    0.18954,
    0.1756,
    0.14811,
    0.11955,
    0.09064,
    0.06555,
    0.04556,
    0.02798,
    0.0165,
    0.0092,
    0.00393,
    0.00104,
    6e-05,
    1e-05
  ],
  "Famalicao": [
    0.0,
    0.0,
    2e-05,
    0.00058,
    0.00252,
    0.00591,
    0.01092,
    0.02007,
    0.03126,
    0.04993,
    0.07596,
    0.10417,
    0.14116,
    0.18015,
    0.18747,
    0.13947,
    0.04232,
    0.00809
  ],
  "Porto": [
    0.27604,
    0.34124,
    0.28112,
    0.08076,
    0.01523,
    0.00363,
    0.0014,
    0.00042,
    8e-05,
    4e-05,
    3e-05,
    1e-05,
    0.0,
    0.0,
    0.0,
    0.0,
    0.0,
    0.0
  ],
  "Maritimo": [
    0.0,
    0.0,
    0.0,
    0.0,
    0.0,
    0.0,
    2e-05,
    4e-05,
    0.00022,
    0.00019,
    0.00108,
    0.00268,
    0.00672,
    0.01605,
    0.03965,
    0.10908,
    0.38977,
    0.4345
  ],
  "Santa Clara": [
    0.0,
    0.0,
    0.0,
    7e-05,
    0.00036,
    0.00109,
    0.00263,
    0.00543,
    0.01107,
    0.01898,
    0.03323,
    0.05601,
    0.09509,
    0.1402,
    0.20319,
    0.26776,
    0.12026,
    0.04463
  ],
  "Casa Pia": [
    0.00012,
    0.00041,
    0.00373,
    0.02546,
    0.07962,
    0.10588,
    0.12342,
    0.13293,
    0.13253,
    0.11953,
    0.09987,
    0.07569,
    0.0496,
    0.02988,
    0.01479,
    0.00569,
    0.00083,
    2e-05
  ],
  "Sp Braga": [
    0.22195,
    0.30485,
    0.32873,
    0.11226,
    0.02241,
    0.00664,
    0.00188,
    0.0008,
    0.00031,
    0.00011,
    5e-05,
    1e-05,
    0.0,
    0.0,
    0.0,
    0.0,
    0.0,
    0.0
  ],
  "Sp Lisbon": [
    0.0171,
    0.05797,
    0.15959,
    0.42508,
    0.1712,
    0.08246,
    0.04224,
    0.02238,
    0.01161,
    0.00598,
    0.00281,
    0.00105,
    0.00039,
    9e-05,
    5e-05,
    0.0,
    0.0,
    0.0
  ],
  "Chaves": [
    0.00035,
    0.0029,
    0.01511,
    0.08582,
    0.17191,
    0.16988,
    0.15,
    0.12198,
    0.09385,
    0.07131,
    0.04971,
    0.03271,
    0.01855,
    0.00957,
    0.00447,
    0.00171,
    0.00015,
    2e-05
  ],
  "Guimaraes": [
    0.0003,
    0.00252,
    0.01381,
    0.07921,
    0.15681,
    0.16568,
    0.14746,
    0.123,
    0.10147,
    0.07731,
    0.05567,
    0.037,
    0.02146,
    0.01124,
    0.00502,
    0.00187,
    0.00015,
    2e-05
  ],
  "Portimonense": [
    0.0,
    0.00012,
    0.00113,
    0.01209,
    0.03951,
    0.06449,
    0.08761,
    0.10594,
    0.12083,
    0.13222,
    0.1258,
    0.10933,
    0.08449,
    0.05812,
    0.03654,
    0.01831,
    0.0032,
    0.00027
  ],
  "Boavista": [
    0.0,
    2e-05,
    0.00025,
    0.00372,
    0.01455,
    0.02738,
    0.04353,
    0.0665,
    0.08838,
    0.11061,
    0.13121,
    0.14297,
    0.13232,
    0.10544,
    0.07705,
    0.04599,
    0.00913,
    0.00095
  ],
  "Gil Vicente": [
    0.0,
    0.0,
    2e-05,
    0.00017,
    0.00132,
    0.00384,
    0.00792,
    0.0148,
    0.02548,
    0.04094,
    0.06364,
    0.09829,
    0.13524,
    0.16838,
    0.18581,
    0.17833,
    0.06216,
    0.01366
  ],
  "Pacos Ferreira": [
    0.0,
    0.0,
    0.0,
    0.0,
    0.0,
    1e-05,
    1e-05,
    4e-05,
    9e-05,
    0.00032,
    0.00092,
    0.00233,
    0.007,
    0.01604,
    0.03819,
    0.10312,
    0.33935,
    0.49258
  ]
}