{
  "Osasuna": [
    0.0,
    1e-05,
    0.00265,
    0.00912,
    0.02009,
    0.04282,
    0.08134,
    0.15783,
    0.23268,
    0.18259,
    0.11108,
    0.06706,
    0.04218,
    0.02425,
    0.01376,
    0.00765,
    0.00351,
    0.00129,
    8e-05,
    1e-05
  ],
  "Sevilla": [
    0.0,
    0.0,
    2e-05,
    0.00034,
    0.0018,
    0.00549,
    0.01547,
    0.04065,
    0.08957,
    0.1236,
    0.13962,
    0.13266,
    0.11661,
    0.09989,
    0.0814,
    0.06576,
    0.04887,
    0.0314,
    0.00614,
    0.00071
  ],
  "Celta": [
    0.0,
    0.0,
    0.0,
    3e-05,
    0.00025,
    0.00113,
    0.0035,
    0.01201,
    0.03221,
    0.05769,
    0.08432,
    0.10055,
    0.11257,
    0.11902,
    0.12233,
    0.11822,
    0.11423,
    0.09264,
    0.02501,
    0.00429
  ],
  "Espanol": [
    0.0,
    0.0,
    0.0,
    6e-05,
    0.00014,
    0.00073,
    0.00279,
    0.00933,
    0.02703,
    0.05104,
    0.08031,
    0.10063,
    0.114,
    0.11914,
    0.12487,
    0.12148,
    0.11617,
    0.10023,
    0.02793,
    0.00412
  ],
  "Valladolid": [
    0.0,
    0.0,
    0.0,
    1e-05,
    0.00012,
    0.0004,
    0.00162,
    0.00584,
    0.01782,
    0.03382,
    0.05874,
    0.08137,
    0.10079,
    0.1163,
    0.12847,
    0.14105,
    0.14254,
    0.1261,
    0.03873,
    0.00628
  ],
  "Villarreal": [
    7e-05,
    0.00236,
    0.08996,
    0.18173,
    0.2039,
    0.19522,
    0.16265,
    0.09727,
    0.04152,
    0.01653,
    0.00554,
    0.00215,
    0.00063,
    0.00031,
    0.00015,
    1e-05,
    0.0,
    0.0,
    0.0,
    0.0
  ],
  "Barcelona": [
    0.46551,
    0.50517,
    0.02691,
    0.00214,
    0.00021,
    6e-05,
    0.0,
    0.0,
    0.0,
    0.0,
    0.0,
    0.0,
    0.0,
    0.0,
    0.0,
    0.0,
    0.0,
    0.0,
    0.0,
    0.0
  ],
  "Vallecano": [
    0.0,
    0.0,
    0.00027,
    0.00216,
    0.00668,
    0.0159,
    0.03729,
    0.09138,
    0.16811,
    0.20564,
    0.15182,
    0.10769,
    0.07647,
    0.05459,
    0.03616,
    0.02352,
    0.01431,
    0.00679,
    0.00114,
    8e-05
  ],
  "Cadiz": [
    0.0,
    0.0,
    0.0,
    0.0,
    0.0,
    0.0,
    0.0,
    0.0,
    1e-05,
    0.0001,
    0.00039,
    0.00084,
    0.00198,
    0.0048,
    0.00962,
    0.01992,
    0.04258,
    0.11653,
    0.47255,
    0.33068
  ],
  "Sociedad": [
    0.00018,
    0.0021,
    0.08501,
    0.16413,
    0.18544,
    0.1901,
    0.17396,
    0.10957,
    0.05194,
    0.02411,
    0.00793,
    0.00362,
    0.00114,
    0.00049,
    0.00017,
    0.0001,
    1e-05,
    0.0,
    0.0,
    0.0
  ],
  "Valencia": [
    0.0,
    3e-05,
    0.01232,
    0.03765,
    0.07062,
    0.11524,
    0.17388,
    0.24865,
    0.16596,
    0.08882,
    0.04439,
    0.02177,
    0.01072,
    0.00559,
    0.00254,
    0.00125,
    0.00045,
    0.00012,
    0.0,
    0.0
  ],
  "Girona": [
    0.0,
    0.0,
    0.0,
    0.0,
    1e-05,
    0.00015,
    0.00046,
    0.00276,
    0.00857,
    0.0223,
    0.03985,
    0.0589,
    0.07817,
    0.09483,
    0.11661,
    0.13992,
    0.16666,
    0.18619,
    0.0678,
    0.01682
  ],
  "Almeria": [
    0.0,
    0.0,
    0.0,
    4e-05,
    4e-05,
    0.00037,
    0.00098,
    0.00451,
    0.01371,
    0.03406,
    0.05906,
    0.08139,
    0.0976,
    0.11331,
    0.12637,
    0.13737,
    0.14384,
    0.13786,
    0.04167,
    0.00782
  ],
  "Real Madrid": [
    0.52951,
    0.44699,
    0.0212,
    0.00196,
    0.00026,
    6e-05,
    1e-05,
    1e-05,
    0.0,
    0.0,
    0.0,
    0.0,
    0.0,
    0.0,
    0.0,
    0.0,
    0.0,
    0.0,
    0.0,
    0.0
  ],
  "Ath Bilbao": [
    0.00024,
    0.00383,
    0.10879,
    0.201,
    0.20361,
    0.18473,
    0.15323,
    0.08772,
    0.03878,
    0.01235,
    0.00364,
    0.00134,
    0.00048,
    0.00016,
    7e-05,
    1e-05,
    2e-05,
    0.0,
    0.0,
    0.0
  ],
  "Mallorca": [
    0.0,
    0.0,
    0.0,
    3e-05,
    0.00027,
    0.0014,
    0.0047,
    0.01657,
    0.04017,
    0.07547,
    0.11713,
    0.12876,
    0.12849,
    0.12412,
    0.11224,
    0.09962,
    0.07983,
    0.05603,
    0.01347,
    0.0017
  ],
  "Getafe": [
    0.0,
    0.0,
    0.0,
    2e-05,
    0.00018,
    0.00091,
    0.00286,
    0.01085,
    0.03023,
    0.05827,
    0.09192,
    0.1094,
    0.11696,
    0.12136,
    0.1212,
    0.11599,
    0.10629,
    0.08534,
    0.02479,
    0.00343
  ],
  "Ath Madrid": [
    0.00441,
    0.03675,
    0.54433,
    0.21102,
    0.10689,
    0.05574,
    0.02715,
    0.01017,
    0.0028,
    0.00059,
    0.00012,
    3e-05,
    0.0,
    0.0,
    0.0,
    0.0,
    0.0,
    0.0,
    0.0,
    0.0
  ],
  "Betis": [
    8e-05,
    0.00276,
    0.10854,
    0.18856,
    0.19949,
    0.18955,
    0.15811,
    0.09488,
    0.03888,
    0.01297,
    0.00403,
    0.00144,
    0.00047,
    0.00016,
    8e-05,
    0.0,
    0.0,
    0.0,
    0.0,
    0.0
  ],
  "Elche": [
    0.0,
    0.0,
    0.0,
    0.0,
    0.0,
    0.0,
    0.0,
    0.0,
    1e-05,
    5e-05,
    0.00011,
    0.0004,
    0.00074,
    0.00168,
    0.00396,
    0.00813,
    0.02069,
    0.05948,
    0.28069,
    0.62406
  ]
}