{
  "Valencia": [
    0.0,
    0.0,
    0.0,
    0.0,
    1e-05,
    0.00014,
    0.00608,
    0.05167,
    0.1995,
    0.29748,
    0.18358,
    0.1108,
    0.08274,
    0.05132,
    0.01504,
    0.0016,
    4e-05,
    0.0,
    0.0,
    0.0
  ],
  "Getafe": [
    0.0,
    0.0,
    0.0,
    0.0,
    0.0,
    0.0,
    0.0,
    2e-05,
    0.0041,
    0.01517,
    0.02982,
    0.05366,
    0.0984,
    0.16633,
    0.30618,
    0.19679,
    0.09354,
    0.03285,
    0.00308,
    6e-05
  ],
  "Cadiz": [
    0.0,
    0.0,
    0.0,
    0.0,
    0.0,
    0.0,
    0.0,
    0.0,
    0.0,
    0.00011,
    0.00058,
    0.00209,
    0.00833,
    0.02528,
    0.08453,
    0.17833,
    0.29157,
    0.26606,
    0.11762,
    0.0255
  ],
  "Levante": [
    0.0,
    0.0,
    0.0,
    0.0,
    0.0,
    0.0,
    0.0,
    0.0,
    0.0,
    0.0,
    0.0,
    0.0,
    0.0,
    2e-05,
    0.00094,
    0.00627,
    0.02811,
    0.08459,
    0.322,
    0.55807
  ],
  "Mallorca": [
    0.0,
    0.0,
    0.0,
    0.0,
    0.0,
    0.0,
    0.0,
    0.0,
    3e-05,
    0.00052,
    0.00201,
    0.00557,
    0.01618,
    0.04567,
    0.14951,
    0.28651,
    0.24992,
    0.18946,
    0.05021,
    0.00441
  ],
  "Betis": [
    0.0,
    0.01651,
    0.05531,
    0.15638,
    0.47371,
    0.24237,
    0.04997,
    0.00571,
    4e-05,
    0.0,
    0.0,
    0.0,
    0.0,
    0.0,
    0.0,
    0.0,
    0.0,
    0.0,
    0.0,
    0.0
  ],
  "Alaves": [
    0.0,
    0.0,
    0.0,
    0.0,
    0.0,
    0.0,
    0.0,
    0.0,
    0.0,
    0.0,
    0.0,
    0.0,
    0.0,
    6e-05,
    0.00224,
    0.0174,
    0.05864,
    0.13643,
    0.3944,
    0.39083
  ],
  "Real Madrid": [
    0.99999,
    1e-05,
    0.0,
    0.0,
    0.0,
    0.0,
    0.0,
    0.0,
    0.0,
    0.0,
    0.0,
    0.0,
    0.0,
    0.0,
    0.0,
    0.0,
    0.0,
    0.0,
    0.0,
    0.0
  ],
  "Osasuna": [
    0.0,
    0.0,
    0.0,
    0.0,
    1e-05,
    0.00108,
    0.01821,
    0.10645,
    0.44381,
    0.21224,
    0.11234,
    0.06278,
    0.03052,
    0.01087,
    0.00162,
    7e-05,
    0.0,
    0.0,
    0.0,
    0.0
  ],
  "Espanol": [
    0.0,
    0.0,
    0.0,
    0.0,
    0.0,
    0.0,
    9e-05,
    0.00373,
    0.04775,
    0.10313,
    0.12981,
    0.15797,
    0.19691,
    0.19959,
    0.1116,
    0.03952,
    0.0088,
    0.00109,
    1e-05,
    0.0
  ],
  "Celta": [
    0.0,
    0.0,
    0.0,
    0.0,
    0.0,
    0.0,
    5e-05,
    0.00225,
    0.04216,
    0.09225,
    0.17202,
    0.19764,
    0.19968,
    0.18648,
    0.08253,
    0.02174,
    0.00303,
    0.00017,
    0.0,
    0.0
  ],
  "Ath Madrid": [
    0.0,
    0.13646,
    0.2314,
    0.42065,
    0.15912,
    0.04844,
    0.00387,
    6e-05,
    0.0,
    0.0,
    0.0,
    0.0,
    0.0,
    0.0,
    0.0,
    0.0,
    0.0,
    0.0,
    0.0,
    0.0
  ],
  "Barcelona": [
    0.0,
    0.38168,
    0.38662,
    0.17198,
    0.0514,
    0.00803,
    0.00029,
    0.0,
    0.0,
    0.0,
    0.0,
    0.0,
    0.0,
    0.0,
    0.0,
    0.0,
    0.0,
    0.0,
    0.0,
    0.0
  ],
  "Sociedad": [
    0.0,
    0.0019,
    0.01288,
    0.06337,
    0.20791,
    0.42249,
    0.24406,
    0.04647,
    0.00092,
    0.0,
    0.0,
    0.0,
    0.0,
    0.0,
    0.0,
    0.0,
    0.0,
    0.0,
    0.0,
    0.0
  ],
  "Sevilla": [
    1e-05,
    0.46323,
    0.31233,
    0.17801,
    0.0417,
    0.00451,
    0.00021,
    0.0,
    0.0,
    0.0,
    0.0,
    0.0,
    0.0,
    0.0,
    0.0,
    0.0,
    0.0,
    0.0,
    0.0,
    0.0
  ],
  "Vallecano": [
    0.0,
    0.0,
    0.0,
    0.0,
    0.0,
    0.0,
    0.0004,
    0.00689,
    0.07715,
    0.15425,
    0.22717,
    0.21701,
    0.16213,
    0.10256,
    0.04292,
    0.00855,
    0.00095,
    2e-05,
    0.0,
    0.0
  ],
  "Villarreal": [
    0.0,
    0.00021,
    0.00146,
    0.00928,
    0.05912,
    0.23143,
    0.46783,
    0.21012,
    0.01891,
    0.00158,
    6e-05,
    0.0,
    0.0,
    0.0,
    0.0,
    0.0,
    0.0,
    0.0,
    0.0,
    0.0
  ],
  "Granada": [
    0.0,
    0.0,
    0.0,
    0.0,
    0.0,
    0.0,
    0.0,
    0.0,
    0.0,
    0.0,
    0.00022,
    0.00133,
    0.00656,
    0.02217,
    0.08374,
    0.20687,
    0.25672,
    0.28858,
    0.11268,
    0.02113
  ],
  "Elche": [
    0.0,
    0.0,
    0.0,
    0.0,
    0.0,
    0.0,
    2e-05,
    0.00148,
    0.04142,
    0.0803,
    0.13373,
    0.19002,
    0.19845,
    0.18965,
    0.11915,
    0.03635,
    0.00868,
    0.00075,
    0.0,
    0.0
  ],
  "Ath Bilbao": [
    0.0,
    0.0,
    0.0,
    0.00033,
    0.00702,
    0.04151,
    0.20892,
    0.56515,
    0.12421,
    0.04297,
    0.00866,
    0.00113,
    0.0001,
    0.0,
    0.0,
    0.0,
    0.0,
    0.0,
    0.0,
    0.0
  ]
}