{
  "Bayern Munich": [
    0.99911,
    0.00089,
    0.0,
    0.0,
    0.0,
    0.0,
    0.0,
    0.0,
    0.0,
    0.0,
    0.0,
    0.0,
    0.0,
    0.0,
    0.0,
    0.0,
    0.0,
    0.0
  ],
  "Schalke 04": [
    0.0,
    0.0,
    0.0,
    0.0,
    0.0,
    0.0,
    0.0,
    0.0,
    0.0,
    0.0,
    0.0,
    0.0,
    0.0,
    0.0,
    0.0,
    0.0,
    0.0,
    1.0
  ],
  "Ein Frankfurt": [
    0.0,
    0.02468,
    0.5462,
    0.3001,
    0.12763,
    0.00139,
    0.0,
    0.0,
    0.0,
    0.0,
    0.0,
    0.0,
    0.0,
    0.0,
    0.0,
    0.0,
    0.0,
    0.0
  ],
  "Bielefeld": [
    0.0,
    0.0,
    0.0,
    0.0,
    0.0,
    0.0,
    0.0,
    0.0,
    0.0,
    0.0,
    0.00051,
    0.01491,
    0.03141,
    0.04898,
    0.13419,
    0.24187,
    0.52813,
    0.0
  ],
  "FC Koln": [
    0.0,
    0.0,
    0.0,
    0.0,
    0.0,
    0.0,
    0.0,
    0.0,
    0.0,
    0.0,
    0.00055,
    0.0444,
    0.07427,
    0.12772,
    0.22762,
    0.3015,
    0.22394,
    0.0
  ],
  "Hoffenheim": [
    0.0,
    0.0,
    0.0,
    0.0,
    0.0,
    0.0,
    0.0,
    0.0,
    0.03246,
    0.19725,
    0.61751,
    0.13068,
    0.01879,
    0.00289,
    0.0004,
    2e-05,
    0.0,
    0.0
  ],
  "Stuttgart": [
    0.0,
    0.0,
    0.0,
    0.0,
    0.0,
    0.0,
    0.02526,
    0.09715,
    0.47052,
    0.35347,
    0.05343,
    0.00017,
    0.0,
    0.0,
    0.0,
    0.0,
    0.0,
    0.0
  ],
  "Freiburg": [
    0.0,
    0.0,
    0.0,
    0.0,
    0.0,
    0.00023,
    0.00947,
    0.06858,
    0.31791,
    0.40962,
    0.19005,
    0.00408,
    6e-05,
    0.0,
    0.0,
    0.0,
    0.0,
    0.0
  ],
  "Union Berlin": [
    0.0,
    0.0,
    0.0,
    0.0,
    0.0,
    0.04575,
    0.23476,
    0.58148,
    0.12275,
    0.01526,
    0.0,
    0.0,
    0.0,
    0.0,
    0.0,
    0.0,
    0.0,
    0.0
  ],
  "Augsburg": [
    0.0,
    0.0,
    0.0,
    0.0,
    0.0,
    0.0,
    0.0,
    0.0,
    0.0,
    0.0,
    0.0017,
    0.07363,
    0.21157,
    0.25653,
    0.26316,
    0.1659,
    0.02751,
    0.0
  ],
  "Werder Bremen": [
    0.0,
    0.0,
    0.0,
    0.0,
    0.0,
    0.0,
    0.0,
    0.0,
    0.0,
    0.0,
    0.00113,
    0.03814,
    0.10317,
    0.19401,
    0.21823,
    0.24579,
    0.19953,
    0.0
  ],
  "Hertha": [
    0.0,
    0.0,
    0.0,
    0.0,
    0.0,
    0.0,
    0.0,
    0.0,
    0.00106,
    0.01521,
    0.11165,
    0.40054,
    0.22773,
    0.11309,
    0.0738,
    0.03635,
    0.02057,
    0.0
  ],
  "Dortmund": [
    0.0,
    0.0026,
    0.11112,
    0.26176,
    0.55591,
    0.0686,
    1e-05,
    0.0,
    0.0,
    0.0,
    0.0,
    0.0,
    0.0,
    0.0,
    0.0,
    0.0,
    0.0,
    0.0
  ],
  "M'gladbach": [
    0.0,
    0.0,
    0.0,
    0.0,
    0.00025,
    0.05007,
    0.65414,
    0.23306,
    0.05494,
    0.00754,
    0.0,
    0.0,
    0.0,
    0.0,
    0.0,
    0.0,
    0.0,
    0.0
  ],
  "RB Leipzig": [
    0.00089,
    0.94716,
    0.04141,
    0.00985,
    0.00069,
    0.0,
    0.0,
    0.0,
    0.0,
    0.0,
    0.0,
    0.0,
    0.0,
    0.0,
    0.0,
    0.0,
    0.0,
    0.0
  ],
  "Mainz": [
    0.0,
    0.0,
    0.0,
    0.0,
    0.0,
    0.0,
    0.0,
    0.0,
    0.00016,
    0.00165,
    0.02347,
    0.29345,
    0.333,
    0.25678,
    0.0826,
    0.00857,
    0.00032,
    0.0
  ],
  "Wolfsburg": [
    0.0,
    0.02467,
    0.30123,
    0.42539,
    0.24598,
    0.00273,
    0.0,
    0.0,
    0.0,
    0.0,
    0.0,
    0.0,
    0.0,
    0.0,
    0.0,
    0.0,
    0.0,
    0.0
  ],
  "Leverkusen": [
    0.0,
    0.0,
    4e-05,
    0.0029,
    0.06954,
    0.83123,
    0.07636,
    0.01973,
    0.0002,
    0.0,
    0.0,
    0.0,
    0.0,
    0.0,
    0.0,
    0.0,
    0.0,
    0.0
  ]
}