{
  "Groningen": [
    0.0,
    0.0,
    0.0,
    6e-05,
    0.00068,
    0.00512,
    0.02166,
    0.04287,
    0.06406,
    0.0877,
    0.11051,
    0.12877,
    0.1404,
    0.13672,
    0.12798,
    0.09991,
    0.0284,
    0.00516
  ],
  "NAC Breda": [
    0.0,
    0.0,
    9e-05,
    0.00064,
    0.00617,
    0.03645,
    0.09778,
    0.12778,
    0.14018,
    0.1378,
    0.12806,
    0.10983,
    0.08777,
    0.06486,
    0.03907,
    0.01962,
    0.00346,
    0.00044
  ],
  "Feyenoord": [
    0.00568,
    0.19429,
    0.3102,
    0.26946,
    0.16536,
    0.04487,
    0.00798,
    0.00155,
    0.0004,
    0.00013,
    6e-05,
    2e-05,
    0.0,
    0.0,
    0.0,
    0.0,
    0.0,
    0.0
  ],
  "Willem II": [
    0.0,
    1e-05,
    0.00012,
    0.00106,
    0.00653,
    0.04312,
    0.1075,
    0.1367,
    0.14258,
    0.14183,
    0.12962,
    0.10648,
    0.07831,
    0.05246,
    0.03408,
    0.016,
    0.00326,
    0.00034
  ],
  "Nijmegen": [
    0.0,
    0.00014,
    0.00136,
    0.00687,
    0.03035,
    0.12671,
    0.23212,
    0.18242,
    0.13775,
    0.10513,
    0.07381,
    0.04863,
    0.02653,
    0.01592,
    0.00833,
    0.00332,
    0.00059,
    2e-05
  ],
  "Twente": [
    0.00084,
    0.05982,
    0.14804,
    0.24362,
    0.34165,
    0.14921,
    0.03995,
    0.01117,
    0.00384,
    0.00127,
    0.00041,
    0.00012,
    6e-05,
    0.0,
    0.0,
    0.0,
    0.0,
    0.0
  ],
  "Almere City": [
    0.0,
    0.0,
    0.0,
    0.0,
    0.0,
    0.0,
    0.0,
    3e-05,
    0.00011,
    0.00038,
    0.00061,
    0.00191,
    0.00525,
    0.01349,
    0.03337,
    0.09104,
    0.32904,
    0.52477
  ],
  "AZ Alkmaar": [
    1e-05,
    0.00548,
    0.0246,
    0.06815,
    0.17284,
    0.40208,
    0.17069,
    0.08029,
    0.0398,
    0.01862,
    0.00977,
    0.00491,
    0.00189,
    0.00062,
    0.0002,
    5e-05,
    0.0,
    0.0
  ],
  "PSV Eindhoven": [
    0.96338,
    0.0328,
    0.00325,
    0.00047,
    0.0001,
    0.0,
    0.0,
    0.0,
    0.0,
    0.0,
    0.0,
    0.0,
    0.0,
    0.0,
    0.0,
    0.0,
    0.0,
    0.0
  ],
  "Waalwijk": [
    0.0,
    0.0,
    0.0,
    0.0,
    0.0,
    0.0,
    2e-05,
    6e-05,
    0.00025,
    0.00054,
    0.00197,
    0.00439,
    0.00983,
    0.02331,
    0.04953,
    0.12269,
    0.38442,
    0.40299
  ],
  "Sparta Rotterdam": [
    0.0,
    0.0,
    0.0,
    0.0,
    6e-05,
    0.00091,
    0.00394,
    0.0092,
    0.01876,
    0.03091,
    0.04972,
    0.0772,
    0.11344,
    0.15428,
    0.19409,
    0.2166,
    0.09952,
    0.03137
  ],
  "Heracles": [
    0.0,
    0.0,
    0.0,
    0.0,
    0.0001,
    0.00131,
    0.00558,
    0.01402,
    0.02528,
    0.04262,
    0.06426,
    0.09103,
    0.12604,
    0.15992,
    0.18706,
    0.18887,
    0.07519,
    0.01872
  ],
  "Go Ahead Eagles": [
    0.0,
    1e-05,
    0.00024,
    0.00143,
    0.00722,
    0.04247,
    0.10757,
    0.1385,
    0.14542,
    0.14169,
    0.12561,
    0.10448,
    0.0786,
    0.05507,
    0.03275,
    0.01538,
    0.0032,
    0.00036
  ],
  "For Sittard": [
    0.0,
    2e-05,
    0.00032,
    0.00211,
    0.01162,
    0.06065,
    0.14329,
    0.16196,
    0.15496,
    0.13184,
    0.10952,
    0.08596,
    0.06162,
    0.04015,
    0.02358,
    0.01024,
    0.00202,
    0.00014
  ],
  "Utrecht": [
    0.0029,
    0.1532,
    0.2705,
    0.28794,
    0.207,
    0.06352,
    0.01123,
    0.00277,
    0.00057,
    0.00028,
    7e-05,
    2e-05,
    0.0,
    0.0,
    0.0,
    0.0,
    0.0,
    0.0
  ],
  "Zwolle": [
    0.0,
    1e-05,
    1e-05,
    9e-05,
    0.00161,
    0.01246,
    0.04117,
    0.06952,
    0.09058,
    0.10423,
    0.11803,
    0.12876,
    0.13532,
    0.12415,
    0.09477,
    0.0603,
    0.0159,
    0.00309
  ],
  "Ajax": [
    0.02719,
    0.55422,
    0.24126,
    0.11808,
    0.04855,
    0.00967,
    0.00088,
    0.00012,
    2e-05,
    1e-05,
    0.0,
    0.0,
    0.0,
    0.0,
    0.0,
    0.0,
    0.0,
    0.0
  ],
  "Heerenveen": [
    0.0,
    0.0,
    1e-05,
    2e-05,
    0.00016,
    0.00145,
    0.00864,
    0.02104,
    0.03544,
    0.05502,
    0.07797,
    0.10749,
    0.13494,
    0.15905,
    0.17519,
    0.15598,
    0.055,
    0.0126
  ]
}