{
  "Cuiabá / MT": [
    0.0,
    3e-05,
    3e-05,
    0.00047,
    0.00109,
    0.00227,
    0.00592,
    0.0119,
    0.02415,
    0.04366,
    0.06926,
    0.08859,
    0.09593,
    0.10036,
    0.09897,
    0.09958,
    0.09502,
    0.09326,
    0.08934,
    0.08017
  ],
  "Juventude / RS": [
    0.0,
    0.0,
    1e-05,
    0.00016,
    0.00045,
    0.00149,
    0.0037,
    0.00844,
    0.01756,
    0.03272,
    0.05529,
    0.07218,
    0.08405,
    0.09276,
    0.10158,
    0.105,
    0.10682,
    0.10931,
    0.10851,
    0.09997
  ],
  "Bahia / BA": [
    0.00793,
    0.02507,
    0.05209,
    0.08344,
    0.11554,
    0.14224,
    0.15323,
    0.14163,
    0.10915,
    0.07316,
    0.04257,
    0.02358,
    0.01372,
    0.00781,
    0.00433,
    0.00226,
    0.00139,
    0.00049,
    0.00031,
    6e-05
  ],
  "Santos / SP": [
    0.0001,
    0.00037,
    0.00143,
    0.00419,
    0.00902,
    0.01907,
    0.03642,
    0.06007,
    0.09512,
    0.12739,
    0.14476,
    0.12349,
    0.10099,
    0.07945,
    0.06061,
    0.04823,
    0.03643,
    0.02664,
    0.01719,
    0.00903
  ],
  "São Paulo / SP": [
    0.0,
    1e-05,
    1e-05,
    1e-05,
    4e-05,
    0.00042,
    0.00091,
    0.00315,
    0.00681,
    0.01532,
    0.02716,
    0.04483,
    0.06096,
    0.07441,
    0.0854,
    0.10077,
    0.11798,
    0.13266,
    0.15261,
    0.17654
  ],
  "Fluminense / RJ": [
    0.00286,
    0.01133,
    0.02642,
    0.0487,
    0.08008,
    0.1134,
    0.14521,
    0.15448,
    0.14288,
    0.10963,
    0.0702,
    0.04072,
    0.02311,
    0.01384,
    0.008,
    0.00466,
    0.00237,
    0.00129,
    0.00067,
    0.00015
  ],
  "Atlético Mineiro / MG": [
    0.00088,
    0.00359,
    0.00902,
    0.02087,
    0.03858,
    0.06369,
    0.09431,
    0.13033,
    0.15339,
    0.15592,
    0.11837,
    0.07858,
    0.04754,
    0.0317,
    0.02362,
    0.01332,
    0.00835,
    0.00451,
    0.00266,
    0.00077
  ],
  "Fortaleza / CE": [
    0.04996,
    0.09916,
    0.14655,
    0.17198,
    0.16671,
    0.13411,
    0.09695,
    0.06138,
    0.03756,
    0.02071,
    0.00875,
    0.00338,
    0.00159,
    0.00069,
    0.00028,
    0.00011,
    0.0001,
    2e-05,
    1e-05,
    0.0
  ],
  "Flamengo / RJ": [
    0.25646,
    0.26127,
    0.18868,
    0.12144,
    0.07883,
    0.04546,
    0.02511,
    0.01305,
    0.00585,
    0.00251,
    0.00081,
    0.0003,
    0.00017,
    3e-05,
    3e-05,
    0.0,
    0.0,
    0.0,
    0.0,
    0.0
  ],
  "Palmeiras / SP": [
    0.01364,
    0.03736,
    0.07153,
    0.10912,
    0.13614,
    0.15759,
    0.14644,
    0.1224,
    0.08803,
    0.05593,
    0.02926,
    0.01557,
    0.00778,
    0.00449,
    0.0023,
    0.00118,
    0.00067,
    0.00031,
    0.0002,
    6e-05
  ],
  "Ceará / CE": [
    0.0,
    2e-05,
    2e-05,
    0.00018,
    0.00046,
    0.00147,
    0.00364,
    0.00889,
    0.01829,
    0.03599,
    0.05759,
    0.08094,
    0.09615,
    0.10571,
    0.11099,
    0.10944,
    0.10552,
    0.10077,
    0.08991,
    0.07402
  ],
  "Grêmio / RS": [
    0.0,
    1e-05,
    1e-05,
    3e-05,
    0.00014,
    0.00035,
    0.00093,
    0.00318,
    0.00703,
    0.0143,
    0.02726,
    0.03927,
    0.05388,
    0.067,
    0.08068,
    0.09538,
    0.11224,
    0.13025,
    0.15759,
    0.21047
  ],
  "Corinthians / SP": [
    0.00124,
    0.006,
    0.01492,
    0.03028,
    0.05461,
    0.08491,
    0.11935,
    0.14485,
    0.15613,
    0.13348,
    0.09391,
    0.0593,
    0.03792,
    0.02553,
    0.01506,
    0.01012,
    0.00632,
    0.0035,
    0.00186,
    0.00071
  ],
  "Atlético Goianiense / GO": [
    0.05315,
    0.10416,
    0.14976,
    0.17539,
    0.16312,
    0.12994,
    0.09249,
    0.06055,
    0.03672,
    0.01828,
    0.00906,
    0.00403,
    0.00187,
    0.00079,
    0.00041,
    0.00016,
    6e-05,
    5e-05,
    1e-05,
    0.0
  ],
  "Athletico Paranaense / PR": [
    0.14108,
    0.1995,
    0.20555,
    0.16085,
    0.1144,
    0.07745,
    0.04771,
    0.02804,
    0.01471,
    0.00642,
    0.00264,
    0.00102,
    0.00042,
    0.00013,
    5e-05,
    2e-05,
    1e-05,
    0.0,
    0.0,
    0.0
  ],
  "América / MG": [
    1e-05,
    1e-05,
    0.0001,
    0.00037,
    0.00108,
    0.00309,
    0.00672,
    0.01561,
    0.02769,
    0.04836,
    0.07216,
    0.08837,
    0.09834,
    0.10154,
    0.10265,
    0.09791,
    0.09572,
    0.0883,
    0.08157,
    0.0704
  ],
  "Chapecoense / SC": [
    0.0,
    0.0,
    4e-05,
    7e-05,
    0.00032,
    0.0011,
    0.00271,
    0.00642,
    0.01392,
    0.02681,
    0.0436,
    0.05985,
    0.07275,
    0.08449,
    0.09481,
    0.10586,
    0.11416,
    0.12055,
    0.12474,
    0.1278
  ],
  "Red Bull Bragantino / SP": [
    0.47269,
    0.25209,
    0.13369,
    0.07192,
    0.03781,
    0.01793,
    0.00846,
    0.00342,
    0.0013,
    0.00055,
    0.00012,
    1e-05,
    1e-05,
    0.0,
    0.0,
    0.0,
    0.0,
    0.0,
    0.0,
    0.0
  ],
  "Internacional / RS": [
    0.0,
    2e-05,
    5e-05,
    0.00035,
    0.00082,
    0.00227,
    0.00585,
    0.01269,
    0.02479,
    0.04394,
    0.06828,
    0.09717,
    0.10999,
    0.11441,
    0.11175,
    0.1035,
    0.09392,
    0.08517,
    0.07184,
    0.05319
  ],
  "Sport / PE": [
    0.0,
    0.0,
    9e-05,
    0.00018,
    0.00076,
    0.00175,
    0.00394,
    0.00952,
    0.01892,
    0.03492,
    0.05895,
    0.07882,
    0.09283,
    0.09486,
    0.09848,
    0.1025,
    0.10292,
    0.10292,
    0.10098,
    0.09666
  ]
}