{
  "Nice": [
    0.09317,
    0.23679,
    0.19121,
    0.14319,
    0.10484,
    0.07333,
    0.05119,
    0.03463,
    0.02499,
    0.01771,
    0.01207,
    0.00788,
    0.00449,
    0.00267,
    0.00117,
    0.00051,
    0.00015,
    1e-05
  ],
  "Lille": [
    0.01167,
    0.03968,
    0.0628,
    0.08337,
    0.09446,
    0.10006,
    0.09969,
    0.09224,
    0.08404,
    0.07401,
    0.06334,
    0.05473,
    0.04527,
    0.03623,
    0.02829,
    0.01814,
    0.01066,
    0.00132
  ],
  "Marseille": [
    0.00141,
    0.00934,
    0.02166,
    0.03653,
    0.05349,
    0.07008,
    0.08192,
    0.09169,
    0.09195,
    0.09269,
    0.09112,
    0.08347,
    0.07627,
    0.06824,
    0.05512,
    0.04382,
    0.0264,
    0.0048
  ],
  "Reims": [
    0.01351,
    0.04863,
    0.0682,
    0.08238,
    0.09225,
    0.09271,
    0.09014,
    0.08542,
    0.07932,
    0.07007,
    0.06443,
    0.05603,
    0.04967,
    0.03885,
    0.03062,
    0.02331,
    0.01247,
    0.00199
  ],
  "Paris SG": [
    0.7059,
    0.15886,
    0.06639,
    0.03233,
    0.01637,
    0.00909,
    0.00507,
    0.00241,
    0.00173,
    0.00093,
    0.00043,
    0.00026,
    0.00011,
    8e-05,
    3e-05,
    1e-05,
    0.0,
    0.0
  ],
  "Lorient": [
    0.0003,
    0.00239,
    0.00554,
    0.01006,
    0.01539,
    0.02239,
    0.02957,
    0.03685,
    0.04573,
    0.05378,
    0.06486,
    0.07158,
    0.08521,
    0.10509,
    0.11962,
    0.13449,
    0.14653,
    0.05062
  ],
  "Brest": [
    0.04414,
    0.1203,
    0.13256,
    0.13175,
    0.11671,
    0.09729,
    0.08129,
    0.06653,
    0.05423,
    0.04335,
    0.03187,
    0.02687,
    0.02031,
    0.01447,
    0.01009,
    0.00554,
    0.00242,
    0.00028
  ],
  "Lens": [
    0.03435,
    0.10431,
    0.1221,
    0.12426,
    0.11544,
    0.10072,
    0.08401,
    0.07245,
    0.05777,
    0.0474,
    0.03835,
    0.03395,
    0.02395,
    0.01847,
    0.01184,
    0.00697,
    0.00333,
    0.00033
  ],
  "Clermont": [
    0.0,
    0.0,
    2e-05,
    4e-05,
    0.00017,
    0.00029,
    0.00035,
    0.00075,
    0.0013,
    0.00225,
    0.00351,
    0.00569,
    0.00988,
    0.01508,
    0.02607,
    0.05151,
    0.12829,
    0.7548
  ],
  "Monaco": [
    0.0065,
    0.02855,
    0.04757,
    0.06269,
    0.07716,
    0.0877,
    0.09039,
    0.09089,
    0.08896,
    0.08524,
    0.07779,
    0.07122,
    0.05994,
    0.04811,
    0.03685,
    0.02492,
    0.0134,
    0.00212
  ],
  "Montpellier": [
    0.00172,
    0.00889,
    0.01884,
    0.03026,
    0.03923,
    0.04887,
    0.05726,
    0.06377,
    0.07028,
    0.07657,
    0.08203,
    0.08433,
    0.08477,
    0.0863,
    0.08309,
    0.07832,
    0.06835,
    0.01712
  ],
  "Le Havre": [
    0.00093,
    0.00499,
    0.01156,
    0.01856,
    0.02756,
    0.03657,
    0.04445,
    0.05314,
    0.06189,
    0.07023,
    0.07664,
    0.08547,
    0.08999,
    0.09634,
    0.10253,
    0.10058,
    0.09512,
    0.02345
  ],
  "Nantes": [
    0.00105,
    0.00604,
    0.01233,
    0.0211,
    0.02912,
    0.03842,
    0.04885,
    0.05704,
    0.06476,
    0.07044,
    0.07733,
    0.08372,
    0.08879,
    0.09237,
    0.09707,
    0.09797,
    0.09159,
    0.02201
  ],
  "Toulouse": [
    0.00141,
    0.00755,
    0.01581,
    0.02747,
    0.03884,
    0.04982,
    0.05848,
    0.06529,
    0.07157,
    0.07635,
    0.08029,
    0.07957,
    0.08227,
    0.08338,
    0.08528,
    0.08447,
    0.07439,
    0.01776
  ],
  "Rennes": [
    0.08128,
    0.20947,
    0.19307,
    0.14552,
    0.10613,
    0.07615,
    0.05596,
    0.03971,
    0.02876,
    0.02147,
    0.01438,
    0.01032,
    0.00716,
    0.00489,
    0.00308,
    0.00179,
    0.0008,
    6e-05
  ],
  "Metz": [
    0.00164,
    0.00727,
    0.01451,
    0.02183,
    0.03091,
    0.04038,
    0.04821,
    0.05541,
    0.05993,
    0.06693,
    0.07122,
    0.07663,
    0.0823,
    0.08932,
    0.09462,
    0.1047,
    0.1056,
    0.02859
  ],
  "Strasbourg": [
    0.00069,
    0.0038,
    0.00924,
    0.01605,
    0.0235,
    0.03036,
    0.03966,
    0.04854,
    0.05691,
    0.06483,
    0.0762,
    0.08716,
    0.09373,
    0.10098,
    0.10836,
    0.10863,
    0.1034,
    0.02796
  ],
  "Lyon": [
    0.00033,
    0.00314,
    0.00659,
    0.01261,
    0.01843,
    0.02577,
    0.03351,
    0.04324,
    0.05588,
    0.06575,
    0.07414,
    0.08112,
    0.09589,
    0.09913,
    0.10627,
    0.11432,
    0.1171,
    0.04678
  ]
}