{
  "Valencia": [
    0.00017,
    0.00694,
    0.03184,
    0.07087,
    0.10436,
    0.12464,
    0.12947,
    0.12431,
    0.10562,
    0.08823,
    0.07129,
    0.05401,
    0.03804,
    0.02457,
    0.01449,
    0.00712,
    0.00271,
    0.00108,
    0.00023,
    1e-05
  ],
  "Getafe": [
    0.0,
    0.0,
    0.0,
    0.0,
    6e-05,
    0.00027,
    0.00064,
    0.00139,
    0.00257,
    0.00508,
    0.00869,
    0.01563,
    0.02621,
    0.04238,
    0.06775,
    0.1055,
    0.15758,
    0.20991,
    0.21116,
    0.14518
  ],
  "Cadiz": [
    0.0,
    0.0,
    0.0,
    0.0,
    0.0,
    3e-05,
    9e-05,
    0.00026,
    0.00064,
    0.00151,
    0.003,
    0.00594,
    0.01016,
    0.02027,
    0.03763,
    0.0692,
    0.11997,
    0.19811,
    0.27935,
    0.25384
  ],
  "Levante": [
    0.0,
    0.0,
    0.0,
    0.0,
    0.0,
    1e-05,
    1e-05,
    4e-05,
    0.00018,
    0.00031,
    0.0006,
    0.00165,
    0.00322,
    0.00742,
    0.01566,
    0.03129,
    0.06396,
    0.12685,
    0.24611,
    0.50269
  ],
  "Mallorca": [
    0.0,
    2e-05,
    0.0005,
    0.00217,
    0.00676,
    0.01219,
    0.02156,
    0.03389,
    0.04929,
    0.06577,
    0.08621,
    0.10445,
    0.12351,
    0.13157,
    0.12497,
    0.10365,
    0.07278,
    0.0405,
    0.0165,
    0.00371
  ],
  "Betis": [
    0.01961,
    0.1992,
    0.34973,
    0.19742,
    0.10668,
    0.06012,
    0.03207,
    0.01739,
    0.00921,
    0.00476,
    0.00223,
    0.00109,
    0.00036,
    8e-05,
    4e-05,
    0.0,
    1e-05,
    0.0,
    0.0,
    0.0
  ],
  "Alaves": [
    0.0,
    0.0,
    0.0,
    7e-05,
    0.00032,
    0.00063,
    0.00144,
    0.00333,
    0.00634,
    0.013,
    0.0214,
    0.03368,
    0.05343,
    0.07767,
    0.11514,
    0.15415,
    0.18595,
    0.16635,
    0.11633,
    0.05077
  ],
  "Real Madrid": [
    0.87736,
    0.10433,
    0.01517,
    0.00264,
    0.00043,
    7e-05,
    0.0,
    0.0,
    0.0,
    0.0,
    0.0,
    0.0,
    0.0,
    0.0,
    0.0,
    0.0,
    0.0,
    0.0,
    0.0,
    0.0
  ],
  "Osasuna": [
    0.0,
    0.00034,
    0.00268,
    0.00898,
    0.02,
    0.03525,
    0.0547,
    0.07762,
    0.09452,
    0.11472,
    0.12039,
    0.11906,
    0.1122,
    0.0903,
    0.06628,
    0.0433,
    0.02387,
    0.01159,
    0.00354,
    0.00066
  ],
  "Espanol": [
    0.0,
    0.00041,
    0.00371,
    0.01339,
    0.02732,
    0.044,
    0.06462,
    0.084,
    0.09758,
    0.10995,
    0.11497,
    0.11456,
    0.10131,
    0.08381,
    0.06305,
    0.04047,
    0.02318,
    0.00993,
    0.00317,
    0.00057
  ],
  "Celta": [
    0.0,
    3e-05,
    0.00039,
    0.00188,
    0.00441,
    0.00911,
    0.01833,
    0.03085,
    0.04702,
    0.06799,
    0.09678,
    0.12099,
    0.13298,
    0.13372,
    0.12126,
    0.0966,
    0.06415,
    0.03525,
    0.01466,
    0.0036
  ],
  "Ath Madrid": [
    0.00457,
    0.07479,
    0.18193,
    0.22622,
    0.17036,
    0.12277,
    0.08503,
    0.05535,
    0.03481,
    0.02209,
    0.01135,
    0.00586,
    0.00283,
    0.00132,
    0.00052,
    0.00016,
    2e-05,
    2e-05,
    0.0,
    0.0
  ],
  "Barcelona": [
    0.00021,
    0.00867,
    0.03674,
    0.07665,
    0.11108,
    0.13163,
    0.13485,
    0.12213,
    0.11628,
    0.09112,
    0.0644,
    0.04267,
    0.0291,
    0.0179,
    0.00935,
    0.00461,
    0.00186,
    0.00062,
    0.0001,
    3e-05
  ],
  "Sociedad": [
    0.00019,
    0.00789,
    0.03815,
    0.08372,
    0.12244,
    0.1422,
    0.14154,
    0.13055,
    0.11156,
    0.08334,
    0.05897,
    0.03627,
    0.02171,
    0.01191,
    0.0061,
    0.00251,
    0.00071,
    0.0002,
    4e-05,
    0.0
  ],
  "Sevilla": [
    0.09663,
    0.55857,
    0.20758,
    0.0802,
    0.0332,
    0.01326,
    0.00619,
    0.00258,
    0.00121,
    0.00044,
    0.0001,
    3e-05,
    1e-05,
    0.0,
    0.0,
    0.0,
    0.0,
    0.0,
    0.0,
    0.0
  ],
  "Vallecano": [
    0.0012,
    0.03466,
    0.10902,
    0.17535,
    0.18556,
    0.15076,
    0.11329,
    0.0834,
    0.05953,
    0.03891,
    0.02443,
    0.01257,
    0.00648,
    0.00303,
    0.0012,
    0.00049,
    7e-05,
    4e-05,
    1e-05,
    0.0
  ],
  "Villarreal": [
    4e-05,
    0.00339,
    0.01686,
    0.04261,
    0.07118,
    0.09543,
    0.11029,
    0.11581,
    0.1177,
    0.11481,
    0.1016,
    0.07605,
    0.05402,
    0.03619,
    0.0229,
    0.01243,
    0.00592,
    0.00209,
    0.00058,
    0.0001
  ],
  "Granada": [
    0.0,
    4e-05,
    0.00033,
    0.00139,
    0.00332,
    0.0066,
    0.01246,
    0.02031,
    0.03058,
    0.04402,
    0.06624,
    0.08915,
    0.11108,
    0.12932,
    0.13809,
    0.13084,
    0.10382,
    0.06854,
    0.03382,
    0.01005
  ],
  "Elche": [
    0.0,
    0.0,
    6e-05,
    0.00013,
    0.00057,
    0.00193,
    0.00382,
    0.00713,
    0.01365,
    0.0227,
    0.03533,
    0.05844,
    0.08184,
    0.10994,
    0.13693,
    0.15906,
    0.1512,
    0.1184,
    0.07076,
    0.02811
  ],
  "Ath Bilbao": [
    2e-05,
    0.00072,
    0.00531,
    0.01631,
    0.03195,
    0.0491,
    0.0696,
    0.08966,
    0.10171,
    0.11125,
    0.11202,
    0.1079,
    0.09151,
    0.0786,
    0.05864,
    0.03862,
    0.02224,
    0.01052,
    0.00364,
    0.00068
  ]
}