{
  "Ein Frankfurt": [
    0.04924,
    0.10833,
    0.14019,
    0.15499,
    0.16877,
    0.18095,
    0.143,
    0.03903,
    0.01091,
    0.00337,
    0.00087,
    0.00027,
    6e-05,
    2e-05,
    0.0,
    0.0,
    0.0,
    0.0
  ],
  "Bayern Munich": [
    0.61091,
    0.20702,
    0.09354,
    0.04826,
    0.02332,
    0.01171,
    0.00458,
    0.00055,
    9e-05,
    0.0,
    2e-05,
    0.0,
    0.0,
    0.0,
    0.0,
    0.0,
    0.0,
    0.0
  ],
  "Augsburg": [
    0.0,
    0.0,
    2e-05,
    1e-05,
    0.0001,
    0.00051,
    0.00212,
    0.01245,
    0.02925,
    0.05022,
    0.07558,
    0.10778,
    0.14795,
    0.17784,
    0.1719,
    0.13982,
    0.08349,
    0.00096
  ],
  "Freiburg": [
    0.04301,
    0.11038,
    0.15444,
    0.17655,
    0.17814,
    0.15721,
    0.1288,
    0.03665,
    0.01012,
    0.0033,
    0.00106,
    0.00028,
    5e-05,
    1e-05,
    0.0,
    0.0,
    0.0,
    0.0
  ],
  "Bochum": [
    0.0,
    0.0,
    0.0,
    0.0,
    0.0,
    3e-05,
    0.00019,
    0.00209,
    0.00571,
    0.01426,
    0.02673,
    0.04653,
    0.07942,
    0.12586,
    0.18734,
    0.25056,
    0.25523,
    0.00605
  ],
  "Mainz": [
    0.0,
    0.0,
    0.0001,
    0.00028,
    0.00106,
    0.00391,
    0.01454,
    0.06644,
    0.11062,
    0.14034,
    0.15555,
    0.15584,
    0.1371,
    0.10312,
    0.06476,
    0.03357,
    0.01269,
    8e-05
  ],
  "M'gladbach": [
    0.0,
    0.00011,
    0.00035,
    0.00148,
    0.0042,
    0.01135,
    0.037,
    0.14118,
    0.18118,
    0.17461,
    0.14952,
    0.11849,
    0.08232,
    0.05356,
    0.02861,
    0.01242,
    0.00361,
    1e-05
  ],
  "Hoffenheim": [
    0.0,
    1e-05,
    0.0,
    6e-05,
    0.00032,
    0.00111,
    0.00548,
    0.032,
    0.06249,
    0.09254,
    0.12199,
    0.14877,
    0.16131,
    0.14765,
    0.11409,
    0.07552,
    0.03636,
    0.0003
  ],
  "Union Berlin": [
    0.14712,
    0.24694,
    0.19376,
    0.14662,
    0.1126,
    0.0892,
    0.05106,
    0.01035,
    0.00182,
    0.00039,
    0.00013,
    0.0,
    1e-05,
    0.0,
    0.0,
    0.0,
    0.0,
    0.0
  ],
  "Hertha": [
    0.0,
    0.0,
    0.0,
    0.0,
    0.0,
    0.0,
    4e-05,
    0.00069,
    0.00312,
    0.00724,
    0.01482,
    0.02731,
    0.05011,
    0.08688,
    0.14653,
    0.23884,
    0.40798,
    0.01644
  ],
  "Wolfsburg": [
    0.01639,
    0.05159,
    0.09004,
    0.12779,
    0.17016,
    0.19662,
    0.23061,
    0.07873,
    0.02498,
    0.00849,
    0.00307,
    0.00105,
    0.00032,
    0.00011,
    5e-05,
    0.0,
    0.0,
    0.0
  ],
  "Werder Bremen": [
    1e-05,
    2e-05,
    9e-05,
    0.00054,
    0.00184,
    0.00525,
    0.02043,
    0.09405,
    0.14305,
    0.1605,
    0.15952,
    0.14112,
    0.11325,
    0.07854,
    0.05022,
    0.02415,
    0.00732,
    0.0001
  ],
  "Dortmund": [
    0.03531,
    0.09193,
    0.13468,
    0.16852,
    0.17764,
    0.17931,
    0.1523,
    0.04416,
    0.01158,
    0.00342,
    0.00079,
    0.00028,
    6e-05,
    2e-05,
    0.0,
    0.0,
    0.0,
    0.0
  ],
  "Leverkusen": [
    0.00011,
    0.00053,
    0.00227,
    0.00679,
    0.0166,
    0.03723,
    0.09774,
    0.28638,
    0.20668,
    0.13708,
    0.09215,
    0.05736,
    0.03257,
    0.01659,
    0.00706,
    0.00233,
    0.00053,
    0.0
  ],
  "Stuttgart": [
    0.0,
    0.0,
    0.0,
    0.0,
    3e-05,
    7e-05,
    0.00053,
    0.00544,
    0.01483,
    0.02759,
    0.04613,
    0.0736,
    0.10786,
    0.15412,
    0.19677,
    0.20506,
    0.16496,
    0.00301
  ],
  "RB Leipzig": [
    0.0979,
    0.18309,
    0.19026,
    0.1672,
    0.14222,
    0.1161,
    0.07848,
    0.0191,
    0.00404,
    0.00129,
    0.00023,
    6e-05,
    3e-05,
    0.0,
    0.0,
    0.0,
    0.0,
    0.0
  ],
  "FC Koln": [
    0.0,
    5e-05,
    0.00026,
    0.00091,
    0.003,
    0.00944,
    0.0331,
    0.13071,
    0.17953,
    0.17536,
    0.15184,
    0.12124,
    0.08754,
    0.05555,
    0.03202,
    0.01488,
    0.00454,
    3e-05
  ],
  "Schalke 04": [
    0.0,
    0.0,
    0.0,
    0.0,
    0.0,
    0.0,
    0.0,
    0.0,
    0.0,
    0.0,
    0.0,
    2e-05,
    4e-05,
    0.00013,
    0.00065,
    0.00285,
    0.02329,
    0.97302
  ]
}