{
  "Sp Lisbon": [
    0.68759,
    0.20582,
    0.07819,
    0.0232,
    0.00422,
    0.00086,
    0.00011,
    1e-05,
    0.0,
    0.0,
    0.0,
    0.0,
    0.0,
    0.0,
    0.0,
    0.0,
    0.0,
    0.0
  ],
  "Rio Ave": [
    3e-05,
    0.00023,
    0.00204,
    0.00947,
    0.0331,
    0.06545,
    0.09327,
    0.10105,
    0.10607,
    0.10383,
    0.10083,
    0.09316,
    0.08308,
    0.07163,
    0.05799,
    0.04282,
    0.02558,
    0.01037
  ],
  "AVS": [
    0.0,
    3e-05,
    0.00011,
    0.00073,
    0.00367,
    0.00961,
    0.02061,
    0.03186,
    0.04397,
    0.05678,
    0.06914,
    0.08432,
    0.09883,
    0.11222,
    0.12574,
    0.13157,
    0.12429,
    0.08652
  ],
  "Nacional": [
    0.0,
    1e-05,
    0.00018,
    0.00122,
    0.00607,
    0.01614,
    0.03051,
    0.04301,
    0.05819,
    0.07337,
    0.08371,
    0.09563,
    0.10428,
    0.1122,
    0.11441,
    0.11061,
    0.0928,
    0.05766
  ],
  "Casa Pia": [
    0.00151,
    0.01198,
    0.03896,
    0.10044,
    0.19969,
    0.21771,
    0.15522,
    0.09847,
    0.06553,
    0.04444,
    0.02795,
    0.01712,
    0.01051,
    0.00578,
    0.00304,
    0.0012,
    0.00043,
    2e-05
  ],
  "Boavista": [
    0.0,
    0.0,
    0.0,
    1e-05,
    7e-05,
    0.00041,
    0.00129,
    0.00303,
    0.00563,
    0.00971,
    0.01525,
    0.02326,
    0.03429,
    0.0518,
    0.07734,
    0.1199,
    0.20335,
    0.45466
  ],
  "Porto": [
    0.13542,
    0.30735,
    0.29205,
    0.17497,
    0.06371,
    0.01959,
    0.00512,
    0.00126,
    0.00039,
    0.00011,
    3e-05,
    0.0,
    0.0,
    0.0,
    0.0,
    0.0,
    0.0,
    0.0
  ],
  "Gil Vicente": [
    0.0,
    0.0001,
    0.00083,
    0.00498,
    0.02098,
    0.04703,
    0.07898,
    0.09911,
    0.10341,
    0.1061,
    0.10714,
    0.10208,
    0.09362,
    0.07993,
    0.06478,
    0.04886,
    0.03033,
    0.01174
  ],
  "Estoril": [
    7e-05,
    0.0004,
    0.00216,
    0.01172,
    0.03581,
    0.07183,
    0.10868,
    0.12291,
    0.11929,
    0.10954,
    0.09882,
    0.08523,
    0.07326,
    0.05864,
    0.04532,
    0.03138,
    0.01845,
    0.00649
  ],
  "Santa Clara": [
    0.00398,
    0.02204,
    0.06687,
    0.15569,
    0.28045,
    0.21315,
    0.11282,
    0.06404,
    0.03619,
    0.02151,
    0.01173,
    0.00611,
    0.00297,
    0.00151,
    0.00067,
    0.0002,
    7e-05,
    0.0
  ],
  "Famalicao": [
    0.0,
    6e-05,
    0.00047,
    0.00301,
    0.01359,
    0.03473,
    0.05606,
    0.07492,
    0.09955,
    0.10659,
    0.10884,
    0.10659,
    0.10136,
    0.09214,
    0.07973,
    0.06297,
    0.04143,
    0.01796
  ],
  "Benfica": [
    0.13581,
    0.31917,
    0.28864,
    0.16973,
    0.06117,
    0.0188,
    0.00478,
    0.00142,
    0.00035,
    9e-05,
    4e-05,
    0.0,
    0.0,
    0.0,
    0.0,
    0.0,
    0.0,
    0.0
  ],
  "Farense": [
    0.0,
    0.0,
    1e-05,
    6e-05,
    0.00053,
    0.00187,
    0.00568,
    0.01235,
    0.02074,
    0.03012,
    0.04201,
    0.05614,
    0.07196,
    0.09406,
    0.12112,
    0.15629,
    0.20209,
    0.18497
  ],
  "Moreirense": [
    0.0,
    0.00022,
    0.0016,
    0.00741,
    0.0289,
    0.05911,
    0.0956,
    0.11313,
    0.1193,
    0.11576,
    0.10517,
    0.09367,
    0.08044,
    0.0663,
    0.05043,
    0.03481,
    0.02053,
    0.00762
  ],
  "Sp Braga": [
    0.0354,
    0.13083,
    0.22214,
    0.308,
    0.17,
    0.07957,
    0.03241,
    0.01286,
    0.00556,
    0.00202,
    0.00093,
    0.00018,
    7e-05,
    3e-05,
    0.0,
    0.0,
    0.0,
    0.0
  ],
  "Estrela": [
    0.0,
    0.0,
    2e-05,
    0.00037,
    0.00214,
    0.00659,
    0.014,
    0.02321,
    0.03475,
    0.04731,
    0.06008,
    0.0751,
    0.09035,
    0.10973,
    0.12649,
    0.14418,
    0.15103,
    0.11465
  ],
  "Arouca": [
    0.0,
    1e-05,
    0.00011,
    0.00109,
    0.00522,
    0.01382,
    0.03119,
    0.04933,
    0.063,
    0.0761,
    0.09317,
    0.10271,
    0.10944,
    0.11171,
    0.11141,
    0.10267,
    0.0835,
    0.04552
  ],
  "Guimaraes": [
    0.00019,
    0.00175,
    0.00562,
    0.0279,
    0.07068,
    0.12373,
    0.15367,
    0.14803,
    0.11808,
    0.09662,
    0.07516,
    0.0587,
    0.04554,
    0.03232,
    0.02153,
    0.01254,
    0.00612,
    0.00182
  ]
}