{
  "Sp Lisbon": [
    0.57074,
    0.29941,
    0.12173,
    0.0074,
    0.00067,
    5e-05,
    0.0,
    0.0,
    0.0,
    0.0,
    0.0,
    0.0,
    0.0,
    0.0,
    0.0,
    0.0,
    0.0,
    0.0
  ],
  "Rio Ave": [
    0.0,
    0.0,
    0.0,
    0.00073,
    0.00509,
    0.02878,
    0.06677,
    0.11271,
    0.15076,
    0.16174,
    0.14679,
    0.1156,
    0.08328,
    0.05724,
    0.03586,
    0.02144,
    0.01016,
    0.00305
  ],
  "AVS": [
    0.0,
    0.0,
    0.0,
    1e-05,
    5e-05,
    0.00102,
    0.00397,
    0.01228,
    0.0251,
    0.04435,
    0.06998,
    0.09545,
    0.12245,
    0.13448,
    0.1435,
    0.13977,
    0.12277,
    0.08482
  ],
  "Nacional": [
    0.0,
    0.0,
    0.0,
    0.0,
    0.0001,
    0.00124,
    0.0047,
    0.01282,
    0.02968,
    0.05022,
    0.07737,
    0.1089,
    0.12842,
    0.14122,
    0.13964,
    0.12872,
    0.10872,
    0.06825
  ],
  "Casa Pia": [
    0.0,
    1e-05,
    0.00034,
    0.01932,
    0.07016,
    0.20655,
    0.26958,
    0.18778,
    0.1139,
    0.06607,
    0.03456,
    0.01773,
    0.00802,
    0.0036,
    0.00172,
    0.00043,
    0.00019,
    4e-05
  ],
  "Boavista": [
    0.0,
    0.0,
    0.0,
    0.0,
    0.0,
    1e-05,
    0.00013,
    0.00058,
    0.00174,
    0.00459,
    0.00993,
    0.01897,
    0.03231,
    0.05516,
    0.08204,
    0.12776,
    0.20952,
    0.45726
  ],
  "Porto": [
    0.31017,
    0.41154,
    0.25604,
    0.02004,
    0.00201,
    0.0002,
    0.0,
    0.0,
    0.0,
    0.0,
    0.0,
    0.0,
    0.0,
    0.0,
    0.0,
    0.0,
    0.0,
    0.0
  ],
  "Gil Vicente": [
    0.0,
    0.0,
    0.0,
    0.0003,
    0.00298,
    0.0196,
    0.05885,
    0.10592,
    0.14306,
    0.16089,
    0.15278,
    0.12383,
    0.09235,
    0.06092,
    0.03999,
    0.02341,
    0.01163,
    0.00349
  ],
  "Estoril": [
    0.0,
    0.0,
    0.0,
    0.0001,
    0.00075,
    0.0054,
    0.01898,
    0.04577,
    0.07644,
    0.10744,
    0.13338,
    0.14826,
    0.13867,
    0.1132,
    0.09052,
    0.06375,
    0.04082,
    0.01652
  ],
  "Santa Clara": [
    0.00047,
    0.00452,
    0.03902,
    0.36167,
    0.40373,
    0.13685,
    0.03856,
    0.01079,
    0.00339,
    0.00075,
    0.00021,
    4e-05,
    0.0,
    0.0,
    0.0,
    0.0,
    0.0,
    0.0
  ],
  "Famalicao": [
    0.0,
    0.0,
    2e-05,
    0.00085,
    0.00745,
    0.04241,
    0.10034,
    0.15573,
    0.18197,
    0.16109,
    0.12988,
    0.08933,
    0.05852,
    0.03556,
    0.02067,
    0.01036,
    0.00457,
    0.00125
  ],
  "Benfica": [
    0.1177,
    0.27687,
    0.52509,
    0.06719,
    0.01198,
    0.00104,
    0.00012,
    1e-05,
    0.0,
    0.0,
    0.0,
    0.0,
    0.0,
    0.0,
    0.0,
    0.0,
    0.0,
    0.0
  ],
  "Farense": [
    0.0,
    0.0,
    0.0,
    0.0,
    1e-05,
    0.00016,
    0.00094,
    0.00399,
    0.00966,
    0.02006,
    0.03545,
    0.05795,
    0.08292,
    0.11391,
    0.14125,
    0.17126,
    0.19576,
    0.16668
  ],
  "Moreirense": [
    0.0,
    0.0,
    3e-05,
    0.00306,
    0.01767,
    0.07733,
    0.18233,
    0.21825,
    0.17683,
    0.12906,
    0.08557,
    0.05181,
    0.03006,
    0.01563,
    0.00753,
    0.00331,
    0.00136,
    0.00017
  ],
  "Sp Braga": [
    0.00092,
    0.00748,
    0.05564,
    0.46154,
    0.31709,
    0.11645,
    0.03026,
    0.00783,
    0.00204,
    0.0006,
    0.0001,
    3e-05,
    2e-05,
    0.0,
    0.0,
    0.0,
    0.0,
    0.0
  ],
  "Estrela": [
    0.0,
    0.0,
    0.0,
    1e-05,
    6e-05,
    0.00065,
    0.00318,
    0.00962,
    0.0218,
    0.04137,
    0.06561,
    0.09369,
    0.11946,
    0.14022,
    0.14768,
    0.14502,
    0.12973,
    0.0819
  ],
  "Arouca": [
    0.0,
    0.0,
    0.0,
    0.0,
    1e-05,
    0.00028,
    0.00203,
    0.0062,
    0.01575,
    0.02871,
    0.04739,
    0.07426,
    0.10177,
    0.1282,
    0.14934,
    0.16472,
    0.16477,
    0.11657
  ],
  "Guimaraes": [
    0.0,
    0.00017,
    0.00209,
    0.05778,
    0.16019,
    0.36198,
    0.21926,
    0.10972,
    0.04788,
    0.02306,
    0.011,
    0.00415,
    0.00175,
    0.00066,
    0.00026,
    5e-05,
    0.0,
    0.0
  ]
}