{
  "Internacional / RS": [
    0.00177,
    0.00504,
    0.00935,
    0.01737,
    0.02832,
    0.03988,
    0.05845,
    0.08784,
    0.11452,
    0.1224,
    0.12721,
    0.11569,
    0.08533,
    0.06411,
    0.04561,
    0.03176,
    0.02096,
    0.01424,
    0.00778,
    0.00237
  ],
  "Bahia / BA": [
    0.00823,
    0.02457,
    0.04898,
    0.08096,
    0.11282,
    0.13866,
    0.14939,
    0.13685,
    0.10767,
    0.07633,
    0.05182,
    0.03003,
    0.01663,
    0.00931,
    0.00453,
    0.00195,
    0.00086,
    0.00028,
    0.00011,
    2e-05
  ],
  "Criciúma / SC": [
    3e-05,
    0.00027,
    0.00087,
    0.00279,
    0.0066,
    0.01328,
    0.02408,
    0.03964,
    0.06355,
    0.08843,
    0.1066,
    0.12023,
    0.1206,
    0.10871,
    0.09475,
    0.07568,
    0.05874,
    0.04146,
    0.02631,
    0.00738
  ],
  "Juventude / RS": [
    1e-05,
    0.0001,
    0.00039,
    0.0013,
    0.00357,
    0.00743,
    0.01388,
    0.02595,
    0.04396,
    0.06764,
    0.09272,
    0.11183,
    0.12237,
    0.11936,
    0.10837,
    0.09217,
    0.07614,
    0.06032,
    0.04006,
    0.01243
  ],
  "Fluminense / RJ": [
    0.0,
    0.0,
    1e-05,
    5e-05,
    0.00013,
    0.00029,
    0.00117,
    0.00229,
    0.00564,
    0.01146,
    0.02212,
    0.03722,
    0.05342,
    0.0748,
    0.09528,
    0.11558,
    0.14115,
    0.16066,
    0.17805,
    0.10068
  ],
  "Red Bull Bragantino / SP": [
    0.00049,
    0.00209,
    0.00659,
    0.01385,
    0.02665,
    0.04527,
    0.06825,
    0.09769,
    0.12317,
    0.14126,
    0.13854,
    0.11123,
    0.08286,
    0.0565,
    0.03855,
    0.02336,
    0.01341,
    0.00683,
    0.00287,
    0.00054
  ],
  "São Paulo / SP": [
    0.01089,
    0.02998,
    0.05477,
    0.08889,
    0.11713,
    0.14237,
    0.1489,
    0.13349,
    0.10609,
    0.07552,
    0.04479,
    0.0242,
    0.01245,
    0.00584,
    0.00283,
    0.00132,
    0.00037,
    0.00014,
    2e-05,
    1e-05
  ],
  "Fortaleza / CE": [
    0.06403,
    0.11159,
    0.14314,
    0.15822,
    0.15395,
    0.12779,
    0.09479,
    0.06365,
    0.0388,
    0.02385,
    0.01204,
    0.00473,
    0.00215,
    0.00089,
    0.00027,
    9e-05,
    2e-05,
    0.0,
    0.0,
    0.0
  ],
  "Vasco da Gama / RJ": [
    2e-05,
    4e-05,
    0.00023,
    0.00074,
    0.00185,
    0.00467,
    0.01009,
    0.02039,
    0.03429,
    0.05876,
    0.08645,
    0.11698,
    0.13798,
    0.1362,
    0.11956,
    0.09886,
    0.07607,
    0.05489,
    0.03285,
    0.00908
  ],
  "Grêmio / RS": [
    0.0,
    2e-05,
    4e-05,
    0.00016,
    0.00038,
    0.00106,
    0.00198,
    0.00526,
    0.01059,
    0.01926,
    0.0339,
    0.05325,
    0.0702,
    0.08953,
    0.10754,
    0.12289,
    0.13253,
    0.13922,
    0.13717,
    0.07502
  ],
  "Corinthians / SP": [
    0.0,
    0.0,
    5e-05,
    5e-05,
    0.00011,
    0.00039,
    0.00141,
    0.00376,
    0.0083,
    0.01651,
    0.03433,
    0.05396,
    0.07574,
    0.09756,
    0.11492,
    0.13058,
    0.13912,
    0.13899,
    0.12421,
    0.06001
  ],
  "Atlético Mineiro / MG": [
    0.00213,
    0.00832,
    0.01791,
    0.03328,
    0.05383,
    0.07893,
    0.10635,
    0.12663,
    0.14287,
    0.13729,
    0.10956,
    0.07291,
    0.0466,
    0.02965,
    0.01653,
    0.00929,
    0.005,
    0.00222,
    0.00062,
    8e-05
  ],
  "Athletico Paranaense / PR": [
    0.00809,
    0.02401,
    0.04546,
    0.0713,
    0.0992,
    0.12345,
    0.13677,
    0.13471,
    0.11833,
    0.09331,
    0.06221,
    0.03858,
    0.02181,
    0.01186,
    0.00604,
    0.00276,
    0.00141,
    0.00055,
    0.00014,
    1e-05
  ],
  "Cuiabá / MT": [
    0.0,
    0.0,
    0.0,
    6e-05,
    0.00014,
    0.00048,
    0.00159,
    0.00409,
    0.00836,
    0.01596,
    0.02798,
    0.0458,
    0.0657,
    0.08472,
    0.10324,
    0.1244,
    0.13835,
    0.15059,
    0.15199,
    0.07655
  ],
  "Atlético Goianiense / GO": [
    0.0,
    0.0,
    0.0,
    0.0,
    0.0,
    1e-05,
    1e-05,
    6e-05,
    0.00011,
    0.0005,
    0.00107,
    0.00244,
    0.00526,
    0.00955,
    0.0166,
    0.0302,
    0.05227,
    0.08975,
    0.18457,
    0.6076
  ],
  "Flamengo / RJ": [
    0.4151,
    0.24139,
    0.15237,
    0.08918,
    0.0496,
    0.02753,
    0.01359,
    0.00653,
    0.00274,
    0.00138,
    0.00039,
    0.00016,
    3e-05,
    1e-05,
    0.0,
    0.0,
    0.0,
    0.0,
    0.0,
    0.0
  ],
  "Cruzeiro / MG": [
    0.12018,
    0.169,
    0.19011,
    0.16492,
    0.12706,
    0.08984,
    0.05898,
    0.03711,
    0.02079,
    0.01168,
    0.0061,
    0.00256,
    0.001,
    0.00039,
    0.00021,
    5e-05,
    2e-05,
    0.0,
    0.0,
    0.0
  ],
  "Botafogo / RJ": [
    0.29779,
    0.26049,
    0.17709,
    0.11238,
    0.06962,
    0.04045,
    0.02246,
    0.01104,
    0.00517,
    0.00218,
    0.00097,
    0.00027,
    8e-05,
    0.0,
    1e-05,
    0.0,
    0.0,
    0.0,
    0.0,
    0.0
  ],
  "Vitória / BA": [
    0.0,
    0.0,
    0.0,
    2e-05,
    9e-05,
    0.00047,
    0.00139,
    0.00373,
    0.00769,
    0.01599,
    0.03068,
    0.05323,
    0.07771,
    0.10021,
    0.1249,
    0.13901,
    0.14356,
    0.13985,
    0.11325,
    0.04822
  ],
  "Palmeiras / SP": [
    0.07124,
    0.12309,
    0.15264,
    0.16448,
    0.14895,
    0.11775,
    0.08647,
    0.05929,
    0.03736,
    0.02029,
    0.01052,
    0.0047,
    0.00208,
    0.0008,
    0.00026,
    5e-05,
    2e-05,
    1e-05,
    0.0,
    0.0
  ]
}