{
  "Ath Bilbao": [
    0.0,
    0.0,
    7e-05,
    0.00045,
    0.0017,
    0.00519,
    0.01619,
    0.04016,
    0.0974,
    0.15169,
    0.16019,
    0.16059,
    0.14622,
    0.1129,
    0.06882,
    0.02726,
    0.00914,
    0.00187,
    0.00016,
    0.0
  ],
  "Barcelona": [
    0.58723,
    0.40259,
    0.00912,
    0.00091,
    0.0001,
    5e-05,
    0.0,
    0.0,
    0.0,
    0.0,
    0.0,
    0.0,
    0.0,
    0.0,
    0.0,
    0.0,
    0.0,
    0.0,
    0.0,
    0.0
  ],
  "Celta": [
    0.0,
    0.0,
    0.0,
    0.0,
    0.0,
    0.0,
    1e-05,
    0.00024,
    0.00083,
    0.0027,
    0.00642,
    0.01542,
    0.03096,
    0.06207,
    0.11532,
    0.20986,
    0.26008,
    0.17958,
    0.0879,
    0.02861
  ],
  "Real Madrid": [
    0.41184,
    0.57361,
    0.0129,
    0.00136,
    0.00022,
    5e-05,
    2e-05,
    0.0,
    0.0,
    0.0,
    0.0,
    0.0,
    0.0,
    0.0,
    0.0,
    0.0,
    0.0,
    0.0,
    0.0,
    0.0
  ],
  "Valencia": [
    0.0,
    9e-05,
    0.01296,
    0.03401,
    0.06543,
    0.11963,
    0.19886,
    0.22027,
    0.16158,
    0.09152,
    0.0516,
    0.02635,
    0.01181,
    0.00438,
    0.00131,
    0.00018,
    2e-05,
    0.0,
    0.0,
    0.0
  ],
  "Sociedad": [
    0.00028,
    0.00425,
    0.17329,
    0.1932,
    0.20083,
    0.19002,
    0.126,
    0.06925,
    0.02921,
    0.00941,
    0.00305,
    0.0009,
    0.00024,
    7e-05,
    0.0,
    0.0,
    0.0,
    0.0,
    0.0,
    0.0
  ],
  "Mallorca": [
    0.0,
    0.0,
    0.0,
    0.0,
    0.0,
    0.0,
    0.0,
    0.0,
    2e-05,
    0.00033,
    0.00092,
    0.00224,
    0.00561,
    0.01485,
    0.03925,
    0.09929,
    0.1854,
    0.30177,
    0.234,
    0.11632
  ],
  "Eibar": [
    0.0,
    0.0,
    0.0,
    0.0,
    0.0,
    0.0,
    0.0001,
    0.00036,
    0.00143,
    0.00415,
    0.01037,
    0.02138,
    0.04021,
    0.07601,
    0.1416,
    0.24882,
    0.23528,
    0.13692,
    0.06262,
    0.02075
  ],
  "Leganes": [
    0.0,
    0.0,
    0.0,
    0.0,
    0.0,
    0.0,
    0.0,
    0.0,
    0.0,
    3e-05,
    4e-05,
    0.00035,
    0.0011,
    0.00333,
    0.01044,
    0.03651,
    0.08806,
    0.19627,
    0.32282,
    0.34105
  ],
  "Osasuna": [
    0.0,
    0.0,
    0.00022,
    0.00069,
    0.00214,
    0.00627,
    0.01846,
    0.04347,
    0.1061,
    0.16798,
    0.16686,
    0.15216,
    0.12882,
    0.10107,
    0.06347,
    0.02923,
    0.01036,
    0.00224,
    0.00043,
    3e-05
  ],
  "Villarreal": [
    0.0,
    0.00018,
    0.01982,
    0.04512,
    0.08334,
    0.13502,
    0.19991,
    0.21053,
    0.1494,
    0.08378,
    0.04566,
    0.0178,
    0.00655,
    0.00225,
    0.00055,
    8e-05,
    1e-05,
    0.0,
    0.0,
    0.0
  ],
  "Granada": [
    0.0,
    0.0,
    0.00501,
    0.01574,
    0.03688,
    0.07369,
    0.14109,
    0.19441,
    0.20789,
    0.15429,
    0.09088,
    0.04564,
    0.02239,
    0.00853,
    0.00281,
    0.00068,
    6e-05,
    1e-05,
    0.0,
    0.0
  ],
  "Alaves": [
    0.0,
    0.0,
    0.0,
    2e-05,
    0.0002,
    0.00066,
    0.00222,
    0.00821,
    0.02178,
    0.04693,
    0.09172,
    0.14316,
    0.17727,
    0.19488,
    0.16672,
    0.09397,
    0.03917,
    0.01098,
    0.00189,
    0.00022
  ],
  "Levante": [
    0.0,
    0.0,
    0.00025,
    0.001,
    0.00367,
    0.01139,
    0.02853,
    0.0635,
    0.11485,
    0.16167,
    0.19397,
    0.16064,
    0.11815,
    0.07659,
    0.04196,
    0.01773,
    0.00513,
    0.00083,
    0.00014,
    0.0
  ],
  "Espanol": [
    0.0,
    0.0,
    0.0,
    0.0,
    0.0,
    0.0,
    0.0,
    0.0,
    0.0,
    1e-05,
    4e-05,
    0.00015,
    0.00048,
    0.00194,
    0.00676,
    0.02263,
    0.05795,
    0.13516,
    0.28262,
    0.49226
  ],
  "Sevilla": [
    0.00016,
    0.00528,
    0.23643,
    0.23358,
    0.20253,
    0.15689,
    0.09216,
    0.04513,
    0.01829,
    0.00669,
    0.00208,
    0.0006,
    0.00016,
    2e-05,
    0.0,
    0.0,
    0.0,
    0.0,
    0.0,
    0.0
  ],
  "Betis": [
    0.0,
    0.0,
    3e-05,
    0.00011,
    0.00076,
    0.00266,
    0.01009,
    0.02519,
    0.05232,
    0.08552,
    0.12458,
    0.16412,
    0.17591,
    0.1553,
    0.11614,
    0.05769,
    0.02202,
    0.00624,
    0.00119,
    0.00013
  ],
  "Valladolid": [
    0.0,
    0.0,
    0.0,
    1e-05,
    3e-05,
    0.00014,
    0.00082,
    0.00336,
    0.01026,
    0.02526,
    0.04945,
    0.08771,
    0.13397,
    0.18578,
    0.22483,
    0.15607,
    0.08732,
    0.02813,
    0.00623,
    0.00063
  ],
  "Ath Madrid": [
    0.00019,
    0.00583,
    0.25009,
    0.23199,
    0.20701,
    0.15907,
    0.0881,
    0.0395,
    0.01359,
    0.00333,
    0.00095,
    0.0003,
    3e-05,
    2e-05,
    0.0,
    0.0,
    0.0,
    0.0,
    0.0,
    0.0
  ],
  "Getafe": [
    0.0003,
    0.00817,
    0.27981,
    0.24181,
    0.19516,
    0.13927,
    0.07744,
    0.03642,
    0.01505,
    0.00471,
    0.00122,
    0.00049,
    0.00012,
    1e-05,
    2e-05,
    0.0,
    0.0,
    0.0,
    0.0,
    0.0
  ]
}