{
  "Sp Lisbon": [
    0.80347,
    0.16363,
    0.03133,
    0.00141,
    0.00012,
    4e-05,
    0.0,
    0.0,
    0.0,
    0.0,
    0.0,
    0.0,
    0.0,
    0.0,
    0.0,
    0.0,
    0.0,
    0.0
  ],
  "Rio Ave": [
    0.0,
    1e-05,
    0.00012,
    0.00239,
    0.0085,
    0.01727,
    0.03091,
    0.04632,
    0.06743,
    0.09043,
    0.10725,
    0.12028,
    0.12041,
    0.1111,
    0.09763,
    0.0813,
    0.06079,
    0.03786
  ],
  "AVS": [
    0.0,
    0.0,
    0.00022,
    0.00319,
    0.00877,
    0.01926,
    0.0329,
    0.05386,
    0.07771,
    0.09804,
    0.1175,
    0.12464,
    0.11658,
    0.10555,
    0.09045,
    0.07106,
    0.05109,
    0.02918
  ],
  "Nacional": [
    0.0,
    0.0,
    0.0,
    7e-05,
    0.00039,
    0.00113,
    0.00331,
    0.00672,
    0.01293,
    0.0218,
    0.03717,
    0.05403,
    0.07495,
    0.09905,
    0.12169,
    0.1555,
    0.18802,
    0.22324
  ],
  "Casa Pia": [
    0.0,
    1e-05,
    0.00106,
    0.01535,
    0.03433,
    0.05742,
    0.08662,
    0.11378,
    0.13615,
    0.13999,
    0.11946,
    0.09506,
    0.072,
    0.05172,
    0.03602,
    0.02324,
    0.0128,
    0.00499
  ],
  "Boavista": [
    0.0,
    0.0,
    9e-05,
    0.00146,
    0.0052,
    0.01252,
    0.02498,
    0.04221,
    0.06639,
    0.0907,
    0.10963,
    0.11803,
    0.11837,
    0.11448,
    0.10104,
    0.08589,
    0.06524,
    0.04377
  ],
  "Porto": [
    0.15075,
    0.5636,
    0.2546,
    0.02535,
    0.00442,
    0.0009,
    0.00028,
    9e-05,
    1e-05,
    0.0,
    0.0,
    0.0,
    0.0,
    0.0,
    0.0,
    0.0,
    0.0,
    0.0
  ],
  "Gil Vicente": [
    0.0,
    0.00011,
    0.00269,
    0.03163,
    0.06552,
    0.09781,
    0.127,
    0.14782,
    0.14091,
    0.12105,
    0.08989,
    0.06399,
    0.04407,
    0.02995,
    0.01845,
    0.01113,
    0.00574,
    0.00224
  ],
  "Estoril": [
    0.0,
    0.0,
    1e-05,
    0.00016,
    0.00066,
    0.00249,
    0.00551,
    0.01142,
    0.02032,
    0.03478,
    0.05242,
    0.07064,
    0.0918,
    0.11364,
    0.13373,
    0.1494,
    0.16169,
    0.15133
  ],
  "Santa Clara": [
    7e-05,
    0.00295,
    0.0306,
    0.19494,
    0.21534,
    0.18161,
    0.14476,
    0.09491,
    0.05907,
    0.03573,
    0.01901,
    0.01059,
    0.00551,
    0.0028,
    0.00129,
    0.00058,
    0.00018,
    6e-05
  ],
  "Famalicao": [
    9e-05,
    0.00252,
    0.02609,
    0.17037,
    0.20385,
    0.19533,
    0.1445,
    0.09959,
    0.06759,
    0.04035,
    0.02384,
    0.01315,
    0.00661,
    0.00344,
    0.0017,
    0.00067,
    0.00024,
    7e-05
  ],
  "Benfica": [
    0.0452,
    0.25713,
    0.56498,
    0.09524,
    0.02527,
    0.00827,
    0.00256,
    0.00091,
    0.0003,
    8e-05,
    5e-05,
    1e-05,
    0.0,
    0.0,
    0.0,
    0.0,
    0.0,
    0.0
  ],
  "Farense": [
    0.0,
    0.0,
    0.0,
    4e-05,
    0.0001,
    0.00059,
    0.00177,
    0.004,
    0.00851,
    0.01538,
    0.02629,
    0.04104,
    0.0588,
    0.0797,
    0.11209,
    0.14804,
    0.20222,
    0.30143
  ],
  "Moreirense": [
    0.0,
    7e-05,
    0.0021,
    0.02361,
    0.05383,
    0.08641,
    0.12021,
    0.14494,
    0.14688,
    0.12401,
    0.0966,
    0.07137,
    0.05049,
    0.03482,
    0.02272,
    0.01299,
    0.00625,
    0.0027
  ],
  "Sp Braga": [
    0.00039,
    0.00915,
    0.07406,
    0.33528,
    0.22474,
    0.14384,
    0.09335,
    0.05584,
    0.03165,
    0.01637,
    0.00795,
    0.00394,
    0.00182,
    0.00095,
    0.00045,
    0.00014,
    7e-05,
    1e-05
  ],
  "Estrela": [
    0.0,
    0.0,
    0.0,
    0.00043,
    0.0018,
    0.00428,
    0.00922,
    0.01811,
    0.03073,
    0.05046,
    0.0738,
    0.09222,
    0.10875,
    0.12219,
    0.12716,
    0.12703,
    0.12535,
    0.10847
  ],
  "Arouca": [
    0.0,
    0.0,
    1e-05,
    0.00039,
    0.00155,
    0.00402,
    0.00901,
    0.01932,
    0.03417,
    0.05173,
    0.07398,
    0.09478,
    0.11321,
    0.12225,
    0.13107,
    0.13081,
    0.11934,
    0.09436
  ],
  "Guimaraes": [
    3e-05,
    0.00082,
    0.01204,
    0.09869,
    0.14561,
    0.16681,
    0.16311,
    0.14016,
    0.09925,
    0.0691,
    0.04516,
    0.02623,
    0.01663,
    0.00836,
    0.00451,
    0.00222,
    0.00098,
    0.00029
  ]
}