{
  "Fortaleza / CE": [
    0.0,
    5e-05,
    0.0002,
    0.00037,
    0.00137,
    0.0031,
    0.00679,
    0.01387,
    0.02677,
    0.05194,
    0.08498,
    0.11952,
    0.13718,
    0.14609,
    0.1386,
    0.11196,
    0.0839,
    0.05321,
    0.01793,
    0.00217
  ],
  "Athletico Paranaense / PR": [
    0.0,
    0.0,
    3e-05,
    4e-05,
    8e-05,
    0.00029,
    0.00103,
    0.00272,
    0.00675,
    0.01666,
    0.03402,
    0.05934,
    0.08343,
    0.11436,
    0.13588,
    0.16087,
    0.16791,
    0.13527,
    0.06937,
    0.01195
  ],
  "Coritiba / PR": [
    0.0,
    0.0,
    0.0,
    0.0,
    0.0,
    0.0,
    0.0,
    0.0,
    0.0,
    0.0,
    5e-05,
    0.00013,
    0.00043,
    0.00112,
    0.00284,
    0.00788,
    0.01978,
    0.05497,
    0.1821,
    0.7307
  ],
  "Internacional / RS": [
    0.03677,
    0.06522,
    0.09156,
    0.11496,
    0.1394,
    0.1417,
    0.13633,
    0.11011,
    0.07557,
    0.04631,
    0.02433,
    0.01055,
    0.00449,
    0.00185,
    0.00063,
    0.00017,
    4e-05,
    1e-05,
    0.0,
    0.0
  ],
  "Sport / PE": [
    0.0,
    5e-05,
    0.00015,
    0.00072,
    0.00174,
    0.00443,
    0.01085,
    0.0205,
    0.04051,
    0.07176,
    0.11219,
    0.15252,
    0.14991,
    0.14011,
    0.10982,
    0.08433,
    0.05741,
    0.03128,
    0.01099,
    0.00073
  ],
  "Ceará / CE": [
    1e-05,
    3e-05,
    0.00015,
    0.00056,
    0.00139,
    0.00358,
    0.00748,
    0.01543,
    0.02991,
    0.05466,
    0.09173,
    0.13248,
    0.16401,
    0.14276,
    0.12679,
    0.1054,
    0.07056,
    0.03848,
    0.01346,
    0.00113
  ],
  "Flamengo / RJ": [
    0.15935,
    0.16487,
    0.16578,
    0.14778,
    0.11835,
    0.09193,
    0.0672,
    0.04159,
    0.02447,
    0.01166,
    0.00478,
    0.00167,
    0.00043,
    0.00013,
    1e-05,
    0.0,
    0.0,
    0.0,
    0.0,
    0.0
  ],
  "Atlético Mineiro / MG": [
    0.05529,
    0.11287,
    0.158,
    0.17905,
    0.15973,
    0.13019,
    0.09354,
    0.06007,
    0.03114,
    0.01428,
    0.00433,
    0.0012,
    0.00024,
    6e-05,
    1e-05,
    0.0,
    0.0,
    0.0,
    0.0,
    0.0
  ],
  "Santos / SP": [
    0.01015,
    0.02575,
    0.04773,
    0.07389,
    0.10493,
    0.13107,
    0.14889,
    0.15091,
    0.12379,
    0.08904,
    0.05028,
    0.0248,
    0.01183,
    0.00472,
    0.00148,
    0.00056,
    0.00016,
    2e-05,
    0.0,
    0.0
  ],
  "Red Bull Bragantino / SP": [
    0.00025,
    0.00123,
    0.00375,
    0.00819,
    0.01659,
    0.03112,
    0.05391,
    0.08595,
    0.13033,
    0.15876,
    0.16453,
    0.121,
    0.08553,
    0.05783,
    0.04019,
    0.02281,
    0.01152,
    0.0054,
    0.00103,
    8e-05
  ],
  "Grêmio / RS": [
    0.2769,
    0.2289,
    0.16797,
    0.11942,
    0.08363,
    0.05563,
    0.03354,
    0.01879,
    0.00938,
    0.00397,
    0.00132,
    0.00044,
    0.0001,
    1e-05,
    0.0,
    0.0,
    0.0,
    0.0,
    0.0,
    0.0
  ],
  "Fluminense / RJ": [
    0.01103,
    0.02824,
    0.05113,
    0.07775,
    0.10895,
    0.13689,
    0.15211,
    0.15234,
    0.11898,
    0.07928,
    0.04644,
    0.02242,
    0.00998,
    0.00324,
    0.00092,
    0.00026,
    4e-05,
    0.0,
    0.0,
    0.0
  ],
  "Botafogo / RJ": [
    0.0,
    0.0,
    0.0,
    0.0,
    0.0,
    0.0,
    0.0,
    3e-05,
    0.00011,
    0.00037,
    0.00135,
    0.00379,
    0.0106,
    0.02134,
    0.03771,
    0.0664,
    0.11517,
    0.20342,
    0.37306,
    0.16665
  ],
  "Corinthians / SP": [
    0.00051,
    0.0026,
    0.00749,
    0.01503,
    0.02708,
    0.04602,
    0.07085,
    0.10183,
    0.13856,
    0.1595,
    0.14773,
    0.11295,
    0.07455,
    0.04647,
    0.02682,
    0.01355,
    0.00611,
    0.00186,
    0.00046,
    3e-05
  ],
  "Goiás / GO": [
    0.0,
    0.0,
    0.0,
    0.0,
    1e-05,
    4e-05,
    0.0002,
    0.00068,
    0.00194,
    0.00585,
    0.01304,
    0.02509,
    0.04609,
    0.07285,
    0.10315,
    0.14045,
    0.17642,
    0.20148,
    0.16435,
    0.04836
  ],
  "Bahia / BA": [
    0.0,
    1e-05,
    1e-05,
    0.00022,
    0.00056,
    0.00125,
    0.00317,
    0.0075,
    0.01613,
    0.03258,
    0.05759,
    0.08835,
    0.11157,
    0.13211,
    0.14919,
    0.14328,
    0.12346,
    0.08949,
    0.03897,
    0.00456
  ],
  "Atlético Goianiense / GO": [
    0.0009,
    0.00382,
    0.0102,
    0.02066,
    0.03786,
    0.06431,
    0.0958,
    0.13512,
    0.17091,
    0.16336,
    0.1228,
    0.07588,
    0.04512,
    0.02799,
    0.01497,
    0.00676,
    0.00261,
    0.00079,
    0.00014,
    0.0
  ],
  "Palmeiras / SP": [
    0.07843,
    0.11062,
    0.13507,
    0.14245,
    0.14068,
    0.12596,
    0.10157,
    0.07333,
    0.04574,
    0.02537,
    0.01235,
    0.00524,
    0.00202,
    0.00084,
    0.00025,
    6e-05,
    2e-05,
    0.0,
    0.0,
    0.0
  ],
  "São Paulo / SP": [
    0.37041,
    0.25574,
    0.16076,
    0.09888,
    0.05749,
    0.03207,
    0.01569,
    0.00626,
    0.00232,
    0.00033,
    5e-05,
    0.0,
    0.0,
    0.0,
    0.0,
    0.0,
    0.0,
    0.0,
    0.0,
    0.0
  ],
  "Vasco da Gama / RJ": [
    0.0,
    0.0,
    2e-05,
    3e-05,
    0.00016,
    0.00042,
    0.00105,
    0.00297,
    0.00669,
    0.01432,
    0.02611,
    0.04263,
    0.06249,
    0.08612,
    0.11074,
    0.13526,
    0.16489,
    0.18432,
    0.12814,
    0.03364
  ]
}