{
  "Portimonense": [
    0.0,
    0.0,
    0.00015,
    0.0008,
    0.00233,
    0.00584,
    0.01005,
    0.01634,
    0.02272,
    0.03487,
    0.04735,
    0.06678,
    0.09307,
    0.12768,
    0.17317,
    0.22432,
    0.16314,
    0.01139
  ],
  "Belenenses": [
    0.0,
    1e-05,
    0.00071,
    0.00319,
    0.00958,
    0.01939,
    0.02932,
    0.04136,
    0.05556,
    0.06615,
    0.08213,
    0.10067,
    0.12347,
    0.13871,
    0.14296,
    0.12539,
    0.05889,
    0.00251
  ],
  "Santa Clara": [
    0.0,
    0.0,
    0.00038,
    0.00187,
    0.00499,
    0.01153,
    0.01898,
    0.02791,
    0.03953,
    0.05297,
    0.06952,
    0.09137,
    0.12033,
    0.14728,
    0.16306,
    0.15709,
    0.08754,
    0.00565
  ],
  "Famalicao": [
    8e-05,
    0.00473,
    0.37872,
    0.26664,
    0.15808,
    0.0816,
    0.04734,
    0.02727,
    0.01581,
    0.00928,
    0.00537,
    0.00289,
    0.0014,
    0.00054,
    0.00018,
    6e-05,
    1e-05,
    0.0
  ],
  "Gil Vicente": [
    0.0,
    0.0,
    0.00673,
    0.02143,
    0.04393,
    0.07115,
    0.0888,
    0.10227,
    0.10942,
    0.11161,
    0.11028,
    0.09905,
    0.08472,
    0.06456,
    0.04838,
    0.02732,
    0.01012,
    0.00023
  ],
  "Porto": [
    0.18756,
    0.80237,
    0.00951,
    0.00052,
    3e-05,
    1e-05,
    0.0,
    0.0,
    0.0,
    0.0,
    0.0,
    0.0,
    0.0,
    0.0,
    0.0,
    0.0,
    0.0,
    0.0
  ],
  "Benfica": [
    0.81227,
    0.1872,
    0.00051,
    2e-05,
    0.0,
    0.0,
    0.0,
    0.0,
    0.0,
    0.0,
    0.0,
    0.0,
    0.0,
    0.0,
    0.0,
    0.0,
    0.0,
    0.0
  ],
  "Pacos Ferreira": [
    0.0,
    0.0,
    1e-05,
    2e-05,
    6e-05,
    0.00024,
    0.00084,
    0.00169,
    0.00342,
    0.00579,
    0.01106,
    0.01996,
    0.03466,
    0.05718,
    0.10204,
    0.19649,
    0.50569,
    0.06085
  ],
  "Boavista": [
    0.0,
    2e-05,
    0.01995,
    0.04501,
    0.07725,
    0.10524,
    0.11888,
    0.11645,
    0.11047,
    0.10464,
    0.0867,
    0.07062,
    0.05503,
    0.04146,
    0.02771,
    0.01621,
    0.00426,
    0.0001
  ],
  "Aves": [
    0.0,
    0.0,
    0.0,
    0.0,
    0.0,
    0.0,
    0.0,
    0.0,
    0.0,
    0.0,
    2e-05,
    9e-05,
    0.00022,
    0.00079,
    0.00274,
    0.01067,
    0.06973,
    0.91574
  ],
  "Maritimo": [
    0.0,
    0.0,
    0.00059,
    0.00251,
    0.00716,
    0.014,
    0.0215,
    0.033,
    0.05053,
    0.06803,
    0.0871,
    0.10817,
    0.12438,
    0.13871,
    0.14584,
    0.13048,
    0.06523,
    0.00277
  ],
  "Sp Lisbon": [
    8e-05,
    0.005,
    0.36746,
    0.27431,
    0.15999,
    0.08422,
    0.04768,
    0.0294,
    0.01608,
    0.00814,
    0.00449,
    0.002,
    0.00072,
    0.00031,
    0.0001,
    2e-05,
    0.0,
    0.0
  ],
  "Sp Braga": [
    0.0,
    2e-05,
    0.00486,
    0.01638,
    0.03345,
    0.05344,
    0.07845,
    0.09393,
    0.10748,
    0.11345,
    0.11287,
    0.10797,
    0.09602,
    0.07803,
    0.0575,
    0.03475,
    0.01114,
    0.00026
  ],
  "Moreirense": [
    0.0,
    0.0,
    0.00463,
    0.01488,
    0.0322,
    0.054,
    0.07358,
    0.0903,
    0.10327,
    0.10993,
    0.11145,
    0.10788,
    0.09748,
    0.08476,
    0.06168,
    0.03926,
    0.0143,
    0.0004
  ],
  "Setubal": [
    0.0,
    4e-05,
    0.02723,
    0.05817,
    0.09314,
    0.12268,
    0.12721,
    0.11994,
    0.10784,
    0.09301,
    0.077,
    0.06265,
    0.04658,
    0.03273,
    0.01964,
    0.00988,
    0.00226,
    0.0
  ],
  "Tondela": [
    0.0,
    0.0,
    0.01346,
    0.03458,
    0.06427,
    0.09187,
    0.1035,
    0.10724,
    0.10552,
    0.10117,
    0.09629,
    0.09018,
    0.07279,
    0.05624,
    0.03674,
    0.02018,
    0.00588,
    9e-05
  ],
  "Rio Ave": [
    0.0,
    5e-05,
    0.02763,
    0.0624,
    0.10513,
    0.13791,
    0.13062,
    0.12107,
    0.10462,
    0.08742,
    0.07589,
    0.05606,
    0.04088,
    0.02577,
    0.01593,
    0.00695,
    0.00166,
    1e-05
  ],
  "Guimaraes": [
    1e-05,
    0.00056,
    0.13747,
    0.19727,
    0.20841,
    0.14688,
    0.10325,
    0.07183,
    0.04773,
    0.03354,
    0.02248,
    0.01366,
    0.00825,
    0.00525,
    0.00233,
    0.00093,
    0.00015,
    0.0
  ]
}