{
  "Bayern Munich": [
    0.89048,
    0.08905,
    0.01551,
    0.00407,
    0.00085,
    3e-05,
    1e-05,
    0.0,
    0.0,
    0.0,
    0.0,
    0.0,
    0.0,
    0.0,
    0.0,
    0.0,
    0.0,
    0.0
  ],
  "Schalke 04": [
    0.0,
    0.0,
    0.0,
    0.0,
    0.0,
    0.0,
    0.0,
    0.0,
    0.0,
    0.0,
    0.0,
    0.0,
    2e-05,
    0.00032,
    0.00205,
    0.01068,
    0.10224,
    0.88469
  ],
  "Ein Frankfurt": [
    0.00237,
    0.0515,
    0.1429,
    0.23756,
    0.25943,
    0.15523,
    0.08881,
    0.04405,
    0.01513,
    0.00263,
    0.00037,
    2e-05,
    0.0,
    0.0,
    0.0,
    0.0,
    0.0,
    0.0
  ],
  "Bielefeld": [
    0.0,
    0.0,
    0.0,
    0.0,
    0.0,
    0.0,
    4e-05,
    0.00025,
    0.00129,
    0.00641,
    0.01897,
    0.03818,
    0.07187,
    0.13031,
    0.25221,
    0.35302,
    0.12129,
    0.00616
  ],
  "FC Koln": [
    0.0,
    0.0,
    0.0,
    0.0,
    2e-05,
    0.00013,
    0.00076,
    0.00289,
    0.0139,
    0.04766,
    0.09805,
    0.14899,
    0.1994,
    0.22779,
    0.16705,
    0.08,
    0.01312,
    0.00024
  ],
  "Hoffenheim": [
    0.0,
    0.0,
    0.0,
    2e-05,
    0.00011,
    0.0009,
    0.00362,
    0.01227,
    0.0435,
    0.11638,
    0.18884,
    0.20449,
    0.18508,
    0.1346,
    0.07628,
    0.03018,
    0.00366,
    7e-05
  ],
  "Stuttgart": [
    0.0,
    1e-05,
    4e-05,
    0.00025,
    0.00205,
    0.00723,
    0.02293,
    0.05832,
    0.15122,
    0.30088,
    0.20234,
    0.1269,
    0.07212,
    0.0375,
    0.01474,
    0.00337,
    0.0001,
    0.0
  ],
  "Freiburg": [
    3e-05,
    0.00088,
    0.00671,
    0.02701,
    0.07325,
    0.14611,
    0.21255,
    0.26149,
    0.18189,
    0.06196,
    0.01958,
    0.00616,
    0.00175,
    0.00055,
    8e-05,
    0.0,
    0.0,
    0.0
  ],
  "Union Berlin": [
    0.0,
    0.00015,
    0.00144,
    0.00639,
    0.02368,
    0.06628,
    0.12316,
    0.2077,
    0.30759,
    0.15982,
    0.06394,
    0.0263,
    0.0098,
    0.00297,
    0.00071,
    7e-05,
    0.0,
    0.0
  ],
  "Augsburg": [
    0.0,
    0.0,
    0.0,
    1e-05,
    6e-05,
    0.00032,
    0.00164,
    0.00698,
    0.02818,
    0.09692,
    0.16264,
    0.19383,
    0.19466,
    0.16163,
    0.10169,
    0.0459,
    0.00541,
    0.00013
  ],
  "Werder Bremen": [
    0.0,
    0.0,
    0.0,
    5e-05,
    0.00035,
    0.0013,
    0.0048,
    0.01553,
    0.05118,
    0.13772,
    0.20229,
    0.19396,
    0.16345,
    0.12453,
    0.07183,
    0.02927,
    0.00371,
    3e-05
  ],
  "Hertha": [
    0.0,
    0.0,
    0.0,
    0.0,
    0.0,
    0.0,
    5e-05,
    0.0003,
    0.00192,
    0.01003,
    0.02858,
    0.05566,
    0.09463,
    0.16113,
    0.25893,
    0.28976,
    0.09418,
    0.00483
  ],
  "Dortmund": [
    3e-05,
    0.00323,
    0.01674,
    0.04845,
    0.1053,
    0.19861,
    0.25188,
    0.20698,
    0.11954,
    0.03712,
    0.00915,
    0.00221,
    0.00065,
    0.00011,
    0.0,
    0.0,
    0.0,
    0.0
  ],
  "M'gladbach": [
    0.00011,
    0.005,
    0.02665,
    0.07113,
    0.15494,
    0.25729,
    0.22341,
    0.15722,
    0.07698,
    0.02133,
    0.00448,
    0.0012,
    0.00024,
    2e-05,
    0.0,
    0.0,
    0.0,
    0.0
  ],
  "RB Leipzig": [
    0.08032,
    0.55467,
    0.22984,
    0.09066,
    0.03354,
    0.00851,
    0.00199,
    0.0004,
    6e-05,
    1e-05,
    0.0,
    0.0,
    0.0,
    0.0,
    0.0,
    0.0,
    0.0,
    0.0
  ],
  "Mainz": [
    0.0,
    0.0,
    0.0,
    0.0,
    0.0,
    0.0,
    0.0,
    0.0,
    0.0,
    0.0001,
    0.00062,
    0.00209,
    0.00633,
    0.01854,
    0.05443,
    0.15775,
    0.65629,
    0.10385
  ],
  "Wolfsburg": [
    0.02039,
    0.23095,
    0.37128,
    0.21426,
    0.10231,
    0.03962,
    0.01565,
    0.00453,
    0.00093,
    8e-05,
    0.0,
    0.0,
    0.0,
    0.0,
    0.0,
    0.0,
    0.0,
    0.0
  ],
  "Leverkusen": [
    0.00627,
    0.06456,
    0.18889,
    0.30014,
    0.24411,
    0.11844,
    0.0487,
    0.02109,
    0.00669,
    0.00095,
    0.00015,
    1e-05,
    0.0,
    0.0,
    0.0,
    0.0,
    0.0,
    0.0
  ]
}