{
  "Heerenveen": [
    0.00059,
    0.0039,
    0.01343,
    0.03236,
    0.07322,
    0.15977,
    0.32571,
    0.23983,
    0.10244,
    0.03368,
    0.01116,
    0.00295,
    0.00082,
    0.00012,
    1e-05,
    1e-05,
    0.0,
    0.0
  ],
  "Sparta Rotterdam": [
    0.00993,
    0.04291,
    0.0915,
    0.14713,
    0.20825,
    0.26557,
    0.15447,
    0.06422,
    0.01289,
    0.00264,
    0.00046,
    3e-05,
    0.0,
    0.0,
    0.0,
    0.0,
    0.0,
    0.0
  ],
  "For Sittard": [
    0.0,
    0.0,
    0.0,
    0.0,
    0.0,
    1e-05,
    0.00032,
    0.0022,
    0.01201,
    0.04172,
    0.08205,
    0.14275,
    0.19977,
    0.19652,
    0.16089,
    0.10029,
    0.05036,
    0.01111
  ],
  "Ajax": [
    0.05318,
    0.14488,
    0.20461,
    0.22307,
    0.18638,
    0.12492,
    0.04799,
    0.01275,
    0.00193,
    0.00028,
    0.0,
    1e-05,
    0.0,
    0.0,
    0.0,
    0.0,
    0.0,
    0.0
  ],
  "Cambuur": [
    0.0,
    0.0,
    0.0,
    0.0,
    0.0,
    0.0,
    0.0,
    0.0,
    1e-05,
    6e-05,
    0.00042,
    0.00155,
    0.00469,
    0.01364,
    0.03387,
    0.08651,
    0.20428,
    0.65497
  ],
  "Excelsior": [
    0.0,
    0.0,
    0.0,
    0.0,
    1e-05,
    0.00027,
    0.00234,
    0.01461,
    0.0576,
    0.14447,
    0.21099,
    0.22625,
    0.15815,
    0.10079,
    0.05451,
    0.02288,
    0.00637,
    0.00076
  ],
  "PSV Eindhoven": [
    0.02674,
    0.08562,
    0.14661,
    0.20155,
    0.23732,
    0.19192,
    0.08097,
    0.02471,
    0.00403,
    0.00046,
    7e-05,
    0.0,
    0.0,
    0.0,
    0.0,
    0.0,
    0.0,
    0.0
  ],
  "FC Emmen": [
    0.0,
    0.0,
    0.0,
    0.0,
    0.0,
    0.0,
    9e-05,
    0.00044,
    0.0048,
    0.01812,
    0.04741,
    0.09933,
    0.15997,
    0.20232,
    0.21563,
    0.14937,
    0.08212,
    0.0204
  ],
  "Waalwijk": [
    0.0,
    0.0,
    1e-05,
    0.00011,
    0.00036,
    0.00212,
    0.01283,
    0.03982,
    0.12804,
    0.19009,
    0.22956,
    0.17808,
    0.11017,
    0.06312,
    0.0308,
    0.01129,
    0.00311,
    0.00049
  ],
  "Utrecht": [
    0.00021,
    0.00103,
    0.00438,
    0.01417,
    0.03673,
    0.09372,
    0.238,
    0.34672,
    0.17153,
    0.06884,
    0.01863,
    0.00476,
    0.00116,
    0.0001,
    2e-05,
    0.0,
    0.0,
    0.0
  ],
  "Groningen": [
    0.0,
    0.0,
    0.0,
    0.0,
    0.0,
    0.0,
    0.0,
    2e-05,
    0.00027,
    0.00155,
    0.00764,
    0.02072,
    0.04673,
    0.088,
    0.15142,
    0.25721,
    0.28808,
    0.13836
  ],
  "Volendam": [
    0.0,
    0.0,
    0.0,
    0.0,
    0.0,
    0.0,
    0.0,
    3e-05,
    0.00039,
    0.00187,
    0.00791,
    0.02157,
    0.04636,
    0.08543,
    0.14526,
    0.23779,
    0.29729,
    0.1561
  ],
  "Nijmegen": [
    0.0,
    1e-05,
    0.00022,
    0.00113,
    0.00451,
    0.01766,
    0.07044,
    0.17982,
    0.31478,
    0.23149,
    0.10705,
    0.04739,
    0.01775,
    0.00577,
    0.0015,
    0.0004,
    8e-05,
    0.0
  ],
  "Twente": [
    0.07465,
    0.18611,
    0.23384,
    0.20706,
    0.15635,
    0.09719,
    0.03421,
    0.00939,
    0.00103,
    0.00016,
    1e-05,
    0.0,
    0.0,
    0.0,
    0.0,
    0.0,
    0.0,
    0.0
  ],
  "Vitesse": [
    0.0,
    0.0,
    0.0,
    0.0,
    0.0,
    1e-05,
    0.00012,
    0.00136,
    0.00828,
    0.02524,
    0.06775,
    0.1176,
    0.17727,
    0.20276,
    0.18695,
    0.128,
    0.06697,
    0.01769
  ],
  "Feyenoord": [
    0.62138,
    0.22366,
    0.09196,
    0.0397,
    0.01707,
    0.00537,
    0.00078,
    7e-05,
    1e-05,
    0.0,
    0.0,
    0.0,
    0.0,
    0.0,
    0.0,
    0.0,
    0.0,
    0.0
  ],
  "AZ Alkmaar": [
    0.21332,
    0.31188,
    0.21339,
    0.13357,
    0.07901,
    0.03691,
    0.00983,
    0.00191,
    0.00017,
    1e-05,
    0.0,
    0.0,
    0.0,
    0.0,
    0.0,
    0.0,
    0.0,
    0.0
  ],
  "Go Ahead Eagles": [
    0.0,
    0.0,
    5e-05,
    0.00015,
    0.00079,
    0.00456,
    0.0219,
    0.0621,
    0.17979,
    0.23932,
    0.20889,
    0.13701,
    0.07716,
    0.04143,
    0.01914,
    0.00625,
    0.00134,
    0.00012
  ]
}