{
  "Bayern Munich": [
    0.17435,
    0.2025,
    0.17922,
    0.14732,
    0.12369,
    0.08003,
    0.04828,
    0.02556,
    0.01069,
    0.00532,
    0.00202,
    0.00061,
    0.00029,
    9e-05,
    3e-05,
    0.0,
    0.0,
    0.0
  ],
  "Hertha": [
    3e-05,
    0.00016,
    0.00061,
    0.00161,
    0.00362,
    0.00798,
    0.01612,
    0.02992,
    0.04733,
    0.06606,
    0.08508,
    0.10149,
    0.11463,
    0.12444,
    0.12768,
    0.12119,
    0.09915,
    0.0529
  ],
  "Dortmund": [
    0.07622,
    0.15019,
    0.16466,
    0.15354,
    0.13452,
    0.11578,
    0.086,
    0.05407,
    0.03223,
    0.01709,
    0.0085,
    0.00419,
    0.00178,
    0.00091,
    0.00025,
    5e-05,
    1e-05,
    1e-05
  ],
  "Augsburg": [
    0.00047,
    0.00199,
    0.00566,
    0.01255,
    0.02162,
    0.03861,
    0.06231,
    0.09095,
    0.11435,
    0.12391,
    0.11997,
    0.10871,
    0.09372,
    0.07493,
    0.0579,
    0.04103,
    0.02333,
    0.00799
  ],
  "Freiburg": [
    0.01481,
    0.04586,
    0.07227,
    0.09861,
    0.12011,
    0.1429,
    0.15049,
    0.12267,
    0.0867,
    0.05802,
    0.0382,
    0.02279,
    0.01353,
    0.00738,
    0.00379,
    0.00136,
    0.00042,
    9e-05
  ],
  "Mainz": [
    1e-05,
    3e-05,
    0.00041,
    0.00102,
    0.00267,
    0.00612,
    0.01214,
    0.02468,
    0.03805,
    0.05617,
    0.07348,
    0.09056,
    0.10544,
    0.1214,
    0.13229,
    0.13319,
    0.12571,
    0.07663
  ],
  "Leverkusen": [
    0.02793,
    0.06957,
    0.10017,
    0.13026,
    0.14451,
    0.14902,
    0.12888,
    0.09559,
    0.06504,
    0.03927,
    0.02338,
    0.0136,
    0.00702,
    0.00343,
    0.00154,
    0.00063,
    0.00015,
    1e-05
  ],
  "Paderborn": [
    0.0,
    0.0,
    0.0,
    0.0,
    4e-05,
    9e-05,
    0.00053,
    0.00122,
    0.00281,
    0.005,
    0.00872,
    0.01643,
    0.02559,
    0.0401,
    0.06486,
    0.10765,
    0.20013,
    0.52683
  ],
  "Werder Bremen": [
    1e-05,
    5e-05,
    0.00023,
    0.00064,
    0.00193,
    0.00421,
    0.00994,
    0.01911,
    0.03127,
    0.04572,
    0.0636,
    0.08154,
    0.09908,
    0.12022,
    0.13622,
    0.15268,
    0.14421,
    0.08934
  ],
  "Fortuna Dusseldorf": [
    1e-05,
    2e-05,
    5e-05,
    0.00013,
    0.0004,
    0.0014,
    0.00383,
    0.00747,
    0.01462,
    0.02478,
    0.03682,
    0.05321,
    0.0719,
    0.0964,
    0.12707,
    0.16764,
    0.22249,
    0.17176
  ],
  "Wolfsburg": [
    0.00058,
    0.00406,
    0.00921,
    0.01966,
    0.03586,
    0.05722,
    0.08617,
    0.11653,
    0.13228,
    0.13019,
    0.11194,
    0.09302,
    0.07339,
    0.05365,
    0.03805,
    0.02362,
    0.0113,
    0.00327
  ],
  "FC Koln": [
    5e-05,
    0.00055,
    0.00139,
    0.00345,
    0.00793,
    0.01509,
    0.03015,
    0.05027,
    0.07231,
    0.09255,
    0.10833,
    0.11458,
    0.11831,
    0.11288,
    0.10115,
    0.08426,
    0.06057,
    0.02618
  ],
  "M'gladbach": [
    0.11574,
    0.20525,
    0.1914,
    0.16292,
    0.12292,
    0.08655,
    0.05672,
    0.03082,
    0.01573,
    0.00706,
    0.00309,
    0.00105,
    0.00054,
    0.00014,
    7e-05,
    0.0,
    0.0,
    0.0
  ],
  "Schalke 04": [
    0.04262,
    0.10734,
    0.13653,
    0.15044,
    0.15464,
    0.14451,
    0.10789,
    0.07055,
    0.04155,
    0.02226,
    0.01135,
    0.00595,
    0.00267,
    0.00118,
    0.00036,
    0.00015,
    1e-05,
    0.0
  ],
  "Ein Frankfurt": [
    0.0001,
    0.0006,
    0.00237,
    0.00552,
    0.01199,
    0.02307,
    0.04074,
    0.06395,
    0.08858,
    0.1063,
    0.11448,
    0.1165,
    0.11085,
    0.10032,
    0.08664,
    0.06721,
    0.04373,
    0.01705
  ],
  "Hoffenheim": [
    0.00294,
    0.01239,
    0.02414,
    0.04157,
    0.06265,
    0.09053,
    0.12275,
    0.14529,
    0.13613,
    0.11205,
    0.08419,
    0.06182,
    0.04395,
    0.02873,
    0.01722,
    0.00944,
    0.00353,
    0.00068
  ],
  "Union Berlin": [
    4e-05,
    0.00033,
    0.00122,
    0.00338,
    0.00747,
    0.01556,
    0.02787,
    0.04791,
    0.06914,
    0.08796,
    0.10677,
    0.11395,
    0.1173,
    0.1138,
    0.10488,
    0.0899,
    0.06526,
    0.02726
  ],
  "RB Leipzig": [
    0.54409,
    0.19911,
    0.11046,
    0.06738,
    0.04343,
    0.02133,
    0.00919,
    0.00344,
    0.00119,
    0.00029,
    8e-05,
    0.0,
    1e-05,
    0.0,
    0.0,
    0.0,
    0.0,
    0.0
  ]
}