{
  "Liverpool": [
    0.98241,
    0.01707,
    0.00049,
    3e-05,
    0.0,
    0.0,
    0.0,
    0.0,
    0.0,
    0.0,
    0.0,
    0.0,
    0.0,
    0.0,
    0.0,
    0.0,
    0.0,
    0.0,
    0.0,
    0.0
  ],
  "Norwich": [
    0.0,
    0.0,
    0.0,
    0.0,
    2e-05,
    6e-05,
    0.00014,
    0.00034,
    0.00069,
    0.0018,
    0.00342,
    0.00581,
    0.01107,
    0.01985,
    0.03351,
    0.05904,
    0.10433,
    0.18849,
    0.35144,
    0.21999
  ],
  "West Ham": [
    0.0,
    0.0,
    2e-05,
    0.00021,
    0.00319,
    0.00726,
    0.01258,
    0.02208,
    0.03309,
    0.04587,
    0.06723,
    0.08734,
    0.10762,
    0.12295,
    0.13135,
    0.12698,
    0.11181,
    0.07853,
    0.03452,
    0.00737
  ],
  "Man City": [
    0.00044,
    0.10681,
    0.42789,
    0.35708,
    0.06971,
    0.022,
    0.00929,
    0.0039,
    0.00171,
    0.00084,
    0.00023,
    5e-05,
    3e-05,
    2e-05,
    0.0,
    0.0,
    0.0,
    0.0,
    0.0,
    0.0
  ],
  "Bournemouth": [
    0.0,
    0.0,
    2e-05,
    0.00034,
    0.00382,
    0.00878,
    0.01557,
    0.02427,
    0.03726,
    0.05438,
    0.07316,
    0.0947,
    0.11523,
    0.12698,
    0.12699,
    0.11933,
    0.09795,
    0.06609,
    0.02892,
    0.00621
  ],
  "Sheffield United": [
    0.0,
    0.00028,
    0.00714,
    0.03855,
    0.1482,
    0.15662,
    0.14411,
    0.12773,
    0.10804,
    0.08449,
    0.06552,
    0.04546,
    0.03194,
    0.01933,
    0.01176,
    0.0063,
    0.00309,
    0.0012,
    0.00024,
    0.0
  ],
  "Burnley": [
    0.0,
    1e-05,
    0.00057,
    0.00486,
    0.03039,
    0.04974,
    0.06586,
    0.08517,
    0.10133,
    0.11353,
    0.11802,
    0.11196,
    0.09743,
    0.07914,
    0.05943,
    0.0407,
    0.02522,
    0.01208,
    0.0041,
    0.00046
  ],
  "Southampton": [
    0.0,
    0.0,
    0.0,
    3e-05,
    0.00049,
    0.00123,
    0.00292,
    0.00571,
    0.00988,
    0.01789,
    0.02825,
    0.04233,
    0.0612,
    0.08541,
    0.11117,
    0.13956,
    0.16501,
    0.17189,
    0.11719,
    0.03984
  ],
  "Crystal Palace": [
    0.0,
    9e-05,
    0.00239,
    0.01888,
    0.08761,
    0.10964,
    0.11992,
    0.12095,
    0.12007,
    0.10758,
    0.09268,
    0.07339,
    0.05339,
    0.03939,
    0.02554,
    0.01505,
    0.00827,
    0.00399,
    0.00103,
    0.00014
  ],
  "Everton": [
    0.0,
    0.0,
    0.0,
    0.0,
    0.00024,
    0.00076,
    0.00153,
    0.00343,
    0.00569,
    0.01022,
    0.01869,
    0.02901,
    0.04329,
    0.06473,
    0.09356,
    0.12709,
    0.17292,
    0.2122,
    0.16293,
    0.05371
  ],
  "Watford": [
    0.0,
    0.0,
    0.0,
    0.0,
    0.0,
    0.0,
    1e-05,
    2e-05,
    2e-05,
    9e-05,
    0.00026,
    0.0006,
    0.00138,
    0.00325,
    0.00645,
    0.01452,
    0.03185,
    0.07616,
    0.21232,
    0.65307
  ],
  "Brighton": [
    0.0,
    0.0,
    2e-05,
    0.00026,
    0.00363,
    0.00799,
    0.01368,
    0.02235,
    0.03315,
    0.04753,
    0.06584,
    0.08903,
    0.10848,
    0.12064,
    0.12842,
    0.12785,
    0.10891,
    0.07702,
    0.03724,
    0.00796
  ],
  "Tottenham": [
    0.0,
    0.00026,
    0.00667,
    0.03541,
    0.14585,
    0.14977,
    0.14143,
    0.12418,
    0.10959,
    0.09066,
    0.06811,
    0.05015,
    0.03384,
    0.02018,
    0.01273,
    0.00666,
    0.00307,
    0.00121,
    0.00018,
    5e-05
  ],
  "Aston Villa": [
    0.0,
    0.0,
    2e-05,
    0.0003,
    0.00275,
    0.00672,
    0.01276,
    0.02116,
    0.03218,
    0.04651,
    0.0646,
    0.0856,
    0.10529,
    0.12259,
    0.13017,
    0.12693,
    0.11189,
    0.08168,
    0.03929,
    0.00956
  ],
  "Leicester": [
    0.01655,
    0.78801,
    0.15007,
    0.04196,
    0.00279,
    0.00049,
    9e-05,
    4e-05,
    0.0,
    0.0,
    0.0,
    0.0,
    0.0,
    0.0,
    0.0,
    0.0,
    0.0,
    0.0,
    0.0,
    0.0
  ],
  "Wolves": [
    0.0,
    0.00068,
    0.01159,
    0.05093,
    0.20653,
    0.18102,
    0.14669,
    0.11749,
    0.09167,
    0.0689,
    0.04808,
    0.03221,
    0.02101,
    0.01185,
    0.00653,
    0.00312,
    0.00118,
    0.00041,
    0.00011,
    0.0
  ],
  "Newcastle": [
    0.0,
    0.0,
    0.00019,
    0.0024,
    0.02002,
    0.03491,
    0.05117,
    0.06519,
    0.08023,
    0.09867,
    0.10991,
    0.11529,
    0.10991,
    0.09677,
    0.07851,
    0.06102,
    0.04145,
    0.02375,
    0.00914,
    0.00147
  ],
  "Arsenal": [
    0.0,
    0.00019,
    0.00524,
    0.0275,
    0.11099,
    0.13213,
    0.13373,
    0.12972,
    0.11421,
    0.09823,
    0.0804,
    0.05895,
    0.04247,
    0.02825,
    0.01908,
    0.01091,
    0.00529,
    0.00208,
    0.00056,
    7e-05
  ],
  "Man United": [
    0.0,
    7e-05,
    0.00265,
    0.01615,
    0.08148,
    0.10726,
    0.11866,
    0.12232,
    0.1197,
    0.11187,
    0.09527,
    0.078,
    0.05634,
    0.03862,
    0.0248,
    0.01494,
    0.00776,
    0.00322,
    0.00079,
    0.0001
  ],
  "Chelsea": [
    0.0006,
    0.08653,
    0.38503,
    0.40511,
    0.08229,
    0.02362,
    0.00986,
    0.00395,
    0.00149,
    0.00094,
    0.00033,
    0.00012,
    8e-05,
    5e-05,
    0.0,
    0.0,
    0.0,
    0.0,
    0.0,
    0.0
  ]
}