{
  "Werder Bremen": [
    0.0,
    0.0,
    0.00015,
    0.00114,
    0.00666,
    0.03999,
    0.10753,
    0.14754,
    0.1591,
    0.14531,
    0.12701,
    0.10542,
    0.08127,
    0.05057,
    0.02187,
    0.00533,
    0.001,
    0.00011
  ],
  "Bayern Munich": [
    0.39771,
    0.58347,
    0.01725,
    0.0014,
    0.00017,
    0.0,
    0.0,
    0.0,
    0.0,
    0.0,
    0.0,
    0.0,
    0.0,
    0.0,
    0.0,
    0.0,
    0.0,
    0.0
  ],
  "Augsburg": [
    0.0,
    0.0,
    1e-05,
    0.00018,
    0.0021,
    0.01688,
    0.05684,
    0.08122,
    0.09849,
    0.11041,
    0.12365,
    0.13329,
    0.14007,
    0.1265,
    0.0804,
    0.02351,
    0.0057,
    0.00075
  ],
  "M'gladbach": [
    0.0,
    0.0,
    3e-05,
    0.00069,
    0.00453,
    0.02783,
    0.08149,
    0.10809,
    0.12104,
    0.12838,
    0.1292,
    0.12848,
    0.11509,
    0.08817,
    0.04918,
    0.01425,
    0.00307,
    0.00048
  ],
  "Hoffenheim": [
    0.0,
    0.0,
    0.00039,
    0.00244,
    0.01468,
    0.06835,
    0.16501,
    0.17357,
    0.15492,
    0.12975,
    0.10515,
    0.07928,
    0.05534,
    0.03363,
    0.01445,
    0.00267,
    0.00032,
    5e-05
  ],
  "Freiburg": [
    0.0,
    0.0,
    0.00116,
    0.00736,
    0.03064,
    0.1223,
    0.24938,
    0.20148,
    0.14066,
    0.09784,
    0.06735,
    0.04088,
    0.02503,
    0.01214,
    0.00337,
    0.0004,
    1e-05,
    0.0
  ],
  "Leverkusen": [
    0.60111,
    0.39177,
    0.00678,
    0.00027,
    7e-05,
    0.0,
    0.0,
    0.0,
    0.0,
    0.0,
    0.0,
    0.0,
    0.0,
    0.0,
    0.0,
    0.0,
    0.0,
    0.0
  ],
  "RB Leipzig": [
    7e-05,
    0.00336,
    0.23331,
    0.35164,
    0.27781,
    0.10286,
    0.0222,
    0.00602,
    0.00187,
    0.00061,
    0.00015,
    9e-05,
    1e-05,
    0.0,
    0.0,
    0.0,
    0.0,
    0.0
  ],
  "Stuttgart": [
    0.00104,
    0.01929,
    0.55509,
    0.26577,
    0.12159,
    0.03135,
    0.00477,
    0.00079,
    0.00024,
    5e-05,
    2e-05,
    0.0,
    0.0,
    0.0,
    0.0,
    0.0,
    0.0,
    0.0
  ],
  "Bochum": [
    0.0,
    0.0,
    0.0,
    2e-05,
    0.0002,
    0.00326,
    0.01386,
    0.02653,
    0.04317,
    0.0714,
    0.10229,
    0.13538,
    0.16873,
    0.2042,
    0.15186,
    0.06025,
    0.01601,
    0.00284
  ],
  "Wolfsburg": [
    0.0,
    0.0,
    1e-05,
    9e-05,
    0.00133,
    0.01213,
    0.03769,
    0.06103,
    0.09228,
    0.12192,
    0.13775,
    0.15024,
    0.15234,
    0.13042,
    0.07635,
    0.02203,
    0.00393,
    0.00046
  ],
  "Heidenheim": [
    0.0,
    0.0,
    1e-05,
    0.00028,
    0.0022,
    0.0201,
    0.0623,
    0.09986,
    0.12952,
    0.14388,
    0.14607,
    0.13854,
    0.11767,
    0.08709,
    0.04098,
    0.00974,
    0.00163,
    0.00013
  ],
  "Dortmund": [
    7e-05,
    0.00203,
    0.16287,
    0.29501,
    0.35262,
    0.14152,
    0.03316,
    0.00921,
    0.00256,
    0.00074,
    0.00012,
    8e-05,
    1e-05,
    0.0,
    0.0,
    0.0,
    0.0,
    0.0
  ],
  "FC Koln": [
    0.0,
    0.0,
    0.0,
    0.0,
    0.0,
    2e-05,
    4e-05,
    0.00014,
    0.00039,
    0.00093,
    0.00244,
    0.00579,
    0.0129,
    0.03471,
    0.10343,
    0.25995,
    0.32292,
    0.25634
  ],
  "Union Berlin": [
    0.0,
    0.0,
    0.0,
    1e-05,
    8e-05,
    0.00079,
    0.00496,
    0.01005,
    0.01787,
    0.02821,
    0.04308,
    0.06664,
    0.10481,
    0.17153,
    0.29665,
    0.16598,
    0.07069,
    0.01865
  ],
  "Mainz": [
    0.0,
    0.0,
    0.0,
    0.0,
    0.0,
    0.0,
    0.00018,
    0.00058,
    0.00124,
    0.00252,
    0.00511,
    0.0097,
    0.02085,
    0.0479,
    0.1203,
    0.29286,
    0.29475,
    0.20401
  ],
  "Ein Frankfurt": [
    0.0,
    8e-05,
    0.02294,
    0.0737,
    0.18532,
    0.41262,
    0.16059,
    0.07386,
    0.03656,
    0.01777,
    0.00998,
    0.00452,
    0.00158,
    0.00034,
    0.00012,
    2e-05,
    0.0,
    0.0
  ],
  "Darmstadt": [
    0.0,
    0.0,
    0.0,
    0.0,
    0.0,
    0.0,
    0.0,
    3e-05,
    9e-05,
    0.00028,
    0.00063,
    0.00167,
    0.0043,
    0.0128,
    0.04104,
    0.14301,
    0.27997,
    0.51618
  ]
}