{
  "Lyon": [
    0.0,
    6e-05,
    0.00157,
    0.00595,
    0.01929,
    0.05247,
    0.13734,
    0.36387,
    0.19646,
    0.10613,
    0.05922,
    0.03127,
    0.01446,
    0.00663,
    0.00308,
    0.00135,
    0.00063,
    0.00019,
    3e-05,
    0.0
  ],
  "Ajaccio": [
    0.0,
    0.0,
    0.0,
    0.0,
    0.0,
    1e-05,
    0.00017,
    0.00105,
    0.00578,
    0.01375,
    0.02812,
    0.04469,
    0.06598,
    0.09073,
    0.11259,
    0.13096,
    0.14672,
    0.15539,
    0.1444,
    0.05966
  ],
  "Strasbourg": [
    0.0,
    0.0,
    0.0,
    0.0,
    0.0,
    0.0,
    1e-05,
    0.00027,
    0.00166,
    0.00457,
    0.01054,
    0.01913,
    0.0361,
    0.0539,
    0.07982,
    0.10663,
    0.13826,
    0.18295,
    0.2488,
    0.11736
  ],
  "Monaco": [
    0.00026,
    0.01252,
    0.08015,
    0.14763,
    0.21296,
    0.25416,
    0.20715,
    0.06579,
    0.01427,
    0.00388,
    0.00097,
    0.00019,
    6e-05,
    1e-05,
    0.0,
    0.0,
    0.0,
    0.0,
    0.0,
    0.0
  ],
  "Clermont": [
    0.0,
    0.0,
    4e-05,
    0.00027,
    0.00126,
    0.00632,
    0.02948,
    0.11594,
    0.21296,
    0.21388,
    0.158,
    0.10927,
    0.06807,
    0.03973,
    0.02252,
    0.01214,
    0.00637,
    0.00268,
    0.0009,
    0.00017
  ],
  "Paris SG": [
    0.87952,
    0.11186,
    0.00763,
    0.00081,
    0.00016,
    1e-05,
    1e-05,
    0.0,
    0.0,
    0.0,
    0.0,
    0.0,
    0.0,
    0.0,
    0.0,
    0.0,
    0.0,
    0.0,
    0.0,
    0.0
  ],
  "Toulouse": [
    0.0,
    0.0,
    0.0,
    1e-05,
    9e-05,
    0.00091,
    0.00478,
    0.03347,
    0.08506,
    0.13492,
    0.17867,
    0.16675,
    0.1291,
    0.09599,
    0.06896,
    0.0453,
    0.02907,
    0.0178,
    0.00782,
    0.0013
  ],
  "Nice": [
    0.0,
    1e-05,
    0.0001,
    0.00081,
    0.00311,
    0.0108,
    0.04116,
    0.15849,
    0.26264,
    0.21745,
    0.13016,
    0.08112,
    0.04544,
    0.02502,
    0.01292,
    0.00657,
    0.00286,
    0.0009,
    0.00042,
    2e-05
  ],
  "Angers": [
    0.0,
    0.0,
    0.0,
    0.0,
    0.0,
    0.0,
    0.0,
    1e-05,
    3e-05,
    3e-05,
    0.00029,
    0.00076,
    0.00219,
    0.00472,
    0.01,
    0.01916,
    0.03506,
    0.07269,
    0.16941,
    0.68565
  ],
  "Nantes": [
    0.0,
    0.0,
    0.0,
    0.0,
    2e-05,
    0.00025,
    0.0012,
    0.01167,
    0.02677,
    0.05036,
    0.08359,
    0.11639,
    0.13351,
    0.13271,
    0.12207,
    0.10754,
    0.0895,
    0.06881,
    0.04428,
    0.01133
  ],
  "Lens": [
    0.11302,
    0.70208,
    0.12998,
    0.03855,
    0.01195,
    0.00357,
    0.00079,
    6e-05,
    0.0,
    0.0,
    0.0,
    0.0,
    0.0,
    0.0,
    0.0,
    0.0,
    0.0,
    0.0,
    0.0,
    0.0
  ],
  "Brest": [
    0.0,
    0.0,
    0.0,
    0.0,
    0.0,
    2e-05,
    0.00014,
    0.00127,
    0.00472,
    0.01436,
    0.03136,
    0.05458,
    0.08314,
    0.10988,
    0.12824,
    0.13994,
    0.14347,
    0.13786,
    0.11163,
    0.03939
  ],
  "Lille": [
    0.0001,
    0.00496,
    0.03961,
    0.08588,
    0.15392,
    0.23484,
    0.31238,
    0.11633,
    0.03621,
    0.01121,
    0.00332,
    0.00083,
    0.00033,
    6e-05,
    2e-05,
    0.0,
    0.0,
    0.0,
    0.0,
    0.0
  ],
  "Auxerre": [
    0.0,
    0.0,
    0.0,
    0.0,
    0.0,
    0.0,
    0.0001,
    0.00102,
    0.0048,
    0.01333,
    0.03014,
    0.05235,
    0.08061,
    0.10507,
    0.12614,
    0.13683,
    0.14587,
    0.14309,
    0.11943,
    0.04122
  ],
  "Montpellier": [
    0.0,
    0.0,
    0.0,
    0.0,
    0.0,
    0.0,
    0.00011,
    0.00195,
    0.00795,
    0.01851,
    0.03736,
    0.06233,
    0.09276,
    0.11553,
    0.13083,
    0.13871,
    0.13943,
    0.12692,
    0.09724,
    0.03037
  ],
  "Troyes": [
    0.0,
    0.0,
    0.0,
    0.0,
    0.0,
    8e-05,
    0.0006,
    0.00557,
    0.02013,
    0.04256,
    0.06877,
    0.10112,
    0.13207,
    0.14032,
    0.13022,
    0.11854,
    0.0999,
    0.0775,
    0.04997,
    0.01265
  ],
  "Rennes": [
    0.00405,
    0.07816,
    0.31311,
    0.26279,
    0.17787,
    0.10483,
    0.0473,
    0.00992,
    0.00159,
    0.00031,
    7e-05,
    0.0,
    0.0,
    0.0,
    0.0,
    0.0,
    0.0,
    0.0,
    0.0,
    0.0
  ],
  "Lorient": [
    0.00043,
    0.02123,
    0.13479,
    0.19716,
    0.23444,
    0.21234,
    0.14532,
    0.0427,
    0.0087,
    0.00222,
    0.00049,
    0.00016,
    2e-05,
    0.0,
    0.0,
    0.0,
    0.0,
    0.0,
    0.0,
    0.0
  ],
  "Marseille": [
    0.00262,
    0.06912,
    0.29302,
    0.26007,
    0.18449,
    0.11686,
    0.06002,
    0.01175,
    0.00173,
    0.00026,
    5e-05,
    1e-05,
    0.0,
    0.0,
    0.0,
    0.0,
    0.0,
    0.0,
    0.0,
    0.0
  ],
  "Reims": [
    0.0,
    0.0,
    0.0,
    7e-05,
    0.00044,
    0.00253,
    0.01194,
    0.05887,
    0.10854,
    0.15227,
    0.17888,
    0.15905,
    0.11616,
    0.0797,
    0.05259,
    0.03633,
    0.02286,
    0.01322,
    0.00567,
    0.00088
  ]
}