{
  "Heerenveen": [
    0.0,
    0.0,
    0.0,
    0.0,
    0.00028,
    0.00861,
    0.03388,
    0.07984,
    0.14234,
    0.20307,
    0.24371,
    0.19665,
    0.07304,
    0.01646,
    0.00195,
    0.00017,
    0.0,
    0.0
  ],
  "Willem II": [
    0.0,
    0.0,
    0.0,
    0.0,
    0.0,
    0.0,
    0.0,
    3e-05,
    0.00024,
    0.00092,
    0.00327,
    0.01493,
    0.06766,
    0.15546,
    0.25358,
    0.3315,
    0.1335,
    0.03891
  ],
  "Zwolle": [
    0.0,
    0.0,
    0.0,
    0.0,
    0.0,
    6e-05,
    0.00058,
    0.00395,
    0.01028,
    0.02484,
    0.0578,
    0.1468,
    0.32298,
    0.2383,
    0.13136,
    0.05319,
    0.00899,
    0.00087
  ],
  "Feyenoord": [
    0.00018,
    0.02151,
    0.07517,
    0.17355,
    0.5165,
    0.1694,
    0.03801,
    0.00475,
    0.00085,
    8e-05,
    0.0,
    0.0,
    0.0,
    0.0,
    0.0,
    0.0,
    0.0,
    0.0
  ],
  "Twente": [
    0.0,
    0.0,
    0.0,
    0.00013,
    0.00316,
    0.03676,
    0.16411,
    0.25892,
    0.19847,
    0.17024,
    0.11428,
    0.04545,
    0.00766,
    0.0008,
    2e-05,
    0.0,
    0.0,
    0.0
  ],
  "For Sittard": [
    0.0,
    0.0,
    0.0,
    0.0001,
    0.00204,
    0.02033,
    0.0912,
    0.1612,
    0.22181,
    0.20391,
    0.17703,
    0.09497,
    0.023,
    0.00388,
    0.00051,
    2e-05,
    0.0,
    0.0
  ],
  "FC Emmen": [
    0.0,
    0.0,
    0.0,
    0.0,
    0.0,
    0.0,
    0.0,
    0.0,
    0.0,
    0.0,
    0.0,
    0.00016,
    0.00197,
    0.00952,
    0.02915,
    0.08577,
    0.31597,
    0.55746
  ],
  "VVV Venlo": [
    0.0,
    0.0,
    0.0,
    0.0,
    0.0,
    0.0,
    0.0,
    7e-05,
    0.00064,
    0.00276,
    0.01059,
    0.04142,
    0.14174,
    0.22751,
    0.27635,
    0.21735,
    0.06701,
    0.01456
  ],
  "Heracles": [
    0.0,
    1e-05,
    1e-05,
    0.00021,
    0.003,
    0.03533,
    0.10995,
    0.19886,
    0.22185,
    0.19457,
    0.13352,
    0.07763,
    0.02064,
    0.0038,
    0.00057,
    5e-05,
    0.0,
    0.0
  ],
  "Den Haag": [
    0.0,
    0.0,
    0.0,
    0.0,
    0.0,
    0.0,
    0.0,
    0.0,
    0.0,
    0.0,
    4e-05,
    0.00032,
    0.00398,
    0.01748,
    0.05049,
    0.12946,
    0.42127,
    0.37696
  ],
  "Sparta Rotterdam": [
    0.0,
    0.0,
    0.0,
    0.0,
    3e-05,
    0.0015,
    0.01295,
    0.0357,
    0.06876,
    0.12294,
    0.20831,
    0.3204,
    0.15531,
    0.0563,
    0.01511,
    0.00261,
    8e-05,
    0.0
  ],
  "Ajax": [
    0.94469,
    0.04991,
    0.00491,
    0.00048,
    1e-05,
    0.0,
    0.0,
    0.0,
    0.0,
    0.0,
    0.0,
    0.0,
    0.0,
    0.0,
    0.0,
    0.0,
    0.0,
    0.0
  ],
  "Groningen": [
    0.0,
    0.00158,
    0.00873,
    0.03496,
    0.15996,
    0.52468,
    0.19567,
    0.05237,
    0.01688,
    0.00415,
    0.0009,
    0.00012,
    0.0,
    0.0,
    0.0,
    0.0,
    0.0,
    0.0
  ],
  "PSV Eindhoven": [
    0.03826,
    0.5303,
    0.26376,
    0.13527,
    0.02986,
    0.00249,
    6e-05,
    0.0,
    0.0,
    0.0,
    0.0,
    0.0,
    0.0,
    0.0,
    0.0,
    0.0,
    0.0,
    0.0
  ],
  "Waalwijk": [
    0.0,
    0.0,
    0.0,
    0.0,
    0.0,
    0.0,
    3e-05,
    0.00013,
    0.00065,
    0.00324,
    0.01149,
    0.04805,
    0.18078,
    0.27042,
    0.24091,
    0.17988,
    0.05318,
    0.01124
  ],
  "Vitesse": [
    0.00551,
    0.14362,
    0.29094,
    0.37258,
    0.15883,
    0.02649,
    0.00195,
    8e-05,
    0.0,
    0.0,
    0.0,
    0.0,
    0.0,
    0.0,
    0.0,
    0.0,
    0.0,
    0.0
  ],
  "Utrecht": [
    0.0,
    4e-05,
    0.00075,
    0.00459,
    0.04034,
    0.15925,
    0.35098,
    0.20407,
    0.11723,
    0.06928,
    0.03906,
    0.0131,
    0.00124,
    7e-05,
    0.0,
    0.0,
    0.0,
    0.0
  ],
  "AZ Alkmaar": [
    0.01136,
    0.25303,
    0.35573,
    0.27813,
    0.08599,
    0.0151,
    0.00063,
    3e-05,
    0.0,
    0.0,
    0.0,
    0.0,
    0.0,
    0.0,
    0.0,
    0.0,
    0.0,
    0.0
  ]
}