{
  "Sp Lisbon": [
    0.62621,
    0.35416,
    0.01764,
    0.00199,
    0.0,
    0.0,
    0.0,
    0.0,
    0.0,
    0.0,
    0.0,
    0.0,
    0.0,
    0.0,
    0.0,
    0.0,
    0.0,
    0.0
  ],
  "Rio Ave": [
    0.0,
    0.0,
    0.0,
    0.0,
    0.00123,
    0.00478,
    0.01412,
    0.04207,
    0.10859,
    0.199,
    0.20788,
    0.17316,
    0.12705,
    0.07528,
    0.0355,
    0.01102,
    0.00032,
    0.0
  ],
  "AVS": [
    0.0,
    0.0,
    0.0,
    0.0,
    0.0,
    0.0,
    1e-05,
    0.00025,
    0.00133,
    0.00481,
    0.01317,
    0.02908,
    0.06466,
    0.13832,
    0.24619,
    0.40257,
    0.08803,
    0.01158
  ],
  "Nacional": [
    0.0,
    0.0,
    0.0,
    0.0,
    0.0001,
    0.00061,
    0.00233,
    0.00915,
    0.03245,
    0.08999,
    0.13839,
    0.17618,
    0.20771,
    0.17071,
    0.11984,
    0.04846,
    0.00382,
    0.00026
  ],
  "Casa Pia": [
    0.0,
    0.0,
    0.0,
    0.00082,
    0.14994,
    0.21882,
    0.28714,
    0.19614,
    0.09793,
    0.03458,
    0.01054,
    0.00326,
    0.00072,
    0.0001,
    1e-05,
    0.0,
    0.0,
    0.0
  ],
  "Boavista": [
    0.0,
    0.0,
    0.0,
    0.0,
    0.0,
    0.0,
    0.0,
    0.0,
    0.0,
    1e-05,
    3e-05,
    9e-05,
    0.0007,
    0.00276,
    0.01048,
    0.04477,
    0.2772,
    0.66396
  ],
  "Porto": [
    0.00327,
    0.05805,
    0.6867,
    0.25133,
    0.00063,
    2e-05,
    0.0,
    0.0,
    0.0,
    0.0,
    0.0,
    0.0,
    0.0,
    0.0,
    0.0,
    0.0,
    0.0,
    0.0
  ],
  "Gil Vicente": [
    0.0,
    0.0,
    0.0,
    0.0,
    0.0,
    7e-05,
    0.00042,
    0.00238,
    0.01199,
    0.04283,
    0.07602,
    0.1174,
    0.17289,
    0.23655,
    0.20326,
    0.11166,
    0.0225,
    0.00203
  ],
  "Estoril": [
    0.0,
    0.0,
    0.0,
    2e-05,
    0.01468,
    0.05125,
    0.12399,
    0.24128,
    0.28208,
    0.15959,
    0.07647,
    0.03472,
    0.01235,
    0.00302,
    0.00052,
    3e-05,
    0.0,
    0.0
  ],
  "Santa Clara": [
    0.0,
    0.0,
    7e-05,
    0.00347,
    0.45049,
    0.29995,
    0.15996,
    0.06462,
    0.01782,
    0.00309,
    0.00046,
    7e-05,
    0.0,
    0.0,
    0.0,
    0.0,
    0.0,
    0.0
  ],
  "Famalicao": [
    0.0,
    0.0,
    0.0,
    4e-05,
    0.03285,
    0.10285,
    0.1793,
    0.28866,
    0.23863,
    0.10163,
    0.03846,
    0.01344,
    0.00343,
    0.00065,
    5e-05,
    1e-05,
    0.0,
    0.0
  ],
  "Benfica": [
    0.36959,
    0.57413,
    0.04929,
    0.00699,
    0.0,
    0.0,
    0.0,
    0.0,
    0.0,
    0.0,
    0.0,
    0.0,
    0.0,
    0.0,
    0.0,
    0.0,
    0.0,
    0.0
  ],
  "Farense": [
    0.0,
    0.0,
    0.0,
    0.0,
    0.0,
    0.0,
    0.0,
    0.0,
    0.0,
    1e-05,
    0.0001,
    0.00029,
    0.00185,
    0.00821,
    0.02674,
    0.09525,
    0.55003,
    0.31752
  ],
  "Moreirense": [
    0.0,
    0.0,
    0.0,
    0.0,
    0.00031,
    0.00265,
    0.01339,
    0.04781,
    0.12489,
    0.22225,
    0.21353,
    0.16826,
    0.11267,
    0.06041,
    0.02627,
    0.00728,
    0.00028,
    0.0
  ],
  "Sp Braga": [
    0.00093,
    0.01366,
    0.24629,
    0.73254,
    0.0062,
    0.00035,
    3e-05,
    0.0,
    0.0,
    0.0,
    0.0,
    0.0,
    0.0,
    0.0,
    0.0,
    0.0,
    0.0,
    0.0
  ],
  "Estrela": [
    0.0,
    0.0,
    0.0,
    0.0,
    0.0,
    0.0,
    5e-05,
    0.00045,
    0.00249,
    0.01188,
    0.0306,
    0.05949,
    0.11044,
    0.19,
    0.27294,
    0.26026,
    0.05678,
    0.00462
  ],
  "Arouca": [
    0.0,
    0.0,
    0.0,
    0.0,
    0.00015,
    0.00093,
    0.00536,
    0.02054,
    0.05626,
    0.12262,
    0.19256,
    0.2242,
    0.18543,
    0.11399,
    0.0582,
    0.01869,
    0.00104,
    3e-05
  ],
  "Guimaraes": [
    0.0,
    0.0,
    1e-05,
    0.0028,
    0.34342,
    0.31772,
    0.2139,
    0.08665,
    0.02554,
    0.00771,
    0.00179,
    0.00036,
    0.0001,
    0.0,
    0.0,
    0.0,
    0.0,
    0.0
  ]
}