{
  "Internacional / RS": [
    0.00279,
    0.02279,
    0.10781,
    0.27941,
    0.41822,
    0.16898,
    0.0,
    0.0,
    0.0,
    0.0,
    0.0,
    0.0,
    0.0,
    0.0,
    0.0,
    0.0,
    0.0,
    0.0,
    0.0,
    0.0
  ],
  "Bahia / BA": [
    0.0,
    0.0,
    0.0,
    0.0,
    0.0,
    4e-05,
    0.3603,
    0.27996,
    0.1818,
    0.10537,
    0.04751,
    0.01765,
    0.00609,
    0.00114,
    0.00013,
    1e-05,
    0.0,
    0.0,
    0.0,
    0.0
  ],
  "Criciúma / SC": [
    0.0,
    0.0,
    0.0,
    0.0,
    0.0,
    0.0,
    0.0,
    4e-05,
    0.00095,
    0.00338,
    0.0111,
    0.02939,
    0.04983,
    0.08189,
    0.1129,
    0.13951,
    0.19214,
    0.3679,
    0.01096,
    1e-05
  ],
  "Juventude / RS": [
    0.0,
    0.0,
    0.0,
    0.0,
    0.0,
    0.0,
    6e-05,
    0.0009,
    0.00373,
    0.01165,
    0.03093,
    0.05924,
    0.09169,
    0.1307,
    0.1528,
    0.17975,
    0.19849,
    0.13341,
    0.00664,
    1e-05
  ],
  "Fluminense / RJ": [
    0.0,
    0.0,
    0.0,
    0.0,
    0.0,
    0.0,
    1e-05,
    0.00025,
    0.0023,
    0.00861,
    0.02959,
    0.06871,
    0.10283,
    0.13858,
    0.15483,
    0.16793,
    0.17286,
    0.14688,
    0.00662,
    0.0
  ],
  "Red Bull Bragantino / SP": [
    0.0,
    0.0,
    0.0,
    0.0,
    0.0,
    0.0,
    0.0,
    5e-05,
    0.00087,
    0.00345,
    0.01208,
    0.0388,
    0.06381,
    0.10244,
    0.13661,
    0.16713,
    0.21205,
    0.25447,
    0.00824,
    0.0
  ],
  "São Paulo / SP": [
    0.0,
    0.00016,
    0.00505,
    0.06628,
    0.20539,
    0.7226,
    0.00052,
    0.0,
    0.0,
    0.0,
    0.0,
    0.0,
    0.0,
    0.0,
    0.0,
    0.0,
    0.0,
    0.0,
    0.0,
    0.0
  ],
  "Fortaleza / CE": [
    0.02806,
    0.16261,
    0.45862,
    0.24725,
    0.08945,
    0.01401,
    0.0,
    0.0,
    0.0,
    0.0,
    0.0,
    0.0,
    0.0,
    0.0,
    0.0,
    0.0,
    0.0,
    0.0,
    0.0,
    0.0
  ],
  "Vasco da Gama / RJ": [
    0.0,
    0.0,
    0.0,
    0.0,
    0.0,
    0.0,
    0.07139,
    0.1261,
    0.17939,
    0.20562,
    0.203,
    0.11582,
    0.05881,
    0.02634,
    0.01006,
    0.00306,
    0.00039,
    2e-05,
    0.0,
    0.0
  ],
  "Grêmio / RS": [
    0.0,
    0.0,
    0.0,
    0.0,
    0.0,
    0.0,
    0.00103,
    0.00531,
    0.01395,
    0.03839,
    0.07166,
    0.12798,
    0.15018,
    0.14985,
    0.1532,
    0.13706,
    0.10628,
    0.04487,
    0.00024,
    0.0
  ],
  "Corinthians / SP": [
    0.0,
    0.0,
    0.0,
    0.0,
    0.0,
    0.0,
    0.13197,
    0.17355,
    0.20596,
    0.20503,
    0.1506,
    0.07451,
    0.03775,
    0.01535,
    0.00455,
    0.00069,
    4e-05,
    0.0,
    0.0,
    0.0
  ],
  "Atlético Mineiro / MG": [
    0.0,
    0.0,
    0.0,
    0.0,
    0.0,
    0.0,
    0.04944,
    0.10855,
    0.1778,
    0.21176,
    0.18683,
    0.12696,
    0.07405,
    0.0389,
    0.0187,
    0.00591,
    0.00104,
    6e-05,
    0.0,
    0.0
  ],
  "Athletico Paranaense / PR": [
    0.0,
    0.0,
    0.0,
    0.0,
    0.0,
    0.0,
    0.00393,
    0.01407,
    0.04032,
    0.07757,
    0.13195,
    0.17374,
    0.17051,
    0.13628,
    0.10301,
    0.07538,
    0.05308,
    0.02014,
    2e-05,
    0.0
  ],
  "Cuiabá / MT": [
    0.0,
    0.0,
    0.0,
    0.0,
    0.0,
    0.0,
    0.0,
    0.0,
    0.0,
    0.0,
    0.0,
    0.0,
    0.0,
    6e-05,
    0.0007,
    0.002,
    0.00636,
    0.02358,
    0.87812,
    0.08918
  ],
  "Atlético Goianiense / GO": [
    0.0,
    0.0,
    0.0,
    0.0,
    0.0,
    0.0,
    0.0,
    0.0,
    0.0,
    0.0,
    0.0,
    0.0,
    0.0,
    0.0,
    0.0,
    0.0,
    2e-05,
    8e-05,
    0.0891,
    0.9108
  ],
  "Flamengo / RJ": [
    0.0022,
    0.03575,
    0.21058,
    0.37515,
    0.28265,
    0.09367,
    0.0,
    0.0,
    0.0,
    0.0,
    0.0,
    0.0,
    0.0,
    0.0,
    0.0,
    0.0,
    0.0,
    0.0,
    0.0,
    0.0
  ],
  "Cruzeiro / MG": [
    0.0,
    0.0,
    0.0,
    0.0,
    0.0,
    0.00048,
    0.3805,
    0.28729,
    0.17898,
    0.09599,
    0.04184,
    0.01221,
    0.00247,
    0.00022,
    2e-05,
    0.0,
    0.0,
    0.0,
    0.0,
    0.0
  ],
  "Botafogo / RJ": [
    0.50203,
    0.36855,
    0.11111,
    0.01617,
    0.00207,
    7e-05,
    0.0,
    0.0,
    0.0,
    0.0,
    0.0,
    0.0,
    0.0,
    0.0,
    0.0,
    0.0,
    0.0,
    0.0,
    0.0,
    0.0
  ],
  "Vitória / BA": [
    0.0,
    0.0,
    0.0,
    0.0,
    0.0,
    0.0,
    0.00085,
    0.00393,
    0.01395,
    0.03318,
    0.08291,
    0.15499,
    0.19198,
    0.17825,
    0.15249,
    0.12157,
    0.05725,
    0.00859,
    6e-05,
    0.0
  ],
  "Palmeiras / SP": [
    0.46492,
    0.41014,
    0.10683,
    0.01574,
    0.00222,
    0.00015,
    0.0,
    0.0,
    0.0,
    0.0,
    0.0,
    0.0,
    0.0,
    0.0,
    0.0,
    0.0,
    0.0,
    0.0,
    0.0,
    0.0
  ]
}