{
  "Bayern Munich": [
    0.00138,
    0.46033,
    0.2174,
    0.1301,
    0.08204,
    0.0477,
    0.02758,
    0.01658,
    0.00879,
    0.00425,
    0.00211,
    0.00099,
    0.00049,
    0.0001,
    8e-05,
    7e-05,
    1e-05,
    0.0
  ],
  "Hertha": [
    0.0,
    6e-05,
    0.00019,
    0.00075,
    0.00167,
    0.00376,
    0.00744,
    0.01342,
    0.02392,
    0.03776,
    0.05422,
    0.07603,
    0.09702,
    0.11856,
    0.14304,
    0.16236,
    0.16346,
    0.09634
  ],
  "Dortmund": [
    0.0001,
    0.09946,
    0.13905,
    0.14638,
    0.14076,
    0.12725,
    0.10758,
    0.08548,
    0.06084,
    0.03968,
    0.02374,
    0.01431,
    0.00768,
    0.00442,
    0.00201,
    0.00096,
    0.00027,
    3e-05
  ],
  "Augsburg": [
    0.0,
    0.00084,
    0.00294,
    0.00722,
    0.01266,
    0.02244,
    0.03553,
    0.05355,
    0.07606,
    0.09997,
    0.11504,
    0.12092,
    0.11964,
    0.10645,
    0.08976,
    0.07029,
    0.04777,
    0.01892
  ],
  "Freiburg": [
    2e-05,
    0.03792,
    0.0731,
    0.09582,
    0.11593,
    0.12519,
    0.1298,
    0.11905,
    0.09989,
    0.07323,
    0.05105,
    0.03369,
    0.0207,
    0.013,
    0.00677,
    0.00355,
    0.00112,
    0.00017
  ],
  "Mainz": [
    0.0,
    2e-05,
    0.0001,
    0.00029,
    0.00092,
    0.00223,
    0.00441,
    0.00886,
    0.01604,
    0.02694,
    0.04203,
    0.05939,
    0.08301,
    0.10694,
    0.13861,
    0.1696,
    0.19674,
    0.14387
  ],
  "Leverkusen": [
    4e-05,
    0.05974,
    0.10078,
    0.12666,
    0.13335,
    0.13394,
    0.1223,
    0.10224,
    0.07943,
    0.05665,
    0.03597,
    0.02262,
    0.01275,
    0.00728,
    0.00395,
    0.00168,
    0.00047,
    0.00015
  ],
  "Paderborn": [
    0.0,
    0.0,
    0.0,
    2e-05,
    0.0,
    0.00012,
    0.00013,
    0.00064,
    0.00132,
    0.00315,
    0.0063,
    0.01249,
    0.02002,
    0.0349,
    0.05837,
    0.1044,
    0.20385,
    0.55429
  ],
  "Werder Bremen": [
    0.0,
    0.00174,
    0.00482,
    0.01151,
    0.02029,
    0.03215,
    0.04784,
    0.06908,
    0.09101,
    0.11005,
    0.12164,
    0.11731,
    0.10734,
    0.09257,
    0.07447,
    0.05306,
    0.03358,
    0.01154
  ],
  "Fortuna Dusseldorf": [
    0.0,
    0.0002,
    0.00073,
    0.0021,
    0.0043,
    0.00874,
    0.01586,
    0.02657,
    0.04361,
    0.06486,
    0.08545,
    0.1044,
    0.11906,
    0.12806,
    0.13077,
    0.12204,
    0.09706,
    0.04619
  ],
  "Wolfsburg": [
    1e-05,
    0.02585,
    0.05312,
    0.07846,
    0.10038,
    0.11735,
    0.12655,
    0.128,
    0.11101,
    0.08949,
    0.06295,
    0.04441,
    0.02925,
    0.01741,
    0.00908,
    0.0046,
    0.00174,
    0.00034
  ],
  "FC Koln": [
    0.0,
    8e-05,
    0.00025,
    0.00075,
    0.00192,
    0.00379,
    0.00778,
    0.01507,
    0.02608,
    0.04188,
    0.05991,
    0.08138,
    0.10221,
    0.12495,
    0.14194,
    0.15347,
    0.15066,
    0.08788
  ],
  "M'gladbach": [
    0.00026,
    0.2033,
    0.21795,
    0.17108,
    0.12934,
    0.09846,
    0.06799,
    0.04599,
    0.03047,
    0.01713,
    0.00947,
    0.00481,
    0.00234,
    0.00075,
    0.00045,
    0.00017,
    4e-05,
    0.0
  ],
  "Schalke 04": [
    4e-05,
    0.08985,
    0.14364,
    0.153,
    0.14413,
    0.12942,
    0.10817,
    0.08043,
    0.05888,
    0.03836,
    0.02439,
    0.01475,
    0.00799,
    0.00394,
    0.0021,
    0.0007,
    0.00016,
    5e-05
  ],
  "Ein Frankfurt": [
    0.0,
    0.01715,
    0.0397,
    0.06159,
    0.08502,
    0.10299,
    0.11822,
    0.12613,
    0.12008,
    0.09813,
    0.07802,
    0.05704,
    0.03967,
    0.02643,
    0.01636,
    0.00845,
    0.00397,
    0.00105
  ],
  "Hoffenheim": [
    0.0,
    0.00111,
    0.0041,
    0.00926,
    0.01764,
    0.02734,
    0.04377,
    0.06408,
    0.08842,
    0.11116,
    0.12109,
    0.11931,
    0.1085,
    0.09876,
    0.07691,
    0.05768,
    0.03706,
    0.01381
  ],
  "Union Berlin": [
    0.0,
    0.00053,
    0.0021,
    0.00501,
    0.00965,
    0.01713,
    0.02905,
    0.04483,
    0.06415,
    0.08731,
    0.10662,
    0.11615,
    0.12233,
    0.11548,
    0.10533,
    0.08692,
    0.06204,
    0.02537
  ],
  "RB Leipzig": [
    0.99815,
    0.00182,
    3e-05,
    0.0,
    0.0,
    0.0,
    0.0,
    0.0,
    0.0,
    0.0,
    0.0,
    0.0,
    0.0,
    0.0,
    0.0,
    0.0,
    0.0,
    0.0
  ]
}