{
  "Internacional / RS": [
    9e-05,
    0.00034,
    0.00129,
    0.00373,
    0.00828,
    0.01536,
    0.02898,
    0.05148,
    0.08782,
    0.11786,
    0.14644,
    0.16175,
    0.13397,
    0.10479,
    0.06765,
    0.03806,
    0.01925,
    0.00931,
    0.00301,
    0.00054
  ],
  "Bahia / BA": [
    0.00278,
    0.01342,
    0.0416,
    0.07913,
    0.1208,
    0.1612,
    0.17777,
    0.15269,
    0.11038,
    0.06843,
    0.03863,
    0.01935,
    0.00879,
    0.00362,
    0.00108,
    0.00028,
    4e-05,
    1e-05,
    0.0,
    0.0
  ],
  "Criciúma / SC": [
    1e-05,
    0.0,
    4e-05,
    0.00052,
    0.00149,
    0.00388,
    0.00955,
    0.0218,
    0.04156,
    0.07133,
    0.11115,
    0.14173,
    0.15835,
    0.15834,
    0.1229,
    0.0818,
    0.04571,
    0.02166,
    0.00699,
    0.00119
  ],
  "Juventude / RS": [
    0.0,
    0.0,
    0.0001,
    0.00047,
    0.00127,
    0.00333,
    0.00893,
    0.02058,
    0.03931,
    0.06976,
    0.11087,
    0.14231,
    0.16772,
    0.15929,
    0.12135,
    0.08075,
    0.04469,
    0.02084,
    0.00735,
    0.00108
  ],
  "Fluminense / RJ": [
    0.0,
    0.0,
    0.0,
    0.0,
    0.0,
    0.0,
    0.0,
    3e-05,
    0.0001,
    0.00044,
    0.00128,
    0.00406,
    0.00928,
    0.01985,
    0.04147,
    0.07809,
    0.13654,
    0.21491,
    0.30739,
    0.18656
  ],
  "Red Bull Bragantino / SP": [
    0.00033,
    0.00255,
    0.00859,
    0.02134,
    0.04099,
    0.06886,
    0.10332,
    0.13986,
    0.16295,
    0.15423,
    0.12198,
    0.08134,
    0.0493,
    0.02551,
    0.01214,
    0.00494,
    0.0014,
    0.00029,
    8e-05,
    0.0
  ],
  "São Paulo / SP": [
    0.00761,
    0.0292,
    0.07666,
    0.12118,
    0.15809,
    0.17453,
    0.15533,
    0.11862,
    0.07771,
    0.04526,
    0.02269,
    0.00885,
    0.00297,
    0.00106,
    0.00018,
    6e-05,
    0.0,
    0.0,
    0.0,
    0.0
  ],
  "Fortaleza / CE": [
    0.06418,
    0.14571,
    0.22843,
    0.19843,
    0.14627,
    0.09675,
    0.05966,
    0.03363,
    0.01557,
    0.00726,
    0.00286,
    0.00087,
    0.00027,
    0.00011,
    0.0,
    0.0,
    0.0,
    0.0,
    0.0,
    0.0
  ],
  "Vasco da Gama / RJ": [
    1e-05,
    9e-05,
    0.00035,
    0.00121,
    0.00343,
    0.00874,
    0.01935,
    0.03751,
    0.06576,
    0.10297,
    0.14708,
    0.16696,
    0.16418,
    0.12723,
    0.081,
    0.04377,
    0.01995,
    0.00785,
    0.0023,
    0.00026
  ],
  "Grêmio / RS": [
    0.0,
    0.0,
    0.0,
    0.0,
    0.0,
    1e-05,
    0.00011,
    0.00016,
    0.0007,
    0.00174,
    0.00564,
    0.01212,
    0.02373,
    0.04478,
    0.07679,
    0.12555,
    0.18319,
    0.22119,
    0.20181,
    0.10248
  ],
  "Corinthians / SP": [
    0.0,
    0.0,
    0.0,
    1e-05,
    2e-05,
    0.0001,
    0.00046,
    0.00199,
    0.00426,
    0.01151,
    0.02846,
    0.05343,
    0.08676,
    0.13171,
    0.18025,
    0.1886,
    0.15075,
    0.09898,
    0.05014,
    0.01257
  ],
  "Atlético Mineiro / MG": [
    0.00084,
    0.00446,
    0.01668,
    0.03506,
    0.06015,
    0.09443,
    0.12938,
    0.15459,
    0.15707,
    0.14255,
    0.09484,
    0.05525,
    0.03043,
    0.01493,
    0.00623,
    0.00227,
    0.00067,
    0.00016,
    1e-05,
    0.0
  ],
  "Athletico Paranaense / PR": [
    0.00043,
    0.00258,
    0.01015,
    0.02427,
    0.04534,
    0.07551,
    0.11176,
    0.14605,
    0.16353,
    0.15484,
    0.11371,
    0.07298,
    0.04173,
    0.02269,
    0.00917,
    0.00381,
    0.00116,
    0.00024,
    5e-05,
    0.0
  ],
  "Cuiabá / MT": [
    0.0,
    0.0,
    2e-05,
    2e-05,
    9e-05,
    0.00039,
    0.00108,
    0.00351,
    0.00808,
    0.01802,
    0.03478,
    0.06073,
    0.09286,
    0.12947,
    0.17205,
    0.17738,
    0.14298,
    0.09535,
    0.05031,
    0.01288
  ],
  "Atlético Goianiense / GO": [
    0.0,
    0.0,
    0.0,
    0.0,
    0.0,
    0.0,
    0.0,
    0.0,
    0.0,
    6e-05,
    3e-05,
    0.00025,
    0.00095,
    0.0023,
    0.0067,
    0.01702,
    0.04227,
    0.09344,
    0.2138,
    0.62318
  ],
  "Flamengo / RJ": [
    0.3248,
    0.34968,
    0.16785,
    0.08479,
    0.04178,
    0.0193,
    0.00733,
    0.00315,
    0.00086,
    0.00034,
    9e-05,
    2e-05,
    1e-05,
    0.0,
    0.0,
    0.0,
    0.0,
    0.0,
    0.0,
    0.0
  ],
  "Cruzeiro / MG": [
    0.01844,
    0.06205,
    0.12632,
    0.17004,
    0.18732,
    0.15696,
    0.11542,
    0.07502,
    0.04484,
    0.02402,
    0.01183,
    0.00524,
    0.00174,
    0.00055,
    0.00019,
    2e-05,
    0.0,
    0.0,
    0.0,
    0.0
  ],
  "Botafogo / RJ": [
    0.53514,
    0.27107,
    0.11241,
    0.04877,
    0.02024,
    0.00804,
    0.00285,
    0.00094,
    0.00045,
    9e-05,
    0.0,
    0.0,
    0.0,
    0.0,
    0.0,
    0.0,
    0.0,
    0.0,
    0.0,
    0.0
  ],
  "Vitória / BA": [
    0.0,
    0.0,
    0.0,
    0.0,
    0.0,
    1e-05,
    1e-05,
    0.00015,
    0.00029,
    0.00132,
    0.00457,
    0.01155,
    0.02676,
    0.05371,
    0.10084,
    0.1576,
    0.2114,
    0.21577,
    0.15676,
    0.05926
  ],
  "Palmeiras / SP": [
    0.04534,
    0.11885,
    0.20951,
    0.21103,
    0.16444,
    0.1126,
    0.06871,
    0.03824,
    0.01876,
    0.00797,
    0.00307,
    0.00121,
    0.0002,
    6e-05,
    1e-05,
    0.0,
    0.0,
    0.0,
    0.0,
    0.0
  ]
}