{
  "Milan": [
    0.0,
    0.03465,
    0.0675,
    0.10415,
    0.15825,
    0.2294,
    0.30761,
    0.0712,
    0.01974,
    0.0055,
    0.00125,
    0.00056,
    0.00015,
    3e-05,
    1e-05,
    0.0,
    0.0,
    0.0,
    0.0,
    0.0
  ],
  "Udinese": [
    0.0,
    7e-05,
    0.00062,
    0.00216,
    0.00684,
    0.02263,
    0.07768,
    0.33495,
    0.23766,
    0.13832,
    0.08116,
    0.04639,
    0.02675,
    0.01508,
    0.00699,
    0.00237,
    0.00033,
    0.0,
    0.0,
    0.0
  ],
  "Sampdoria": [
    0.0,
    0.0,
    0.0,
    0.0,
    0.0,
    0.0,
    0.0,
    0.0,
    0.0,
    0.0,
    0.0,
    0.0,
    1e-05,
    1e-05,
    0.00011,
    0.00071,
    0.00655,
    0.05076,
    0.44664,
    0.49521
  ],
  "Atalanta": [
    5e-05,
    0.06432,
    0.10273,
    0.13974,
    0.18048,
    0.22278,
    0.22404,
    0.04998,
    0.01183,
    0.003,
    0.00076,
    0.0002,
    8e-05,
    1e-05,
    0.0,
    0.0,
    0.0,
    0.0,
    0.0,
    0.0
  ],
  "Lecce": [
    0.0,
    0.0,
    0.0,
    0.0,
    0.0,
    9e-05,
    0.0006,
    0.01011,
    0.02669,
    0.05085,
    0.08245,
    0.11247,
    0.14669,
    0.1744,
    0.18769,
    0.14042,
    0.05502,
    0.01232,
    0.0002,
    0.0
  ],
  "Inter": [
    0.00068,
    0.30966,
    0.22389,
    0.17859,
    0.13674,
    0.09419,
    0.04917,
    0.00612,
    0.00082,
    0.00012,
    2e-05,
    0.0,
    0.0,
    0.0,
    0.0,
    0.0,
    0.0,
    0.0,
    0.0,
    0.0
  ],
  "Monza": [
    0.0,
    0.0,
    0.0,
    6e-05,
    0.0002,
    0.00092,
    0.00733,
    0.05696,
    0.10187,
    0.14143,
    0.16447,
    0.15806,
    0.13308,
    0.10879,
    0.07966,
    0.03673,
    0.00892,
    0.00152,
    0.0,
    0.0
  ],
  "Torino": [
    0.0,
    3e-05,
    0.0002,
    0.00078,
    0.00317,
    0.01181,
    0.04892,
    0.24351,
    0.25571,
    0.17962,
    0.11108,
    0.06943,
    0.04039,
    0.02338,
    0.00942,
    0.0022,
    0.00029,
    6e-05,
    0.0,
    0.0
  ],
  "Fiorentina": [
    0.0,
    0.0,
    0.0,
    0.0,
    7e-05,
    0.00026,
    0.00271,
    0.02836,
    0.05955,
    0.09843,
    0.12906,
    0.15149,
    0.16902,
    0.15495,
    0.1199,
    0.06352,
    0.01898,
    0.00367,
    3e-05,
    0.0
  ],
  "Cremonese": [
    0.0,
    0.0,
    0.0,
    0.0,
    0.0,
    0.0,
    0.0,
    0.0,
    0.0,
    0.0,
    0.0,
    0.0,
    1e-05,
    8e-05,
    0.0002,
    0.00148,
    0.01023,
    0.0574,
    0.4427,
    0.4879
  ],
  "Lazio": [
    0.00024,
    0.22884,
    0.21879,
    0.19351,
    0.16019,
    0.11949,
    0.0685,
    0.00879,
    0.00135,
    0.00023,
    5e-05,
    2e-05,
    0.0,
    0.0,
    0.0,
    0.0,
    0.0,
    0.0,
    0.0,
    0.0
  ],
  "Bologna": [
    0.0,
    1e-05,
    3e-05,
    0.00024,
    0.00078,
    0.00349,
    0.01812,
    0.11927,
    0.17278,
    0.19699,
    0.16754,
    0.1263,
    0.09167,
    0.05757,
    0.03255,
    0.01074,
    0.00176,
    0.00016,
    0.0,
    0.0
  ],
  "Salernitana": [
    0.0,
    0.0,
    0.0,
    0.0,
    0.0,
    0.0,
    4e-05,
    0.00093,
    0.00382,
    0.00989,
    0.02033,
    0.03563,
    0.06154,
    0.10228,
    0.18186,
    0.31537,
    0.19036,
    0.0738,
    0.00399,
    0.00016
  ],
  "Roma": [
    8e-05,
    0.14838,
    0.1761,
    0.18563,
    0.18636,
    0.16529,
    0.11675,
    0.01756,
    0.00325,
    0.00053,
    6e-05,
    0.0,
    1e-05,
    0.0,
    0.0,
    0.0,
    0.0,
    0.0,
    0.0,
    0.0
  ],
  "Spezia": [
    0.0,
    0.0,
    0.0,
    0.0,
    0.0,
    0.0,
    0.0,
    8e-05,
    0.00034,
    0.00091,
    0.00281,
    0.00635,
    0.01449,
    0.03086,
    0.06917,
    0.16568,
    0.39465,
    0.28396,
    0.02809,
    0.00261
  ],
  "Empoli": [
    0.0,
    0.0,
    0.0,
    0.0,
    4e-05,
    0.00039,
    0.00293,
    0.02958,
    0.0674,
    0.10913,
    0.13753,
    0.15029,
    0.14969,
    0.14093,
    0.11919,
    0.06829,
    0.02157,
    0.00302,
    2e-05,
    0.0
  ],
  "Verona": [
    0.0,
    0.0,
    0.0,
    0.0,
    0.0,
    0.0,
    0.0,
    3e-05,
    7e-05,
    0.00038,
    0.001,
    0.00265,
    0.00567,
    0.01319,
    0.03203,
    0.09149,
    0.2557,
    0.50555,
    0.07812,
    0.01412
  ],
  "Napoli": [
    0.99866,
    0.00128,
    5e-05,
    1e-05,
    0.0,
    0.0,
    0.0,
    0.0,
    0.0,
    0.0,
    0.0,
    0.0,
    0.0,
    0.0,
    0.0,
    0.0,
    0.0,
    0.0,
    0.0,
    0.0
  ],
  "Juventus": [
    0.00029,
    0.21276,
    0.21009,
    0.19513,
    0.16688,
    0.12913,
    0.07444,
    0.00951,
    0.00155,
    0.00019,
    2e-05,
    1e-05,
    0.0,
    0.0,
    0.0,
    0.0,
    0.0,
    0.0,
    0.0,
    0.0
  ],
  "Sassuolo": [
    0.0,
    0.0,
    0.0,
    0.0,
    0.0,
    0.00013,
    0.00116,
    0.01306,
    0.03557,
    0.06448,
    0.10041,
    0.14015,
    0.16075,
    0.17844,
    0.16122,
    0.101,
    0.03564,
    0.00778,
    0.00021,
    0.0
  ]
}