{
  "Empoli": [
    0.0,
    0.0,
    0.0,
    0.0,
    0.0,
    0.0,
    0.0,
    0.0,
    0.0,
    0.0,
    0.00013,
    0.0067,
    0.08469,
    0.1758,
    0.19378,
    0.19217,
    0.19058,
    0.12147,
    0.03468,
    0.0
  ],
  "Verona": [
    0.0,
    0.0,
    0.0,
    0.0,
    0.0,
    0.0,
    0.0,
    0.0,
    0.0,
    0.0,
    0.00061,
    0.01352,
    0.09928,
    0.21247,
    0.207,
    0.185,
    0.15411,
    0.09077,
    0.03724,
    0.0
  ],
  "Frosinone": [
    0.0,
    0.0,
    0.0,
    0.0,
    0.0,
    0.0,
    0.0,
    0.0,
    0.0,
    0.0,
    1e-05,
    0.0019,
    0.02902,
    0.10746,
    0.1679,
    0.2181,
    0.20816,
    0.17778,
    0.08967,
    0.0
  ],
  "Napoli": [
    0.0,
    0.0,
    0.0,
    0.00035,
    0.00778,
    0.04699,
    0.17374,
    0.33598,
    0.27714,
    0.1344,
    0.02271,
    0.0009,
    1e-05,
    0.0,
    0.0,
    0.0,
    0.0,
    0.0,
    0.0,
    0.0
  ],
  "Genoa": [
    0.0,
    0.0,
    0.0,
    0.0,
    0.0,
    0.0,
    0.0,
    0.00032,
    0.00475,
    0.03023,
    0.17419,
    0.59255,
    0.15508,
    0.03471,
    0.00685,
    0.00125,
    7e-05,
    0.0,
    0.0,
    0.0
  ],
  "Fiorentina": [
    0.0,
    0.0,
    0.0,
    0.00018,
    0.00416,
    0.03288,
    0.11218,
    0.25335,
    0.31177,
    0.20326,
    0.07513,
    0.007,
    9e-05,
    0.0,
    0.0,
    0.0,
    0.0,
    0.0,
    0.0,
    0.0
  ],
  "Inter": [
    1.0,
    0.0,
    0.0,
    0.0,
    0.0,
    0.0,
    0.0,
    0.0,
    0.0,
    0.0,
    0.0,
    0.0,
    0.0,
    0.0,
    0.0,
    0.0,
    0.0,
    0.0,
    0.0,
    0.0
  ],
  "Monza": [
    0.0,
    0.0,
    0.0,
    0.0,
    0.0,
    6e-05,
    0.00288,
    0.01578,
    0.06436,
    0.17364,
    0.53154,
    0.18024,
    0.0302,
    0.00121,
    9e-05,
    0.0,
    0.0,
    0.0,
    0.0,
    0.0
  ],
  "Roma": [
    0.0,
    0.00028,
    0.02491,
    0.12868,
    0.45427,
    0.29739,
    0.08009,
    0.01353,
    0.00083,
    2e-05,
    0.0,
    0.0,
    0.0,
    0.0,
    0.0,
    0.0,
    0.0,
    0.0,
    0.0,
    0.0
  ],
  "Salernitana": [
    0.0,
    0.0,
    0.0,
    0.0,
    0.0,
    0.0,
    0.0,
    0.0,
    0.0,
    0.0,
    0.0,
    0.0,
    0.0,
    0.0,
    0.0,
    0.0,
    0.0,
    0.0,
    0.00012,
    0.99988
  ],
  "Sassuolo": [
    0.0,
    0.0,
    0.0,
    0.0,
    0.0,
    0.0,
    0.0,
    0.0,
    0.0,
    0.0,
    0.0,
    8e-05,
    0.00112,
    0.00966,
    0.0274,
    0.05997,
    0.11025,
    0.25162,
    0.53978,
    0.00012
  ],
  "Atalanta": [
    0.0,
    0.00011,
    0.00743,
    0.07464,
    0.27591,
    0.38737,
    0.17944,
    0.05674,
    0.01554,
    0.00276,
    6e-05,
    0.0,
    0.0,
    0.0,
    0.0,
    0.0,
    0.0,
    0.0,
    0.0,
    0.0
  ],
  "Lecce": [
    0.0,
    0.0,
    0.0,
    0.0,
    0.0,
    0.0,
    0.0,
    0.0,
    4e-05,
    0.00134,
    0.03001,
    0.13919,
    0.44109,
    0.21116,
    0.10916,
    0.04653,
    0.01677,
    0.00421,
    0.0005,
    0.0
  ],
  "Lazio": [
    0.0,
    0.0,
    4e-05,
    0.00502,
    0.0505,
    0.19749,
    0.42016,
    0.22437,
    0.08024,
    0.02048,
    0.00167,
    3e-05,
    0.0,
    0.0,
    0.0,
    0.0,
    0.0,
    0.0,
    0.0,
    0.0
  ],
  "Udinese": [
    0.0,
    0.0,
    0.0,
    0.0,
    0.0,
    0.0,
    0.0,
    0.0,
    0.0,
    0.0,
    0.0,
    0.0007,
    0.01488,
    0.04162,
    0.08014,
    0.1241,
    0.18472,
    0.28375,
    0.27009,
    0.0
  ],
  "Juventus": [
    0.0,
    0.1037,
    0.61757,
    0.22928,
    0.04605,
    0.00338,
    2e-05,
    0.0,
    0.0,
    0.0,
    0.0,
    0.0,
    0.0,
    0.0,
    0.0,
    0.0,
    0.0,
    0.0,
    0.0,
    0.0
  ],
  "Torino": [
    0.0,
    0.0,
    0.0,
    0.0,
    0.00017,
    0.00556,
    0.0294,
    0.09987,
    0.24533,
    0.43384,
    0.16221,
    0.02331,
    0.00031,
    0.0,
    0.0,
    0.0,
    0.0,
    0.0,
    0.0,
    0.0
  ],
  "Cagliari": [
    0.0,
    0.0,
    0.0,
    0.0,
    0.0,
    0.0,
    0.0,
    0.0,
    0.0,
    3e-05,
    0.00173,
    0.03388,
    0.14423,
    0.20591,
    0.20768,
    0.17288,
    0.13534,
    0.0704,
    0.02792,
    0.0
  ],
  "Bologna": [
    0.0,
    0.01714,
    0.23774,
    0.5531,
    0.16099,
    0.02888,
    0.00209,
    6e-05,
    0.0,
    0.0,
    0.0,
    0.0,
    0.0,
    0.0,
    0.0,
    0.0,
    0.0,
    0.0,
    0.0,
    0.0
  ],
  "Milan": [
    0.0,
    0.87877,
    0.11231,
    0.00875,
    0.00017,
    0.0,
    0.0,
    0.0,
    0.0,
    0.0,
    0.0,
    0.0,
    0.0,
    0.0,
    0.0,
    0.0,
    0.0,
    0.0,
    0.0,
    0.0
  ]
}