{
  "Ath Bilbao": [
    0.05772,
    0.0679,
    0.0686,
    0.06917,
    0.0699,
    0.06716,
    0.06468,
    0.06324,
    0.05924,
    0.0562,
    0.05472,
    0.04909,
    0.04603,
    0.04258,
    0.03786,
    0.03493,
    0.03149,
    0.02535,
    0.02092,
    0.01322
  ],
  "Getafe": [
    0.00786,
    0.01444,
    0.02029,
    0.02505,
    0.03009,
    0.0349,
    0.038,
    0.04198,
    0.04387,
    0.0463,
    0.04894,
    0.05522,
    0.05974,
    0.06319,
    0.06611,
    0.07287,
    0.07718,
    0.08008,
    0.08605,
    0.08784
  ],
  "Betis": [
    0.0319,
    0.04354,
    0.05268,
    0.05689,
    0.05882,
    0.06027,
    0.05879,
    0.05946,
    0.05846,
    0.0581,
    0.05724,
    0.05632,
    0.05379,
    0.05296,
    0.05233,
    0.04839,
    0.0437,
    0.04034,
    0.03281,
    0.02321
  ],
  "Girona": [
    0.01638,
    0.02676,
    0.03606,
    0.04074,
    0.04594,
    0.04941,
    0.05112,
    0.05331,
    0.05574,
    0.05692,
    0.05806,
    0.05898,
    0.06017,
    0.061,
    0.06147,
    0.0597,
    0.05839,
    0.05587,
    0.0509,
    0.04308
  ],
  "Celta": [
    0.01618,
    0.02633,
    0.03495,
    0.04058,
    0.04512,
    0.04937,
    0.05032,
    0.05359,
    0.05777,
    0.05778,
    0.0595,
    0.06127,
    0.06116,
    0.06199,
    0.06041,
    0.06116,
    0.05717,
    0.05594,
    0.04916,
    0.04025
  ],
  "Alaves": [
    0.02295,
    0.03427,
    0.04189,
    0.04808,
    0.05177,
    0.05335,
    0.05692,
    0.05832,
    0.05983,
    0.06193,
    0.06178,
    0.0601,
    0.05954,
    0.05627,
    0.05599,
    0.05296,
    0.04955,
    0.04543,
    0.03872,
    0.03035
  ],
  "Las Palmas": [
    0.00164,
    0.00367,
    0.00623,
    0.00898,
    0.01115,
    0.01568,
    0.01911,
    0.02254,
    0.02769,
    0.03313,
    0.03787,
    0.04318,
    0.04797,
    0.05761,
    0.06802,
    0.07871,
    0.08878,
    0.1055,
    0.1332,
    0.18934
  ],
  "Sevilla": [
    0.01414,
    0.02331,
    0.03059,
    0.03631,
    0.04111,
    0.0454,
    0.04991,
    0.05318,
    0.05653,
    0.0581,
    0.06199,
    0.06139,
    0.06265,
    0.06602,
    0.06363,
    0.06186,
    0.06038,
    0.05798,
    0.05329,
    0.04223
  ],
  "Osasuna": [
    0.0504,
    0.06369,
    0.07048,
    0.07186,
    0.0724,
    0.06917,
    0.06973,
    0.06601,
    0.06395,
    0.05982,
    0.05471,
    0.05039,
    0.04833,
    0.04155,
    0.03817,
    0.03266,
    0.02709,
    0.02304,
    0.01618,
    0.01037
  ],
  "Leganes": [
    0.01035,
    0.01663,
    0.02208,
    0.02637,
    0.03181,
    0.03569,
    0.03951,
    0.04371,
    0.04583,
    0.05121,
    0.05443,
    0.05689,
    0.06157,
    0.06439,
    0.06585,
    0.06739,
    0.07291,
    0.07603,
    0.07973,
    0.07762
  ],
  "Valencia": [
    0.00338,
    0.00686,
    0.01103,
    0.01452,
    0.01922,
    0.02495,
    0.02978,
    0.03407,
    0.0368,
    0.04075,
    0.05002,
    0.05405,
    0.06075,
    0.06474,
    0.06992,
    0.07688,
    0.08526,
    0.09369,
    0.10258,
    0.12075
  ],
  "Barcelona": [
    0.29207,
    0.17406,
    0.12004,
    0.09107,
    0.07099,
    0.05491,
    0.04305,
    0.03456,
    0.02816,
    0.02383,
    0.01822,
    0.01352,
    0.01095,
    0.00798,
    0.00605,
    0.00401,
    0.00327,
    0.00171,
    0.00119,
    0.00036
  ],
  "Sociedad": [
    0.01093,
    0.01811,
    0.02437,
    0.02969,
    0.03405,
    0.03832,
    0.04338,
    0.0482,
    0.05499,
    0.05895,
    0.06071,
    0.06395,
    0.06319,
    0.06396,
    0.06787,
    0.06779,
    0.06553,
    0.06569,
    0.06393,
    0.05639
  ],
  "Vallecano": [
    0.01955,
    0.03018,
    0.03822,
    0.04389,
    0.04835,
    0.05181,
    0.054,
    0.06019,
    0.06156,
    0.06363,
    0.06127,
    0.06069,
    0.05997,
    0.05918,
    0.05739,
    0.05498,
    0.05176,
    0.04691,
    0.04304,
    0.03343
  ],
  "Mallorca": [
    0.0586,
    0.07019,
    0.07542,
    0.07696,
    0.07431,
    0.07173,
    0.07138,
    0.06676,
    0.06142,
    0.05685,
    0.05183,
    0.04752,
    0.04328,
    0.03879,
    0.03374,
    0.03016,
    0.02565,
    0.02066,
    0.01527,
    0.00948
  ],
  "Real Madrid": [
    0.15249,
    0.13422,
    0.11365,
    0.09578,
    0.07972,
    0.07286,
    0.06262,
    0.05305,
    0.04473,
    0.0382,
    0.03279,
    0.02812,
    0.02352,
    0.01906,
    0.01564,
    0.01231,
    0.00908,
    0.00651,
    0.00386,
    0.00179
  ],
  "Valladolid": [
    0.00382,
    0.00754,
    0.01202,
    0.0161,
    0.02002,
    0.02325,
    0.02887,
    0.03051,
    0.03654,
    0.04007,
    0.04444,
    0.05067,
    0.05655,
    0.06242,
    0.06897,
    0.07536,
    0.08774,
    0.09709,
    0.10989,
    0.12813
  ],
  "Espanol": [
    0.00776,
    0.01473,
    0.0202,
    0.02551,
    0.02941,
    0.03428,
    0.03833,
    0.0411,
    0.04479,
    0.0474,
    0.05135,
    0.05799,
    0.05994,
    0.06345,
    0.06698,
    0.07223,
    0.07666,
    0.08056,
    0.08343,
    0.0839
  ],
  "Villarreal": [
    0.11549,
    0.11643,
    0.10368,
    0.09459,
    0.0865,
    0.07453,
    0.0666,
    0.05988,
    0.05015,
    0.04303,
    0.03838,
    0.03427,
    0.02887,
    0.02386,
    0.01883,
    0.01534,
    0.01212,
    0.00893,
    0.0058,
    0.00272
  ],
  "Ath Madrid": [
    0.10639,
    0.10714,
    0.09752,
    0.08786,
    0.07932,
    0.07296,
    0.0639,
    0.05634,
    0.05195,
    0.0478,
    0.04175,
    0.03639,
    0.03203,
    0.029,
    0.02477,
    0.02031,
    0.01629,
    0.01269,
    0.01005,
    0.00554
  ]
}