{
  "Fulham": [
    0.0,
    0.0,
    0.0,
    0.0,
    0.0,
    1e-05,
    3e-05,
    0.00022,
    0.00043,
    0.00121,
    0.00273,
    0.00609,
    0.01414,
    0.02896,
    0.05487,
    0.09917,
    0.15601,
    0.19502,
    0.21761,
    0.2235
  ],
  "Arsenal": [
    0.01242,
    0.02708,
    0.04271,
    0.05831,
    0.07193,
    0.08465,
    0.09521,
    0.10148,
    0.10411,
    0.10227,
    0.09432,
    0.07624,
    0.05676,
    0.03739,
    0.02089,
    0.00922,
    0.00346,
    0.00119,
    0.0003,
    6e-05
  ],
  "Crystal Palace": [
    9e-05,
    0.00033,
    0.001,
    0.00202,
    0.00369,
    0.00644,
    0.01117,
    0.01743,
    0.02718,
    0.04431,
    0.06466,
    0.09565,
    0.13346,
    0.16262,
    0.16108,
    0.12386,
    0.0741,
    0.04269,
    0.02007,
    0.00815
  ],
  "Southampton": [
    0.04039,
    0.066,
    0.08787,
    0.10571,
    0.10909,
    0.10803,
    0.10385,
    0.09416,
    0.0842,
    0.06868,
    0.05186,
    0.03844,
    0.0222,
    0.01145,
    0.00529,
    0.00213,
    0.00055,
    8e-05,
    2e-05,
    0.0
  ],
  "Liverpool": [
    0.10713,
    0.13003,
    0.13515,
    0.12994,
    0.11717,
    0.09744,
    0.08147,
    0.06441,
    0.04964,
    0.03533,
    0.02387,
    0.01513,
    0.00755,
    0.00347,
    0.00162,
    0.0005,
    0.00013,
    2e-05,
    0.0,
    0.0
  ],
  "Leeds": [
    0.00216,
    0.00684,
    0.01274,
    0.02142,
    0.03159,
    0.04396,
    0.05806,
    0.07452,
    0.09144,
    0.11049,
    0.12841,
    0.1279,
    0.10917,
    0.08035,
    0.05241,
    0.029,
    0.01247,
    0.00487,
    0.00178,
    0.00042
  ],
  "West Ham": [
    0.02979,
    0.05633,
    0.07489,
    0.09055,
    0.10304,
    0.10975,
    0.10764,
    0.10368,
    0.09276,
    0.07757,
    0.06023,
    0.04212,
    0.02557,
    0.01511,
    0.007,
    0.00249,
    0.001,
    0.0004,
    7e-05,
    1e-05
  ],
  "Newcastle": [
    0.00025,
    0.00103,
    0.00233,
    0.00487,
    0.00854,
    0.01409,
    0.02251,
    0.03422,
    0.05109,
    0.07491,
    0.10044,
    0.13247,
    0.1519,
    0.14441,
    0.1153,
    0.07399,
    0.03875,
    0.01834,
    0.00821,
    0.00235
  ],
  "West Brom": [
    0.0,
    0.0,
    0.0,
    0.0,
    0.0,
    2e-05,
    4e-05,
    0.0001,
    0.00023,
    0.00064,
    0.00164,
    0.00403,
    0.00896,
    0.02131,
    0.04102,
    0.07507,
    0.12913,
    0.18415,
    0.2389,
    0.29476
  ],
  "Leicester": [
    0.31399,
    0.20559,
    0.14489,
    0.10182,
    0.07208,
    0.05364,
    0.03823,
    0.0261,
    0.01938,
    0.0115,
    0.00691,
    0.00335,
    0.00147,
    0.00078,
    0.00021,
    4e-05,
    2e-05,
    0.0,
    0.0,
    0.0
  ],
  "Tottenham": [
    0.25736,
    0.20541,
    0.15254,
    0.11312,
    0.08465,
    0.06295,
    0.04523,
    0.03119,
    0.02037,
    0.01299,
    0.00789,
    0.00362,
    0.00182,
    0.00063,
    0.00019,
    4e-05,
    0.0,
    0.0,
    0.0,
    0.0
  ],
  "Everton": [
    0.02724,
    0.04987,
    0.07057,
    0.08635,
    0.09545,
    0.10655,
    0.10503,
    0.10549,
    0.09457,
    0.08632,
    0.06939,
    0.04747,
    0.02877,
    0.01522,
    0.00769,
    0.00266,
    0.00104,
    0.0002,
    0.00011,
    1e-05
  ],
  "Brighton": [
    0.0,
    2e-05,
    7e-05,
    0.00018,
    0.00038,
    0.0009,
    0.00184,
    0.00382,
    0.00764,
    0.01321,
    0.02499,
    0.04383,
    0.07382,
    0.11302,
    0.15655,
    0.18647,
    0.15269,
    0.11049,
    0.07317,
    0.03691
  ],
  "Chelsea": [
    0.02366,
    0.04236,
    0.06035,
    0.07641,
    0.08999,
    0.09735,
    0.10307,
    0.10773,
    0.10521,
    0.09384,
    0.07572,
    0.0546,
    0.03457,
    0.02017,
    0.0094,
    0.00385,
    0.00143,
    0.00022,
    6e-05,
    1e-05
  ],
  "Sheffield United": [
    0.0,
    0.0,
    0.0,
    1e-05,
    2e-05,
    5e-05,
    0.00016,
    0.00039,
    0.00089,
    0.00227,
    0.00456,
    0.01006,
    0.02104,
    0.04045,
    0.07085,
    0.11522,
    0.16687,
    0.18866,
    0.19251,
    0.18599
  ],
  "Wolves": [
    0.00166,
    0.00433,
    0.00877,
    0.01528,
    0.02257,
    0.03409,
    0.04813,
    0.06351,
    0.08356,
    0.10724,
    0.12795,
    0.1374,
    0.12752,
    0.09557,
    0.06201,
    0.03516,
    0.01561,
    0.00678,
    0.00224,
    0.00062
  ],
  "Man United": [
    8e-05,
    0.00027,
    0.00083,
    0.00155,
    0.0028,
    0.00533,
    0.00848,
    0.01434,
    0.0221,
    0.0354,
    0.05562,
    0.08546,
    0.11888,
    0.15695,
    0.16669,
    0.1377,
    0.09217,
    0.05351,
    0.0293,
    0.01254
  ],
  "Burnley": [
    0.0,
    0.0,
    0.0,
    1e-05,
    0.0,
    2e-05,
    0.00012,
    0.00019,
    0.00056,
    0.00106,
    0.00289,
    0.00604,
    0.01417,
    0.02743,
    0.05361,
    0.09826,
    0.15267,
    0.19286,
    0.21548,
    0.23463
  ],
  "Aston Villa": [
    0.15872,
    0.16481,
    0.15185,
    0.12669,
    0.10752,
    0.08299,
    0.06541,
    0.05127,
    0.03545,
    0.02409,
    0.01496,
    0.00891,
    0.00466,
    0.00166,
    0.00073,
    0.00019,
    7e-05,
    2e-05,
    0.0,
    0.0
  ],
  "Man City": [
    0.02506,
    0.0397,
    0.05344,
    0.06576,
    0.07949,
    0.09174,
    0.10432,
    0.10575,
    0.10919,
    0.09667,
    0.08096,
    0.06119,
    0.04357,
    0.02305,
    0.01259,
    0.00498,
    0.00183,
    0.0005,
    0.00017,
    4e-05
  ]
}