{
  "Ath Bilbao": [
    0.00652,
    0.01607,
    0.02947,
    0.04379,
    0.06042,
    0.07708,
    0.08818,
    0.09831,
    0.1057,
    0.1033,
    0.09037,
    0.07879,
    0.06519,
    0.0496,
    0.0364,
    0.02567,
    0.0156,
    0.00804,
    0.00148,
    2e-05
  ],
  "Barcelona": [
    0.41425,
    0.23665,
    0.1401,
    0.08474,
    0.05168,
    0.03117,
    0.01818,
    0.01048,
    0.00595,
    0.0033,
    0.00186,
    0.00091,
    0.00044,
    0.00016,
    8e-05,
    3e-05,
    2e-05,
    0.0,
    0.0,
    0.0
  ],
  "Celta": [
    3e-05,
    0.00019,
    0.0007,
    0.002,
    0.00364,
    0.00722,
    0.01191,
    0.0189,
    0.02713,
    0.03791,
    0.05279,
    0.06772,
    0.08425,
    0.10334,
    0.12165,
    0.1341,
    0.14328,
    0.13248,
    0.04563,
    0.00513
  ],
  "Real Madrid": [
    0.29859,
    0.25373,
    0.16506,
    0.10719,
    0.0686,
    0.04374,
    0.02736,
    0.0157,
    0.00933,
    0.00522,
    0.00281,
    0.00144,
    0.0008,
    0.00027,
    0.00012,
    3e-05,
    0.0,
    1e-05,
    0.0,
    0.0
  ],
  "Valencia": [
    0.00579,
    0.01664,
    0.03162,
    0.05127,
    0.06939,
    0.08738,
    0.10116,
    0.10734,
    0.11024,
    0.09639,
    0.08695,
    0.07057,
    0.05625,
    0.04262,
    0.02907,
    0.02026,
    0.01102,
    0.00523,
    0.00076,
    5e-05
  ],
  "Sociedad": [
    0.03289,
    0.06615,
    0.0958,
    0.11489,
    0.12503,
    0.12205,
    0.11287,
    0.09426,
    0.07489,
    0.05561,
    0.03801,
    0.0269,
    0.01761,
    0.01063,
    0.00629,
    0.00379,
    0.00164,
    0.00065,
    4e-05,
    0.0
  ],
  "Mallorca": [
    8e-05,
    0.00024,
    0.00099,
    0.0023,
    0.00441,
    0.00829,
    0.01447,
    0.02243,
    0.03394,
    0.04808,
    0.06033,
    0.07783,
    0.09553,
    0.11114,
    0.12357,
    0.12753,
    0.12437,
    0.10887,
    0.03227,
    0.00333
  ],
  "Eibar": [
    0.0,
    6e-05,
    0.0002,
    0.00052,
    0.00164,
    0.00309,
    0.00626,
    0.00988,
    0.01695,
    0.02616,
    0.03747,
    0.05236,
    0.07042,
    0.0948,
    0.11779,
    0.14249,
    0.16888,
    0.17809,
    0.06393,
    0.00901
  ],
  "Leganes": [
    0.0,
    0.0,
    0.0,
    0.0,
    0.0,
    0.0,
    0.0,
    0.0,
    0.0,
    1e-05,
    1e-05,
    7e-05,
    0.00014,
    0.00049,
    0.00112,
    0.00296,
    0.00864,
    0.03164,
    0.18996,
    0.76496
  ],
  "Osasuna": [
    0.00088,
    0.00377,
    0.00879,
    0.01642,
    0.02475,
    0.03655,
    0.04851,
    0.06309,
    0.07844,
    0.09252,
    0.0967,
    0.10094,
    0.10103,
    0.09275,
    0.08137,
    0.06522,
    0.04951,
    0.03173,
    0.00664,
    0.00039
  ],
  "Villarreal": [
    0.00591,
    0.01578,
    0.03259,
    0.05024,
    0.06981,
    0.08599,
    0.10281,
    0.11367,
    0.10519,
    0.09914,
    0.09352,
    0.07135,
    0.05516,
    0.03948,
    0.02702,
    0.01755,
    0.01015,
    0.00419,
    0.00043,
    2e-05
  ],
  "Granada": [
    0.10667,
    0.15254,
    0.1654,
    0.14734,
    0.11989,
    0.0934,
    0.07041,
    0.05064,
    0.03521,
    0.02504,
    0.01504,
    0.00892,
    0.00499,
    0.00255,
    0.00115,
    0.00056,
    0.0002,
    5e-05,
    0.0,
    0.0
  ],
  "Alaves": [
    0.00019,
    0.00085,
    0.00211,
    0.00502,
    0.00834,
    0.01474,
    0.02274,
    0.03357,
    0.05179,
    0.06862,
    0.08683,
    0.10449,
    0.1109,
    0.11339,
    0.11024,
    0.10201,
    0.08597,
    0.06165,
    0.01538,
    0.00117
  ],
  "Levante": [
    0.00014,
    0.00054,
    0.00142,
    0.00368,
    0.00659,
    0.01198,
    0.01892,
    0.02949,
    0.04143,
    0.05702,
    0.07594,
    0.09243,
    0.10752,
    0.11484,
    0.11696,
    0.11644,
    0.10367,
    0.07716,
    0.02198,
    0.00185
  ],
  "Espanol": [
    0.0,
    0.0,
    0.0,
    0.0,
    0.0,
    5e-05,
    4e-05,
    0.0001,
    0.0002,
    0.00046,
    0.0011,
    0.00191,
    0.00387,
    0.00771,
    0.01426,
    0.02798,
    0.05911,
    0.14224,
    0.53678,
    0.20419
  ],
  "Sevilla": [
    0.04504,
    0.08591,
    0.12151,
    0.13484,
    0.12924,
    0.11614,
    0.09736,
    0.07868,
    0.05967,
    0.04602,
    0.03347,
    0.02226,
    0.01388,
    0.00772,
    0.00455,
    0.00245,
    0.00096,
    0.0003,
    0.0,
    0.0
  ],
  "Betis": [
    1e-05,
    5e-05,
    0.00033,
    0.00073,
    0.0016,
    0.00315,
    0.00569,
    0.00993,
    0.01526,
    0.02358,
    0.03572,
    0.05013,
    0.06682,
    0.08823,
    0.11318,
    0.14036,
    0.16715,
    0.18957,
    0.07899,
    0.00952
  ],
  "Valladolid": [
    0.00141,
    0.00489,
    0.01021,
    0.01846,
    0.03016,
    0.04154,
    0.05521,
    0.07007,
    0.08233,
    0.09431,
    0.10186,
    0.10375,
    0.09671,
    0.08635,
    0.07324,
    0.05694,
    0.04223,
    0.02467,
    0.00533,
    0.00033
  ],
  "Ath Madrid": [
    0.06659,
    0.11126,
    0.13681,
    0.13875,
    0.13221,
    0.11305,
    0.09066,
    0.07159,
    0.05008,
    0.03352,
    0.02319,
    0.01521,
    0.00825,
    0.00486,
    0.00242,
    0.00101,
    0.00037,
    0.00017,
    0.0,
    0.0
  ],
  "Getafe": [
    0.01501,
    0.03468,
    0.05689,
    0.07782,
    0.0926,
    0.10339,
    0.10726,
    0.10187,
    0.09627,
    0.08379,
    0.06603,
    0.05202,
    0.04024,
    0.02907,
    0.01952,
    0.01262,
    0.00723,
    0.00326,
    0.0004,
    3e-05
  ]
}