{
  "Eibar": [
    0.0,
    2e-05,
    9e-05,
    0.00021,
    0.00066,
    0.00152,
    0.0032,
    0.00723,
    0.01387,
    0.02493,
    0.03938,
    0.05981,
    0.08199,
    0.10427,
    0.12226,
    0.13314,
    0.13505,
    0.1228,
    0.09655,
    0.05302
  ],
  "Celta": [
    0.0,
    0.0,
    1e-05,
    5e-05,
    5e-05,
    0.00015,
    0.00061,
    0.00147,
    0.00365,
    0.00669,
    0.0131,
    0.02134,
    0.03398,
    0.05196,
    0.07557,
    0.10715,
    0.13762,
    0.17685,
    0.19971,
    0.17004
  ],
  "Granada": [
    0.17523,
    0.20199,
    0.19102,
    0.15883,
    0.10892,
    0.06933,
    0.04214,
    0.02494,
    0.01411,
    0.0072,
    0.00363,
    0.00156,
    0.00059,
    0.00038,
    6e-05,
    4e-05,
    3e-05,
    0.0,
    0.0,
    0.0
  ],
  "Ath Bilbao": [
    5e-05,
    0.00034,
    0.00088,
    0.00242,
    0.00632,
    0.0143,
    0.02587,
    0.04192,
    0.06104,
    0.08502,
    0.10482,
    0.11783,
    0.12418,
    0.11467,
    0.09912,
    0.07862,
    0.05534,
    0.03843,
    0.02085,
    0.00798
  ],
  "Cadiz": [
    0.02175,
    0.04807,
    0.0804,
    0.11764,
    0.15369,
    0.15389,
    0.13294,
    0.10394,
    0.07303,
    0.0486,
    0.03053,
    0.01736,
    0.00932,
    0.00491,
    0.00239,
    0.001,
    0.00039,
    0.00011,
    4e-05,
    0.0
  ],
  "Osasuna": [
    0.00051,
    0.00219,
    0.00556,
    0.01293,
    0.0262,
    0.04477,
    0.06773,
    0.09467,
    0.11438,
    0.12717,
    0.12517,
    0.11026,
    0.08777,
    0.06839,
    0.04699,
    0.03161,
    0.01887,
    0.00922,
    0.00416,
    0.00145
  ],
  "Alaves": [
    1e-05,
    4e-05,
    0.00029,
    0.00077,
    0.0021,
    0.00455,
    0.01036,
    0.01937,
    0.03387,
    0.05298,
    0.07815,
    0.10267,
    0.11799,
    0.12287,
    0.12243,
    0.10886,
    0.0914,
    0.06725,
    0.04404,
    0.02
  ],
  "Betis": [
    0.00258,
    0.00752,
    0.01706,
    0.03412,
    0.05803,
    0.08612,
    0.11652,
    0.1345,
    0.13662,
    0.1185,
    0.09504,
    0.07149,
    0.04896,
    0.03158,
    0.02007,
    0.01133,
    0.006,
    0.00277,
    0.00095,
    0.00024
  ],
  "Valladolid": [
    0.0,
    0.0,
    0.0,
    0.0,
    0.0,
    2e-05,
    7e-05,
    0.00025,
    0.0006,
    0.00136,
    0.00308,
    0.0058,
    0.01111,
    0.01957,
    0.03408,
    0.05354,
    0.0846,
    0.13504,
    0.22195,
    0.42893
  ],
  "Sociedad": [
    0.15952,
    0.1916,
    0.19218,
    0.16493,
    0.11592,
    0.07393,
    0.04473,
    0.02606,
    0.01513,
    0.00855,
    0.00441,
    0.00182,
    0.00086,
    0.00022,
    0.0001,
    4e-05,
    0.0,
    0.0,
    0.0,
    0.0
  ],
  "Villarreal": [
    0.01802,
    0.04135,
    0.06994,
    0.103,
    0.13743,
    0.14977,
    0.13572,
    0.11199,
    0.08419,
    0.05888,
    0.03892,
    0.02414,
    0.013,
    0.00747,
    0.00355,
    0.00148,
    0.00086,
    0.00023,
    3e-05,
    3e-05
  ],
  "Huesca": [
    0.0,
    0.0,
    6e-05,
    9e-05,
    0.00055,
    0.00131,
    0.00313,
    0.0064,
    0.01192,
    0.02292,
    0.03671,
    0.05623,
    0.07913,
    0.09914,
    0.11985,
    0.13518,
    0.1373,
    0.12582,
    0.10274,
    0.06152
  ],
  "Valencia": [
    0.0,
    0.0,
    9e-05,
    0.00039,
    0.00121,
    0.00284,
    0.00579,
    0.01177,
    0.0212,
    0.03457,
    0.05126,
    0.07169,
    0.09471,
    0.11478,
    0.12726,
    0.13004,
    0.12016,
    0.10142,
    0.07241,
    0.03841
  ],
  "Levante": [
    0.0,
    0.0,
    0.0,
    2e-05,
    5e-05,
    0.00021,
    0.00057,
    0.00133,
    0.00285,
    0.00567,
    0.01076,
    0.01852,
    0.02955,
    0.0457,
    0.06815,
    0.09467,
    0.13319,
    0.17116,
    0.20931,
    0.20829
  ],
  "Getafe": [
    0.01359,
    0.03144,
    0.05722,
    0.0912,
    0.12608,
    0.14022,
    0.13798,
    0.1206,
    0.09511,
    0.06805,
    0.04661,
    0.03135,
    0.01824,
    0.01095,
    0.00592,
    0.00313,
    0.00143,
    0.00064,
    0.00022,
    2e-05
  ],
  "Real Madrid": [
    0.2226,
    0.22495,
    0.19329,
    0.14353,
    0.09296,
    0.05637,
    0.03164,
    0.01735,
    0.00897,
    0.00461,
    0.00217,
    0.00104,
    0.00038,
    0.00011,
    3e-05,
    0.0,
    0.0,
    0.0,
    0.0,
    0.0
  ],
  "Elche": [
    0.00352,
    0.01137,
    0.02372,
    0.04246,
    0.06798,
    0.0949,
    0.11654,
    0.12443,
    0.12124,
    0.11203,
    0.09033,
    0.06801,
    0.04886,
    0.03268,
    0.01995,
    0.01148,
    0.00633,
    0.00293,
    0.0009,
    0.00034
  ],
  "Ath Madrid": [
    0.38092,
    0.23387,
    0.15615,
    0.10294,
    0.05934,
    0.03263,
    0.01771,
    0.00843,
    0.00454,
    0.00198,
    0.00082,
    0.0004,
    0.00021,
    5e-05,
    1e-05,
    0.0,
    0.0,
    0.0,
    0.0,
    0.0
  ],
  "Sevilla": [
    9e-05,
    0.00033,
    0.00117,
    0.00304,
    0.00681,
    0.01438,
    0.02553,
    0.04092,
    0.06344,
    0.08454,
    0.10374,
    0.12236,
    0.12444,
    0.11409,
    0.09609,
    0.07508,
    0.05627,
    0.03707,
    0.02205,
    0.00856
  ],
  "Barcelona": [
    0.00161,
    0.00492,
    0.01087,
    0.02143,
    0.0357,
    0.05879,
    0.08122,
    0.10243,
    0.12024,
    0.12575,
    0.12137,
    0.09632,
    0.07473,
    0.05621,
    0.03612,
    0.02361,
    0.01516,
    0.00826,
    0.00409,
    0.00117
  ]
}