{
  "Internacional / RS": [
    0.0207,
    0.04761,
    0.08629,
    0.13758,
    0.17575,
    0.18877,
    0.13628,
    0.08837,
    0.05596,
    0.03061,
    0.01647,
    0.00871,
    0.00436,
    0.00169,
    0.00061,
    0.00014,
    9e-05,
    1e-05,
    0.0,
    0.0
  ],
  "Bahia / BA": [
    0.04425,
    0.09538,
    0.14896,
    0.19334,
    0.19538,
    0.13922,
    0.08538,
    0.04605,
    0.02675,
    0.0132,
    0.00646,
    0.00303,
    0.00165,
    0.00059,
    0.00027,
    6e-05,
    2e-05,
    1e-05,
    0.0,
    0.0
  ],
  "Criciúma / SC": [
    0.00147,
    0.00598,
    0.0141,
    0.0334,
    0.06448,
    0.11086,
    0.13937,
    0.14299,
    0.12974,
    0.10721,
    0.08463,
    0.06184,
    0.04381,
    0.02855,
    0.01608,
    0.00826,
    0.00421,
    0.00197,
    0.00083,
    0.00022
  ],
  "Juventude / RS": [
    0.00011,
    0.00035,
    0.00164,
    0.00471,
    0.01296,
    0.0293,
    0.05164,
    0.07818,
    0.10266,
    0.11829,
    0.12524,
    0.1241,
    0.11168,
    0.08828,
    0.06308,
    0.04271,
    0.02467,
    0.01268,
    0.00598,
    0.00174
  ],
  "Fluminense / RJ": [
    0.0,
    0.0,
    0.0,
    0.0,
    0.0,
    0.0,
    6e-05,
    0.00011,
    0.00027,
    0.00073,
    0.00183,
    0.00445,
    0.00836,
    0.0158,
    0.02905,
    0.04926,
    0.07838,
    0.12607,
    0.21823,
    0.4674
  ],
  "Red Bull Bragantino / SP": [
    0.00085,
    0.00453,
    0.01368,
    0.02982,
    0.05983,
    0.10491,
    0.14745,
    0.1512,
    0.13495,
    0.11056,
    0.08516,
    0.06108,
    0.04218,
    0.02573,
    0.01491,
    0.00772,
    0.00349,
    0.00144,
    0.00047,
    4e-05
  ],
  "São Paulo / SP": [
    0.0001,
    0.0009,
    0.00341,
    0.00986,
    0.02356,
    0.04922,
    0.08646,
    0.11213,
    0.12506,
    0.13035,
    0.12422,
    0.10825,
    0.08405,
    0.05834,
    0.03905,
    0.02324,
    0.01285,
    0.00618,
    0.00229,
    0.00048
  ],
  "Fortaleza / CE": [
    0.0,
    0.00011,
    0.00045,
    0.00177,
    0.00587,
    0.01497,
    0.0344,
    0.05534,
    0.07774,
    0.10013,
    0.11736,
    0.12648,
    0.12664,
    0.11183,
    0.08601,
    0.06202,
    0.04027,
    0.02342,
    0.01127,
    0.00392
  ],
  "Vasco da Gama / RJ": [
    0.0,
    0.0,
    0.0,
    0.0,
    0.0,
    3e-05,
    0.00022,
    0.00075,
    0.00161,
    0.00375,
    0.00702,
    0.01265,
    0.02477,
    0.04117,
    0.06441,
    0.09396,
    0.13274,
    0.17801,
    0.23454,
    0.20437
  ],
  "Grêmio / RS": [
    0.0,
    0.0,
    3e-05,
    6e-05,
    0.00017,
    0.00048,
    0.00199,
    0.00465,
    0.0084,
    0.01555,
    0.02623,
    0.04184,
    0.06448,
    0.09008,
    0.11948,
    0.13535,
    0.14537,
    0.14172,
    0.12214,
    0.08198
  ],
  "Corinthians / SP": [
    0.0,
    0.0,
    1e-05,
    3e-05,
    0.00018,
    0.00037,
    0.00135,
    0.00332,
    0.00704,
    0.01345,
    0.02486,
    0.03995,
    0.05973,
    0.08809,
    0.11908,
    0.14161,
    0.15079,
    0.14789,
    0.12512,
    0.07713
  ],
  "Atlético Mineiro / MG": [
    0.00048,
    0.00206,
    0.00651,
    0.01501,
    0.03464,
    0.06951,
    0.11283,
    0.13507,
    0.13729,
    0.12779,
    0.10732,
    0.08536,
    0.06492,
    0.04359,
    0.02787,
    0.01525,
    0.00867,
    0.00413,
    0.00138,
    0.00032
  ],
  "Athletico Paranaense / PR": [
    0.14358,
    0.21071,
    0.23163,
    0.17926,
    0.11642,
    0.06499,
    0.0304,
    0.01348,
    0.00568,
    0.00232,
    0.0009,
    0.00044,
    0.0001,
    4e-05,
    4e-05,
    1e-05,
    0.0,
    0.0,
    0.0,
    0.0
  ],
  "Cuiabá / MT": [
    0.0,
    0.0,
    9e-05,
    0.00049,
    0.00157,
    0.00458,
    0.0126,
    0.02619,
    0.0426,
    0.06117,
    0.08161,
    0.10754,
    0.12673,
    0.13761,
    0.12394,
    0.1018,
    0.07525,
    0.05426,
    0.03018,
    0.01179
  ],
  "Atlético Goianiense / GO": [
    0.0,
    0.0,
    0.0,
    1e-05,
    6e-05,
    0.0002,
    0.00091,
    0.00255,
    0.0058,
    0.01106,
    0.02073,
    0.0328,
    0.05379,
    0.07958,
    0.11303,
    0.13866,
    0.15767,
    0.15932,
    0.13825,
    0.08558
  ],
  "Flamengo / RJ": [
    0.48441,
    0.24799,
    0.13504,
    0.06998,
    0.03702,
    0.01685,
    0.00584,
    0.00196,
    0.00051,
    0.00028,
    0.00011,
    1e-05,
    0.0,
    0.0,
    0.0,
    0.0,
    0.0,
    0.0,
    0.0,
    0.0
  ],
  "Cruzeiro / MG": [
    5e-05,
    0.00032,
    0.00126,
    0.00421,
    0.01145,
    0.0283,
    0.05293,
    0.08061,
    0.0999,
    0.12091,
    0.13127,
    0.12771,
    0.11034,
    0.08872,
    0.0595,
    0.03963,
    0.02433,
    0.0121,
    0.00527,
    0.00119
  ],
  "Botafogo / RJ": [
    0.0525,
    0.10613,
    0.15758,
    0.19216,
    0.18383,
    0.13784,
    0.08089,
    0.04408,
    0.02324,
    0.01163,
    0.00603,
    0.00259,
    0.00101,
    0.00033,
    0.00011,
    4e-05,
    1e-05,
    0.0,
    0.0,
    0.0
  ],
  "Vitória / BA": [
    0.0,
    1e-05,
    0.0,
    3e-05,
    0.00019,
    0.00076,
    0.00277,
    0.0059,
    0.01199,
    0.02016,
    0.03214,
    0.05106,
    0.07138,
    0.09998,
    0.12348,
    0.14028,
    0.14119,
    0.13079,
    0.10405,
    0.06384
  ],
  "Palmeiras / SP": [
    0.2515,
    0.27792,
    0.19932,
    0.12828,
    0.07664,
    0.03884,
    0.01623,
    0.00707,
    0.00281,
    0.00085,
    0.00041,
    0.00011,
    2e-05,
    0.0,
    0.0,
    0.0,
    0.0,
    0.0,
    0.0,
    0.0
  ]
}