{
  "Heerenveen": [
    0.0,
    1e-05,
    1e-05,
    0.00016,
    0.00066,
    0.00632,
    0.04684,
    0.17998,
    0.19724,
    0.19408,
    0.14971,
    0.11556,
    0.0707,
    0.02833,
    0.00858,
    0.00165,
    0.00017,
    0.0
  ],
  "Willem II": [
    0.0,
    0.0,
    0.0,
    0.0,
    0.0,
    0.0,
    0.0,
    0.0,
    0.00014,
    0.00039,
    0.00147,
    0.00449,
    0.01254,
    0.03873,
    0.10409,
    0.26059,
    0.44744,
    0.13012
  ],
  "Zwolle": [
    0.0,
    0.0,
    0.0,
    0.0,
    0.00016,
    0.00195,
    0.02037,
    0.09995,
    0.14162,
    0.15594,
    0.17402,
    0.16239,
    0.12943,
    0.07334,
    0.0316,
    0.00807,
    0.00114,
    2e-05
  ],
  "Feyenoord": [
    0.10907,
    0.1693,
    0.20053,
    0.2059,
    0.18379,
    0.10658,
    0.02341,
    0.00134,
    7e-05,
    1e-05,
    0.0,
    0.0,
    0.0,
    0.0,
    0.0,
    0.0,
    0.0,
    0.0
  ],
  "Twente": [
    0.00041,
    0.00221,
    0.00741,
    0.01962,
    0.05461,
    0.16796,
    0.52395,
    0.14131,
    0.05243,
    0.0196,
    0.00729,
    0.00243,
    0.00069,
    7e-05,
    1e-05,
    0.0,
    0.0,
    0.0
  ],
  "For Sittard": [
    0.0,
    0.0,
    0.0,
    0.0,
    1e-05,
    0.0002,
    0.0046,
    0.02934,
    0.06372,
    0.09712,
    0.14374,
    0.18619,
    0.20751,
    0.14991,
    0.08244,
    0.02919,
    0.00574,
    0.00029
  ],
  "FC Emmen": [
    0.0,
    0.0,
    0.0,
    0.0,
    0.0,
    0.0,
    0.0,
    0.0,
    1e-05,
    0.0,
    2e-05,
    3e-05,
    0.0004,
    0.00224,
    0.00991,
    0.04002,
    0.15695,
    0.79042
  ],
  "VVV Venlo": [
    0.0,
    0.0,
    0.0,
    0.0,
    0.0,
    0.0,
    9e-05,
    0.0021,
    0.00671,
    0.01406,
    0.03224,
    0.06717,
    0.12653,
    0.23103,
    0.30333,
    0.1633,
    0.04897,
    0.00447
  ],
  "Heracles": [
    0.0,
    0.0,
    0.0,
    0.0,
    6e-05,
    0.00092,
    0.01046,
    0.06073,
    0.10057,
    0.13995,
    0.16443,
    0.18342,
    0.1701,
    0.10555,
    0.04724,
    0.01441,
    0.00205,
    0.00011
  ],
  "Den Haag": [
    0.0,
    0.0,
    0.0,
    0.0,
    0.0,
    0.0,
    0.0,
    6e-05,
    0.00033,
    0.00135,
    0.00367,
    0.01067,
    0.02732,
    0.07411,
    0.16605,
    0.3537,
    0.29411,
    0.06863
  ],
  "Sparta Rotterdam": [
    0.0,
    0.0,
    6e-05,
    0.00026,
    0.00209,
    0.01291,
    0.09895,
    0.28897,
    0.22465,
    0.16218,
    0.10654,
    0.05959,
    0.02904,
    0.01075,
    0.00343,
    0.00054,
    4e-05,
    0.0
  ],
  "Ajax": [
    0.48902,
    0.23237,
    0.13671,
    0.08112,
    0.04318,
    0.01573,
    0.00184,
    3e-05,
    0.0,
    0.0,
    0.0,
    0.0,
    0.0,
    0.0,
    0.0,
    0.0,
    0.0,
    0.0
  ],
  "Groningen": [
    0.00989,
    0.02985,
    0.0636,
    0.11777,
    0.20986,
    0.38776,
    0.1547,
    0.02095,
    0.00438,
    0.00091,
    0.00027,
    4e-05,
    2e-05,
    0.0,
    0.0,
    0.0,
    0.0,
    0.0
  ],
  "PSV Eindhoven": [
    0.11792,
    0.1854,
    0.21017,
    0.20501,
    0.17048,
    0.09044,
    0.01942,
    0.00099,
    0.00016,
    1e-05,
    0.0,
    0.0,
    0.0,
    0.0,
    0.0,
    0.0,
    0.0,
    0.0
  ],
  "Waalwijk": [
    0.0,
    0.0,
    0.0,
    0.0,
    0.0,
    2e-05,
    0.00021,
    0.00325,
    0.01008,
    0.02297,
    0.0485,
    0.09282,
    0.15765,
    0.25531,
    0.23362,
    0.12649,
    0.04315,
    0.00593
  ],
  "Vitesse": [
    0.20801,
    0.25493,
    0.20956,
    0.15997,
    0.10612,
    0.04989,
    0.01103,
    0.00046,
    3e-05,
    0.0,
    0.0,
    0.0,
    0.0,
    0.0,
    0.0,
    0.0,
    0.0,
    0.0
  ],
  "Utrecht": [
    0.0,
    1e-05,
    0.0,
    6e-05,
    0.00048,
    0.00406,
    0.04541,
    0.16722,
    0.19743,
    0.19135,
    0.16809,
    0.1152,
    0.06807,
    0.03063,
    0.0097,
    0.00204,
    0.00024,
    1e-05
  ],
  "AZ Alkmaar": [
    0.06568,
    0.12592,
    0.17195,
    0.21013,
    0.2285,
    0.15526,
    0.03872,
    0.00332,
    0.00043,
    8e-05,
    1e-05,
    0.0,
    0.0,
    0.0,
    0.0,
    0.0,
    0.0,
    0.0
  ]
}