{
  "Volendam": [
    4e-05,
    0.00029,
    0.00045,
    0.00114,
    0.00176,
    0.00321,
    0.00434,
    0.0068,
    0.00891,
    0.01408,
    0.0185,
    0.02489,
    0.03432,
    0.04578,
    0.06723,
    0.10275,
    0.1809,
    0.48461
  ],
  "Vitesse": [
    0.00163,
    0.00523,
    0.01025,
    0.01488,
    0.02118,
    0.02663,
    0.03349,
    0.04096,
    0.04857,
    0.05597,
    0.06092,
    0.07035,
    0.08123,
    0.09145,
    0.10111,
    0.11387,
    0.13068,
    0.0916
  ],
  "PSV Eindhoven": [
    0.08944,
    0.13323,
    0.13051,
    0.11604,
    0.10085,
    0.08819,
    0.07196,
    0.06164,
    0.04999,
    0.04039,
    0.03347,
    0.02739,
    0.0199,
    0.0149,
    0.0102,
    0.00746,
    0.00357,
    0.00087
  ],
  "Utrecht": [
    0.00102,
    0.00442,
    0.00838,
    0.01304,
    0.01972,
    0.02604,
    0.03288,
    0.04148,
    0.05045,
    0.06019,
    0.06994,
    0.07833,
    0.09078,
    0.09494,
    0.10703,
    0.11836,
    0.11136,
    0.07164
  ],
  "Heerenveen": [
    0.02536,
    0.05079,
    0.06342,
    0.07195,
    0.07646,
    0.07887,
    0.07876,
    0.07714,
    0.07445,
    0.07166,
    0.06528,
    0.0606,
    0.05163,
    0.04702,
    0.04183,
    0.03175,
    0.0226,
    0.01043
  ],
  "Waalwijk": [
    0.01675,
    0.03738,
    0.05117,
    0.06271,
    0.06764,
    0.07266,
    0.07585,
    0.07676,
    0.07819,
    0.07538,
    0.07183,
    0.06588,
    0.06121,
    0.05756,
    0.04881,
    0.03882,
    0.02778,
    0.01362
  ],
  "Ajax": [
    0.05443,
    0.0948,
    0.10263,
    0.10117,
    0.09571,
    0.08906,
    0.07991,
    0.07332,
    0.0634,
    0.05449,
    0.04643,
    0.03951,
    0.03387,
    0.02672,
    0.01944,
    0.01334,
    0.00838,
    0.00339
  ],
  "Heracles": [
    0.00321,
    0.00946,
    0.01501,
    0.02142,
    0.02964,
    0.03596,
    0.044,
    0.05051,
    0.05643,
    0.06406,
    0.07084,
    0.08312,
    0.08906,
    0.09381,
    0.09573,
    0.09596,
    0.0881,
    0.05368
  ],
  "Zwolle": [
    0.00338,
    0.00853,
    0.01413,
    0.02106,
    0.02869,
    0.03714,
    0.04408,
    0.05325,
    0.06205,
    0.07026,
    0.07904,
    0.08343,
    0.08806,
    0.09152,
    0.09345,
    0.08668,
    0.07974,
    0.05551
  ],
  "Sparta Rotterdam": [
    0.0036,
    0.01039,
    0.01757,
    0.02417,
    0.03231,
    0.04099,
    0.04802,
    0.0553,
    0.06234,
    0.07154,
    0.07675,
    0.08447,
    0.08663,
    0.08811,
    0.08968,
    0.08526,
    0.07767,
    0.0452
  ],
  "Nijmegen": [
    0.0498,
    0.09165,
    0.10842,
    0.1094,
    0.1034,
    0.09516,
    0.08582,
    0.07395,
    0.0652,
    0.05478,
    0.04405,
    0.03609,
    0.02833,
    0.02168,
    0.01522,
    0.00978,
    0.00544,
    0.00183
  ],
  "Excelsior": [
    0.00193,
    0.00614,
    0.00997,
    0.01582,
    0.02101,
    0.02701,
    0.03417,
    0.04067,
    0.04859,
    0.05611,
    0.06413,
    0.07198,
    0.08209,
    0.09003,
    0.10181,
    0.11172,
    0.12319,
    0.09363
  ],
  "AZ Alkmaar": [
    0.17168,
    0.19962,
    0.15263,
    0.11605,
    0.08871,
    0.06674,
    0.05433,
    0.0426,
    0.03143,
    0.02311,
    0.01734,
    0.01262,
    0.00917,
    0.00642,
    0.00404,
    0.00231,
    0.001,
    0.0002
  ],
  "Go Ahead Eagles": [
    0.0288,
    0.05793,
    0.07525,
    0.0832,
    0.08562,
    0.08654,
    0.08476,
    0.08029,
    0.07451,
    0.06781,
    0.06089,
    0.0516,
    0.04473,
    0.03929,
    0.03209,
    0.0242,
    0.01651,
    0.00598
  ],
  "Feyenoord": [
    0.01371,
    0.03086,
    0.04383,
    0.05499,
    0.0636,
    0.06837,
    0.07278,
    0.07504,
    0.07694,
    0.07533,
    0.07382,
    0.06907,
    0.06619,
    0.0609,
    0.0549,
    0.04718,
    0.03549,
    0.017
  ],
  "For Sittard": [
    0.02603,
    0.05512,
    0.07305,
    0.08127,
    0.08707,
    0.08727,
    0.08562,
    0.08082,
    0.07455,
    0.06918,
    0.06111,
    0.05443,
    0.04668,
    0.03927,
    0.03244,
    0.02517,
    0.0155,
    0.00542
  ],
  "Almere City": [
    0.0035,
    0.01076,
    0.01765,
    0.02595,
    0.03474,
    0.04242,
    0.05068,
    0.05594,
    0.06422,
    0.06945,
    0.08117,
    0.08357,
    0.0841,
    0.0893,
    0.08424,
    0.08504,
    0.07191,
    0.04536
  ],
  "Twente": [
    0.50569,
    0.1934,
    0.10568,
    0.06574,
    0.04189,
    0.02774,
    0.01855,
    0.01353,
    0.00978,
    0.00621,
    0.00449,
    0.00267,
    0.00202,
    0.0013,
    0.00075,
    0.00035,
    0.00018,
    3e-05
  ]
}