{
  "Famalicao": [
    0.0134,
    0.02157,
    0.03024,
    0.03892,
    0.04619,
    0.05087,
    0.05612,
    0.06098,
    0.06477,
    0.06582,
    0.06706,
    0.06828,
    0.06986,
    0.06957,
    0.06969,
    0.07059,
    0.06919,
    0.06688
  ],
  "Benfica": [
    0.15449,
    0.15935,
    0.13684,
    0.11125,
    0.08874,
    0.07031,
    0.05825,
    0.04786,
    0.03959,
    0.03155,
    0.02652,
    0.02092,
    0.01704,
    0.01392,
    0.00971,
    0.0072,
    0.00409,
    0.00237
  ],
  "Guimaraes": [
    0.039,
    0.06402,
    0.07548,
    0.08062,
    0.08457,
    0.07939,
    0.07505,
    0.06961,
    0.06554,
    0.06085,
    0.05503,
    0.05111,
    0.04707,
    0.04209,
    0.0378,
    0.03184,
    0.02408,
    0.01685
  ],
  "Belenenses": [
    0.00812,
    0.01685,
    0.02429,
    0.03315,
    0.04015,
    0.04644,
    0.0524,
    0.05528,
    0.05873,
    0.06327,
    0.06534,
    0.07051,
    0.07404,
    0.07396,
    0.07912,
    0.07809,
    0.08127,
    0.07899
  ],
  "Nacional": [
    0.01589,
    0.02996,
    0.04029,
    0.04954,
    0.05706,
    0.06254,
    0.06482,
    0.06651,
    0.06981,
    0.06761,
    0.06817,
    0.06792,
    0.0637,
    0.06385,
    0.06206,
    0.05704,
    0.05112,
    0.04211
  ],
  "Boavista": [
    0.00499,
    0.01248,
    0.01889,
    0.0246,
    0.03236,
    0.03822,
    0.045,
    0.05059,
    0.05511,
    0.06026,
    0.0665,
    0.06817,
    0.07294,
    0.08007,
    0.08469,
    0.08858,
    0.0944,
    0.10215
  ],
  "Porto": [
    0.08946,
    0.11468,
    0.11315,
    0.10748,
    0.09368,
    0.08392,
    0.07364,
    0.06473,
    0.05453,
    0.04684,
    0.03831,
    0.03148,
    0.02671,
    0.02097,
    0.01647,
    0.01205,
    0.00786,
    0.00404
  ],
  "Sp Braga": [
    0.15362,
    0.15899,
    0.13652,
    0.11054,
    0.09185,
    0.07353,
    0.06194,
    0.04828,
    0.03897,
    0.0312,
    0.02553,
    0.02131,
    0.01572,
    0.01207,
    0.00871,
    0.00622,
    0.00369,
    0.00131
  ],
  "Santa Clara": [
    0.01719,
    0.02895,
    0.03939,
    0.04754,
    0.05512,
    0.06126,
    0.06235,
    0.0694,
    0.06827,
    0.06757,
    0.0662,
    0.06624,
    0.06431,
    0.06216,
    0.06079,
    0.05954,
    0.05518,
    0.04854
  ],
  "Maritimo": [
    0.00564,
    0.01269,
    0.02042,
    0.02732,
    0.03416,
    0.03964,
    0.04511,
    0.0494,
    0.05629,
    0.06363,
    0.06743,
    0.07193,
    0.07479,
    0.07802,
    0.08163,
    0.08693,
    0.08958,
    0.09539
  ],
  "Moreirense": [
    0.00805,
    0.01686,
    0.02551,
    0.03425,
    0.04131,
    0.04756,
    0.05236,
    0.05744,
    0.06562,
    0.06773,
    0.0692,
    0.07043,
    0.07308,
    0.07425,
    0.07394,
    0.07453,
    0.07623,
    0.07165
  ],
  "Farense": [
    0.00266,
    0.00621,
    0.01094,
    0.01549,
    0.02018,
    0.02625,
    0.03104,
    0.0392,
    0.04553,
    0.05086,
    0.05682,
    0.06382,
    0.07183,
    0.0808,
    0.08952,
    0.10449,
    0.1239,
    0.16046
  ],
  "Tondela": [
    0.00831,
    0.01698,
    0.02612,
    0.03377,
    0.04034,
    0.04834,
    0.05448,
    0.05726,
    0.06256,
    0.06424,
    0.06822,
    0.06856,
    0.07377,
    0.07532,
    0.07404,
    0.07695,
    0.07559,
    0.07515
  ],
  "Rio Ave": [
    0.01657,
    0.031,
    0.04262,
    0.05061,
    0.05561,
    0.06328,
    0.06675,
    0.06747,
    0.06683,
    0.0678,
    0.06668,
    0.06678,
    0.0651,
    0.06314,
    0.0614,
    0.056,
    0.05106,
    0.0413
  ],
  "Portimonense": [
    0.00511,
    0.01295,
    0.01919,
    0.02651,
    0.03421,
    0.04045,
    0.04444,
    0.04898,
    0.05374,
    0.05643,
    0.06217,
    0.06675,
    0.07187,
    0.0776,
    0.08376,
    0.08968,
    0.09698,
    0.10918
  ],
  "Pacos Ferreira": [
    0.05575,
    0.08172,
    0.09102,
    0.09293,
    0.08755,
    0.07943,
    0.07325,
    0.06729,
    0.05994,
    0.05696,
    0.04993,
    0.04582,
    0.04001,
    0.03578,
    0.02953,
    0.02361,
    0.0187,
    0.01078
  ],
  "Gil Vicente": [
    0.00788,
    0.01768,
    0.02713,
    0.03457,
    0.04057,
    0.04678,
    0.05246,
    0.0569,
    0.05809,
    0.06516,
    0.07217,
    0.07371,
    0.0735,
    0.07361,
    0.0753,
    0.07545,
    0.07645,
    0.07259
  ],
  "Sp Lisbon": [
    0.39387,
    0.19706,
    0.12196,
    0.08091,
    0.05635,
    0.04179,
    0.03054,
    0.02282,
    0.01608,
    0.01222,
    0.00872,
    0.00626,
    0.00466,
    0.00282,
    0.00184,
    0.00121,
    0.00063,
    0.00026
  ]
}