{
  "Genoa": [
    0.0,
    0.0,
    0.0,
    0.0,
    1e-05,
    0.00015,
    0.00091,
    0.00672,
    0.05496,
    0.08157,
    0.10981,
    0.12575,
    0.13708,
    0.12077,
    0.10934,
    0.09236,
    0.07124,
    0.0512,
    0.02816,
    0.00997
  ],
  "Inter": [
    0.38602,
    0.29226,
    0.18933,
    0.0813,
    0.03303,
    0.01252,
    0.00437,
    0.00113,
    4e-05,
    0.0,
    0.0,
    0.0,
    0.0,
    0.0,
    0.0,
    0.0,
    0.0,
    0.0,
    0.0,
    0.0
  ],
  "Parma": [
    0.0,
    0.0,
    0.0,
    0.0,
    1e-05,
    8e-05,
    0.00085,
    0.00557,
    0.04661,
    0.08342,
    0.10929,
    0.12606,
    0.12463,
    0.12254,
    0.11255,
    0.0973,
    0.07555,
    0.05376,
    0.03048,
    0.0113
  ],
  "Fiorentina": [
    0.03484,
    0.07984,
    0.15408,
    0.25178,
    0.20596,
    0.14257,
    0.08804,
    0.03879,
    0.0036,
    0.00044,
    6e-05,
    0.0,
    0.0,
    0.0,
    0.0,
    0.0,
    0.0,
    0.0,
    0.0,
    0.0
  ],
  "Empoli": [
    0.0,
    2e-05,
    0.0,
    8e-05,
    0.00067,
    0.00288,
    0.01295,
    0.05686,
    0.25956,
    0.23019,
    0.15363,
    0.10802,
    0.07066,
    0.04472,
    0.0277,
    0.01714,
    0.00918,
    0.00407,
    0.00136,
    0.00031
  ],
  "Monza": [
    0.0,
    0.0,
    0.0,
    0.0,
    0.0,
    0.0,
    0.0,
    1e-05,
    0.00049,
    0.00182,
    0.00454,
    0.01004,
    0.01856,
    0.0265,
    0.04474,
    0.07184,
    0.10969,
    0.16629,
    0.26689,
    0.27859
  ],
  "Milan": [
    0.00062,
    0.0032,
    0.0109,
    0.03676,
    0.08142,
    0.14517,
    0.23703,
    0.37264,
    0.08057,
    0.02153,
    0.00668,
    0.00229,
    0.00079,
    0.00027,
    7e-05,
    4e-05,
    2e-05,
    0.0,
    0.0,
    0.0
  ],
  "Torino": [
    0.0,
    0.0,
    0.0,
    2e-05,
    5e-05,
    0.00041,
    0.00254,
    0.01721,
    0.11661,
    0.15769,
    0.17455,
    0.14471,
    0.11764,
    0.10212,
    0.07066,
    0.04638,
    0.0283,
    0.0144,
    0.00538,
    0.00133
  ],
  "Bologna": [
    0.00248,
    0.01058,
    0.03194,
    0.08479,
    0.1518,
    0.21264,
    0.25607,
    0.20744,
    0.03379,
    0.00644,
    0.00147,
    0.00036,
    0.00016,
    2e-05,
    2e-05,
    0.0,
    0.0,
    0.0,
    0.0,
    0.0
  ],
  "Udinese": [
    0.0,
    2e-05,
    4e-05,
    0.00017,
    0.00079,
    0.00352,
    0.01301,
    0.05645,
    0.2765,
    0.21531,
    0.14647,
    0.10295,
    0.07184,
    0.04595,
    0.02971,
    0.0182,
    0.01091,
    0.00556,
    0.00207,
    0.00053
  ],
  "Verona": [
    0.0,
    0.0,
    0.0,
    0.0,
    0.0,
    1e-05,
    1e-05,
    0.00017,
    0.00245,
    0.00723,
    0.01606,
    0.02803,
    0.0468,
    0.07138,
    0.09947,
    0.1312,
    0.16408,
    0.18791,
    0.15891,
    0.08629
  ],
  "Napoli": [
    0.20158,
    0.2597,
    0.27367,
    0.1481,
    0.07039,
    0.03198,
    0.0116,
    0.00289,
    9e-05,
    0.0,
    0.0,
    0.0,
    0.0,
    0.0,
    0.0,
    0.0,
    0.0,
    0.0,
    0.0,
    0.0
  ],
  "Cagliari": [
    0.0,
    0.0,
    0.0,
    0.0,
    0.0,
    1e-05,
    0.0001,
    0.00115,
    0.01287,
    0.02928,
    0.04966,
    0.07287,
    0.09482,
    0.12032,
    0.13295,
    0.13657,
    0.13008,
    0.10943,
    0.07521,
    0.03468
  ],
  "Roma": [
    0.0,
    0.0,
    0.0,
    0.0,
    2e-05,
    6e-05,
    0.00032,
    0.00412,
    0.02934,
    0.05893,
    0.08529,
    0.10751,
    0.12282,
    0.12887,
    0.12541,
    0.11688,
    0.09708,
    0.07125,
    0.03895,
    0.01315
  ],
  "Lazio": [
    0.0136,
    0.04116,
    0.09616,
    0.19158,
    0.23293,
    0.19997,
    0.1417,
    0.07343,
    0.00814,
    0.00101,
    0.00024,
    4e-05,
    3e-05,
    1e-05,
    0.0,
    0.0,
    0.0,
    0.0,
    0.0,
    0.0
  ],
  "Venezia": [
    0.0,
    0.0,
    0.0,
    0.0,
    0.0,
    0.0,
    0.0,
    0.0,
    0.00018,
    0.00072,
    0.00171,
    0.00356,
    0.00711,
    0.01287,
    0.02234,
    0.03917,
    0.06908,
    0.12265,
    0.23545,
    0.48516
  ],
  "Lecce": [
    0.0,
    0.0,
    0.0,
    0.0,
    1e-05,
    6e-05,
    0.00065,
    0.00531,
    0.04452,
    0.08162,
    0.10865,
    0.11806,
    0.11932,
    0.11994,
    0.11709,
    0.10397,
    0.08271,
    0.05583,
    0.03128,
    0.01098
  ],
  "Atalanta": [
    0.35657,
    0.2963,
    0.19702,
    0.0895,
    0.03809,
    0.01597,
    0.00525,
    0.00128,
    2e-05,
    0.0,
    0.0,
    0.0,
    0.0,
    0.0,
    0.0,
    0.0,
    0.0,
    0.0,
    0.0,
    0.0
  ],
  "Juventus": [
    0.00429,
    0.01692,
    0.04686,
    0.11592,
    0.18482,
    0.23198,
    0.22459,
    0.14808,
    0.02125,
    0.00435,
    0.00062,
    0.00021,
    9e-05,
    2e-05,
    0.0,
    0.0,
    0.0,
    0.0,
    0.0,
    0.0
  ],
  "Como": [
    0.0,
    0.0,
    0.0,
    0.0,
    0.0,
    2e-05,
    1e-05,
    0.00075,
    0.00841,
    0.01845,
    0.03127,
    0.04954,
    0.06765,
    0.0837,
    0.10795,
    0.12895,
    0.15208,
    0.15765,
    0.12586,
    0.06771
  ]
}