{
  "Eibar": [
    0.0,
    0.0,
    0.0,
    0.0,
    0.0,
    1e-05,
    0.00029,
    0.00117,
    0.00324,
    0.0081,
    0.0148,
    0.02538,
    0.04012,
    0.05975,
    0.08353,
    0.10925,
    0.13495,
    0.15843,
    0.17954,
    0.18144
  ],
  "Celta": [
    0.0,
    0.0,
    0.0,
    6e-05,
    0.00189,
    0.01235,
    0.03722,
    0.07517,
    0.10616,
    0.13293,
    0.14238,
    0.13382,
    0.11312,
    0.08788,
    0.06269,
    0.04349,
    0.0261,
    0.01476,
    0.00758,
    0.0024
  ],
  "Granada": [
    0.0,
    0.0,
    0.0,
    5e-05,
    0.00202,
    0.01254,
    0.03766,
    0.07722,
    0.11562,
    0.14108,
    0.14701,
    0.13367,
    0.10957,
    0.08223,
    0.05893,
    0.03791,
    0.02355,
    0.0128,
    0.00619,
    0.00195
  ],
  "Ath Bilbao": [
    0.0,
    0.0,
    0.0,
    0.00039,
    0.01053,
    0.05227,
    0.12316,
    0.18834,
    0.18401,
    0.14226,
    0.10579,
    0.07456,
    0.04952,
    0.03116,
    0.0183,
    0.00988,
    0.00546,
    0.00301,
    0.00114,
    0.00022
  ],
  "Cadiz": [
    0.0,
    0.0,
    0.0,
    0.0,
    0.00011,
    0.00154,
    0.00759,
    0.02132,
    0.03906,
    0.0624,
    0.08308,
    0.10239,
    0.11804,
    0.12185,
    0.11495,
    0.10118,
    0.08539,
    0.06646,
    0.04731,
    0.02733
  ],
  "Osasuna": [
    0.0,
    0.0,
    0.0,
    0.0,
    4e-05,
    0.00107,
    0.00455,
    0.0154,
    0.0306,
    0.05177,
    0.07401,
    0.09451,
    0.11293,
    0.12062,
    0.11784,
    0.11021,
    0.09698,
    0.07777,
    0.05746,
    0.03424
  ],
  "Alaves": [
    0.0,
    0.0,
    0.0,
    0.0,
    0.0,
    0.00017,
    0.00082,
    0.00384,
    0.00897,
    0.01802,
    0.0292,
    0.04407,
    0.06291,
    0.08402,
    0.10188,
    0.1202,
    0.13021,
    0.1369,
    0.1346,
    0.12419
  ],
  "Betis": [
    0.0,
    0.0,
    0.00019,
    0.00336,
    0.05173,
    0.20291,
    0.31698,
    0.18889,
    0.11138,
    0.06132,
    0.03341,
    0.01694,
    0.00782,
    0.00316,
    0.00122,
    0.00054,
    0.00013,
    2e-05,
    0.0,
    0.0
  ],
  "Valladolid": [
    0.0,
    0.0,
    0.0,
    0.0,
    0.0,
    6e-05,
    0.00056,
    0.00183,
    0.0047,
    0.01067,
    0.01777,
    0.03042,
    0.04604,
    0.06327,
    0.08478,
    0.10558,
    0.12981,
    0.15202,
    0.17177,
    0.18072
  ],
  "Sociedad": [
    0.0009,
    0.00847,
    0.03295,
    0.12345,
    0.59059,
    0.17211,
    0.05214,
    0.0139,
    0.0039,
    0.00121,
    0.00029,
    6e-05,
    3e-05,
    0.0,
    0.0,
    0.0,
    0.0,
    0.0,
    0.0,
    0.0
  ],
  "Villarreal": [
    1e-05,
    0.00017,
    0.00206,
    0.01863,
    0.1615,
    0.4308,
    0.21146,
    0.09577,
    0.04404,
    0.02002,
    0.00939,
    0.00384,
    0.00159,
    0.00051,
    0.00012,
    6e-05,
    3e-05,
    0.0,
    0.0,
    0.0
  ],
  "Huesca": [
    0.0,
    0.0,
    0.0,
    0.0,
    0.0,
    2e-05,
    9e-05,
    0.00036,
    0.00162,
    0.00431,
    0.00856,
    0.01642,
    0.02716,
    0.04444,
    0.06533,
    0.08872,
    0.11543,
    0.15077,
    0.19478,
    0.28199
  ],
  "Valencia": [
    0.0,
    0.0,
    0.0,
    3e-05,
    0.0021,
    0.01795,
    0.04919,
    0.09097,
    0.12509,
    0.14656,
    0.14257,
    0.1261,
    0.09881,
    0.07302,
    0.05105,
    0.0348,
    0.02163,
    0.01201,
    0.00618,
    0.00194
  ],
  "Levante": [
    0.0,
    0.0,
    1e-05,
    0.00049,
    0.01215,
    0.07351,
    0.15124,
    0.2083,
    0.18397,
    0.13456,
    0.09424,
    0.06251,
    0.03722,
    0.02081,
    0.01136,
    0.00559,
    0.00264,
    0.00103,
    0.00029,
    8e-05
  ],
  "Getafe": [
    0.0,
    0.0,
    0.0,
    0.0,
    0.0,
    0.00091,
    0.00395,
    0.01348,
    0.02785,
    0.04624,
    0.06691,
    0.08947,
    0.109,
    0.12299,
    0.12388,
    0.11299,
    0.10033,
    0.08144,
    0.06276,
    0.0378
  ],
  "Real Madrid": [
    0.13335,
    0.3062,
    0.32674,
    0.19898,
    0.03165,
    0.00294,
    0.00014,
    0.0,
    0.0,
    0.0,
    0.0,
    0.0,
    0.0,
    0.0,
    0.0,
    0.0,
    0.0,
    0.0,
    0.0,
    0.0
  ],
  "Elche": [
    0.0,
    0.0,
    0.0,
    0.0,
    1e-05,
    0.00019,
    0.00107,
    0.00377,
    0.00979,
    0.01855,
    0.03059,
    0.04584,
    0.06612,
    0.08429,
    0.10414,
    0.1196,
    0.12736,
    0.13258,
    0.1304,
    0.1257
  ],
  "Ath Madrid": [
    0.67819,
    0.20674,
    0.08607,
    0.02627,
    0.00267,
    6e-05,
    0.0,
    0.0,
    0.0,
    0.0,
    0.0,
    0.0,
    0.0,
    0.0,
    0.0,
    0.0,
    0.0,
    0.0,
    0.0,
    0.0
  ],
  "Sevilla": [
    0.037,
    0.134,
    0.25136,
    0.4567,
    0.10301,
    0.01593,
    0.00175,
    0.00025,
    0.0,
    0.0,
    0.0,
    0.0,
    0.0,
    0.0,
    0.0,
    0.0,
    0.0,
    0.0,
    0.0,
    0.0
  ],
  "Barcelona": [
    0.15055,
    0.34442,
    0.30062,
    0.17159,
    0.03,
    0.00266,
    0.00014,
    2e-05,
    0.0,
    0.0,
    0.0,
    0.0,
    0.0,
    0.0,
    0.0,
    0.0,
    0.0,
    0.0,
    0.0,
    0.0
  ]
}