{
  "Sp Braga": [
    0.038,
    0.09699,
    0.21419,
    0.20667,
    0.15848,
    0.11149,
    0.07435,
    0.04475,
    0.02667,
    0.01488,
    0.00751,
    0.00331,
    0.00165,
    0.00065,
    0.0003,
    8e-05,
    3e-05,
    0.0
  ],
  "Famalicao": [
    0.0013,
    0.00787,
    0.03226,
    0.06075,
    0.09042,
    0.11894,
    0.13384,
    0.13821,
    0.12102,
    0.10041,
    0.07295,
    0.04856,
    0.03191,
    0.01986,
    0.01169,
    0.00601,
    0.00303,
    0.00097
  ],
  "Gil Vicente": [
    0.00033,
    0.0025,
    0.0123,
    0.02864,
    0.0495,
    0.07673,
    0.10251,
    0.12089,
    0.13049,
    0.12345,
    0.10692,
    0.08226,
    0.0616,
    0.04206,
    0.02768,
    0.01784,
    0.00976,
    0.00454
  ],
  "Portimonense": [
    0.0,
    0.0,
    6e-05,
    0.00039,
    0.00111,
    0.0031,
    0.0069,
    0.01392,
    0.02486,
    0.03892,
    0.05945,
    0.08457,
    0.10497,
    0.12478,
    0.1355,
    0.13943,
    0.13732,
    0.12472
  ],
  "Farense": [
    0.00012,
    0.00099,
    0.00523,
    0.0147,
    0.02928,
    0.04914,
    0.07632,
    0.09933,
    0.12111,
    0.12947,
    0.12388,
    0.10345,
    0.08154,
    0.06077,
    0.04447,
    0.03032,
    0.01966,
    0.01022
  ],
  "Casa Pia": [
    0.00016,
    0.00141,
    0.00693,
    0.01701,
    0.03299,
    0.05609,
    0.08473,
    0.1077,
    0.12661,
    0.1332,
    0.11959,
    0.09794,
    0.0747,
    0.05447,
    0.0378,
    0.02585,
    0.01537,
    0.00745
  ],
  "Sp Lisbon": [
    0.42145,
    0.35755,
    0.12668,
    0.05436,
    0.02339,
    0.00998,
    0.00418,
    0.00149,
    0.00064,
    0.00021,
    4e-05,
    2e-05,
    1e-05,
    0.0,
    0.0,
    0.0,
    0.0,
    0.0
  ],
  "Vizela": [
    0.0,
    6e-05,
    0.00052,
    0.00149,
    0.00403,
    0.0089,
    0.0175,
    0.03153,
    0.04938,
    0.06893,
    0.09313,
    0.10835,
    0.12095,
    0.12107,
    0.11426,
    0.10292,
    0.08861,
    0.06837
  ],
  "Rio Ave": [
    0.0,
    0.0,
    0.0,
    7e-05,
    0.00055,
    0.00127,
    0.00305,
    0.00644,
    0.01282,
    0.02252,
    0.03752,
    0.05837,
    0.07677,
    0.09955,
    0.12246,
    0.15097,
    0.17989,
    0.22775
  ],
  "Chaves": [
    0.0,
    0.0,
    0.0,
    0.00013,
    0.00039,
    0.00122,
    0.0031,
    0.00646,
    0.01305,
    0.02283,
    0.03796,
    0.05768,
    0.08037,
    0.10313,
    0.12897,
    0.15398,
    0.18035,
    0.21038
  ],
  "Estrela": [
    1e-05,
    8e-05,
    0.00039,
    0.00215,
    0.00579,
    0.01325,
    0.02355,
    0.04062,
    0.06039,
    0.08385,
    0.10561,
    0.12197,
    0.12453,
    0.11616,
    0.10303,
    0.08546,
    0.06865,
    0.04451
  ],
  "Guimaraes": [
    0.00476,
    0.02393,
    0.07773,
    0.11901,
    0.14884,
    0.15704,
    0.14152,
    0.11548,
    0.0823,
    0.05462,
    0.03358,
    0.01991,
    0.01087,
    0.00566,
    0.00287,
    0.00142,
    0.00036,
    0.0001
  ],
  "Arouca": [
    0.0,
    1e-05,
    0.00013,
    0.0005,
    0.00166,
    0.00381,
    0.00827,
    0.01639,
    0.02748,
    0.04448,
    0.0665,
    0.08864,
    0.10643,
    0.12281,
    0.13103,
    0.13382,
    0.13059,
    0.11745
  ],
  "Estoril": [
    0.0,
    0.0,
    0.0001,
    0.0003,
    0.00073,
    0.00197,
    0.00479,
    0.01048,
    0.01771,
    0.03061,
    0.04702,
    0.06803,
    0.08985,
    0.10875,
    0.12787,
    0.14587,
    0.16326,
    0.18266
  ],
  "Moreirense": [
    0.00128,
    0.00772,
    0.03014,
    0.05987,
    0.09873,
    0.12974,
    0.1424,
    0.1376,
    0.11831,
    0.09334,
    0.06709,
    0.04617,
    0.0291,
    0.01798,
    0.01106,
    0.00559,
    0.00303,
    0.00085
  ],
  "Porto": [
    0.03939,
    0.11437,
    0.2248,
    0.20655,
    0.15681,
    0.10546,
    0.06762,
    0.03937,
    0.02303,
    0.01182,
    0.00613,
    0.00281,
    0.00115,
    0.00046,
    0.00017,
    4e-05,
    1e-05,
    1e-05
  ],
  "Boavista": [
    0.01574,
    0.0595,
    0.15373,
    0.18166,
    0.17694,
    0.14318,
    0.10173,
    0.06798,
    0.04351,
    0.02625,
    0.01507,
    0.00796,
    0.00359,
    0.00183,
    0.00083,
    0.0004,
    8e-05,
    2e-05
  ],
  "Benfica": [
    0.47746,
    0.32702,
    0.11481,
    0.04575,
    0.02036,
    0.00869,
    0.00364,
    0.00136,
    0.00062,
    0.00021,
    5e-05,
    0.0,
    1e-05,
    1e-05,
    1e-05,
    0.0,
    0.0,
    0.0
  ]
}