{
  "Bayern Munich": [
    0.37627,
    0.22643,
    0.16657,
    0.11478,
    0.06825,
    0.02971,
    0.01174,
    0.00461,
    0.00126,
    0.00029,
    7e-05,
    2e-05,
    0.0,
    0.0,
    0.0,
    0.0,
    0.0,
    0.0
  ],
  "Hertha": [
    1e-05,
    0.00013,
    0.0004,
    0.00119,
    0.00334,
    0.00911,
    0.01946,
    0.03643,
    0.06162,
    0.08831,
    0.11279,
    0.13231,
    0.14368,
    0.14011,
    0.1128,
    0.07713,
    0.04394,
    0.01724
  ],
  "Dortmund": [
    0.13349,
    0.20016,
    0.20094,
    0.16848,
    0.12222,
    0.08465,
    0.04954,
    0.0249,
    0.01024,
    0.00363,
    0.00133,
    0.00029,
    0.00011,
    2e-05,
    0.0,
    0.0,
    0.0,
    0.0
  ],
  "Augsburg": [
    7e-05,
    0.00077,
    0.00268,
    0.00768,
    0.01752,
    0.03415,
    0.05975,
    0.09219,
    0.12317,
    0.13694,
    0.13869,
    0.12413,
    0.10326,
    0.07574,
    0.04722,
    0.02395,
    0.00963,
    0.00246
  ],
  "Freiburg": [
    0.00221,
    0.00858,
    0.01899,
    0.0387,
    0.066,
    0.10285,
    0.1413,
    0.16284,
    0.14126,
    0.11281,
    0.0816,
    0.05467,
    0.03486,
    0.01955,
    0.00932,
    0.00356,
    0.0008,
    0.0001
  ],
  "Mainz": [
    0.0,
    0.0,
    0.0,
    4e-05,
    0.00015,
    0.00083,
    0.00204,
    0.00536,
    0.0113,
    0.02117,
    0.0348,
    0.05511,
    0.08108,
    0.1172,
    0.16323,
    0.18505,
    0.18052,
    0.14212
  ],
  "Leverkusen": [
    0.01849,
    0.05018,
    0.08217,
    0.12444,
    0.16484,
    0.17353,
    0.14713,
    0.10178,
    0.0622,
    0.03766,
    0.02004,
    0.01075,
    0.00443,
    0.00188,
    0.00043,
    5e-05,
    0.0,
    0.0
  ],
  "Paderborn": [
    0.0,
    0.0,
    0.0,
    0.0,
    1e-05,
    3e-05,
    0.00017,
    0.00067,
    0.00151,
    0.0038,
    0.00754,
    0.01494,
    0.02877,
    0.05143,
    0.0909,
    0.14896,
    0.23191,
    0.41936
  ],
  "Werder Bremen": [
    0.0,
    0.0,
    0.0,
    1e-05,
    0.0001,
    0.00037,
    0.00158,
    0.00366,
    0.00845,
    0.01621,
    0.02829,
    0.0455,
    0.06968,
    0.10495,
    0.15704,
    0.19666,
    0.2038,
    0.1637
  ],
  "Fortuna Dusseldorf": [
    0.0,
    0.0,
    0.0,
    0.0,
    6e-05,
    0.00026,
    0.0009,
    0.00176,
    0.00498,
    0.00978,
    0.01826,
    0.03163,
    0.05332,
    0.08551,
    0.13544,
    0.19146,
    0.24047,
    0.22617
  ],
  "Wolfsburg": [
    0.0003,
    0.0018,
    0.00568,
    0.01427,
    0.03004,
    0.05506,
    0.08857,
    0.12472,
    0.14538,
    0.1416,
    0.1251,
    0.10001,
    0.07598,
    0.04872,
    0.026,
    0.01212,
    0.0039,
    0.00075
  ],
  "FC Koln": [
    1e-05,
    9e-05,
    0.00044,
    0.0017,
    0.00516,
    0.01164,
    0.02479,
    0.04608,
    0.07421,
    0.1014,
    0.12368,
    0.1364,
    0.13745,
    0.1309,
    0.09829,
    0.06193,
    0.03411,
    0.01172
  ],
  "M'gladbach": [
    0.13627,
    0.21173,
    0.20825,
    0.17662,
    0.12168,
    0.07514,
    0.04003,
    0.01805,
    0.0076,
    0.00317,
    0.00111,
    0.00029,
    5e-05,
    1e-05,
    0.0,
    0.0,
    0.0,
    0.0
  ],
  "Schalke 04": [
    0.01723,
    0.05356,
    0.08781,
    0.13114,
    0.17064,
    0.1793,
    0.14476,
    0.09715,
    0.05764,
    0.03135,
    0.01635,
    0.00795,
    0.00347,
    0.00119,
    0.00038,
    8e-05,
    0.0,
    0.0
  ],
  "Ein Frankfurt": [
    6e-05,
    0.00038,
    0.00161,
    0.00543,
    0.01472,
    0.02956,
    0.05232,
    0.08377,
    0.1159,
    0.13372,
    0.13492,
    0.12903,
    0.11114,
    0.08391,
    0.05483,
    0.03187,
    0.01325,
    0.00358
  ],
  "Hoffenheim": [
    0.00781,
    0.02478,
    0.04696,
    0.08133,
    0.12217,
    0.1588,
    0.17207,
    0.14412,
    0.1008,
    0.06292,
    0.03886,
    0.02161,
    0.01115,
    0.00469,
    0.0016,
    0.00028,
    5e-05,
    0.0
  ],
  "Union Berlin": [
    1e-05,
    0.00015,
    0.00046,
    0.00174,
    0.00482,
    0.01235,
    0.02481,
    0.04381,
    0.07007,
    0.09444,
    0.11639,
    0.13535,
    0.14157,
    0.13419,
    0.10252,
    0.0669,
    0.03762,
    0.0128
  ],
  "RB Leipzig": [
    0.30777,
    0.22126,
    0.17704,
    0.13245,
    0.08828,
    0.04266,
    0.01904,
    0.0081,
    0.00241,
    0.0008,
    0.00018,
    1e-05,
    0.0,
    0.0,
    0.0,
    0.0,
    0.0,
    0.0
  ]
}