{
  "Fulham": [
    0.0,
    0.0,
    0.0,
    0.0,
    0.0,
    0.0,
    0.0,
    0.0,
    0.0,
    0.0,
    0.0,
    0.0,
    2e-05,
    0.00048,
    0.00262,
    0.01022,
    0.04655,
    0.60331,
    0.33606,
    0.00074
  ],
  "Arsenal": [
    0.0,
    0.0,
    0.00023,
    0.00239,
    0.01064,
    0.03138,
    0.07851,
    0.16978,
    0.28363,
    0.23843,
    0.14299,
    0.03382,
    0.00725,
    0.00084,
    0.00011,
    0.0,
    0.0,
    0.0,
    0.0,
    0.0
  ],
  "Crystal Palace": [
    0.0,
    0.0,
    0.0,
    0.0,
    0.0,
    0.0,
    4e-05,
    0.0004,
    0.00439,
    0.01805,
    0.06032,
    0.22771,
    0.33486,
    0.20378,
    0.10122,
    0.03937,
    0.00981,
    5e-05,
    0.0,
    0.0
  ],
  "Southampton": [
    0.0,
    0.0,
    0.0,
    0.0,
    0.0,
    0.0,
    0.0,
    8e-05,
    0.00045,
    0.00282,
    0.01298,
    0.0808,
    0.18716,
    0.26621,
    0.21821,
    0.15203,
    0.07743,
    0.00182,
    1e-05,
    0.0
  ],
  "Liverpool": [
    0.0,
    0.0034,
    0.07402,
    0.15528,
    0.24294,
    0.24284,
    0.16786,
    0.07719,
    0.02691,
    0.00808,
    0.00142,
    6e-05,
    0.0,
    0.0,
    0.0,
    0.0,
    0.0,
    0.0,
    0.0,
    0.0
  ],
  "Leeds": [
    0.0,
    0.0,
    4e-05,
    0.00057,
    0.00331,
    0.01293,
    0.03676,
    0.09484,
    0.21867,
    0.2937,
    0.25489,
    0.06793,
    0.01381,
    0.0022,
    0.00029,
    5e-05,
    1e-05,
    0.0,
    0.0,
    0.0
  ],
  "West Ham": [
    0.0,
    0.02297,
    0.40602,
    0.28149,
    0.15683,
    0.08162,
    0.0375,
    0.01152,
    0.00183,
    0.00019,
    3e-05,
    0.0,
    0.0,
    0.0,
    0.0,
    0.0,
    0.0,
    0.0,
    0.0,
    0.0
  ],
  "Newcastle": [
    0.0,
    0.0,
    0.0,
    0.0,
    0.0,
    0.0,
    0.0,
    0.0,
    0.0,
    4e-05,
    0.00042,
    0.00568,
    0.02535,
    0.08163,
    0.15392,
    0.25203,
    0.4314,
    0.04716,
    0.00237,
    0.0
  ],
  "West Brom": [
    0.0,
    0.0,
    0.0,
    0.0,
    0.0,
    0.0,
    0.0,
    0.0,
    0.0,
    0.0,
    0.0,
    0.0,
    2e-05,
    7e-05,
    0.00047,
    0.00211,
    0.01426,
    0.32265,
    0.65553,
    0.00489
  ],
  "Leicester": [
    0.0,
    0.02757,
    0.32219,
    0.30172,
    0.17959,
    0.10673,
    0.04696,
    0.01273,
    0.00225,
    0.00026,
    0.0,
    0.0,
    0.0,
    0.0,
    0.0,
    0.0,
    0.0,
    0.0,
    0.0,
    0.0
  ],
  "Tottenham": [
    0.0,
    7e-05,
    0.01038,
    0.03561,
    0.08688,
    0.16129,
    0.25083,
    0.25571,
    0.12429,
    0.05398,
    0.01873,
    0.00209,
    0.00013,
    1e-05,
    0.0,
    0.0,
    0.0,
    0.0,
    0.0,
    0.0
  ],
  "Everton": [
    0.0,
    6e-05,
    0.00754,
    0.02438,
    0.06472,
    0.128,
    0.23122,
    0.26046,
    0.16034,
    0.08117,
    0.03642,
    0.00521,
    0.00047,
    1e-05,
    0.0,
    0.0,
    0.0,
    0.0,
    0.0,
    0.0
  ],
  "Brighton": [
    0.0,
    0.0,
    0.0,
    0.0,
    0.0,
    0.0,
    0.0,
    1e-05,
    3e-05,
    0.00042,
    0.00281,
    0.02155,
    0.06215,
    0.15222,
    0.23924,
    0.28565,
    0.22281,
    0.01284,
    0.00027,
    0.0
  ],
  "Chelsea": [
    0.0,
    0.00356,
    0.13347,
    0.18892,
    0.25123,
    0.22697,
    0.12586,
    0.05083,
    0.01542,
    0.0032,
    0.00053,
    1e-05,
    0.0,
    0.0,
    0.0,
    0.0,
    0.0,
    0.0,
    0.0,
    0.0
  ],
  "Sheffield United": [
    0.0,
    0.0,
    0.0,
    0.0,
    0.0,
    0.0,
    0.0,
    0.0,
    0.0,
    0.0,
    0.0,
    0.0,
    0.0,
    0.0,
    0.0,
    0.0,
    0.0,
    0.00035,
    0.00528,
    0.99437
  ],
  "Wolves": [
    0.0,
    0.0,
    0.0,
    0.0,
    0.0,
    1e-05,
    0.00031,
    0.0022,
    0.01146,
    0.04269,
    0.12403,
    0.40592,
    0.249,
    0.1016,
    0.04195,
    0.017,
    0.0038,
    3e-05,
    0.0,
    0.0
  ],
  "Man United": [
    0.00304,
    0.93933,
    0.04606,
    0.00933,
    0.0019,
    0.00032,
    2e-05,
    0.0,
    0.0,
    0.0,
    0.0,
    0.0,
    0.0,
    0.0,
    0.0,
    0.0,
    0.0,
    0.0,
    0.0,
    0.0
  ],
  "Burnley": [
    0.0,
    0.0,
    0.0,
    0.0,
    0.0,
    0.0,
    0.0,
    0.0,
    7e-05,
    0.00075,
    0.004,
    0.03424,
    0.08589,
    0.18584,
    0.24152,
    0.24149,
    0.19393,
    0.01179,
    0.00048,
    0.0
  ],
  "Aston Villa": [
    0.0,
    0.0,
    5e-05,
    0.00031,
    0.00196,
    0.00791,
    0.02413,
    0.06425,
    0.15026,
    0.25622,
    0.34043,
    0.11498,
    0.03389,
    0.00511,
    0.00045,
    5e-05,
    0.0,
    0.0,
    0.0,
    0.0
  ],
  "Man City": [
    0.99696,
    0.00304,
    0.0,
    0.0,
    0.0,
    0.0,
    0.0,
    0.0,
    0.0,
    0.0,
    0.0,
    0.0,
    0.0,
    0.0,
    0.0,
    0.0,
    0.0,
    0.0,
    0.0,
    0.0
  ]
}