{
  "Heerenveen": [
    0.0,
    0.0,
    3e-05,
    0.00022,
    0.0011,
    0.01411,
    0.04731,
    0.10408,
    0.17285,
    0.1928,
    0.17422,
    0.14046,
    0.10262,
    0.04421,
    0.00571,
    0.00027,
    1e-05,
    0.0
  ],
  "Willem II": [
    0.0,
    0.0,
    0.0,
    0.0,
    0.0,
    0.0,
    0.0,
    0.0,
    1e-05,
    5e-05,
    9e-05,
    0.00046,
    0.00236,
    0.01344,
    0.12005,
    0.41251,
    0.41978,
    0.03125
  ],
  "Zwolle": [
    0.0,
    0.0,
    0.0,
    1e-05,
    0.00011,
    0.00188,
    0.01089,
    0.03359,
    0.06872,
    0.10159,
    0.13534,
    0.18379,
    0.22673,
    0.18333,
    0.04987,
    0.00401,
    0.00014,
    0.0
  ],
  "Feyenoord": [
    0.0024,
    0.07312,
    0.15542,
    0.26298,
    0.3264,
    0.14018,
    0.032,
    0.00622,
    0.00105,
    0.00019,
    3e-05,
    1e-05,
    0.0,
    0.0,
    0.0,
    0.0,
    0.0,
    0.0
  ],
  "Twente": [
    1e-05,
    9e-05,
    0.00086,
    0.00437,
    0.01901,
    0.09147,
    0.27537,
    0.28579,
    0.14747,
    0.08943,
    0.05003,
    0.02468,
    0.00929,
    0.00204,
    8e-05,
    1e-05,
    0.0,
    0.0
  ],
  "For Sittard": [
    0.0,
    0.0,
    2e-05,
    0.00015,
    0.00108,
    0.01108,
    0.05032,
    0.1079,
    0.18944,
    0.18595,
    0.17459,
    0.1395,
    0.09063,
    0.0438,
    0.00521,
    0.00032,
    1e-05,
    0.0
  ],
  "FC Emmen": [
    0.0,
    0.0,
    0.0,
    0.0,
    0.0,
    0.0,
    0.0,
    0.0,
    0.0,
    0.0,
    0.0,
    0.0,
    0.0,
    5e-05,
    0.00143,
    0.01006,
    0.06231,
    0.92615
  ],
  "VVV Venlo": [
    0.0,
    0.0,
    0.0,
    1e-05,
    0.0,
    0.00016,
    0.00124,
    0.00682,
    0.02193,
    0.04317,
    0.07429,
    0.13226,
    0.21997,
    0.36812,
    0.1185,
    0.01285,
    0.00068,
    0.0
  ],
  "Heracles": [
    0.0,
    0.0,
    2e-05,
    0.0001,
    0.00069,
    0.00897,
    0.04311,
    0.10022,
    0.17083,
    0.1813,
    0.17247,
    0.14679,
    0.10935,
    0.05578,
    0.00982,
    0.00053,
    2e-05,
    0.0
  ],
  "Den Haag": [
    0.0,
    0.0,
    0.0,
    0.0,
    0.0,
    0.0,
    0.0,
    0.0,
    2e-05,
    3e-05,
    0.0001,
    0.00045,
    0.00215,
    0.01263,
    0.11393,
    0.36754,
    0.46407,
    0.03908
  ],
  "Sparta Rotterdam": [
    0.0,
    0.0,
    0.0,
    1e-05,
    9e-05,
    0.00189,
    0.01424,
    0.04088,
    0.08117,
    0.13157,
    0.17448,
    0.2002,
    0.18698,
    0.13795,
    0.02842,
    0.00211,
    1e-05,
    0.0
  ],
  "Ajax": [
    0.9297,
    0.05936,
    0.0096,
    0.00115,
    0.00017,
    2e-05,
    0.0,
    0.0,
    0.0,
    0.0,
    0.0,
    0.0,
    0.0,
    0.0,
    0.0,
    0.0,
    0.0,
    0.0
  ],
  "Groningen": [
    8e-05,
    0.00555,
    0.02454,
    0.07693,
    0.1873,
    0.45698,
    0.16901,
    0.05288,
    0.01805,
    0.00615,
    0.002,
    0.00041,
    0.0001,
    2e-05,
    0.0,
    0.0,
    0.0,
    0.0
  ],
  "PSV Eindhoven": [
    0.04153,
    0.42623,
    0.28542,
    0.15562,
    0.07296,
    0.01626,
    0.00182,
    0.00015,
    1e-05,
    0.0,
    0.0,
    0.0,
    0.0,
    0.0,
    0.0,
    0.0,
    0.0,
    0.0
  ],
  "Waalwijk": [
    0.0,
    0.0,
    0.0,
    0.0,
    0.0,
    0.0,
    3e-05,
    0.00012,
    0.00069,
    0.00209,
    0.00579,
    0.0158,
    0.04471,
    0.13758,
    0.54691,
    0.18979,
    0.05297,
    0.00352
  ],
  "Vitesse": [
    0.02293,
    0.32396,
    0.3147,
    0.20179,
    0.10608,
    0.02575,
    0.00408,
    0.00059,
    8e-05,
    4e-05,
    0.0,
    0.0,
    0.0,
    0.0,
    0.0,
    0.0,
    0.0,
    0.0
  ],
  "Utrecht": [
    0.0,
    0.0001,
    0.00095,
    0.0055,
    0.02783,
    0.12698,
    0.33096,
    0.25723,
    0.12699,
    0.06547,
    0.03657,
    0.01519,
    0.00511,
    0.00105,
    7e-05,
    0.0,
    0.0,
    0.0
  ],
  "AZ Alkmaar": [
    0.00335,
    0.11159,
    0.20844,
    0.29116,
    0.25718,
    0.10427,
    0.01962,
    0.00353,
    0.00069,
    0.00017,
    0.0,
    0.0,
    0.0,
    0.0,
    0.0,
    0.0,
    0.0,
    0.0
  ]
}