{
  "Benfica": [
    0.48485,
    0.28622,
    0.17867,
    0.04299,
    0.00588,
    0.00097,
    0.00028,
    9e-05,
    5e-05,
    0.0,
    0.0,
    0.0,
    0.0,
    0.0,
    0.0,
    0.0,
    0.0,
    0.0
  ],
  "Arouca": [
    1e-05,
    0.0,
    2e-05,
    0.00059,
    0.00383,
    0.00833,
    0.0167,
    0.02698,
    0.04425,
    0.06347,
    0.09299,
    0.12626,
    0.15804,
    0.17174,
    0.1534,
    0.10256,
    0.02653,
    0.0043
  ],
  "Rio Ave": [
    6e-05,
    0.0003,
    0.00255,
    0.02546,
    0.08024,
    0.11083,
    0.12657,
    0.13231,
    0.12852,
    0.11614,
    0.09604,
    0.07449,
    0.05196,
    0.03158,
    0.01528,
    0.00669,
    0.0009,
    8e-05
  ],
  "Vizela": [
    0.0,
    5e-05,
    0.0011,
    0.0125,
    0.04384,
    0.06843,
    0.08936,
    0.10904,
    0.12411,
    0.12917,
    0.1254,
    0.10806,
    0.08327,
    0.05355,
    0.03379,
    0.01517,
    0.00277,
    0.00039
  ],
  "Estoril": [
    0.00032,
    0.00209,
    0.01369,
    0.08645,
    0.19614,
    0.18027,
    0.14652,
    0.11887,
    0.09026,
    0.06578,
    0.04441,
    0.02682,
    0.0161,
    0.00799,
    0.00333,
    0.00087,
    9e-05,
    0.0
  ],
  "Famalicao": [
    0.0,
    0.0,
    2e-05,
    0.00046,
    0.00246,
    0.00553,
    0.01118,
    0.01973,
    0.03169,
    0.05055,
    0.07497,
    0.10614,
    0.14192,
    0.18143,
    0.19049,
    0.13803,
    0.03785,
    0.00755
  ],
  "Porto": [
    0.28277,
    0.34675,
    0.27921,
    0.07574,
    0.0119,
    0.00265,
    0.00064,
    0.00021,
    0.0001,
    2e-05,
    1e-05,
    0.0,
    0.0,
    0.0,
    0.0,
    0.0,
    0.0,
    0.0
  ],
  "Maritimo": [
    0.0,
    0.0,
    0.0,
    0.0,
    0.0,
    0.0,
    0.0,
    2e-05,
    0.00012,
    0.00023,
    0.0008,
    0.00234,
    0.00543,
    0.01457,
    0.0367,
    0.10595,
    0.40282,
    0.43102
  ],
  "Santa Clara": [
    0.0,
    0.0,
    0.0,
    7e-05,
    0.00022,
    0.00086,
    0.00198,
    0.00527,
    0.01005,
    0.01783,
    0.03233,
    0.05488,
    0.09523,
    0.14025,
    0.20354,
    0.27659,
    0.11803,
    0.04287
  ],
  "Casa Pia": [
    4e-05,
    0.00026,
    0.00252,
    0.0233,
    0.07807,
    0.1063,
    0.12665,
    0.13302,
    0.13183,
    0.12196,
    0.10213,
    0.07649,
    0.04909,
    0.02805,
    0.0141,
    0.00559,
    0.00059,
    1e-05
  ],
  "Sp Braga": [
    0.21642,
    0.30544,
    0.34201,
    0.11,
    0.019,
    0.00453,
    0.00175,
    0.00057,
    0.00015,
    0.00011,
    0.0,
    1e-05,
    1e-05,
    0.0,
    0.0,
    0.0,
    0.0,
    0.0
  ],
  "Sp Lisbon": [
    0.01514,
    0.05479,
    0.15591,
    0.45498,
    0.16634,
    0.07568,
    0.03798,
    0.02002,
    0.01042,
    0.00493,
    0.00236,
    0.00101,
    0.00029,
    0.00012,
    3e-05,
    0.0,
    0.0,
    0.0
  ],
  "Chaves": [
    0.00025,
    0.00201,
    0.01238,
    0.07895,
    0.17547,
    0.17513,
    0.15114,
    0.12385,
    0.09592,
    0.07124,
    0.04922,
    0.03215,
    0.0173,
    0.00916,
    0.00422,
    0.00148,
    0.00013,
    0.0
  ],
  "Guimaraes": [
    0.00014,
    0.00197,
    0.01084,
    0.07427,
    0.16183,
    0.16678,
    0.15133,
    0.12498,
    0.10073,
    0.07892,
    0.05658,
    0.03463,
    0.02033,
    0.01036,
    0.0045,
    0.00159,
    0.0002,
    2e-05
  ],
  "Portimonense": [
    0.0,
    9e-05,
    0.00093,
    0.01111,
    0.039,
    0.06335,
    0.08696,
    0.10557,
    0.12194,
    0.13043,
    0.1256,
    0.11265,
    0.08583,
    0.05938,
    0.03618,
    0.01798,
    0.00279,
    0.00021
  ],
  "Boavista": [
    0.0,
    3e-05,
    0.00015,
    0.00292,
    0.01444,
    0.02702,
    0.04331,
    0.06538,
    0.08578,
    0.10916,
    0.13391,
    0.14668,
    0.1338,
    0.10753,
    0.07619,
    0.04517,
    0.00786,
    0.00067
  ],
  "Gil Vicente": [
    0.0,
    0.0,
    0.0,
    0.00021,
    0.00134,
    0.00334,
    0.00764,
    0.01404,
    0.02396,
    0.03975,
    0.06226,
    0.09539,
    0.13552,
    0.16993,
    0.19195,
    0.18191,
    0.05981,
    0.01295
  ],
  "Pacos Ferreira": [
    0.0,
    0.0,
    0.0,
    0.0,
    0.0,
    0.0,
    1e-05,
    5e-05,
    0.00012,
    0.00031,
    0.00099,
    0.002,
    0.00588,
    0.01436,
    0.0363,
    0.10042,
    0.33963,
    0.49993
  ]
}