{
  "Lyon": [
    0.0,
    2e-05,
    0.00074,
    0.00439,
    0.02896,
    0.07453,
    0.14159,
    0.17599,
    0.20889,
    0.21813,
    0.09628,
    0.03851,
    0.0109,
    0.00102,
    5e-05,
    0.0,
    0.0,
    0.0,
    0.0,
    0.0
  ],
  "Ajaccio": [
    0.0,
    0.0,
    0.0,
    0.0,
    0.0,
    0.0,
    0.0,
    0.0,
    0.0,
    0.0,
    2e-05,
    0.00021,
    0.00143,
    0.01147,
    0.03392,
    0.07195,
    0.13141,
    0.2876,
    0.4307,
    0.03129
  ],
  "Strasbourg": [
    0.0,
    0.0,
    0.0,
    0.0,
    0.0,
    0.0,
    0.0,
    0.0,
    0.0,
    0.00012,
    0.00115,
    0.00618,
    0.02828,
    0.11175,
    0.18562,
    0.23045,
    0.22713,
    0.1409,
    0.06708,
    0.00134
  ],
  "Monaco": [
    0.03018,
    0.13995,
    0.25256,
    0.36332,
    0.14628,
    0.05255,
    0.01247,
    0.00225,
    0.00036,
    8e-05,
    0.0,
    0.0,
    0.0,
    0.0,
    0.0,
    0.0,
    0.0,
    0.0,
    0.0,
    0.0
  ],
  "Clermont": [
    0.0,
    0.0,
    0.0,
    0.0,
    0.00024,
    0.00127,
    0.00729,
    0.02144,
    0.04764,
    0.10355,
    0.22613,
    0.288,
    0.21357,
    0.06784,
    0.01847,
    0.00381,
    0.00075,
    0.0,
    0.0,
    0.0
  ],
  "Paris SG": [
    0.75369,
    0.18061,
    0.05343,
    0.01171,
    0.00054,
    2e-05,
    0.0,
    0.0,
    0.0,
    0.0,
    0.0,
    0.0,
    0.0,
    0.0,
    0.0,
    0.0,
    0.0,
    0.0,
    0.0,
    0.0
  ],
  "Toulouse": [
    0.0,
    0.0,
    0.0,
    0.0,
    2e-05,
    0.0002,
    0.00163,
    0.00716,
    0.01897,
    0.05303,
    0.17067,
    0.24678,
    0.29738,
    0.13643,
    0.04813,
    0.01561,
    0.00366,
    0.00033,
    0.0,
    0.0
  ],
  "Nice": [
    0.0,
    8e-05,
    0.00079,
    0.00448,
    0.03818,
    0.09055,
    0.16979,
    0.23137,
    0.23005,
    0.15807,
    0.05558,
    0.01712,
    0.00371,
    0.00023,
    0.0,
    0.0,
    0.0,
    0.0,
    0.0,
    0.0
  ],
  "Angers": [
    0.0,
    0.0,
    0.0,
    0.0,
    0.0,
    0.0,
    0.0,
    0.0,
    0.0,
    0.0,
    0.0,
    0.0,
    0.0,
    0.0,
    4e-05,
    0.00021,
    0.00119,
    0.01214,
    0.0576,
    0.92882
  ],
  "Nantes": [
    0.0,
    0.0,
    0.0,
    0.0,
    0.0,
    0.0,
    1e-05,
    9e-05,
    0.00058,
    0.00257,
    0.01841,
    0.05231,
    0.1297,
    0.302,
    0.22003,
    0.14505,
    0.08827,
    0.033,
    0.00793,
    5e-05
  ],
  "Lens": [
    0.12336,
    0.33347,
    0.2986,
    0.18992,
    0.04511,
    0.00837,
    0.00108,
    9e-05,
    0.0,
    0.0,
    0.0,
    0.0,
    0.0,
    0.0,
    0.0,
    0.0,
    0.0,
    0.0,
    0.0,
    0.0
  ],
  "Brest": [
    0.0,
    0.0,
    0.0,
    0.0,
    0.0,
    0.0,
    0.0,
    0.0,
    0.0,
    0.00047,
    0.00534,
    0.01977,
    0.05909,
    0.17185,
    0.24744,
    0.21895,
    0.16926,
    0.08025,
    0.02724,
    0.00034
  ],
  "Lille": [
    0.001,
    0.01466,
    0.05131,
    0.13539,
    0.34421,
    0.25421,
    0.12033,
    0.05143,
    0.02196,
    0.00504,
    0.00046,
    0.0,
    0.0,
    0.0,
    0.0,
    0.0,
    0.0,
    0.0,
    0.0,
    0.0
  ],
  "Auxerre": [
    0.0,
    0.0,
    0.0,
    0.0,
    0.0,
    0.0,
    0.0,
    0.0,
    0.0,
    0.00016,
    0.00311,
    0.01294,
    0.04067,
    0.11831,
    0.19337,
    0.23254,
    0.22737,
    0.12241,
    0.04829,
    0.00083
  ],
  "Montpellier": [
    0.0,
    0.0,
    0.0,
    0.0,
    0.00028,
    0.00178,
    0.00733,
    0.01848,
    0.04422,
    0.10328,
    0.27695,
    0.26142,
    0.19922,
    0.06525,
    0.01798,
    0.00339,
    0.00039,
    3e-05,
    0.0,
    0.0
  ],
  "Troyes": [
    0.0,
    0.0,
    0.0,
    0.0,
    0.0,
    0.0,
    0.0,
    0.0,
    0.0,
    0.0,
    3e-05,
    0.0002,
    0.00155,
    0.01289,
    0.03489,
    0.07804,
    0.15057,
    0.32334,
    0.36116,
    0.03733
  ],
  "Rennes": [
    0.00029,
    0.00409,
    0.02106,
    0.07575,
    0.23853,
    0.28901,
    0.18008,
    0.10291,
    0.05997,
    0.02367,
    0.00421,
    0.00043,
    0.0,
    0.0,
    0.0,
    0.0,
    0.0,
    0.0,
    0.0,
    0.0
  ],
  "Lorient": [
    1e-05,
    6e-05,
    0.00055,
    0.00397,
    0.02435,
    0.06473,
    0.13294,
    0.1868,
    0.20679,
    0.21917,
    0.10302,
    0.0442,
    0.01241,
    0.00094,
    6e-05,
    0.0,
    0.0,
    0.0,
    0.0,
    0.0
  ],
  "Marseille": [
    0.09145,
    0.32673,
    0.31815,
    0.19673,
    0.0542,
    0.01109,
    0.00148,
    0.00016,
    1e-05,
    0.0,
    0.0,
    0.0,
    0.0,
    0.0,
    0.0,
    0.0,
    0.0,
    0.0,
    0.0,
    0.0
  ],
  "Reims": [
    2e-05,
    0.00033,
    0.00281,
    0.01434,
    0.0791,
    0.15169,
    0.22398,
    0.20183,
    0.16056,
    0.11266,
    0.03864,
    0.01193,
    0.00209,
    2e-05,
    0.0,
    0.0,
    0.0,
    0.0,
    0.0,
    0.0
  ]
}