{
  "Almeria": [
    0.00012,
    0.00081,
    0.00227,
    0.0061,
    0.01287,
    0.02718,
    0.04673,
    0.07074,
    0.08698,
    0.10139,
    0.1081,
    0.10823,
    0.10465,
    0.0976,
    0.08672,
    0.0709,
    0.04072,
    0.0184,
    0.00729,
    0.0022
  ],
  "Vallecano": [
    0.33318,
    0.25024,
    0.17462,
    0.11504,
    0.06546,
    0.03333,
    0.01615,
    0.00676,
    0.00286,
    0.00144,
    0.00057,
    0.00021,
    9e-05,
    2e-05,
    2e-05,
    1e-05,
    0.0,
    0.0,
    0.0,
    0.0
  ],
  "Sevilla": [
    0.00028,
    0.00128,
    0.00414,
    0.00934,
    0.01937,
    0.03569,
    0.0546,
    0.07348,
    0.08914,
    0.10083,
    0.10775,
    0.10692,
    0.10156,
    0.09303,
    0.08384,
    0.0628,
    0.0336,
    0.01537,
    0.00527,
    0.00171
  ],
  "Valencia": [
    2e-05,
    0.00014,
    0.00062,
    0.00212,
    0.00499,
    0.0118,
    0.02302,
    0.03775,
    0.05576,
    0.07623,
    0.09527,
    0.11593,
    0.12799,
    0.13208,
    0.124,
    0.10007,
    0.05504,
    0.02521,
    0.00966,
    0.0023
  ],
  "Sociedad": [
    0.01266,
    0.03047,
    0.05681,
    0.0893,
    0.12611,
    0.15182,
    0.14459,
    0.11729,
    0.08915,
    0.06532,
    0.04486,
    0.02998,
    0.0195,
    0.01108,
    0.00666,
    0.00306,
    0.00095,
    0.00031,
    8e-05,
    0.0
  ],
  "Girona": [
    0.28655,
    0.22304,
    0.17124,
    0.12786,
    0.08805,
    0.05185,
    0.02686,
    0.01391,
    0.00586,
    0.0027,
    0.00121,
    0.00053,
    0.00019,
    0.00013,
    1e-05,
    1e-05,
    0.0,
    0.0,
    0.0,
    0.0
  ],
  "Las Palmas": [
    0.00108,
    0.00378,
    0.01065,
    0.02216,
    0.04292,
    0.07593,
    0.10491,
    0.12956,
    0.13864,
    0.12556,
    0.10653,
    0.07917,
    0.06073,
    0.04414,
    0.03021,
    0.01586,
    0.00593,
    0.00174,
    0.00046,
    4e-05
  ],
  "Mallorca": [
    0.0,
    0.0,
    0.0,
    0.0,
    1e-05,
    1e-05,
    3e-05,
    2e-05,
    0.00016,
    0.00038,
    0.00145,
    0.00253,
    0.00506,
    0.01055,
    0.02079,
    0.04502,
    0.10329,
    0.17324,
    0.26571,
    0.37175
  ],
  "Ath Bilbao": [
    0.11125,
    0.14638,
    0.16579,
    0.16678,
    0.14919,
    0.10629,
    0.06709,
    0.04038,
    0.02261,
    0.0126,
    0.00594,
    0.00325,
    0.00155,
    0.0006,
    0.00018,
    0.00012,
    0.0,
    0.0,
    0.0,
    0.0
  ],
  "Real Madrid": [
    0.15284,
    0.18687,
    0.19503,
    0.16926,
    0.12543,
    0.07775,
    0.04464,
    0.02417,
    0.01238,
    0.00625,
    0.00286,
    0.00147,
    0.00068,
    0.00026,
    0.00011,
    0.0,
    0.0,
    0.0,
    0.0,
    0.0
  ],
  "Celta": [
    0.0,
    0.0,
    0.0,
    0.0,
    0.0,
    0.0,
    0.0,
    2e-05,
    0.00023,
    0.00048,
    0.0011,
    0.00263,
    0.00628,
    0.01107,
    0.02344,
    0.04669,
    0.10703,
    0.17948,
    0.27337,
    0.34818
  ],
  "Osasuna": [
    0.0,
    0.0,
    0.0,
    1e-05,
    2e-05,
    0.00018,
    0.00045,
    0.00093,
    0.00206,
    0.00482,
    0.00849,
    0.01519,
    0.02622,
    0.04257,
    0.06945,
    0.11851,
    0.20528,
    0.21308,
    0.17307,
    0.11967
  ],
  "Villarreal": [
    0.00589,
    0.01646,
    0.03295,
    0.0599,
    0.09104,
    0.1217,
    0.13662,
    0.1292,
    0.1159,
    0.09071,
    0.06794,
    0.0497,
    0.03391,
    0.02223,
    0.01452,
    0.00754,
    0.00271,
    0.00085,
    0.00021,
    2e-05
  ],
  "Betis": [
    1e-05,
    0.0001,
    0.00054,
    0.00175,
    0.00491,
    0.01233,
    0.02395,
    0.04213,
    0.06553,
    0.08763,
    0.11124,
    0.12919,
    0.13466,
    0.12912,
    0.11165,
    0.0824,
    0.04036,
    0.01639,
    0.00519,
    0.00092
  ],
  "Getafe": [
    0.0,
    0.0,
    0.0,
    1e-05,
    2e-05,
    6e-05,
    0.00014,
    0.00042,
    0.00096,
    0.00273,
    0.00491,
    0.00952,
    0.01758,
    0.03006,
    0.05379,
    0.10246,
    0.1889,
    0.24398,
    0.20868,
    0.13578
  ],
  "Barcelona": [
    0.00584,
    0.01635,
    0.03375,
    0.05914,
    0.09344,
    0.13171,
    0.14849,
    0.13887,
    0.11323,
    0.08788,
    0.06382,
    0.04309,
    0.02983,
    0.01814,
    0.01019,
    0.0045,
    0.00146,
    0.0002,
    6e-05,
    1e-05
  ],
  "Cadiz": [
    1e-05,
    6e-05,
    0.00038,
    0.00113,
    0.00283,
    0.0068,
    0.01453,
    0.02445,
    0.03733,
    0.05281,
    0.07149,
    0.09036,
    0.11121,
    0.12899,
    0.14356,
    0.13901,
    0.0932,
    0.05041,
    0.02371,
    0.00773
  ],
  "Alaves": [
    0.00015,
    0.00058,
    0.00191,
    0.00513,
    0.01316,
    0.02479,
    0.04202,
    0.05874,
    0.07548,
    0.09251,
    0.10269,
    0.10896,
    0.11119,
    0.11215,
    0.10187,
    0.0795,
    0.04242,
    0.0185,
    0.00632,
    0.00193
  ],
  "Ath Madrid": [
    0.09003,
    0.12312,
    0.14797,
    0.16238,
    0.15411,
    0.11841,
    0.08155,
    0.05103,
    0.0309,
    0.01826,
    0.01051,
    0.0062,
    0.00308,
    0.00141,
    0.00072,
    0.00023,
    8e-05,
    1e-05,
    0.0,
    0.0
  ],
  "Granada": [
    9e-05,
    0.00032,
    0.00133,
    0.00259,
    0.00607,
    0.01237,
    0.02363,
    0.04015,
    0.05484,
    0.06947,
    0.08327,
    0.09694,
    0.10404,
    0.11477,
    0.11827,
    0.12131,
    0.07903,
    0.04283,
    0.02092,
    0.00776
  ]
}