{
  "Osasuna": [
    0.00707,
    0.0234,
    0.05179,
    0.08882,
    0.10863,
    0.11855,
    0.10876,
    0.10038,
    0.09151,
    0.07717,
    0.06103,
    0.05017,
    0.03776,
    0.027,
    0.01997,
    0.01343,
    0.00797,
    0.00434,
    0.0018,
    0.00045
  ],
  "Sevilla": [
    0.0,
    0.0001,
    0.00052,
    0.00175,
    0.0042,
    0.00707,
    0.01091,
    0.01622,
    0.02205,
    0.02943,
    0.03714,
    0.04642,
    0.05996,
    0.07215,
    0.08656,
    0.10328,
    0.12288,
    0.1427,
    0.17053,
    0.06613
  ],
  "Celta": [
    0.0,
    0.00013,
    0.00061,
    0.00217,
    0.00484,
    0.0083,
    0.01351,
    0.01886,
    0.02559,
    0.03286,
    0.04274,
    0.05409,
    0.06611,
    0.07945,
    0.09375,
    0.11059,
    0.12424,
    0.13689,
    0.13978,
    0.04549
  ],
  "Espanol": [
    3e-05,
    0.00037,
    0.00144,
    0.00495,
    0.00945,
    0.01362,
    0.02084,
    0.02725,
    0.036,
    0.04476,
    0.05608,
    0.06628,
    0.07933,
    0.08774,
    0.10025,
    0.10393,
    0.10826,
    0.11036,
    0.09846,
    0.0306
  ],
  "Valladolid": [
    3e-05,
    0.00032,
    0.00153,
    0.00466,
    0.00999,
    0.01379,
    0.02103,
    0.02728,
    0.03686,
    0.04531,
    0.05696,
    0.0682,
    0.07836,
    0.09094,
    0.09868,
    0.10458,
    0.10981,
    0.10584,
    0.09591,
    0.02992
  ],
  "Villarreal": [
    0.01003,
    0.03181,
    0.07204,
    0.11898,
    0.12686,
    0.11547,
    0.10525,
    0.09044,
    0.07813,
    0.06522,
    0.05482,
    0.04183,
    0.03154,
    0.0223,
    0.01545,
    0.00966,
    0.006,
    0.003,
    0.00101,
    0.00016
  ],
  "Barcelona": [
    0.50105,
    0.27173,
    0.13168,
    0.05268,
    0.02307,
    0.01036,
    0.00521,
    0.00226,
    0.0011,
    0.00051,
    0.00023,
    7e-05,
    4e-05,
    1e-05,
    0.0,
    0.0,
    0.0,
    0.0,
    0.0,
    0.0
  ],
  "Vallecano": [
    0.00176,
    0.00855,
    0.02571,
    0.05477,
    0.07463,
    0.08638,
    0.09536,
    0.10206,
    0.09743,
    0.09172,
    0.08176,
    0.06997,
    0.06054,
    0.05081,
    0.03659,
    0.02753,
    0.01765,
    0.0111,
    0.00499,
    0.00069
  ],
  "Cadiz": [
    1e-05,
    0.00012,
    0.00087,
    0.00266,
    0.0063,
    0.01066,
    0.01539,
    0.02257,
    0.03165,
    0.04048,
    0.05084,
    0.06119,
    0.0765,
    0.08711,
    0.09762,
    0.10696,
    0.11418,
    0.11879,
    0.11517,
    0.04093
  ],
  "Sociedad": [
    0.16338,
    0.25301,
    0.25926,
    0.13781,
    0.07848,
    0.04582,
    0.02639,
    0.016,
    0.00936,
    0.00516,
    0.00274,
    0.00142,
    0.00063,
    0.00035,
    0.00014,
    3e-05,
    2e-05,
    0.0,
    0.0,
    0.0
  ],
  "Valencia": [
    0.00025,
    0.002,
    0.00665,
    0.01652,
    0.02799,
    0.04019,
    0.04989,
    0.05995,
    0.06825,
    0.0766,
    0.08747,
    0.09063,
    0.08821,
    0.08372,
    0.07812,
    0.07051,
    0.06088,
    0.04922,
    0.03434,
    0.00861
  ],
  "Girona": [
    0.00039,
    0.00211,
    0.00799,
    0.01984,
    0.03247,
    0.04492,
    0.05483,
    0.06653,
    0.07598,
    0.08798,
    0.09126,
    0.09188,
    0.08657,
    0.0804,
    0.07343,
    0.06258,
    0.05182,
    0.03937,
    0.02437,
    0.00528
  ],
  "Almeria": [
    8e-05,
    0.00046,
    0.00188,
    0.00627,
    0.01275,
    0.02059,
    0.02789,
    0.03812,
    0.05054,
    0.06031,
    0.07127,
    0.07936,
    0.08591,
    0.0927,
    0.09405,
    0.0946,
    0.08968,
    0.08478,
    0.06848,
    0.02028
  ],
  "Real Madrid": [
    0.28308,
    0.30208,
    0.2085,
    0.09894,
    0.05082,
    0.02595,
    0.01461,
    0.0081,
    0.00415,
    0.00192,
    0.00092,
    0.00054,
    0.00019,
    0.00014,
    3e-05,
    1e-05,
    2e-05,
    0.0,
    0.0,
    0.0
  ],
  "Ath Bilbao": [
    0.00488,
    0.01696,
    0.04169,
    0.07728,
    0.09283,
    0.10336,
    0.11433,
    0.10543,
    0.094,
    0.08351,
    0.06656,
    0.05612,
    0.04486,
    0.03369,
    0.02553,
    0.01729,
    0.01196,
    0.00651,
    0.0028,
    0.00041
  ],
  "Mallorca": [
    0.00123,
    0.00606,
    0.01869,
    0.04039,
    0.06015,
    0.07717,
    0.08939,
    0.09467,
    0.09549,
    0.09368,
    0.08712,
    0.07887,
    0.06828,
    0.05696,
    0.04567,
    0.03499,
    0.02554,
    0.01618,
    0.00816,
    0.00131
  ],
  "Getafe": [
    4e-05,
    0.00032,
    0.00151,
    0.00424,
    0.00943,
    0.01483,
    0.02015,
    0.02963,
    0.0381,
    0.04647,
    0.05871,
    0.06893,
    0.07879,
    0.09104,
    0.09753,
    0.10557,
    0.10765,
    0.10416,
    0.09296,
    0.02994
  ],
  "Ath Madrid": [
    0.0096,
    0.03313,
    0.07257,
    0.11826,
    0.12672,
    0.11736,
    0.10634,
    0.09022,
    0.07712,
    0.06478,
    0.05207,
    0.04169,
    0.03147,
    0.02243,
    0.01598,
    0.01017,
    0.0057,
    0.00326,
    0.001,
    0.00013
  ],
  "Betis": [
    0.01709,
    0.04734,
    0.09507,
    0.14901,
    0.14037,
    0.12556,
    0.09984,
    0.08379,
    0.06617,
    0.0514,
    0.0388,
    0.03027,
    0.02094,
    0.01424,
    0.00938,
    0.00562,
    0.00308,
    0.00149,
    0.00051,
    3e-05
  ],
  "Elche": [
    0.0,
    0.0,
    0.0,
    0.0,
    2e-05,
    5e-05,
    8e-05,
    0.00024,
    0.00052,
    0.00073,
    0.00148,
    0.00207,
    0.00401,
    0.00682,
    0.01127,
    0.01867,
    0.03266,
    0.06201,
    0.13973,
    0.71964
  ]
}