{
  "Milan": [
    0.11698,
    0.17567,
    0.20014,
    0.17907,
    0.13821,
    0.08341,
    0.04848,
    0.02676,
    0.01405,
    0.00796,
    0.00466,
    0.00241,
    0.00128,
    0.00043,
    0.00033,
    0.0001,
    5e-05,
    1e-05,
    0.0,
    0.0
  ],
  "Udinese": [
    0.28079,
    0.26686,
    0.18795,
    0.12341,
    0.0734,
    0.03692,
    0.01689,
    0.00719,
    0.0032,
    0.00171,
    0.00076,
    0.00058,
    0.00027,
    3e-05,
    3e-05,
    0.0,
    1e-05,
    0.0,
    0.0,
    0.0
  ],
  "Sampdoria": [
    0.0,
    0.0,
    0.0,
    0.0,
    8e-05,
    0.00024,
    0.00055,
    0.0015,
    0.00277,
    0.00526,
    0.0084,
    0.01441,
    0.02187,
    0.0326,
    0.04898,
    0.07225,
    0.10707,
    0.15465,
    0.22804,
    0.30133
  ],
  "Atalanta": [
    0.07998,
    0.1351,
    0.1773,
    0.18823,
    0.16363,
    0.10707,
    0.06512,
    0.03651,
    0.02023,
    0.01212,
    0.0068,
    0.00375,
    0.00221,
    0.00091,
    0.0005,
    0.00035,
    0.00014,
    4e-05,
    1e-05,
    0.0
  ],
  "Lecce": [
    0.0,
    0.00016,
    0.0007,
    0.00192,
    0.00544,
    0.01222,
    0.02367,
    0.03671,
    0.05107,
    0.06581,
    0.08051,
    0.09454,
    0.103,
    0.10733,
    0.10264,
    0.09834,
    0.08655,
    0.06625,
    0.04204,
    0.0211
  ],
  "Inter": [
    0.00842,
    0.02471,
    0.04979,
    0.08704,
    0.13098,
    0.16691,
    0.14672,
    0.11426,
    0.08586,
    0.06204,
    0.04425,
    0.02981,
    0.01999,
    0.01292,
    0.00759,
    0.00472,
    0.00244,
    0.00102,
    0.00045,
    8e-05
  ],
  "Monza": [
    0.0,
    1e-05,
    1e-05,
    8e-05,
    0.00015,
    0.0006,
    0.00177,
    0.00381,
    0.00686,
    0.01252,
    0.01949,
    0.0307,
    0.04143,
    0.05934,
    0.08644,
    0.11021,
    0.13903,
    0.16415,
    0.17197,
    0.15143
  ],
  "Torino": [
    0.0002,
    0.0009,
    0.00306,
    0.00811,
    0.01881,
    0.0364,
    0.0583,
    0.08037,
    0.09556,
    0.1077,
    0.11031,
    0.10229,
    0.09558,
    0.0864,
    0.06941,
    0.05193,
    0.03683,
    0.02204,
    0.01155,
    0.00425
  ],
  "Fiorentina": [
    0.00094,
    0.00394,
    0.01102,
    0.02554,
    0.0461,
    0.0797,
    0.10447,
    0.1197,
    0.12067,
    0.11209,
    0.09505,
    0.07976,
    0.06412,
    0.04881,
    0.03533,
    0.02443,
    0.01528,
    0.00806,
    0.00386,
    0.00113
  ],
  "Cremonese": [
    0.0,
    0.0,
    0.0,
    4e-05,
    3e-05,
    0.00018,
    0.00052,
    0.0013,
    0.00266,
    0.00502,
    0.00907,
    0.01438,
    0.02222,
    0.03239,
    0.04707,
    0.06956,
    0.09934,
    0.14825,
    0.21972,
    0.32825
  ],
  "Lazio": [
    0.06993,
    0.12444,
    0.16672,
    0.1846,
    0.16838,
    0.11592,
    0.07164,
    0.04239,
    0.02425,
    0.01377,
    0.0086,
    0.00448,
    0.00233,
    0.00138,
    0.00078,
    0.00022,
    0.00014,
    1e-05,
    1e-05,
    1e-05
  ],
  "Bologna": [
    1e-05,
    0.00014,
    0.00037,
    0.00144,
    0.00397,
    0.01066,
    0.01964,
    0.0313,
    0.04548,
    0.06154,
    0.07862,
    0.09129,
    0.10355,
    0.10956,
    0.10913,
    0.10381,
    0.08968,
    0.06846,
    0.04661,
    0.02474
  ],
  "Salernitana": [
    0.00067,
    0.00249,
    0.007,
    0.01662,
    0.03326,
    0.05858,
    0.08621,
    0.10434,
    0.11499,
    0.11344,
    0.10371,
    0.09063,
    0.07569,
    0.06265,
    0.04781,
    0.03563,
    0.02293,
    0.01365,
    0.00725,
    0.00245
  ],
  "Roma": [
    0.00391,
    0.01309,
    0.02972,
    0.05803,
    0.09507,
    0.13557,
    0.14736,
    0.13111,
    0.10818,
    0.08323,
    0.06343,
    0.04572,
    0.03279,
    0.02173,
    0.01453,
    0.00865,
    0.00484,
    0.00198,
    0.00086,
    0.0002
  ],
  "Spezia": [
    0.0,
    9e-05,
    0.00031,
    0.00132,
    0.00373,
    0.0089,
    0.01858,
    0.0289,
    0.04185,
    0.05731,
    0.0709,
    0.08517,
    0.09611,
    0.10738,
    0.11239,
    0.11091,
    0.0974,
    0.07975,
    0.05235,
    0.02665
  ],
  "Empoli": [
    1e-05,
    0.00016,
    0.00072,
    0.00172,
    0.00517,
    0.0123,
    0.02333,
    0.03725,
    0.04942,
    0.06474,
    0.07505,
    0.09012,
    0.09821,
    0.10387,
    0.10878,
    0.10162,
    0.09071,
    0.06977,
    0.04526,
    0.02179
  ],
  "Verona": [
    0.0,
    1e-05,
    0.0001,
    0.00019,
    0.00077,
    0.00165,
    0.00474,
    0.00943,
    0.01456,
    0.02256,
    0.03165,
    0.04215,
    0.05608,
    0.07289,
    0.0924,
    0.11439,
    0.14045,
    0.15228,
    0.14105,
    0.10265
  ],
  "Napoli": [
    0.4366,
    0.24563,
    0.14796,
    0.0869,
    0.04572,
    0.02104,
    0.0091,
    0.00398,
    0.00155,
    0.00084,
    0.00037,
    0.00021,
    0.0001,
    0.0,
    0.0,
    0.0,
    0.0,
    0.0,
    0.0,
    0.0
  ],
  "Juventus": [
    0.00152,
    0.00618,
    0.01572,
    0.03207,
    0.05854,
    0.09399,
    0.11862,
    0.13026,
    0.12598,
    0.10342,
    0.0857,
    0.07066,
    0.05386,
    0.03949,
    0.02717,
    0.01764,
    0.01058,
    0.00552,
    0.00237,
    0.00071
  ],
  "Sassuolo": [
    4e-05,
    0.00042,
    0.00141,
    0.00367,
    0.00856,
    0.01774,
    0.03429,
    0.05293,
    0.07081,
    0.08692,
    0.10267,
    0.10694,
    0.10931,
    0.09989,
    0.08869,
    0.07524,
    0.05653,
    0.04411,
    0.0266,
    0.01323
  ]
}