{
  "São Paulo / SP": [
    0.00217,
    0.04589,
    0.10642,
    0.13084,
    0.13457,
    0.13168,
    0.12097,
    0.10259,
    0.08093,
    0.06057,
    0.03933,
    0.02212,
    0.01127,
    0.00589,
    0.00283,
    0.00119,
    0.00042,
    0.00023,
    7e-05,
    2e-05
  ],
  "Botafogo / RJ": [
    0.00033,
    0.01284,
    0.04843,
    0.07206,
    0.08668,
    0.09868,
    0.1088,
    0.11883,
    0.12154,
    0.11095,
    0.08585,
    0.05688,
    0.03404,
    0.02016,
    0.01195,
    0.00656,
    0.0032,
    0.00143,
    0.00061,
    0.00018
  ],
  "Atlético Mineiro / MG": [
    0.00261,
    0.0529,
    0.14718,
    0.15349,
    0.14108,
    0.12204,
    0.10518,
    0.08904,
    0.07008,
    0.05071,
    0.03204,
    0.01711,
    0.00851,
    0.00425,
    0.0021,
    0.00105,
    0.00042,
    0.00017,
    4e-05,
    0.0
  ],
  "Avaí / SC": [
    0.0,
    0.0,
    0.0,
    0.0,
    1e-05,
    1e-05,
    3e-05,
    0.00011,
    0.0003,
    0.00079,
    0.00173,
    0.00433,
    0.00839,
    0.01574,
    0.02486,
    0.03954,
    0.0629,
    0.10433,
    0.20049,
    0.53644
  ],
  "Chapecoense / SC": [
    0.0,
    0.0,
    9e-05,
    0.00013,
    0.00065,
    0.00109,
    0.00266,
    0.00479,
    0.00977,
    0.01903,
    0.03298,
    0.05482,
    0.07679,
    0.09811,
    0.11504,
    0.12463,
    0.13367,
    0.1335,
    0.12241,
    0.06984
  ],
  "Internacional / RS": [
    0.00187,
    0.0373,
    0.11488,
    0.12906,
    0.13255,
    0.12757,
    0.11536,
    0.10126,
    0.08406,
    0.06469,
    0.04337,
    0.02365,
    0.01284,
    0.00592,
    0.0032,
    0.00155,
    0.00057,
    0.00024,
    5e-05,
    1e-05
  ],
  "Flamengo / RJ": [
    0.00662,
    0.10535,
    0.2279,
    0.18181,
    0.13867,
    0.1081,
    0.07984,
    0.05843,
    0.04014,
    0.02661,
    0.01449,
    0.007,
    0.00291,
    0.00144,
    0.00044,
    0.00018,
    6e-05,
    0.0,
    1e-05,
    0.0
  ],
  "Cruzeiro / MG": [
    0.0,
    1e-05,
    2e-05,
    0.00019,
    0.00057,
    0.0012,
    0.00248,
    0.00511,
    0.00986,
    0.01992,
    0.03578,
    0.05729,
    0.08246,
    0.10293,
    0.11489,
    0.12634,
    0.13073,
    0.12952,
    0.11487,
    0.06583
  ],
  "Grêmio / RS": [
    3e-05,
    0.00134,
    0.00796,
    0.01692,
    0.02713,
    0.04099,
    0.05722,
    0.0782,
    0.10308,
    0.12933,
    0.14528,
    0.12623,
    0.09452,
    0.0643,
    0.04437,
    0.02968,
    0.01774,
    0.01022,
    0.00428,
    0.00118
  ],
  "Santos / SP": [
    0.08832,
    0.59611,
    0.16208,
    0.07117,
    0.03629,
    0.02104,
    0.01284,
    0.00619,
    0.00352,
    0.00154,
    0.00065,
    0.00015,
    9e-05,
    1e-05,
    0.0,
    0.0,
    0.0,
    0.0,
    0.0,
    0.0
  ],
  "Ceará / CE": [
    0.0,
    2e-05,
    0.00015,
    0.00037,
    0.00104,
    0.00229,
    0.0047,
    0.00891,
    0.0165,
    0.02901,
    0.05219,
    0.07821,
    0.10164,
    0.11741,
    0.12424,
    0.1214,
    0.11853,
    0.10428,
    0.08118,
    0.03793
  ],
  "CSA / AL": [
    0.0,
    0.0,
    4e-05,
    3e-05,
    0.00011,
    0.00038,
    0.00092,
    0.00188,
    0.00396,
    0.00867,
    0.01809,
    0.03384,
    0.04961,
    0.06747,
    0.08922,
    0.10733,
    0.13303,
    0.15879,
    0.18781,
    0.13882
  ],
  "Bahia / BA": [
    0.00026,
    0.01096,
    0.04374,
    0.06261,
    0.08366,
    0.10089,
    0.11205,
    0.12071,
    0.12835,
    0.11482,
    0.08984,
    0.05814,
    0.03411,
    0.01881,
    0.01028,
    0.00591,
    0.003,
    0.00126,
    0.00053,
    7e-05
  ],
  "Corinthians / SP": [
    0.00089,
    0.01737,
    0.06747,
    0.08583,
    0.10368,
    0.11179,
    0.11967,
    0.12235,
    0.11423,
    0.09334,
    0.06884,
    0.04104,
    0.02547,
    0.01401,
    0.00703,
    0.00399,
    0.00176,
    0.00082,
    0.00032,
    0.0001
  ],
  "Athletico Paranaense / PR": [
    0.0,
    5e-05,
    0.00103,
    0.00265,
    0.00527,
    0.00934,
    0.01699,
    0.02894,
    0.04415,
    0.06868,
    0.10015,
    0.12809,
    0.13215,
    0.12119,
    0.1036,
    0.0848,
    0.06385,
    0.04761,
    0.03026,
    0.0112
  ],
  "Vasco da Gama / RJ": [
    0.0,
    1e-05,
    1e-05,
    0.00015,
    0.00028,
    0.00082,
    0.00184,
    0.0038,
    0.00765,
    0.01552,
    0.02945,
    0.0509,
    0.07526,
    0.09519,
    0.11134,
    0.1258,
    0.13774,
    0.14108,
    0.12918,
    0.07398
  ],
  "Palmeiras / SP": [
    0.8959,
    0.09222,
    0.0094,
    0.00169,
    0.00063,
    0.00011,
    1e-05,
    3e-05,
    1e-05,
    0.0,
    0.0,
    0.0,
    0.0,
    0.0,
    0.0,
    0.0,
    0.0,
    0.0,
    0.0,
    0.0
  ],
  "Fortaleza / CE": [
    0.0,
    8e-05,
    0.00081,
    0.0024,
    0.00529,
    0.00893,
    0.01673,
    0.02599,
    0.0413,
    0.06576,
    0.09477,
    0.12309,
    0.1282,
    0.12166,
    0.10704,
    0.08818,
    0.06974,
    0.0517,
    0.0337,
    0.01463
  ],
  "Fluminense / RJ": [
    0.0,
    0.0,
    0.0001,
    0.00028,
    0.00088,
    0.0019,
    0.00361,
    0.00669,
    0.01333,
    0.02574,
    0.04432,
    0.07221,
    0.09563,
    0.11066,
    0.11908,
    0.12721,
    0.12087,
    0.11391,
    0.09393,
    0.04965
  ],
  "Goiás / GO": [
    0.001,
    0.02755,
    0.06229,
    0.08832,
    0.10096,
    0.11115,
    0.1181,
    0.11615,
    0.10724,
    0.09432,
    0.07085,
    0.0449,
    0.02611,
    0.01485,
    0.00849,
    0.00466,
    0.00177,
    0.00091,
    0.00026,
    0.00012
  ]
}