{
  "Fiorentina": [
    4e-05,
    0.0002,
    0.00048,
    0.00157,
    0.00373,
    0.00829,
    0.01647,
    0.03505,
    0.06029,
    0.08713,
    0.11227,
    0.11951,
    0.11757,
    0.11142,
    0.09112,
    0.07819,
    0.06414,
    0.04538,
    0.03101,
    0.01614
  ],
  "Torino": [
    0.0,
    0.0,
    0.0,
    1e-05,
    5e-05,
    0.00015,
    0.00077,
    0.00199,
    0.00497,
    0.01108,
    0.02101,
    0.03386,
    0.04898,
    0.064,
    0.08567,
    0.10266,
    0.12151,
    0.14899,
    0.17116,
    0.18314
  ],
  "Verona": [
    0.00214,
    0.00647,
    0.01438,
    0.02558,
    0.04199,
    0.06558,
    0.09878,
    0.13612,
    0.15784,
    0.14329,
    0.10834,
    0.07522,
    0.05143,
    0.03166,
    0.01871,
    0.01234,
    0.00591,
    0.00285,
    0.00114,
    0.00023
  ],
  "Roma": [
    0.10439,
    0.14089,
    0.15855,
    0.15315,
    0.13922,
    0.11256,
    0.08277,
    0.05537,
    0.02947,
    0.01406,
    0.00606,
    0.00238,
    0.0008,
    0.0002,
    0.00011,
    1e-05,
    1e-05,
    0.0,
    0.0,
    0.0
  ],
  "Parma": [
    0.0,
    0.0,
    0.0,
    0.0,
    5e-05,
    0.00015,
    0.00052,
    0.00166,
    0.00351,
    0.00819,
    0.01598,
    0.02712,
    0.04331,
    0.05852,
    0.07387,
    0.09477,
    0.12855,
    0.15409,
    0.18053,
    0.20918
  ],
  "Napoli": [
    0.05302,
    0.08318,
    0.10948,
    0.12759,
    0.13842,
    0.13845,
    0.12629,
    0.0955,
    0.06204,
    0.03451,
    0.01728,
    0.00808,
    0.00389,
    0.00148,
    0.00051,
    0.0002,
    4e-05,
    4e-05,
    0.0,
    0.0
  ],
  "Genoa": [
    1e-05,
    4e-05,
    9e-05,
    0.0003,
    0.00099,
    0.00229,
    0.00479,
    0.01166,
    0.02446,
    0.04179,
    0.06522,
    0.08572,
    0.1021,
    0.11012,
    0.12638,
    0.12182,
    0.10654,
    0.08837,
    0.0664,
    0.04091
  ],
  "Crotone": [
    0.0,
    0.0,
    0.0,
    0.0,
    4e-05,
    9e-05,
    0.00032,
    0.00109,
    0.00276,
    0.00637,
    0.01304,
    0.02159,
    0.0321,
    0.05116,
    0.07145,
    0.09057,
    0.11639,
    0.14962,
    0.18976,
    0.25365
  ],
  "Sassuolo": [
    0.00577,
    0.01578,
    0.02972,
    0.04741,
    0.07161,
    0.10058,
    0.13326,
    0.1592,
    0.14751,
    0.11189,
    0.07384,
    0.04596,
    0.0282,
    0.01499,
    0.00812,
    0.00352,
    0.0017,
    0.00067,
    0.00025,
    2e-05
  ],
  "Cagliari": [
    0.0,
    1e-05,
    1e-05,
    6e-05,
    0.00021,
    0.00035,
    0.00158,
    0.00341,
    0.00797,
    0.01556,
    0.02772,
    0.04056,
    0.05379,
    0.07058,
    0.08109,
    0.10115,
    0.11822,
    0.14075,
    0.16171,
    0.17527
  ],
  "Juventus": [
    0.08695,
    0.12787,
    0.14366,
    0.14798,
    0.14,
    0.12151,
    0.0957,
    0.06448,
    0.03873,
    0.01929,
    0.00814,
    0.00349,
    0.00145,
    0.00039,
    0.00022,
    0.00013,
    0.0,
    1e-05,
    0.0,
    0.0
  ],
  "Sampdoria": [
    0.00083,
    0.00282,
    0.00738,
    0.01493,
    0.0276,
    0.04558,
    0.0725,
    0.11047,
    0.14081,
    0.1516,
    0.12823,
    0.09994,
    0.072,
    0.04799,
    0.03298,
    0.02114,
    0.01261,
    0.00685,
    0.00273,
    0.00101
  ],
  "Milan": [
    0.37152,
    0.23325,
    0.15149,
    0.1015,
    0.06523,
    0.03973,
    0.02163,
    0.01026,
    0.00372,
    0.00125,
    0.00034,
    7e-05,
    1e-05,
    0.0,
    0.0,
    0.0,
    0.0,
    0.0,
    0.0,
    0.0
  ],
  "Bologna": [
    3e-05,
    0.00013,
    0.00047,
    0.00122,
    0.00269,
    0.00661,
    0.01361,
    0.02798,
    0.04988,
    0.07972,
    0.10198,
    0.11338,
    0.11737,
    0.11164,
    0.10086,
    0.08811,
    0.07324,
    0.05579,
    0.03654,
    0.01875
  ],
  "Atalanta": [
    0.06636,
    0.10078,
    0.12759,
    0.14238,
    0.1456,
    0.13707,
    0.11434,
    0.07761,
    0.04567,
    0.02435,
    0.01048,
    0.00446,
    0.00201,
    0.00091,
    0.00026,
    0.0001,
    2e-05,
    1e-05,
    0.0,
    0.0
  ],
  "Lazio": [
    0.03144,
    0.05756,
    0.08553,
    0.11091,
    0.13031,
    0.1459,
    0.14568,
    0.11682,
    0.08065,
    0.0466,
    0.02486,
    0.01283,
    0.00599,
    0.00299,
    0.00097,
    0.00066,
    0.00023,
    5e-05,
    2e-05,
    0.0
  ],
  "Benevento": [
    6e-05,
    0.00032,
    0.00126,
    0.00302,
    0.00638,
    0.01317,
    0.02539,
    0.04673,
    0.07681,
    0.10563,
    0.12329,
    0.12351,
    0.11113,
    0.09522,
    0.08242,
    0.0679,
    0.05241,
    0.036,
    0.02019,
    0.00916
  ],
  "Inter": [
    0.27744,
    0.23066,
    0.16971,
    0.12152,
    0.08377,
    0.05612,
    0.03301,
    0.01691,
    0.00745,
    0.00223,
    0.00085,
    0.00028,
    4e-05,
    1e-05,
    0.0,
    0.0,
    0.0,
    0.0,
    0.0,
    0.0
  ],
  "Spezia": [
    0.0,
    3e-05,
    6e-05,
    0.00048,
    0.00094,
    0.00276,
    0.00566,
    0.0135,
    0.02637,
    0.04677,
    0.0689,
    0.09089,
    0.10935,
    0.1169,
    0.11796,
    0.10858,
    0.10014,
    0.08453,
    0.06558,
    0.0406
  ],
  "Udinese": [
    0.0,
    1e-05,
    0.00014,
    0.00039,
    0.00117,
    0.00306,
    0.00693,
    0.01419,
    0.02909,
    0.04869,
    0.07217,
    0.09115,
    0.09848,
    0.10982,
    0.1073,
    0.10815,
    0.09834,
    0.086,
    0.07298,
    0.05194
  ]
}