{
  "Almeria": [
    0.0,
    0.0,
    6e-05,
    0.00011,
    0.00033,
    0.00076,
    0.00142,
    0.00232,
    0.00452,
    0.00699,
    0.00984,
    0.01449,
    0.0225,
    0.03097,
    0.04048,
    0.05969,
    0.08295,
    0.12127,
    0.19383,
    0.40747
  ],
  "Vallecano": [
    0.00314,
    0.00967,
    0.02105,
    0.03591,
    0.0545,
    0.07187,
    0.08221,
    0.08923,
    0.09073,
    0.0879,
    0.08633,
    0.07937,
    0.07092,
    0.06058,
    0.05055,
    0.04084,
    0.02939,
    0.02021,
    0.01167,
    0.00393
  ],
  "Sevilla": [
    0.0006,
    0.00208,
    0.00571,
    0.01157,
    0.0193,
    0.02919,
    0.03835,
    0.04927,
    0.05768,
    0.06901,
    0.07415,
    0.08101,
    0.0866,
    0.08537,
    0.08753,
    0.08519,
    0.07414,
    0.06807,
    0.05057,
    0.02461
  ],
  "Valencia": [
    0.00416,
    0.01229,
    0.02332,
    0.03933,
    0.05743,
    0.07102,
    0.08684,
    0.08999,
    0.09002,
    0.0872,
    0.08187,
    0.07676,
    0.06807,
    0.05825,
    0.05105,
    0.03843,
    0.02972,
    0.02043,
    0.01057,
    0.00325
  ],
  "Sociedad": [
    0.01566,
    0.03606,
    0.06301,
    0.08806,
    0.10943,
    0.11378,
    0.10688,
    0.0961,
    0.08153,
    0.06979,
    0.05673,
    0.04777,
    0.03663,
    0.02842,
    0.01985,
    0.01344,
    0.0095,
    0.00471,
    0.00217,
    0.00048
  ],
  "Girona": [
    0.36716,
    0.23809,
    0.15533,
    0.10023,
    0.05956,
    0.03552,
    0.01995,
    0.01134,
    0.00609,
    0.00345,
    0.00173,
    0.00075,
    0.00047,
    0.00014,
    0.00014,
    5e-05,
    0.0,
    0.0,
    0.0,
    0.0
  ],
  "Las Palmas": [
    0.00364,
    0.01048,
    0.02199,
    0.03766,
    0.05602,
    0.07318,
    0.08335,
    0.08909,
    0.09313,
    0.088,
    0.08431,
    0.07673,
    0.06732,
    0.05874,
    0.05428,
    0.04161,
    0.02901,
    0.01835,
    0.01023,
    0.00288
  ],
  "Mallorca": [
    0.00011,
    0.0005,
    0.00167,
    0.00337,
    0.00706,
    0.01206,
    0.01829,
    0.02437,
    0.03462,
    0.04374,
    0.05438,
    0.06073,
    0.07212,
    0.08649,
    0.0986,
    0.10878,
    0.1091,
    0.10737,
    0.09571,
    0.06093
  ],
  "Ath Bilbao": [
    0.03039,
    0.05837,
    0.08791,
    0.11524,
    0.12899,
    0.12295,
    0.10518,
    0.08877,
    0.07089,
    0.05546,
    0.04151,
    0.03151,
    0.02389,
    0.01623,
    0.01047,
    0.0064,
    0.00343,
    0.00175,
    0.00055,
    0.00011
  ],
  "Real Madrid": [
    0.27217,
    0.24151,
    0.17877,
    0.11872,
    0.07574,
    0.04556,
    0.02785,
    0.01625,
    0.01025,
    0.00567,
    0.00339,
    0.00198,
    0.00107,
    0.00065,
    0.00024,
    0.00011,
    5e-05,
    2e-05,
    0.0,
    0.0
  ],
  "Celta": [
    3e-05,
    9e-05,
    0.00034,
    0.00076,
    0.00188,
    0.00369,
    0.00679,
    0.01069,
    0.01554,
    0.0211,
    0.02876,
    0.03766,
    0.04808,
    0.06217,
    0.07757,
    0.09637,
    0.1162,
    0.15046,
    0.17558,
    0.14624
  ],
  "Osasuna": [
    0.00054,
    0.00249,
    0.00607,
    0.01181,
    0.02166,
    0.03177,
    0.04364,
    0.05323,
    0.06359,
    0.073,
    0.08024,
    0.08362,
    0.08899,
    0.08858,
    0.08437,
    0.0801,
    0.07302,
    0.05512,
    0.03925,
    0.01891
  ],
  "Villarreal": [
    0.00021,
    0.00096,
    0.00296,
    0.00718,
    0.01259,
    0.01962,
    0.02835,
    0.03826,
    0.04846,
    0.05725,
    0.0689,
    0.07663,
    0.0819,
    0.09234,
    0.09266,
    0.09417,
    0.0911,
    0.08228,
    0.06848,
    0.0357
  ],
  "Betis": [
    0.01222,
    0.02826,
    0.05039,
    0.07469,
    0.09585,
    0.10674,
    0.10519,
    0.10044,
    0.08982,
    0.07809,
    0.06444,
    0.05388,
    0.04252,
    0.0332,
    0.02385,
    0.01764,
    0.01157,
    0.00692,
    0.00338,
    0.00091
  ],
  "Getafe": [
    0.00159,
    0.00511,
    0.01282,
    0.02416,
    0.03857,
    0.053,
    0.06613,
    0.07374,
    0.08066,
    0.08464,
    0.08548,
    0.08466,
    0.08031,
    0.07218,
    0.0684,
    0.05648,
    0.04707,
    0.03437,
    0.02207,
    0.00856
  ],
  "Barcelona": [
    0.148,
    0.18252,
    0.18806,
    0.1582,
    0.11155,
    0.07572,
    0.04976,
    0.03339,
    0.02082,
    0.01283,
    0.00816,
    0.00478,
    0.00306,
    0.00161,
    0.00085,
    0.00046,
    0.00017,
    3e-05,
    3e-05,
    0.0
  ],
  "Cadiz": [
    0.00023,
    0.00088,
    0.0025,
    0.00583,
    0.01112,
    0.01844,
    0.02631,
    0.03529,
    0.04268,
    0.05182,
    0.06119,
    0.06931,
    0.07651,
    0.0831,
    0.08818,
    0.09172,
    0.101,
    0.09721,
    0.08702,
    0.04966
  ],
  "Alaves": [
    0.00065,
    0.00213,
    0.00554,
    0.01187,
    0.02181,
    0.03184,
    0.04281,
    0.05333,
    0.06336,
    0.07165,
    0.07651,
    0.08247,
    0.0838,
    0.08451,
    0.08204,
    0.07896,
    0.07758,
    0.06395,
    0.04556,
    0.01963
  ],
  "Ath Madrid": [
    0.1395,
    0.16848,
    0.17237,
    0.15495,
    0.11574,
    0.08149,
    0.057,
    0.03885,
    0.02549,
    0.01765,
    0.01133,
    0.00747,
    0.00443,
    0.00254,
    0.00152,
    0.00074,
    0.00033,
    9e-05,
    2e-05,
    1e-05
  ],
  "Granada": [
    0.0,
    3e-05,
    0.00013,
    0.00035,
    0.00087,
    0.0018,
    0.0037,
    0.00605,
    0.01012,
    0.01476,
    0.02075,
    0.02842,
    0.04081,
    0.05393,
    0.06737,
    0.08882,
    0.11467,
    0.14739,
    0.18331,
    0.21672
  ]
}