{
  "Go Ahead Eagles": [
    0.0,
    0.0,
    0.0,
    0.0,
    0.0,
    0.00386,
    0.03054,
    0.23358,
    0.21033,
    0.17696,
    0.14896,
    0.11204,
    0.06727,
    0.01492,
    0.00151,
    3e-05,
    0.0,
    0.0
  ],
  "Heerenveen": [
    0.0,
    0.0,
    0.0,
    0.0,
    0.0,
    0.00038,
    0.00519,
    0.08913,
    0.13016,
    0.15623,
    0.16562,
    0.17749,
    0.17248,
    0.07594,
    0.02266,
    0.00436,
    0.00036,
    0.0
  ],
  "Waalwijk": [
    0.0,
    0.0,
    0.0,
    0.0,
    0.0,
    0.0,
    0.0,
    0.00017,
    0.00179,
    0.00609,
    0.01524,
    0.03353,
    0.06679,
    0.16314,
    0.23621,
    0.22306,
    0.17129,
    0.08269
  ],
  "AZ Alkmaar": [
    0.0,
    0.0,
    0.02687,
    0.16932,
    0.80381,
    0.0,
    0.0,
    0.0,
    0.0,
    0.0,
    0.0,
    0.0,
    0.0,
    0.0,
    0.0,
    0.0,
    0.0,
    0.0
  ],
  "Heracles": [
    0.0,
    0.0,
    0.0,
    0.0,
    0.0,
    0.0,
    0.00159,
    0.04011,
    0.08035,
    0.12622,
    0.17146,
    0.20769,
    0.19899,
    0.10396,
    0.04688,
    0.01768,
    0.00455,
    0.00052
  ],
  "PSV Eindhoven": [
    0.1027,
    0.86808,
    0.02898,
    0.00024,
    0.0,
    0.0,
    0.0,
    0.0,
    0.0,
    0.0,
    0.0,
    0.0,
    0.0,
    0.0,
    0.0,
    0.0,
    0.0,
    0.0
  ],
  "For Sittard": [
    0.0,
    0.0,
    0.0,
    0.0,
    0.0,
    0.0,
    0.0,
    0.001,
    0.00491,
    0.01247,
    0.031,
    0.05975,
    0.1199,
    0.27883,
    0.21592,
    0.15193,
    0.09187,
    0.03242
  ],
  "Twente": [
    0.0,
    0.00248,
    0.2627,
    0.58031,
    0.15451,
    0.0,
    0.0,
    0.0,
    0.0,
    0.0,
    0.0,
    0.0,
    0.0,
    0.0,
    0.0,
    0.0,
    0.0,
    0.0
  ],
  "Ajax": [
    0.89678,
    0.10291,
    0.00031,
    0.0,
    0.0,
    0.0,
    0.0,
    0.0,
    0.0,
    0.0,
    0.0,
    0.0,
    0.0,
    0.0,
    0.0,
    0.0,
    0.0,
    0.0
  ],
  "Nijmegen": [
    0.0,
    0.0,
    0.0,
    0.0,
    0.0,
    0.00239,
    0.02349,
    0.16466,
    0.19916,
    0.20231,
    0.17822,
    0.12631,
    0.07646,
    0.02297,
    0.00369,
    0.00033,
    1e-05,
    0.0
  ],
  "Cambuur": [
    0.0,
    0.0,
    0.0,
    0.0,
    0.0,
    0.00013,
    0.00216,
    0.06356,
    0.10185,
    0.14649,
    0.17156,
    0.19154,
    0.19321,
    0.08349,
    0.03445,
    0.00998,
    0.00149,
    9e-05
  ],
  "Groningen": [
    0.0,
    0.0,
    0.0,
    0.0,
    0.0,
    0.00435,
    0.03402,
    0.31536,
    0.25717,
    0.17091,
    0.11093,
    0.06786,
    0.03272,
    0.00607,
    0.00059,
    2e-05,
    0.0,
    0.0
  ],
  "Utrecht": [
    0.0,
    0.0,
    0.0,
    0.0,
    0.0,
    0.3306,
    0.58832,
    0.06767,
    0.01209,
    0.00125,
    7e-05,
    0.0,
    0.0,
    0.0,
    0.0,
    0.0,
    0.0,
    0.0
  ],
  "Sparta Rotterdam": [
    0.0,
    0.0,
    0.0,
    0.0,
    0.0,
    0.0,
    0.0,
    0.0,
    0.0,
    0.00018,
    0.00108,
    0.00496,
    0.01527,
    0.05967,
    0.11419,
    0.17174,
    0.23935,
    0.39356
  ],
  "Zwolle": [
    0.0,
    0.0,
    0.0,
    0.0,
    0.0,
    0.0,
    0.0,
    0.0,
    0.0,
    0.00034,
    0.00271,
    0.00857,
    0.02755,
    0.1031,
    0.17173,
    0.2191,
    0.22815,
    0.23875
  ],
  "Vitesse": [
    0.0,
    0.0,
    0.0,
    0.0,
    0.0,
    0.65829,
    0.31469,
    0.02476,
    0.00218,
    8e-05,
    0.0,
    0.0,
    0.0,
    0.0,
    0.0,
    0.0,
    0.0,
    0.0
  ],
  "Willem II": [
    0.0,
    0.0,
    0.0,
    0.0,
    0.0,
    0.0,
    0.0,
    0.0,
    1e-05,
    0.00047,
    0.00315,
    0.01026,
    0.02936,
    0.08791,
    0.15217,
    0.20177,
    0.26293,
    0.25197
  ],
  "Feyenoord": [
    0.00052,
    0.02653,
    0.68114,
    0.25013,
    0.04168,
    0.0,
    0.0,
    0.0,
    0.0,
    0.0,
    0.0,
    0.0,
    0.0,
    0.0,
    0.0,
    0.0,
    0.0,
    0.0
  ]
}