{
  "Ein Frankfurt": [
    0.00316,
    0.01458,
    0.0413,
    0.08446,
    0.16673,
    0.31164,
    0.19969,
    0.11299,
    0.04285,
    0.01663,
    0.00455,
    0.00123,
    0.00016,
    3e-05,
    0.0,
    0.0,
    0.0,
    0.0
  ],
  "Bayern Munich": [
    0.50056,
    0.29128,
    0.12928,
    0.05632,
    0.01955,
    0.00277,
    0.0002,
    4e-05,
    0.0,
    0.0,
    0.0,
    0.0,
    0.0,
    0.0,
    0.0,
    0.0,
    0.0,
    0.0
  ],
  "Augsburg": [
    0.0,
    0.0,
    0.0,
    1e-05,
    0.00019,
    0.00232,
    0.00863,
    0.02105,
    0.04644,
    0.09464,
    0.15023,
    0.19529,
    0.19701,
    0.13782,
    0.08052,
    0.04209,
    0.01813,
    0.00563
  ],
  "Freiburg": [
    0.03382,
    0.09642,
    0.19709,
    0.246,
    0.26065,
    0.10933,
    0.03999,
    0.01316,
    0.00311,
    0.00039,
    3e-05,
    1e-05,
    0.0,
    0.0,
    0.0,
    0.0,
    0.0,
    0.0
  ],
  "Bochum": [
    0.0,
    0.0,
    0.0,
    0.0,
    1e-05,
    7e-05,
    0.00054,
    0.00186,
    0.0067,
    0.019,
    0.0437,
    0.08597,
    0.14051,
    0.19746,
    0.18748,
    0.15005,
    0.10513,
    0.06152
  ],
  "Mainz": [
    0.00014,
    0.00103,
    0.00515,
    0.019,
    0.05782,
    0.15375,
    0.22585,
    0.21702,
    0.16091,
    0.09024,
    0.04549,
    0.01719,
    0.00527,
    0.00103,
    0.0001,
    1e-05,
    0.0,
    0.0
  ],
  "M'gladbach": [
    0.0,
    1e-05,
    4e-05,
    0.00042,
    0.00264,
    0.01577,
    0.04524,
    0.08534,
    0.14033,
    0.19056,
    0.18964,
    0.15192,
    0.10001,
    0.04897,
    0.0194,
    0.00751,
    0.00183,
    0.00037
  ],
  "Hoffenheim": [
    0.0,
    0.0,
    0.0,
    0.0,
    0.0,
    0.0,
    2e-05,
    0.00014,
    0.0006,
    0.00263,
    0.00902,
    0.0224,
    0.04868,
    0.09587,
    0.14624,
    0.18572,
    0.22022,
    0.26846
  ],
  "Union Berlin": [
    0.06484,
    0.15527,
    0.24901,
    0.24138,
    0.17519,
    0.07919,
    0.02637,
    0.00719,
    0.00135,
    0.00018,
    3e-05,
    0.0,
    0.0,
    0.0,
    0.0,
    0.0,
    0.0,
    0.0
  ],
  "Hertha": [
    0.0,
    0.0,
    0.0,
    0.0,
    0.0,
    2e-05,
    6e-05,
    0.00042,
    0.00185,
    0.00658,
    0.01876,
    0.0414,
    0.08314,
    0.13781,
    0.17702,
    0.18898,
    0.18364,
    0.16032
  ],
  "Wolfsburg": [
    5e-05,
    0.00049,
    0.00254,
    0.01037,
    0.0378,
    0.11423,
    0.21656,
    0.21932,
    0.191,
    0.11316,
    0.05732,
    0.0254,
    0.00878,
    0.00246,
    0.00043,
    9e-05,
    0.0,
    0.0
  ],
  "Werder Bremen": [
    0.0,
    0.0,
    1e-05,
    0.00018,
    0.00169,
    0.00796,
    0.03033,
    0.06793,
    0.11991,
    0.18898,
    0.2048,
    0.17089,
    0.11267,
    0.05627,
    0.02542,
    0.00959,
    0.00297,
    0.0004
  ],
  "Dortmund": [
    0.35689,
    0.3379,
    0.17762,
    0.08602,
    0.03294,
    0.00722,
    0.00128,
    0.00013,
    0.0,
    0.0,
    0.0,
    0.0,
    0.0,
    0.0,
    0.0,
    0.0,
    0.0,
    0.0
  ],
  "Leverkusen": [
    3e-05,
    0.00013,
    0.00132,
    0.00554,
    0.01874,
    0.07021,
    0.15237,
    0.21144,
    0.21879,
    0.15808,
    0.09176,
    0.04499,
    0.01912,
    0.00584,
    0.00138,
    0.00025,
    1e-05,
    0.0
  ],
  "Stuttgart": [
    0.0,
    0.0,
    0.0,
    0.0,
    0.0,
    0.0,
    3e-05,
    0.0003,
    0.00098,
    0.00427,
    0.01161,
    0.02759,
    0.05863,
    0.11289,
    0.1612,
    0.19694,
    0.21946,
    0.2061
  ],
  "RB Leipzig": [
    0.04051,
    0.10289,
    0.19663,
    0.25029,
    0.22578,
    0.12321,
    0.04273,
    0.01387,
    0.00343,
    0.00057,
    9e-05,
    0.0,
    0.0,
    0.0,
    0.0,
    0.0,
    0.0,
    0.0
  ],
  "FC Koln": [
    0.0,
    0.0,
    1e-05,
    1e-05,
    0.00027,
    0.00231,
    0.0101,
    0.0277,
    0.0611,
    0.11182,
    0.16588,
    0.19685,
    0.18485,
    0.12145,
    0.06675,
    0.03288,
    0.01409,
    0.00393
  ],
  "Schalke 04": [
    0.0,
    0.0,
    0.0,
    0.0,
    0.0,
    0.0,
    1e-05,
    0.0001,
    0.00065,
    0.00227,
    0.00709,
    0.01887,
    0.04117,
    0.0821,
    0.13406,
    0.18589,
    0.23452,
    0.29327
  ]
}