{
  "Brentford": [
    1e-05,
    0.00025,
    0.00134,
    0.01055,
    0.02413,
    0.03953,
    0.05579,
    0.07351,
    0.09632,
    0.11725,
    0.12593,
    0.12878,
    0.11202,
    0.09139,
    0.06167,
    0.03591,
    0.01753,
    0.00691,
    0.00107,
    0.00011
  ],
  "Arsenal": [
    0.00198,
    0.01104,
    0.04436,
    0.15023,
    0.18543,
    0.16207,
    0.12807,
    0.09848,
    0.07298,
    0.05388,
    0.03776,
    0.0248,
    0.01561,
    0.00826,
    0.00341,
    0.00124,
    0.00032,
    8e-05,
    0.0,
    0.0
  ],
  "Man United": [
    0.00099,
    0.00544,
    0.02354,
    0.09661,
    0.14522,
    0.151,
    0.14013,
    0.11946,
    0.09643,
    0.07336,
    0.058,
    0.0394,
    0.02674,
    0.01385,
    0.00634,
    0.00242,
    0.00086,
    0.00019,
    2e-05,
    0.0
  ],
  "Leeds": [
    0.0,
    0.0,
    0.0,
    8e-05,
    0.00026,
    0.00095,
    0.00194,
    0.00409,
    0.00791,
    0.01375,
    0.02234,
    0.0385,
    0.06415,
    0.10335,
    0.15612,
    0.19329,
    0.195,
    0.14772,
    0.04438,
    0.00617
  ],
  "Burnley": [
    0.0,
    0.0,
    0.0,
    2e-05,
    2e-05,
    0.00017,
    0.00038,
    0.00074,
    0.00177,
    0.00361,
    0.00731,
    0.01373,
    0.02705,
    0.05372,
    0.09597,
    0.15273,
    0.21564,
    0.27659,
    0.12439,
    0.02616
  ],
  "Brighton": [
    0.00077,
    0.00529,
    0.02316,
    0.09504,
    0.14204,
    0.15029,
    0.1418,
    0.12059,
    0.09969,
    0.07463,
    0.0568,
    0.04,
    0.02561,
    0.01406,
    0.00678,
    0.00254,
    0.00068,
    0.00021,
    2e-05,
    0.0
  ],
  "Chelsea": [
    0.51354,
    0.28544,
    0.15362,
    0.03549,
    0.00833,
    0.00237,
    0.00079,
    0.00029,
    9e-05,
    3e-05,
    0.0,
    1e-05,
    0.0,
    0.0,
    0.0,
    0.0,
    0.0,
    0.0,
    0.0,
    0.0
  ],
  "Crystal Palace": [
    0.00017,
    0.00103,
    0.00752,
    0.03999,
    0.07781,
    0.1017,
    0.11717,
    0.12429,
    0.12201,
    0.11071,
    0.09241,
    0.0777,
    0.05786,
    0.03803,
    0.01851,
    0.00876,
    0.0033,
    0.00088,
    0.00014,
    1e-05
  ],
  "Everton": [
    0.0,
    4e-05,
    0.0004,
    0.00317,
    0.01012,
    0.01859,
    0.03115,
    0.04604,
    0.06472,
    0.08318,
    0.10467,
    0.12855,
    0.1599,
    0.14338,
    0.101,
    0.06028,
    0.03109,
    0.01146,
    0.00212,
    0.00014
  ],
  "Southampton": [
    0.0,
    2e-05,
    0.00025,
    0.00174,
    0.00518,
    0.01066,
    0.01894,
    0.029,
    0.04636,
    0.06661,
    0.08729,
    0.11416,
    0.13679,
    0.15336,
    0.13582,
    0.09941,
    0.0599,
    0.02833,
    0.0056,
    0.00058
  ],
  "Leicester": [
    8e-05,
    0.00056,
    0.00358,
    0.02199,
    0.04347,
    0.06567,
    0.08687,
    0.10257,
    0.11273,
    0.12152,
    0.12678,
    0.10814,
    0.08665,
    0.06008,
    0.03352,
    0.01687,
    0.00659,
    0.00215,
    0.00017,
    1e-05
  ],
  "Wolves": [
    6e-05,
    0.00042,
    0.00297,
    0.01776,
    0.03813,
    0.05875,
    0.07811,
    0.09596,
    0.1109,
    0.12382,
    0.1253,
    0.12007,
    0.09725,
    0.06723,
    0.03675,
    0.01756,
    0.0068,
    0.00188,
    0.00026,
    2e-05
  ],
  "Watford": [
    0.0,
    0.0,
    0.0,
    2e-05,
    0.0001,
    0.00026,
    0.00066,
    0.00153,
    0.00286,
    0.00574,
    0.01054,
    0.01993,
    0.04022,
    0.07381,
    0.12931,
    0.18705,
    0.22417,
    0.21198,
    0.07887,
    0.01295
  ],
  "Aston Villa": [
    0.0,
    0.0,
    0.0,
    0.00015,
    0.00048,
    0.0016,
    0.00289,
    0.00656,
    0.01155,
    0.01951,
    0.0316,
    0.05204,
    0.08331,
    0.13457,
    0.18246,
    0.18218,
    0.15744,
    0.10197,
    0.02806,
    0.00363
  ],
  "Norwich": [
    0.0,
    0.0,
    0.0,
    0.0,
    0.0,
    0.0,
    0.0,
    0.0,
    0.0,
    0.0,
    0.0,
    3e-05,
    9e-05,
    0.00038,
    0.00134,
    0.00445,
    0.01401,
    0.05108,
    0.24364,
    0.68498
  ],
  "Liverpool": [
    0.19362,
    0.29314,
    0.34164,
    0.11138,
    0.03723,
    0.01391,
    0.00547,
    0.00227,
    0.00083,
    0.00032,
    0.00016,
    3e-05,
    0.0,
    0.0,
    0.0,
    0.0,
    0.0,
    0.0,
    0.0,
    0.0
  ],
  "Newcastle": [
    0.0,
    0.0,
    0.0,
    0.0,
    0.0,
    0.0,
    1e-05,
    1e-05,
    3e-05,
    7e-05,
    0.00015,
    0.0005,
    0.00137,
    0.00392,
    0.01057,
    0.02655,
    0.06292,
    0.15749,
    0.47117,
    0.26524
  ],
  "West Ham": [
    0.01232,
    0.04354,
    0.12233,
    0.30691,
    0.19109,
    0.12112,
    0.07532,
    0.0511,
    0.03115,
    0.0204,
    0.0123,
    0.00691,
    0.00352,
    0.00147,
    0.00038,
    0.00014,
    0.0,
    0.0,
    0.0,
    0.0
  ],
  "Tottenham": [
    0.0001,
    0.0013,
    0.00743,
    0.03729,
    0.07069,
    0.09459,
    0.11161,
    0.12246,
    0.1212,
    0.11145,
    0.10061,
    0.08669,
    0.06185,
    0.03914,
    0.02005,
    0.00862,
    0.00375,
    0.00108,
    9e-05,
    0.0
  ],
  "Man City": [
    0.27636,
    0.35249,
    0.26786,
    0.07158,
    0.02027,
    0.00677,
    0.0029,
    0.00105,
    0.00047,
    0.00016,
    5e-05,
    3e-05,
    1e-05,
    0.0,
    0.0,
    0.0,
    0.0,
    0.0,
    0.0,
    0.0
  ]
}