{
  "Lyon": [
    0.0,
    0.00019,
    0.0014,
    0.00779,
    0.02264,
    0.05206,
    0.11563,
    0.25364,
    0.20026,
    0.13782,
    0.08956,
    0.0552,
    0.03202,
    0.01742,
    0.00788,
    0.00399,
    0.00166,
    0.00061,
    0.0002,
    3e-05
  ],
  "Ajaccio": [
    0.0,
    0.0,
    0.0,
    0.0,
    1e-05,
    2e-05,
    0.00015,
    0.00089,
    0.00387,
    0.00934,
    0.02048,
    0.0346,
    0.0531,
    0.07685,
    0.10839,
    0.13369,
    0.14721,
    0.15337,
    0.14613,
    0.1119
  ],
  "Strasbourg": [
    0.0,
    0.0,
    0.0,
    0.0,
    0.0,
    1e-05,
    4e-05,
    0.0003,
    0.00169,
    0.00459,
    0.01074,
    0.02148,
    0.03512,
    0.05962,
    0.09218,
    0.12319,
    0.15185,
    0.1733,
    0.18025,
    0.14564
  ],
  "Monaco": [
    0.00159,
    0.01688,
    0.05338,
    0.12807,
    0.19021,
    0.23197,
    0.22939,
    0.09347,
    0.03443,
    0.01347,
    0.00459,
    0.00173,
    0.00058,
    0.00015,
    8e-05,
    1e-05,
    0.0,
    0.0,
    0.0,
    0.0
  ],
  "Clermont": [
    1e-05,
    8e-05,
    0.00049,
    0.00277,
    0.01017,
    0.0268,
    0.072,
    0.18842,
    0.22284,
    0.17787,
    0.12393,
    0.07777,
    0.04702,
    0.0262,
    0.01372,
    0.00588,
    0.00261,
    0.00105,
    0.00028,
    9e-05
  ],
  "Paris SG": [
    0.77192,
    0.16228,
    0.0511,
    0.01127,
    0.00262,
    0.0007,
    9e-05,
    2e-05,
    0.0,
    0.0,
    0.0,
    0.0,
    0.0,
    0.0,
    0.0,
    0.0,
    0.0,
    0.0,
    0.0,
    0.0
  ],
  "Toulouse": [
    0.0,
    4e-05,
    0.00033,
    0.00209,
    0.00604,
    0.01825,
    0.05168,
    0.1436,
    0.20452,
    0.20506,
    0.14279,
    0.09585,
    0.05924,
    0.03535,
    0.01904,
    0.00944,
    0.00409,
    0.00193,
    0.00053,
    0.00013
  ],
  "Nice": [
    0.0,
    0.0,
    0.0,
    9e-05,
    0.00027,
    0.001,
    0.00514,
    0.02353,
    0.0536,
    0.09395,
    0.13001,
    0.14521,
    0.1489,
    0.13709,
    0.10242,
    0.06962,
    0.04476,
    0.02718,
    0.01283,
    0.0044
  ],
  "Angers": [
    0.0,
    0.0,
    0.0,
    0.0,
    0.0,
    0.0,
    0.0,
    2e-05,
    9e-05,
    0.00032,
    0.0011,
    0.00285,
    0.00748,
    0.0158,
    0.02975,
    0.05169,
    0.0854,
    0.13628,
    0.22406,
    0.44516
  ],
  "Nantes": [
    0.0,
    0.0,
    2e-05,
    5e-05,
    0.00038,
    0.0018,
    0.00829,
    0.03485,
    0.06132,
    0.0945,
    0.12578,
    0.14064,
    0.14028,
    0.12284,
    0.09679,
    0.07268,
    0.04812,
    0.02974,
    0.01633,
    0.00559
  ],
  "Lens": [
    0.12172,
    0.39468,
    0.28261,
    0.11804,
    0.05229,
    0.02187,
    0.00746,
    0.00113,
    0.00018,
    2e-05,
    0.0,
    0.0,
    0.0,
    0.0,
    0.0,
    0.0,
    0.0,
    0.0,
    0.0,
    0.0
  ],
  "Brest": [
    0.0,
    0.0,
    0.0,
    1e-05,
    0.0,
    3e-05,
    6e-05,
    0.00065,
    0.00254,
    0.00719,
    0.01623,
    0.03103,
    0.05335,
    0.07973,
    0.11235,
    0.13635,
    0.1577,
    0.15762,
    0.14576,
    0.0994
  ],
  "Lille": [
    0.00221,
    0.02155,
    0.06528,
    0.14657,
    0.20001,
    0.22813,
    0.20392,
    0.08336,
    0.03239,
    0.01098,
    0.0038,
    0.0013,
    0.00037,
    9e-05,
    4e-05,
    0.0,
    0.0,
    0.0,
    0.0,
    0.0
  ],
  "Auxerre": [
    0.0,
    0.0,
    0.0,
    0.0,
    0.0,
    0.0,
    4e-05,
    0.00026,
    0.0015,
    0.00453,
    0.01006,
    0.02148,
    0.0376,
    0.06201,
    0.09331,
    0.12176,
    0.14974,
    0.17154,
    0.18187,
    0.1443
  ],
  "Montpellier": [
    0.0,
    0.0,
    0.0,
    0.0,
    1e-05,
    0.00011,
    0.00053,
    0.00362,
    0.01061,
    0.02344,
    0.0427,
    0.0711,
    0.09784,
    0.12801,
    0.14574,
    0.14817,
    0.126,
    0.10023,
    0.06712,
    0.03477
  ],
  "Troyes": [
    0.0,
    0.0,
    1e-05,
    7e-05,
    0.0006,
    0.00245,
    0.00933,
    0.03695,
    0.07184,
    0.10744,
    0.14028,
    0.15633,
    0.1464,
    0.11911,
    0.0849,
    0.0563,
    0.03506,
    0.01994,
    0.00978,
    0.00321
  ],
  "Rennes": [
    0.00837,
    0.05517,
    0.13469,
    0.25175,
    0.22149,
    0.17009,
    0.10663,
    0.03531,
    0.01162,
    0.00348,
    0.00106,
    0.00025,
    8e-05,
    1e-05,
    0.0,
    0.0,
    0.0,
    0.0,
    0.0,
    0.0
  ],
  "Lorient": [
    0.09085,
    0.31624,
    0.3233,
    0.15055,
    0.07298,
    0.03156,
    0.01189,
    0.00223,
    0.00034,
    6e-05,
    0.0,
    0.0,
    0.0,
    0.0,
    0.0,
    0.0,
    0.0,
    0.0,
    0.0,
    0.0
  ],
  "Marseille": [
    0.00333,
    0.03289,
    0.08738,
    0.1808,
    0.21984,
    0.21122,
    0.16914,
    0.06333,
    0.02213,
    0.00688,
    0.00204,
    0.00064,
    0.00025,
    0.0001,
    2e-05,
    1e-05,
    0.0,
    0.0,
    0.0,
    0.0
  ],
  "Reims": [
    0.0,
    0.0,
    1e-05,
    8e-05,
    0.00044,
    0.00193,
    0.00859,
    0.03442,
    0.06423,
    0.09906,
    0.13485,
    0.14254,
    0.14037,
    0.11962,
    0.09339,
    0.06722,
    0.0458,
    0.02721,
    0.01486,
    0.00538
  ]
}