{
  "Crystal Palace": [
    0.0,
    0.0,
    0.0,
    0.0,
    0.0,
    0.0,
    0.0,
    0.0,
    0.00186,
    0.05162,
    0.36665,
    0.30557,
    0.20391,
    0.05928,
    0.01042,
    0.00066,
    3e-05,
    0.0,
    0.0,
    0.0
  ],
  "Arsenal": [
    0.15392,
    0.83857,
    0.00714,
    0.00037,
    0.0,
    0.0,
    0.0,
    0.0,
    0.0,
    0.0,
    0.0,
    0.0,
    0.0,
    0.0,
    0.0,
    0.0,
    0.0,
    0.0,
    0.0,
    0.0
  ],
  "Fulham": [
    0.0,
    0.0,
    0.0,
    0.0,
    3e-05,
    0.00044,
    0.00345,
    0.02187,
    0.14103,
    0.71712,
    0.0921,
    0.02092,
    0.00284,
    0.0002,
    0.0,
    0.0,
    0.0,
    0.0,
    0.0,
    0.0
  ],
  "Liverpool": [
    0.0,
    0.0,
    0.00154,
    0.02555,
    0.46875,
    0.28433,
    0.1412,
    0.06068,
    0.01591,
    0.00204,
    0.0,
    0.0,
    0.0,
    0.0,
    0.0,
    0.0,
    0.0,
    0.0,
    0.0,
    0.0
  ],
  "Bournemouth": [
    0.0,
    0.0,
    0.0,
    0.0,
    0.0,
    0.0,
    0.0,
    0.0,
    6e-05,
    0.00907,
    0.19883,
    0.26842,
    0.24614,
    0.19454,
    0.07932,
    0.00355,
    7e-05,
    0.0,
    0.0,
    0.0
  ],
  "Aston Villa": [
    0.0,
    0.0,
    0.0,
    0.00032,
    0.05797,
    0.14867,
    0.26546,
    0.40976,
    0.10852,
    0.00929,
    1e-05,
    0.0,
    0.0,
    0.0,
    0.0,
    0.0,
    0.0,
    0.0,
    0.0,
    0.0
  ],
  "Leeds": [
    0.0,
    0.0,
    0.0,
    0.0,
    0.0,
    0.0,
    0.0,
    0.0,
    0.0,
    0.0,
    0.0,
    4e-05,
    0.00076,
    0.00608,
    0.04814,
    0.18691,
    0.2611,
    0.27874,
    0.1934,
    0.02483
  ],
  "Wolves": [
    0.0,
    0.0,
    0.0,
    0.0,
    0.0,
    0.0,
    0.0,
    0.0,
    0.0,
    0.00092,
    0.03545,
    0.09611,
    0.22423,
    0.37515,
    0.23289,
    0.03193,
    0.00314,
    0.00018,
    0.0,
    0.0
  ],
  "Newcastle": [
    1e-05,
    0.00514,
    0.59568,
    0.37645,
    0.02016,
    0.00241,
    0.00015,
    0.0,
    0.0,
    0.0,
    0.0,
    0.0,
    0.0,
    0.0,
    0.0,
    0.0,
    0.0,
    0.0,
    0.0,
    0.0
  ],
  "Nott'm Forest": [
    0.0,
    0.0,
    0.0,
    0.0,
    0.0,
    0.0,
    0.0,
    0.0,
    0.0,
    0.0,
    2e-05,
    0.00029,
    0.00149,
    0.00554,
    0.03178,
    0.17725,
    0.2585,
    0.26121,
    0.20121,
    0.06271
  ],
  "Tottenham": [
    0.0,
    0.0,
    5e-05,
    0.00207,
    0.11435,
    0.22127,
    0.33726,
    0.2407,
    0.07738,
    0.00692,
    0.0,
    0.0,
    0.0,
    0.0,
    0.0,
    0.0,
    0.0,
    0.0,
    0.0,
    0.0
  ],
  "Southampton": [
    0.0,
    0.0,
    0.0,
    0.0,
    0.0,
    0.0,
    0.0,
    0.0,
    0.0,
    0.0,
    0.0,
    0.0,
    0.0,
    2e-05,
    0.00035,
    0.00894,
    0.02484,
    0.05426,
    0.13093,
    0.78066
  ],
  "Everton": [
    0.0,
    0.0,
    0.0,
    0.0,
    0.0,
    0.0,
    0.0,
    0.0,
    0.0,
    0.0,
    1e-05,
    9e-05,
    0.00104,
    0.00537,
    0.02221,
    0.14305,
    0.17925,
    0.21719,
    0.32752,
    0.10427
  ],
  "Chelsea": [
    0.0,
    0.0,
    0.0,
    0.0,
    0.0,
    0.0,
    0.0,
    0.00015,
    0.00277,
    0.05253,
    0.29689,
    0.26785,
    0.20852,
    0.12618,
    0.04283,
    0.00214,
    0.00014,
    0.0,
    0.0,
    0.0
  ],
  "Leicester": [
    0.0,
    0.0,
    0.0,
    0.0,
    0.0,
    0.0,
    0.0,
    0.0,
    0.0,
    0.0,
    5e-05,
    0.00062,
    0.00357,
    0.02145,
    0.09352,
    0.30895,
    0.22561,
    0.17361,
    0.1451,
    0.02752
  ],
  "Brentford": [
    0.0,
    0.0,
    0.0,
    0.0,
    0.0019,
    0.01126,
    0.04691,
    0.15228,
    0.6355,
    0.14911,
    0.00296,
    8e-05,
    0.0,
    0.0,
    0.0,
    0.0,
    0.0,
    0.0,
    0.0,
    0.0
  ],
  "Man United": [
    1e-05,
    0.00242,
    0.39207,
    0.56946,
    0.03194,
    0.00398,
    0.00012,
    0.0,
    0.0,
    0.0,
    0.0,
    0.0,
    0.0,
    0.0,
    0.0,
    0.0,
    0.0,
    0.0,
    0.0,
    0.0
  ],
  "Brighton": [
    0.0,
    0.0,
    0.00345,
    0.02578,
    0.3049,
    0.32764,
    0.20545,
    0.11456,
    0.01697,
    0.00125,
    0.0,
    0.0,
    0.0,
    0.0,
    0.0,
    0.0,
    0.0,
    0.0,
    0.0,
    0.0
  ],
  "West Ham": [
    0.0,
    0.0,
    0.0,
    0.0,
    0.0,
    0.0,
    0.0,
    0.0,
    0.0,
    0.00013,
    0.00703,
    0.04001,
    0.1075,
    0.20619,
    0.43854,
    0.13662,
    0.04732,
    0.01481,
    0.00184,
    1e-05
  ],
  "Man City": [
    0.84606,
    0.15387,
    7e-05,
    0.0,
    0.0,
    0.0,
    0.0,
    0.0,
    0.0,
    0.0,
    0.0,
    0.0,
    0.0,
    0.0,
    0.0,
    0.0,
    0.0,
    0.0,
    0.0,
    0.0
  ]
}