{
  "M'gladbach": [
    0.0,
    0.00021,
    0.00303,
    0.01331,
    0.0282,
    0.04784,
    0.07748,
    0.11993,
    0.16138,
    0.21612,
    0.26451,
    0.05212,
    0.01119,
    0.00329,
    0.00111,
    0.00019,
    9e-05,
    0.0
  ],
  "Leverkusen": [
    0.01852,
    0.72426,
    0.19774,
    0.04097,
    0.01233,
    0.00439,
    0.00139,
    0.00031,
    7e-05,
    2e-05,
    0.0,
    0.0,
    0.0,
    0.0,
    0.0,
    0.0,
    0.0,
    0.0
  ],
  "Augsburg": [
    0.0,
    0.0,
    0.0,
    1e-05,
    5e-05,
    0.00018,
    0.0005,
    0.00183,
    0.00602,
    0.0188,
    0.063,
    0.31274,
    0.22246,
    0.1551,
    0.10695,
    0.06988,
    0.03385,
    0.00863
  ],
  "Werder Bremen": [
    0.0,
    0.00035,
    0.0051,
    0.02322,
    0.04434,
    0.07518,
    0.11175,
    0.1587,
    0.19435,
    0.1902,
    0.16418,
    0.02538,
    0.00547,
    0.00143,
    0.00027,
    7e-05,
    1e-05,
    0.0
  ],
  "Freiburg": [
    0.0,
    0.00013,
    0.0025,
    0.01295,
    0.02715,
    0.0504,
    0.0833,
    0.12883,
    0.18901,
    0.23693,
    0.21868,
    0.03906,
    0.00839,
    0.00205,
    0.00051,
    0.0001,
    1e-05,
    0.0
  ],
  "Stuttgart": [
    1e-05,
    0.012,
    0.07383,
    0.17089,
    0.18806,
    0.17651,
    0.14909,
    0.1042,
    0.06801,
    0.03964,
    0.01626,
    0.00135,
    0.00013,
    1e-05,
    0.0,
    1e-05,
    0.0,
    0.0
  ],
  "Hoffenheim": [
    0.0,
    0.0,
    0.0,
    0.0,
    0.0,
    1e-05,
    2e-05,
    0.00023,
    0.00072,
    0.00289,
    0.01481,
    0.1073,
    0.14991,
    0.16698,
    0.17803,
    0.17049,
    0.14217,
    0.06644
  ],
  "Holstein Kiel": [
    0.0,
    0.0,
    0.0,
    0.0,
    0.0,
    0.0,
    0.0,
    4e-05,
    8e-05,
    0.00051,
    0.00326,
    0.03544,
    0.06567,
    0.09595,
    0.13442,
    0.18532,
    0.2677,
    0.21161
  ],
  "Mainz": [
    4e-05,
    0.01586,
    0.09678,
    0.21126,
    0.19963,
    0.16327,
    0.12476,
    0.08514,
    0.05446,
    0.03179,
    0.01563,
    0.00126,
    0.00011,
    0.0,
    1e-05,
    0.0,
    0.0,
    0.0
  ],
  "Union Berlin": [
    0.0,
    0.0,
    0.0,
    0.0,
    0.0,
    2e-05,
    2e-05,
    0.00032,
    0.001,
    0.00477,
    0.02213,
    0.1618,
    0.19548,
    0.18754,
    0.16795,
    0.13868,
    0.09076,
    0.02953
  ],
  "RB Leipzig": [
    0.0,
    0.01118,
    0.07284,
    0.17431,
    0.18712,
    0.17357,
    0.14573,
    0.10795,
    0.07004,
    0.03838,
    0.01771,
    0.0011,
    6e-05,
    1e-05,
    0.0,
    0.0,
    0.0,
    0.0
  ],
  "Bochum": [
    0.0,
    0.0,
    0.0,
    0.0,
    0.0,
    0.0,
    0.0,
    0.0,
    0.0,
    5e-05,
    0.00027,
    0.00512,
    0.01517,
    0.02978,
    0.05514,
    0.10457,
    0.21827,
    0.57163
  ],
  "Dortmund": [
    0.0,
    0.00069,
    0.00852,
    0.03598,
    0.0645,
    0.09642,
    0.13461,
    0.17093,
    0.16976,
    0.15906,
    0.13501,
    0.02003,
    0.00344,
    0.00085,
    0.00014,
    6e-05,
    0.0,
    0.0
  ],
  "Ein Frankfurt": [
    0.00134,
    0.20659,
    0.47848,
    0.16923,
    0.07733,
    0.03734,
    0.01714,
    0.00775,
    0.00327,
    0.00119,
    0.00034,
    0.0,
    0.0,
    0.0,
    0.0,
    0.0,
    0.0,
    0.0
  ],
  "Wolfsburg": [
    0.0,
    0.0094,
    0.06063,
    0.14784,
    0.17129,
    0.17482,
    0.15416,
    0.11342,
    0.0803,
    0.05349,
    0.03129,
    0.00302,
    0.00032,
    2e-05,
    0.0,
    0.0,
    0.0,
    0.0
  ],
  "Bayern Munich": [
    0.98009,
    0.01933,
    0.00055,
    3e-05,
    0.0,
    0.0,
    0.0,
    0.0,
    0.0,
    0.0,
    0.0,
    0.0,
    0.0,
    0.0,
    0.0,
    0.0,
    0.0,
    0.0
  ],
  "St Pauli": [
    0.0,
    0.0,
    0.0,
    0.0,
    0.0,
    1e-05,
    1e-05,
    0.00012,
    0.00063,
    0.00252,
    0.01524,
    0.11771,
    0.16483,
    0.18366,
    0.18017,
    0.16643,
    0.11973,
    0.04894
  ],
  "Heidenheim": [
    0.0,
    0.0,
    0.0,
    0.0,
    0.0,
    4e-05,
    4e-05,
    0.0003,
    0.0009,
    0.00364,
    0.01768,
    0.11657,
    0.15737,
    0.17333,
    0.1753,
    0.1642,
    0.12741,
    0.06322
  ]
}