{
  "Genoa": [
    0.0,
    0.0,
    0.0,
    0.0,
    0.0,
    0.0,
    0.0,
    8e-05,
    0.00014,
    0.00034,
    0.00104,
    0.00232,
    0.00653,
    0.01518,
    0.03767,
    0.06632,
    0.11351,
    0.1907,
    0.2821,
    0.28407
  ],
  "Inter": [
    0.18384,
    0.24897,
    0.19926,
    0.15062,
    0.10757,
    0.0678,
    0.03453,
    0.00581,
    0.00117,
    0.00032,
    8e-05,
    2e-05,
    1e-05,
    0.0,
    0.0,
    0.0,
    0.0,
    0.0,
    0.0,
    0.0
  ],
  "Parma": [
    1e-05,
    1e-05,
    8e-05,
    0.00025,
    0.00105,
    0.00388,
    0.015,
    0.06266,
    0.09181,
    0.11181,
    0.1279,
    0.13922,
    0.14025,
    0.12359,
    0.08388,
    0.05122,
    0.02903,
    0.013,
    0.00444,
    0.00091
  ],
  "Fiorentina": [
    0.13621,
    0.21571,
    0.20924,
    0.17103,
    0.12712,
    0.08508,
    0.04419,
    0.00852,
    0.0021,
    0.00055,
    0.00021,
    2e-05,
    2e-05,
    0.0,
    0.0,
    0.0,
    0.0,
    0.0,
    0.0,
    0.0
  ],
  "Empoli": [
    0.0,
    4e-05,
    0.00021,
    0.00072,
    0.003,
    0.00942,
    0.0341,
    0.11857,
    0.1471,
    0.15305,
    0.14946,
    0.13362,
    0.10721,
    0.07361,
    0.03945,
    0.01911,
    0.00801,
    0.00269,
    0.00059,
    4e-05
  ],
  "Monza": [
    0.0,
    0.0,
    0.0,
    5e-05,
    0.00017,
    0.001,
    0.00502,
    0.02454,
    0.04525,
    0.06778,
    0.09272,
    0.12052,
    0.15401,
    0.16871,
    0.13602,
    0.09601,
    0.05282,
    0.02451,
    0.00879,
    0.00208
  ],
  "Milan": [
    0.01279,
    0.04325,
    0.07811,
    0.11935,
    0.16484,
    0.21341,
    0.23972,
    0.07661,
    0.02947,
    0.01262,
    0.00582,
    0.00243,
    0.00098,
    0.00041,
    0.00018,
    1e-05,
    0.0,
    0.0,
    0.0,
    0.0
  ],
  "Torino": [
    2e-05,
    4e-05,
    0.00033,
    0.00112,
    0.00337,
    0.01079,
    0.03706,
    0.13019,
    0.14795,
    0.14791,
    0.14349,
    0.12671,
    0.10492,
    0.0758,
    0.04179,
    0.01894,
    0.00717,
    0.00195,
    0.00042,
    3e-05
  ],
  "Bologna": [
    1e-05,
    9e-05,
    0.00035,
    0.00124,
    0.00407,
    0.01286,
    0.04131,
    0.13426,
    0.15407,
    0.15399,
    0.14129,
    0.12613,
    0.10039,
    0.06605,
    0.03759,
    0.01741,
    0.00653,
    0.00201,
    0.0003,
    5e-05
  ],
  "Udinese": [
    2e-05,
    0.00017,
    0.00099,
    0.00303,
    0.0083,
    0.0233,
    0.0687,
    0.19583,
    0.18034,
    0.1528,
    0.12161,
    0.0954,
    0.06932,
    0.04272,
    0.02332,
    0.0095,
    0.00338,
    0.00105,
    0.00019,
    3e-05
  ],
  "Verona": [
    0.0,
    0.0,
    0.0,
    0.0,
    0.0,
    2e-05,
    9e-05,
    0.0011,
    0.00335,
    0.00675,
    0.0133,
    0.02362,
    0.04319,
    0.07713,
    0.12444,
    0.18573,
    0.20685,
    0.16734,
    0.10232,
    0.04477
  ],
  "Napoli": [
    0.55397,
    0.22081,
    0.11197,
    0.06138,
    0.03101,
    0.01484,
    0.00543,
    0.00047,
    0.00012,
    0.0,
    0.0,
    0.0,
    0.0,
    0.0,
    0.0,
    0.0,
    0.0,
    0.0,
    0.0,
    0.0
  ],
  "Cagliari": [
    0.0,
    0.0,
    0.0,
    0.0,
    0.0,
    1e-05,
    0.0,
    0.00015,
    0.00065,
    0.00156,
    0.00406,
    0.00843,
    0.01939,
    0.04001,
    0.07714,
    0.12897,
    0.18728,
    0.23751,
    0.19155,
    0.10329
  ],
  "Roma": [
    0.0,
    5e-05,
    0.00014,
    0.00095,
    0.00245,
    0.00829,
    0.03141,
    0.11208,
    0.1418,
    0.14753,
    0.14321,
    0.13306,
    0.10937,
    0.08176,
    0.04781,
    0.02493,
    0.01068,
    0.00337,
    0.00103,
    8e-05
  ],
  "Lazio": [
    0.03846,
    0.08758,
    0.12925,
    0.16328,
    0.18625,
    0.18792,
    0.14756,
    0.03995,
    0.01265,
    0.00433,
    0.00181,
    0.00068,
    0.0002,
    6e-05,
    2e-05,
    0.0,
    0.0,
    0.0,
    0.0,
    0.0
  ],
  "Venezia": [
    0.0,
    0.0,
    0.0,
    0.0,
    2e-05,
    2e-05,
    0.00017,
    0.0019,
    0.00537,
    0.01119,
    0.02067,
    0.03547,
    0.06003,
    0.10231,
    0.14886,
    0.17998,
    0.18212,
    0.14093,
    0.08003,
    0.03093
  ],
  "Lecce": [
    0.0,
    0.0,
    0.0,
    0.0,
    0.0,
    0.0,
    0.0,
    0.0,
    0.0,
    4e-05,
    9e-05,
    0.0004,
    0.00102,
    0.00356,
    0.00938,
    0.02263,
    0.05284,
    0.12389,
    0.27544,
    0.51071
  ],
  "Atalanta": [
    0.02563,
    0.06527,
    0.10509,
    0.14197,
    0.17651,
    0.20342,
    0.19015,
    0.05826,
    0.02025,
    0.00809,
    0.00335,
    0.00137,
    0.00043,
    0.00012,
    7e-05,
    1e-05,
    0.0,
    1e-05,
    0.0,
    0.0
  ],
  "Juventus": [
    0.04904,
    0.11801,
    0.16498,
    0.18501,
    0.18425,
    0.15789,
    0.10511,
    0.02505,
    0.00745,
    0.00225,
    0.00061,
    0.00025,
    7e-05,
    3e-05,
    0.0,
    0.0,
    0.0,
    0.0,
    0.0,
    0.0
  ],
  "Como": [
    0.0,
    0.0,
    0.0,
    0.0,
    2e-05,
    5e-05,
    0.00045,
    0.00397,
    0.00896,
    0.01709,
    0.02928,
    0.05033,
    0.08266,
    0.12895,
    0.19238,
    0.17923,
    0.13978,
    0.09104,
    0.0528,
    0.02301
  ]
}