{
  "Ein Frankfurt": [
    0.06906,
    0.11348,
    0.17831,
    0.2431,
    0.18484,
    0.1046,
    0.05635,
    0.02649,
    0.01319,
    0.00641,
    0.00259,
    0.00106,
    0.0004,
    0.00011,
    1e-05,
    0.0,
    0.0,
    0.0
  ],
  "Bayern Munich": [
    0.23778,
    0.2566,
    0.24211,
    0.1373,
    0.0707,
    0.0332,
    0.01393,
    0.00532,
    0.00203,
    0.00071,
    0.00027,
    5e-05,
    0.0,
    0.0,
    0.0,
    0.0,
    0.0,
    0.0
  ],
  "Augsburg": [
    0.0,
    0.0,
    0.0,
    0.0,
    1e-05,
    8e-05,
    0.0002,
    0.00055,
    0.00133,
    0.00295,
    0.0067,
    0.01451,
    0.02876,
    0.057,
    0.1046,
    0.18696,
    0.28866,
    0.30769
  ],
  "Freiburg": [
    0.00079,
    0.0042,
    0.01478,
    0.04383,
    0.08446,
    0.13784,
    0.16711,
    0.16171,
    0.13647,
    0.10262,
    0.07092,
    0.04253,
    0.02118,
    0.00863,
    0.00244,
    0.00048,
    1e-05,
    0.0
  ],
  "Bochum": [
    0.0,
    0.0,
    2e-05,
    8e-05,
    0.00081,
    0.00285,
    0.00797,
    0.01695,
    0.03081,
    0.05095,
    0.07943,
    0.12019,
    0.1643,
    0.1828,
    0.16273,
    0.10838,
    0.05321,
    0.01852
  ],
  "Mainz": [
    1e-05,
    0.00034,
    0.00123,
    0.00543,
    0.01285,
    0.03023,
    0.05139,
    0.07312,
    0.09549,
    0.11946,
    0.13665,
    0.1437,
    0.12512,
    0.0959,
    0.06145,
    0.0331,
    0.01214,
    0.00239
  ],
  "M'gladbach": [
    0.00015,
    0.00086,
    0.00443,
    0.01509,
    0.03534,
    0.06768,
    0.10427,
    0.12735,
    0.14278,
    0.13988,
    0.12662,
    0.09871,
    0.06725,
    0.03936,
    0.02002,
    0.0077,
    0.00212,
    0.00039
  ],
  "Hoffenheim": [
    0.0,
    1e-05,
    3e-05,
    0.00016,
    0.00111,
    0.00321,
    0.00764,
    0.01456,
    0.02641,
    0.04205,
    0.06663,
    0.0975,
    0.13134,
    0.1565,
    0.16853,
    0.14236,
    0.09379,
    0.04817
  ],
  "Union Berlin": [
    0.39768,
    0.26527,
    0.16893,
    0.09442,
    0.04637,
    0.0172,
    0.00679,
    0.00238,
    0.0006,
    0.00029,
    7e-05,
    0.0,
    0.0,
    0.0,
    0.0,
    0.0,
    0.0,
    0.0
  ],
  "Hertha": [
    0.0,
    0.0,
    2e-05,
    0.00025,
    0.00108,
    0.00352,
    0.01018,
    0.0197,
    0.03213,
    0.0508,
    0.07798,
    0.10965,
    0.1409,
    0.15755,
    0.15559,
    0.12058,
    0.08005,
    0.04002
  ],
  "Wolfsburg": [
    0.01517,
    0.04697,
    0.09901,
    0.18155,
    0.22728,
    0.17057,
    0.10752,
    0.06613,
    0.03962,
    0.02342,
    0.01235,
    0.00611,
    0.00286,
    0.00095,
    0.00036,
    0.0001,
    3e-05,
    0.0
  ],
  "Werder Bremen": [
    6e-05,
    0.00044,
    0.00223,
    0.0077,
    0.02365,
    0.04604,
    0.07583,
    0.10433,
    0.12367,
    0.13481,
    0.13423,
    0.11992,
    0.09414,
    0.067,
    0.03938,
    0.01872,
    0.00663,
    0.00122
  ],
  "Dortmund": [
    0.27109,
    0.28291,
    0.21899,
    0.12658,
    0.0611,
    0.02509,
    0.00927,
    0.00338,
    0.00119,
    0.00028,
    0.0001,
    2e-05,
    0.0,
    0.0,
    0.0,
    0.0,
    0.0,
    0.0
  ],
  "Leverkusen": [
    0.00014,
    0.00082,
    0.00428,
    0.01388,
    0.0347,
    0.07387,
    0.10718,
    0.12745,
    0.13426,
    0.13498,
    0.12058,
    0.09734,
    0.07083,
    0.04307,
    0.02341,
    0.00939,
    0.00324,
    0.00058
  ],
  "Stuttgart": [
    0.0,
    0.0,
    0.0,
    0.0,
    0.0,
    2e-05,
    6e-05,
    0.00032,
    0.00092,
    0.00246,
    0.00532,
    0.01192,
    0.02409,
    0.04616,
    0.08419,
    0.1514,
    0.25381,
    0.41933
  ],
  "RB Leipzig": [
    0.00792,
    0.02696,
    0.06124,
    0.11469,
    0.177,
    0.20209,
    0.15053,
    0.10391,
    0.06772,
    0.04321,
    0.02421,
    0.01253,
    0.00514,
    0.00218,
    0.00056,
    9e-05,
    2e-05,
    0.0
  ],
  "FC Koln": [
    0.00015,
    0.00114,
    0.00439,
    0.01594,
    0.03865,
    0.08178,
    0.12307,
    0.14454,
    0.14637,
    0.13385,
    0.11307,
    0.08308,
    0.05537,
    0.03358,
    0.01646,
    0.00655,
    0.0017,
    0.00031
  ],
  "Schalke 04": [
    0.0,
    0.0,
    0.0,
    0.0,
    5e-05,
    0.00013,
    0.00071,
    0.00181,
    0.00501,
    0.01087,
    0.02228,
    0.04118,
    0.06832,
    0.10921,
    0.16027,
    0.21419,
    0.20459,
    0.16138
  ]
}