{
  "Le Havre": [
    0.0,
    0.0,
    0.0,
    0.0,
    0.0,
    0.0,
    0.0,
    1e-05,
    1e-05,
    1e-05,
    4e-05,
    0.00028,
    0.0013,
    0.00468,
    0.0234,
    0.14437,
    0.50517,
    0.32073
  ],
  "Paris SG": [
    0.96716,
    0.03147,
    0.00127,
    8e-05,
    2e-05,
    0.0,
    0.0,
    0.0,
    0.0,
    0.0,
    0.0,
    0.0,
    0.0,
    0.0,
    0.0,
    0.0,
    0.0,
    0.0
  ],
  "Brest": [
    0.0,
    4e-05,
    0.00052,
    0.00216,
    0.00706,
    0.01835,
    0.04506,
    0.08825,
    0.12558,
    0.15183,
    0.15713,
    0.14816,
    0.12293,
    0.08442,
    0.04044,
    0.00764,
    0.00039,
    4e-05
  ],
  "Marseille": [
    0.03101,
    0.75324,
    0.14366,
    0.04651,
    0.01762,
    0.00579,
    0.00177,
    0.00032,
    8e-05,
    0.0,
    0.0,
    0.0,
    0.0,
    0.0,
    0.0,
    0.0,
    0.0,
    0.0
  ],
  "Reims": [
    0.0,
    0.0,
    0.00022,
    0.00087,
    0.00339,
    0.01105,
    0.02762,
    0.06317,
    0.10086,
    0.13853,
    0.16271,
    0.16612,
    0.14555,
    0.10791,
    0.05879,
    0.0124,
    0.0008,
    1e-05
  ],
  "Lille": [
    0.00028,
    0.03812,
    0.17585,
    0.21597,
    0.21416,
    0.16988,
    0.10394,
    0.04818,
    0.02135,
    0.00829,
    0.00304,
    0.00068,
    0.00023,
    2e-05,
    1e-05,
    0.0,
    0.0,
    0.0
  ],
  "Monaco": [
    0.00082,
    0.08179,
    0.27685,
    0.23915,
    0.18214,
    0.11911,
    0.06216,
    0.02523,
    0.0084,
    0.00297,
    0.00101,
    0.00029,
    7e-05,
    1e-05,
    0.0,
    0.0,
    0.0,
    0.0
  ],
  "St Etienne": [
    0.0,
    0.0,
    0.0,
    0.0,
    0.0,
    0.0,
    2e-05,
    0.00011,
    0.00039,
    0.0011,
    0.00281,
    0.00865,
    0.02363,
    0.05984,
    0.16754,
    0.53035,
    0.17065,
    0.03491
  ],
  "Auxerre": [
    0.0,
    7e-05,
    0.00107,
    0.00374,
    0.01005,
    0.02391,
    0.06134,
    0.11269,
    0.14699,
    0.16541,
    0.15712,
    0.13628,
    0.09627,
    0.05849,
    0.02332,
    0.00311,
    0.00014,
    0.0
  ],
  "Nice": [
    0.00061,
    0.07119,
    0.25604,
    0.23715,
    0.18738,
    0.12976,
    0.07006,
    0.02909,
    0.01211,
    0.00441,
    0.00161,
    0.00046,
    0.00011,
    2e-05,
    0.0,
    0.0,
    0.0,
    0.0
  ],
  "Angers": [
    0.0,
    0.0,
    0.0,
    5e-05,
    0.00029,
    0.00105,
    0.004,
    0.01187,
    0.02881,
    0.05439,
    0.08777,
    0.13003,
    0.1798,
    0.23384,
    0.19704,
    0.06362,
    0.00699,
    0.00045
  ],
  "Lens": [
    1e-05,
    0.00555,
    0.04032,
    0.08057,
    0.12882,
    0.18559,
    0.22037,
    0.1576,
    0.09192,
    0.04814,
    0.02399,
    0.01104,
    0.00449,
    0.00129,
    0.00029,
    1e-05,
    0.0,
    0.0
  ],
  "Montpellier": [
    0.0,
    0.0,
    0.0,
    0.0,
    0.0,
    0.0,
    0.0,
    0.0,
    1e-05,
    0.0,
    3e-05,
    1e-05,
    0.00028,
    0.00134,
    0.00828,
    0.05912,
    0.28983,
    0.6411
  ],
  "Strasbourg": [
    0.0,
    0.00029,
    0.00388,
    0.01215,
    0.02909,
    0.05915,
    0.11247,
    0.17153,
    0.18637,
    0.14944,
    0.10979,
    0.07752,
    0.05101,
    0.02644,
    0.00971,
    0.00112,
    4e-05,
    0.0
  ],
  "Toulouse": [
    0.0,
    0.00024,
    0.00315,
    0.01089,
    0.02635,
    0.05868,
    0.11586,
    0.17408,
    0.17358,
    0.15022,
    0.11541,
    0.08217,
    0.05276,
    0.02662,
    0.00887,
    0.0011,
    2e-05,
    0.0
  ],
  "Nantes": [
    0.0,
    0.0,
    0.0,
    2e-05,
    0.00015,
    0.00047,
    0.00215,
    0.00637,
    0.01376,
    0.02626,
    0.04457,
    0.07313,
    0.12784,
    0.20833,
    0.33338,
    0.13869,
    0.02231,
    0.00257
  ],
  "Rennes": [
    0.0,
    0.0,
    3e-05,
    0.00016,
    0.00069,
    0.00279,
    0.00885,
    0.02605,
    0.04815,
    0.07803,
    0.12402,
    0.16125,
    0.19238,
    0.18637,
    0.12891,
    0.03847,
    0.00366,
    0.00019
  ],
  "Lyon": [
    0.00011,
    0.018,
    0.09714,
    0.15053,
    0.19279,
    0.21442,
    0.16433,
    0.08545,
    0.04163,
    0.02097,
    0.00895,
    0.00393,
    0.00135,
    0.00038,
    2e-05,
    0.0,
    0.0,
    0.0
  ]
}