{
  "M'gladbach": [
    0.0,
    0.00026,
    0.02628,
    0.10415,
    0.12862,
    0.13538,
    0.14385,
    0.15718,
    0.14226,
    0.09881,
    0.04681,
    0.0153,
    0.001,
    0.0001,
    0.0,
    0.0,
    0.0,
    0.0
  ],
  "Leverkusen": [
    0.03234,
    0.91115,
    0.05388,
    0.00228,
    0.00025,
    8e-05,
    2e-05,
    0.0,
    0.0,
    0.0,
    0.0,
    0.0,
    0.0,
    0.0,
    0.0,
    0.0,
    0.0,
    0.0
  ],
  "Augsburg": [
    0.0,
    0.0,
    4e-05,
    0.00042,
    0.0017,
    0.00524,
    0.01247,
    0.02587,
    0.05668,
    0.12255,
    0.25648,
    0.33334,
    0.12998,
    0.04565,
    0.00896,
    0.00061,
    1e-05,
    0.0
  ],
  "Werder Bremen": [
    0.0,
    0.0,
    0.00156,
    0.00994,
    0.02135,
    0.03935,
    0.06406,
    0.10493,
    0.1704,
    0.27618,
    0.19515,
    0.0905,
    0.02153,
    0.00443,
    0.00059,
    3e-05,
    0.0,
    0.0
  ],
  "Freiburg": [
    0.0,
    0.00043,
    0.03648,
    0.11988,
    0.14554,
    0.15783,
    0.15932,
    0.15173,
    0.12423,
    0.06906,
    0.02718,
    0.00733,
    0.00088,
    0.00011,
    0.0,
    0.0,
    0.0,
    0.0
  ],
  "Stuttgart": [
    0.0,
    0.00082,
    0.05384,
    0.15062,
    0.17788,
    0.18049,
    0.16848,
    0.12636,
    0.08339,
    0.03965,
    0.01447,
    0.00363,
    0.00033,
    4e-05,
    0.0,
    0.0,
    0.0,
    0.0
  ],
  "Hoffenheim": [
    0.0,
    0.0,
    0.0,
    0.0,
    0.0,
    2e-05,
    4e-05,
    0.00028,
    0.00122,
    0.00504,
    0.0214,
    0.07091,
    0.23118,
    0.32633,
    0.26809,
    0.06425,
    0.01049,
    0.00075
  ],
  "Holstein Kiel": [
    0.0,
    0.0,
    0.0,
    0.0,
    0.0,
    0.0,
    0.0,
    0.0,
    0.0,
    0.0,
    1e-05,
    0.00025,
    0.00212,
    0.00906,
    0.04021,
    0.2085,
    0.43058,
    0.30927
  ],
  "Mainz": [
    0.0,
    0.00035,
    0.02652,
    0.09306,
    0.12015,
    0.13592,
    0.14569,
    0.16165,
    0.15333,
    0.10026,
    0.04753,
    0.01439,
    0.0011,
    5e-05,
    0.0,
    0.0,
    0.0,
    0.0
  ],
  "Union Berlin": [
    0.0,
    0.0,
    0.0,
    0.0,
    1e-05,
    1e-05,
    0.00028,
    0.00091,
    0.00275,
    0.01481,
    0.05098,
    0.13599,
    0.36585,
    0.27276,
    0.13044,
    0.02238,
    0.00264,
    0.00019
  ],
  "RB Leipzig": [
    0.0,
    0.00123,
    0.09924,
    0.23784,
    0.19253,
    0.15545,
    0.12272,
    0.08923,
    0.06376,
    0.02798,
    0.00857,
    0.00141,
    4e-05,
    0.0,
    0.0,
    0.0,
    0.0,
    0.0
  ],
  "Bochum": [
    0.0,
    0.0,
    0.0,
    0.0,
    0.0,
    0.0,
    0.0,
    0.0,
    0.0,
    1e-05,
    0.00011,
    0.00111,
    0.01207,
    0.04185,
    0.1295,
    0.48407,
    0.25136,
    0.07992
  ],
  "Dortmund": [
    0.0,
    0.0,
    4e-05,
    0.00147,
    0.00432,
    0.00939,
    0.01925,
    0.03749,
    0.0772,
    0.1584,
    0.28276,
    0.28049,
    0.09318,
    0.02948,
    0.00632,
    0.0002,
    1e-05,
    0.0
  ],
  "Ein Frankfurt": [
    0.00024,
    0.05319,
    0.66724,
    0.16166,
    0.06436,
    0.02907,
    0.0148,
    0.00621,
    0.00237,
    0.00073,
    0.00013,
    0.0,
    0.0,
    0.0,
    0.0,
    0.0,
    0.0,
    0.0
  ],
  "Wolfsburg": [
    0.0,
    0.00023,
    0.03464,
    0.11868,
    0.14329,
    0.15177,
    0.14901,
    0.13811,
    0.12228,
    0.0849,
    0.04115,
    0.0139,
    0.00185,
    0.00018,
    1e-05,
    0.0,
    0.0,
    0.0
  ],
  "Bayern Munich": [
    0.96742,
    0.03234,
    0.00024,
    0.0,
    0.0,
    0.0,
    0.0,
    0.0,
    0.0,
    0.0,
    0.0,
    0.0,
    0.0,
    0.0,
    0.0,
    0.0,
    0.0,
    0.0
  ],
  "St Pauli": [
    0.0,
    0.0,
    0.0,
    0.0,
    0.0,
    0.0,
    1e-05,
    5e-05,
    0.00013,
    0.00162,
    0.00726,
    0.03145,
    0.13859,
    0.26813,
    0.40565,
    0.12106,
    0.02419,
    0.00186
  ],
  "Heidenheim": [
    0.0,
    0.0,
    0.0,
    0.0,
    0.0,
    0.0,
    0.0,
    0.0,
    0.0,
    0.0,
    1e-05,
    0.0,
    0.0003,
    0.00183,
    0.01023,
    0.0989,
    0.28072,
    0.60801
  ]
}