{
  "Famalicao": [
    0.0,
    0.0,
    0.0,
    1e-05,
    5e-05,
    0.00058,
    0.01898,
    0.03504,
    0.04569,
    0.05291,
    0.0634,
    0.07399,
    0.08322,
    0.09476,
    0.10558,
    0.12108,
    0.13915,
    0.16556
  ],
  "Benfica": [
    0.01108,
    0.08968,
    0.26917,
    0.27721,
    0.2184,
    0.12699,
    0.00665,
    0.00073,
    8e-05,
    1e-05,
    0.0,
    0.0,
    0.0,
    0.0,
    0.0,
    0.0,
    0.0,
    0.0
  ],
  "Guimaraes": [
    0.00114,
    0.01573,
    0.07646,
    0.14418,
    0.25037,
    0.4558,
    0.04274,
    0.00892,
    0.00297,
    0.00109,
    0.00039,
    0.00013,
    6e-05,
    1e-05,
    1e-05,
    0.0,
    0.0,
    0.0
  ],
  "Belenenses": [
    0.0,
    0.0,
    0.0,
    0.0,
    0.00014,
    0.00169,
    0.04055,
    0.05617,
    0.06758,
    0.07731,
    0.08423,
    0.09105,
    0.09384,
    0.09793,
    0.09983,
    0.10037,
    0.09894,
    0.09037
  ],
  "Nacional": [
    0.0,
    0.0,
    1e-05,
    0.00013,
    0.00062,
    0.00813,
    0.11618,
    0.12586,
    0.12152,
    0.11373,
    0.10102,
    0.08975,
    0.07945,
    0.06969,
    0.06134,
    0.04958,
    0.03682,
    0.02617
  ],
  "Boavista": [
    0.0,
    0.0,
    0.0,
    0.0,
    6e-05,
    0.00095,
    0.02078,
    0.03608,
    0.04892,
    0.06059,
    0.07168,
    0.07904,
    0.08847,
    0.09886,
    0.10897,
    0.11456,
    0.1264,
    0.14464
  ],
  "Porto": [
    0.20814,
    0.55628,
    0.15431,
    0.0557,
    0.01986,
    0.00564,
    7e-05,
    0.0,
    0.0,
    0.0,
    0.0,
    0.0,
    0.0,
    0.0,
    0.0,
    0.0,
    0.0,
    0.0
  ],
  "Sp Braga": [
    0.01179,
    0.09849,
    0.30289,
    0.27182,
    0.1997,
    0.1093,
    0.00525,
    0.00058,
    0.00012,
    5e-05,
    0.0,
    1e-05,
    0.0,
    0.0,
    0.0,
    0.0,
    0.0,
    0.0
  ],
  "Santa Clara": [
    0.0,
    1e-05,
    0.0002,
    0.00123,
    0.00766,
    0.0436,
    0.35141,
    0.20754,
    0.13017,
    0.08405,
    0.05563,
    0.04035,
    0.02885,
    0.01982,
    0.01353,
    0.00856,
    0.00515,
    0.00224
  ],
  "Maritimo": [
    0.0,
    0.0,
    0.0,
    5e-05,
    0.00043,
    0.00554,
    0.07238,
    0.0968,
    0.10733,
    0.11207,
    0.10625,
    0.09878,
    0.09234,
    0.08183,
    0.0732,
    0.06362,
    0.0528,
    0.03658
  ],
  "Moreirense": [
    0.0,
    0.0,
    0.0,
    0.0001,
    0.00102,
    0.00994,
    0.11983,
    0.14249,
    0.13878,
    0.11956,
    0.10327,
    0.08806,
    0.07397,
    0.06361,
    0.05124,
    0.04049,
    0.02977,
    0.01787
  ],
  "Farense": [
    0.0,
    0.0,
    0.0,
    0.0,
    7e-05,
    0.00105,
    0.01807,
    0.03642,
    0.04841,
    0.06171,
    0.07022,
    0.0793,
    0.08785,
    0.09564,
    0.10448,
    0.11565,
    0.13096,
    0.15017
  ],
  "Tondela": [
    0.0,
    0.0,
    0.0,
    4e-05,
    0.00033,
    0.00439,
    0.07187,
    0.1024,
    0.10746,
    0.10769,
    0.10281,
    0.09916,
    0.09239,
    0.08352,
    0.07551,
    0.06449,
    0.05275,
    0.03519
  ],
  "Rio Ave": [
    0.0,
    0.0,
    0.0,
    1e-05,
    0.00011,
    0.002,
    0.03766,
    0.05744,
    0.06695,
    0.075,
    0.0849,
    0.0881,
    0.09495,
    0.09699,
    0.10177,
    0.10176,
    0.10071,
    0.09165
  ],
  "Portimonense": [
    0.0,
    0.0,
    0.0,
    1e-05,
    0.0001,
    0.00217,
    0.03363,
    0.05012,
    0.06012,
    0.07035,
    0.0789,
    0.08749,
    0.09177,
    0.09956,
    0.10125,
    0.10839,
    0.10943,
    0.10671
  ],
  "Pacos Ferreira": [
    0.0033,
    0.04154,
    0.16768,
    0.24317,
    0.29966,
    0.22076,
    0.01976,
    0.00313,
    0.00063,
    0.00024,
    0.00011,
    2e-05,
    0.0,
    0.0,
    0.0,
    0.0,
    0.0,
    0.0
  ],
  "Gil Vicente": [
    0.0,
    0.0,
    0.0,
    1e-05,
    5e-05,
    0.00127,
    0.02419,
    0.04028,
    0.05327,
    0.06364,
    0.07719,
    0.08477,
    0.09284,
    0.09778,
    0.10329,
    0.11145,
    0.11712,
    0.13285
  ],
  "Sp Lisbon": [
    0.76455,
    0.19827,
    0.02928,
    0.00633,
    0.00137,
    0.0002,
    0.0,
    0.0,
    0.0,
    0.0,
    0.0,
    0.0,
    0.0,
    0.0,
    0.0,
    0.0,
    0.0,
    0.0
  ]
}