{
  "Bayern Munich": [
    0.92907,
    0.05907,
    0.00982,
    0.00188,
    0.00016,
    0.0,
    0.0,
    0.0,
    0.0,
    0.0,
    0.0,
    0.0,
    0.0,
    0.0,
    0.0,
    0.0,
    0.0,
    0.0
  ],
  "Hertha": [
    0.0,
    0.0,
    0.0,
    0.0,
    0.0,
    0.01547,
    0.06112,
    0.11063,
    0.15381,
    0.17969,
    0.18176,
    0.13422,
    0.08882,
    0.05122,
    0.01917,
    0.00393,
    0.00016,
    0.0
  ],
  "Dortmund": [
    0.03834,
    0.47461,
    0.25001,
    0.15239,
    0.08453,
    0.00012,
    0.0,
    0.0,
    0.0,
    0.0,
    0.0,
    0.0,
    0.0,
    0.0,
    0.0,
    0.0,
    0.0,
    0.0
  ],
  "Augsburg": [
    0.0,
    0.0,
    0.0,
    0.0,
    0.0,
    0.00063,
    0.00666,
    0.01701,
    0.03718,
    0.06894,
    0.10693,
    0.15396,
    0.17959,
    0.18035,
    0.14188,
    0.09169,
    0.01493,
    0.00025
  ],
  "Freiburg": [
    0.0,
    0.0,
    0.0,
    0.0,
    0.0,
    0.05191,
    0.14819,
    0.20127,
    0.20968,
    0.17378,
    0.12168,
    0.0604,
    0.025,
    0.00706,
    0.00096,
    7e-05,
    0.0,
    0.0
  ],
  "Mainz": [
    0.0,
    0.0,
    0.0,
    0.0,
    0.0,
    0.0,
    0.00034,
    0.00163,
    0.00532,
    0.01405,
    0.03134,
    0.06843,
    0.10866,
    0.16325,
    0.24114,
    0.25147,
    0.10494,
    0.00943
  ],
  "Leverkusen": [
    0.00864,
    0.17524,
    0.29488,
    0.29419,
    0.22622,
    0.00083,
    0.0,
    0.0,
    0.0,
    0.0,
    0.0,
    0.0,
    0.0,
    0.0,
    0.0,
    0.0,
    0.0,
    0.0
  ],
  "Paderborn": [
    0.0,
    0.0,
    0.0,
    0.0,
    0.0,
    0.0,
    0.0,
    0.0,
    0.0,
    0.0,
    0.0,
    2e-05,
    0.00031,
    0.00143,
    0.00644,
    0.02826,
    0.19373,
    0.76981
  ],
  "Werder Bremen": [
    0.0,
    0.0,
    0.0,
    0.0,
    0.0,
    0.0,
    0.0,
    0.0,
    8e-05,
    0.00029,
    0.00151,
    0.00444,
    0.01239,
    0.02907,
    0.06877,
    0.15407,
    0.52069,
    0.20869
  ],
  "Fortuna Dusseldorf": [
    0.0,
    0.0,
    0.0,
    0.0,
    0.0,
    0.0,
    0.00013,
    0.00075,
    0.00274,
    0.0078,
    0.02179,
    0.05466,
    0.09345,
    0.14133,
    0.23235,
    0.30949,
    0.12597,
    0.00954
  ],
  "Wolfsburg": [
    0.0,
    0.0,
    6e-05,
    0.00066,
    0.00644,
    0.6345,
    0.20693,
    0.09329,
    0.0396,
    0.01438,
    0.00362,
    0.00051,
    1e-05,
    0.0,
    0.0,
    0.0,
    0.0,
    0.0
  ],
  "FC Koln": [
    0.0,
    0.0,
    0.0,
    0.0,
    0.0,
    0.0121,
    0.04749,
    0.08871,
    0.14481,
    0.18696,
    0.19051,
    0.14118,
    0.09783,
    0.06139,
    0.02323,
    0.00533,
    0.00046,
    0.0
  ],
  "M'gladbach": [
    0.00391,
    0.10034,
    0.19381,
    0.26809,
    0.42847,
    0.00536,
    2e-05,
    0.0,
    0.0,
    0.0,
    0.0,
    0.0,
    0.0,
    0.0,
    0.0,
    0.0,
    0.0,
    0.0
  ],
  "Schalke 04": [
    0.0,
    0.0,
    0.0,
    0.0,
    6e-05,
    0.10461,
    0.18923,
    0.22169,
    0.18897,
    0.13811,
    0.08698,
    0.04367,
    0.01953,
    0.00617,
    0.00094,
    4e-05,
    0.0,
    0.0
  ],
  "Ein Frankfurt": [
    0.0,
    0.0,
    0.0,
    0.0,
    0.0,
    0.00169,
    0.00771,
    0.01986,
    0.03772,
    0.06577,
    0.09917,
    0.14468,
    0.17411,
    0.1841,
    0.14513,
    0.08996,
    0.02809,
    0.00201
  ],
  "Hoffenheim": [
    0.0,
    0.0,
    0.0,
    0.0,
    0.00028,
    0.17092,
    0.32304,
    0.22366,
    0.13865,
    0.07787,
    0.04024,
    0.01752,
    0.00598,
    0.0016,
    0.00024,
    0.0,
    0.0,
    0.0
  ],
  "Union Berlin": [
    0.0,
    0.0,
    0.0,
    0.0,
    0.0,
    0.00069,
    0.00914,
    0.0215,
    0.04144,
    0.07236,
    0.11447,
    0.17631,
    0.19432,
    0.17303,
    0.11975,
    0.06569,
    0.01103,
    0.00027
  ],
  "RB Leipzig": [
    0.02004,
    0.19074,
    0.25142,
    0.28279,
    0.25384,
    0.00117,
    0.0,
    0.0,
    0.0,
    0.0,
    0.0,
    0.0,
    0.0,
    0.0,
    0.0,
    0.0,
    0.0,
    0.0
  ]
}