{
  "Go Ahead Eagles": [
    0.0,
    0.0,
    0.0,
    0.0,
    0.0,
    2e-05,
    0.00057,
    0.01641,
    0.04482,
    0.08785,
    0.14263,
    0.16761,
    0.16267,
    0.13664,
    0.10523,
    0.07356,
    0.04452,
    0.01747
  ],
  "Heerenveen": [
    0.0,
    0.0,
    0.0,
    0.0,
    0.0,
    5e-05,
    0.00101,
    0.01888,
    0.05054,
    0.09767,
    0.14878,
    0.15979,
    0.15158,
    0.12944,
    0.10219,
    0.07531,
    0.04544,
    0.01932
  ],
  "Waalwijk": [
    0.0,
    0.0,
    0.0,
    0.0,
    0.0,
    0.0,
    0.00015,
    0.0051,
    0.01684,
    0.04139,
    0.0799,
    0.11089,
    0.13343,
    0.14454,
    0.14557,
    0.13153,
    0.11474,
    0.07592
  ],
  "AZ Alkmaar": [
    0.00789,
    0.077,
    0.35564,
    0.32489,
    0.19682,
    0.03345,
    0.00431,
    0.0,
    0.0,
    0.0,
    0.0,
    0.0,
    0.0,
    0.0,
    0.0,
    0.0,
    0.0,
    0.0
  ],
  "Heracles": [
    0.0,
    0.0,
    0.0,
    0.0,
    0.0,
    4e-05,
    0.00101,
    0.01794,
    0.05103,
    0.10304,
    0.16722,
    0.16776,
    0.14649,
    0.11799,
    0.09389,
    0.06895,
    0.04316,
    0.02148
  ],
  "PSV Eindhoven": [
    0.16706,
    0.64358,
    0.1415,
    0.04055,
    0.00712,
    0.00018,
    1e-05,
    0.0,
    0.0,
    0.0,
    0.0,
    0.0,
    0.0,
    0.0,
    0.0,
    0.0,
    0.0,
    0.0
  ],
  "For Sittard": [
    0.0,
    0.0,
    0.0,
    0.0,
    0.0,
    0.0,
    5e-05,
    0.00104,
    0.00518,
    0.0159,
    0.03969,
    0.06241,
    0.08598,
    0.1097,
    0.13191,
    0.15654,
    0.18234,
    0.20926
  ],
  "Twente": [
    0.00096,
    0.02865,
    0.15102,
    0.25083,
    0.45627,
    0.09524,
    0.01676,
    0.00026,
    1e-05,
    0.0,
    0.0,
    0.0,
    0.0,
    0.0,
    0.0,
    0.0,
    0.0,
    0.0
  ],
  "Ajax": [
    0.8043,
    0.1694,
    0.02255,
    0.00364,
    0.00011,
    0.0,
    0.0,
    0.0,
    0.0,
    0.0,
    0.0,
    0.0,
    0.0,
    0.0,
    0.0,
    0.0,
    0.0,
    0.0
  ],
  "Nijmegen": [
    0.0,
    0.0,
    0.0,
    0.0,
    0.00021,
    0.00762,
    0.04138,
    0.26096,
    0.27312,
    0.21782,
    0.1057,
    0.05277,
    0.02385,
    0.01085,
    0.00399,
    0.00135,
    0.00034,
    4e-05
  ],
  "Cambuur": [
    0.0,
    0.0,
    0.0,
    0.0,
    6e-05,
    0.00724,
    0.04636,
    0.32314,
    0.27694,
    0.18716,
    0.09021,
    0.04055,
    0.01859,
    0.00664,
    0.00246,
    0.00053,
    0.00011,
    1e-05
  ],
  "Groningen": [
    0.0,
    0.0,
    0.0,
    0.0,
    0.00013,
    0.00422,
    0.02753,
    0.24134,
    0.24762,
    0.20714,
    0.12761,
    0.07242,
    0.03902,
    0.01943,
    0.00899,
    0.00344,
    0.00096,
    0.00015
  ],
  "Utrecht": [
    0.0,
    6e-05,
    0.00211,
    0.01148,
    0.0615,
    0.38644,
    0.46782,
    0.05819,
    0.0106,
    0.00158,
    0.00021,
    1e-05,
    0.0,
    0.0,
    0.0,
    0.0,
    0.0,
    0.0
  ],
  "Sparta Rotterdam": [
    0.0,
    0.0,
    0.0,
    0.0,
    0.0,
    0.0,
    4e-05,
    0.00089,
    0.00444,
    0.01103,
    0.02454,
    0.04234,
    0.06372,
    0.09139,
    0.12198,
    0.15907,
    0.20009,
    0.28047
  ],
  "Zwolle": [
    0.0,
    0.0,
    0.0,
    0.0,
    0.0,
    0.0,
    0.0,
    0.00035,
    0.00254,
    0.00939,
    0.02549,
    0.04767,
    0.07021,
    0.10006,
    0.12993,
    0.16359,
    0.20548,
    0.24529
  ],
  "Vitesse": [
    0.0,
    0.0001,
    0.00331,
    0.01685,
    0.07761,
    0.44367,
    0.39159,
    0.05447,
    0.01023,
    0.00181,
    0.00033,
    3e-05,
    0.0,
    0.0,
    0.0,
    0.0,
    0.0,
    0.0
  ],
  "Willem II": [
    0.0,
    0.0,
    0.0,
    0.0,
    0.0,
    0.0,
    4e-05,
    0.00103,
    0.00609,
    0.01822,
    0.04769,
    0.07575,
    0.10446,
    0.13332,
    0.15386,
    0.16613,
    0.16282,
    0.13059
  ],
  "Feyenoord": [
    0.01979,
    0.08121,
    0.32387,
    0.35176,
    0.20017,
    0.02183,
    0.00137,
    0.0,
    0.0,
    0.0,
    0.0,
    0.0,
    0.0,
    0.0,
    0.0,
    0.0,
    0.0,
    0.0
  ]
}