{
  "Le Havre": [
    0.0,
    0.0,
    1e-05,
    8e-05,
    0.00027,
    0.00088,
    0.00225,
    0.00546,
    0.00994,
    0.01656,
    0.0282,
    0.04007,
    0.05774,
    0.08492,
    0.12525,
    0.1955,
    0.3524,
    0.08047
  ],
  "Paris SG": [
    0.92982,
    0.05686,
    0.01005,
    0.00249,
    0.00059,
    0.00017,
    2e-05,
    0.0,
    0.0,
    0.0,
    0.0,
    0.0,
    0.0,
    0.0,
    0.0,
    0.0,
    0.0,
    0.0
  ],
  "Brest": [
    1e-05,
    0.00122,
    0.00455,
    0.01146,
    0.02399,
    0.0419,
    0.06875,
    0.09781,
    0.11555,
    0.11909,
    0.11695,
    0.10709,
    0.09474,
    0.07761,
    0.05852,
    0.03971,
    0.01909,
    0.00196
  ],
  "Marseille": [
    0.03662,
    0.40291,
    0.23101,
    0.14318,
    0.0879,
    0.05029,
    0.0265,
    0.01236,
    0.00532,
    0.00227,
    0.00101,
    0.00046,
    0.0001,
    4e-05,
    3e-05,
    0.0,
    0.0,
    0.0
  ],
  "Reims": [
    4e-05,
    0.00368,
    0.0125,
    0.02594,
    0.04901,
    0.07637,
    0.10839,
    0.13184,
    0.13924,
    0.12242,
    0.10139,
    0.07963,
    0.05651,
    0.04061,
    0.02924,
    0.016,
    0.00687,
    0.00032
  ],
  "Lille": [
    0.0113,
    0.18009,
    0.22285,
    0.19542,
    0.15004,
    0.10337,
    0.06443,
    0.03713,
    0.0184,
    0.0087,
    0.00494,
    0.00192,
    0.00084,
    0.00033,
    0.00014,
    9e-05,
    1e-05,
    0.0
  ],
  "Monaco": [
    0.01624,
    0.20156,
    0.22655,
    0.19342,
    0.14419,
    0.09658,
    0.05812,
    0.0317,
    0.01625,
    0.00801,
    0.00375,
    0.00207,
    0.001,
    0.0004,
    0.00012,
    4e-05,
    0.0,
    0.0
  ],
  "St Etienne": [
    0.0,
    1e-05,
    0.0001,
    0.00043,
    0.00153,
    0.00376,
    0.00804,
    0.01743,
    0.02714,
    0.04286,
    0.05871,
    0.08426,
    0.11204,
    0.13545,
    0.16117,
    0.17433,
    0.14869,
    0.02405
  ],
  "Auxerre": [
    0.0,
    0.00037,
    0.00128,
    0.00385,
    0.009,
    0.01863,
    0.03446,
    0.05716,
    0.08111,
    0.10442,
    0.11817,
    0.12154,
    0.11954,
    0.10992,
    0.0933,
    0.07306,
    0.04901,
    0.00518
  ],
  "Nice": [
    0.00358,
    0.08373,
    0.13642,
    0.16916,
    0.17371,
    0.14817,
    0.11154,
    0.07383,
    0.04361,
    0.02718,
    0.01446,
    0.00755,
    0.004,
    0.00188,
    0.00083,
    0.00026,
    9e-05,
    0.0
  ],
  "Angers": [
    0.0,
    0.00015,
    0.00078,
    0.00297,
    0.00706,
    0.01564,
    0.03021,
    0.05024,
    0.07362,
    0.09551,
    0.11182,
    0.11895,
    0.12118,
    0.11593,
    0.10692,
    0.08964,
    0.05325,
    0.00613
  ],
  "Lens": [
    0.00091,
    0.0327,
    0.06916,
    0.1084,
    0.1436,
    0.16319,
    0.14925,
    0.11668,
    0.08058,
    0.05452,
    0.03448,
    0.02149,
    0.01258,
    0.0069,
    0.00347,
    0.0015,
    0.00057,
    2e-05
  ],
  "Montpellier": [
    0.0,
    0.0,
    0.0,
    0.0,
    0.0,
    0.0,
    1e-05,
    1e-05,
    8e-05,
    0.00012,
    0.00039,
    0.00082,
    0.00173,
    0.00394,
    0.01029,
    0.02972,
    0.10721,
    0.84568
  ],
  "Strasbourg": [
    7e-05,
    0.0041,
    0.0131,
    0.02812,
    0.05099,
    0.08005,
    0.10945,
    0.1332,
    0.13334,
    0.11607,
    0.09619,
    0.07715,
    0.06037,
    0.04339,
    0.02997,
    0.01668,
    0.00725,
    0.00051
  ],
  "Toulouse": [
    0.0,
    0.00034,
    0.0012,
    0.00412,
    0.01021,
    0.0214,
    0.03871,
    0.05849,
    0.08146,
    0.0983,
    0.10744,
    0.11406,
    0.11651,
    0.11354,
    0.10124,
    0.08116,
    0.04618,
    0.00564
  ],
  "Nantes": [
    0.0,
    4e-05,
    0.00021,
    0.00089,
    0.00214,
    0.00551,
    0.01207,
    0.02252,
    0.0359,
    0.05089,
    0.06666,
    0.08299,
    0.10201,
    0.13018,
    0.1536,
    0.17264,
    0.13907,
    0.02268
  ],
  "Rennes": [
    0.0,
    0.00013,
    0.00059,
    0.00195,
    0.00488,
    0.01149,
    0.02214,
    0.03921,
    0.05877,
    0.07928,
    0.10118,
    0.11862,
    0.12637,
    0.12791,
    0.12229,
    0.10803,
    0.06984,
    0.00732
  ],
  "Lyon": [
    0.00141,
    0.03211,
    0.06964,
    0.10812,
    0.14089,
    0.1626,
    0.15566,
    0.11493,
    0.07969,
    0.0538,
    0.03426,
    0.02133,
    0.01274,
    0.00705,
    0.00362,
    0.00164,
    0.00047,
    4e-05
  ]
}