{
  "Famalicao": [
    0.00848,
    0.01524,
    0.02464,
    0.03154,
    0.04138,
    0.04699,
    0.05513,
    0.05972,
    0.06252,
    0.06633,
    0.06844,
    0.0698,
    0.07219,
    0.07569,
    0.07554,
    0.07649,
    0.07631,
    0.07357
  ],
  "Benfica": [
    0.20042,
    0.18593,
    0.14727,
    0.11112,
    0.08581,
    0.0648,
    0.05038,
    0.03725,
    0.03099,
    0.0242,
    0.01779,
    0.01428,
    0.01128,
    0.00722,
    0.00537,
    0.00337,
    0.00175,
    0.00077
  ],
  "Guimaraes": [
    0.05338,
    0.07997,
    0.09488,
    0.09845,
    0.0945,
    0.08737,
    0.07761,
    0.06974,
    0.06198,
    0.05481,
    0.04813,
    0.0431,
    0.03707,
    0.03067,
    0.02509,
    0.02032,
    0.01458,
    0.00835
  ],
  "Belenenses": [
    0.01046,
    0.02254,
    0.03336,
    0.04357,
    0.05045,
    0.05903,
    0.06383,
    0.06651,
    0.06713,
    0.07021,
    0.06865,
    0.07106,
    0.07091,
    0.06705,
    0.06415,
    0.06289,
    0.05845,
    0.04975
  ],
  "Nacional": [
    0.00766,
    0.01754,
    0.02546,
    0.03381,
    0.04194,
    0.05051,
    0.0563,
    0.06064,
    0.06658,
    0.06745,
    0.06808,
    0.07282,
    0.07283,
    0.07435,
    0.07582,
    0.07297,
    0.06972,
    0.06552
  ],
  "Boavista": [
    0.00425,
    0.01044,
    0.01659,
    0.02296,
    0.03086,
    0.03792,
    0.04633,
    0.05173,
    0.05793,
    0.06355,
    0.06848,
    0.07033,
    0.07457,
    0.07939,
    0.0842,
    0.08841,
    0.09343,
    0.09863
  ],
  "Porto": [
    0.1193,
    0.14206,
    0.13163,
    0.11739,
    0.09833,
    0.08318,
    0.0683,
    0.05654,
    0.04371,
    0.03635,
    0.02822,
    0.02274,
    0.01734,
    0.01245,
    0.01037,
    0.00651,
    0.00388,
    0.0017
  ],
  "Sp Braga": [
    0.1128,
    0.13357,
    0.12855,
    0.11701,
    0.09969,
    0.08274,
    0.06908,
    0.05596,
    0.04694,
    0.03724,
    0.03087,
    0.0263,
    0.01968,
    0.01506,
    0.01067,
    0.00729,
    0.00443,
    0.00212
  ],
  "Santa Clara": [
    0.02867,
    0.04363,
    0.05579,
    0.066,
    0.0743,
    0.07599,
    0.07837,
    0.0764,
    0.07405,
    0.07001,
    0.06202,
    0.05622,
    0.05554,
    0.04837,
    0.04276,
    0.03719,
    0.03212,
    0.02257
  ],
  "Maritimo": [
    0.00331,
    0.00803,
    0.01325,
    0.0198,
    0.02661,
    0.0316,
    0.03766,
    0.04411,
    0.04783,
    0.05933,
    0.06605,
    0.07171,
    0.07586,
    0.08376,
    0.0906,
    0.09573,
    0.10599,
    0.11877
  ],
  "Moreirense": [
    0.00562,
    0.01244,
    0.02075,
    0.02853,
    0.03559,
    0.04322,
    0.04786,
    0.0539,
    0.06417,
    0.06633,
    0.07162,
    0.07356,
    0.07603,
    0.07893,
    0.08072,
    0.07936,
    0.08252,
    0.07885
  ],
  "Farense": [
    0.00345,
    0.00917,
    0.01432,
    0.02127,
    0.02762,
    0.03493,
    0.04168,
    0.04968,
    0.05712,
    0.06115,
    0.06549,
    0.07225,
    0.07581,
    0.08098,
    0.08736,
    0.09357,
    0.09813,
    0.10602
  ],
  "Tondela": [
    0.00321,
    0.00878,
    0.01435,
    0.02155,
    0.0279,
    0.03573,
    0.04331,
    0.04865,
    0.05545,
    0.06069,
    0.0659,
    0.07008,
    0.07565,
    0.08111,
    0.08489,
    0.09098,
    0.10026,
    0.11151
  ],
  "Rio Ave": [
    0.01354,
    0.02729,
    0.03977,
    0.04948,
    0.05595,
    0.06402,
    0.06769,
    0.06991,
    0.06992,
    0.07033,
    0.071,
    0.06736,
    0.06512,
    0.06408,
    0.05886,
    0.05652,
    0.04982,
    0.03934
  ],
  "Portimonense": [
    0.00284,
    0.00728,
    0.01323,
    0.01905,
    0.02515,
    0.03176,
    0.0374,
    0.04369,
    0.04789,
    0.05452,
    0.05991,
    0.06541,
    0.07368,
    0.0804,
    0.09026,
    0.10079,
    0.11029,
    0.13645
  ],
  "Pacos Ferreira": [
    0.03521,
    0.0609,
    0.0741,
    0.0827,
    0.08233,
    0.08048,
    0.0743,
    0.07539,
    0.0673,
    0.06129,
    0.05785,
    0.05224,
    0.04752,
    0.0424,
    0.03552,
    0.03116,
    0.02354,
    0.01577
  ],
  "Gil Vicente": [
    0.00669,
    0.01548,
    0.02385,
    0.03282,
    0.04128,
    0.04732,
    0.05342,
    0.05836,
    0.06209,
    0.06437,
    0.07348,
    0.0747,
    0.07475,
    0.07552,
    0.07611,
    0.07537,
    0.07423,
    0.07016
  ],
  "Sp Lisbon": [
    0.38071,
    0.19971,
    0.12821,
    0.08295,
    0.06031,
    0.04241,
    0.03135,
    0.02182,
    0.0164,
    0.01184,
    0.00802,
    0.00604,
    0.00417,
    0.00257,
    0.00171,
    0.00108,
    0.00055,
    0.00015
  ]
}