{
  "Ein Frankfurt": [
    2e-05,
    0.00042,
    0.00735,
    0.05501,
    0.14744,
    0.18498,
    0.21057,
    0.21283,
    0.1235,
    0.04904,
    0.00788,
    0.0009,
    6e-05,
    0.0,
    0.0,
    0.0,
    0.0,
    0.0
  ],
  "Bayern Munich": [
    0.56471,
    0.35842,
    0.06592,
    0.01071,
    0.00023,
    1e-05,
    0.0,
    0.0,
    0.0,
    0.0,
    0.0,
    0.0,
    0.0,
    0.0,
    0.0,
    0.0,
    0.0,
    0.0
  ],
  "Augsburg": [
    0.0,
    0.0,
    0.0,
    0.0,
    0.0,
    1e-05,
    1e-05,
    9e-05,
    0.00086,
    0.00699,
    0.02319,
    0.06299,
    0.13267,
    0.19507,
    0.22568,
    0.18796,
    0.12207,
    0.04241
  ],
  "Freiburg": [
    5e-05,
    0.00115,
    0.02982,
    0.12213,
    0.23804,
    0.22099,
    0.18625,
    0.13378,
    0.0581,
    0.00889,
    0.0008,
    0.0,
    0.0,
    0.0,
    0.0,
    0.0,
    0.0,
    0.0
  ],
  "Bochum": [
    0.0,
    0.0,
    0.0,
    0.0,
    0.0,
    0.0,
    0.0,
    6e-05,
    0.00071,
    0.00759,
    0.02802,
    0.07795,
    0.15709,
    0.22113,
    0.20391,
    0.15757,
    0.10073,
    0.04524
  ],
  "Mainz": [
    0.0,
    2e-05,
    0.00114,
    0.01226,
    0.04666,
    0.08101,
    0.13269,
    0.18643,
    0.30557,
    0.1626,
    0.05717,
    0.01279,
    0.00161,
    5e-05,
    0.0,
    0.0,
    0.0,
    0.0
  ],
  "M'gladbach": [
    0.0,
    0.0,
    0.0,
    0.00031,
    0.00314,
    0.01023,
    0.02755,
    0.0619,
    0.17599,
    0.37003,
    0.21719,
    0.09008,
    0.03062,
    0.00976,
    0.00262,
    0.00051,
    7e-05,
    0.0
  ],
  "Hoffenheim": [
    0.0,
    0.0,
    0.0,
    0.0,
    0.0,
    2e-05,
    0.00031,
    0.00154,
    0.00953,
    0.04111,
    0.10783,
    0.19041,
    0.24531,
    0.17855,
    0.11368,
    0.06736,
    0.03375,
    0.0106
  ],
  "Union Berlin": [
    0.02642,
    0.12042,
    0.60235,
    0.18576,
    0.04532,
    0.01427,
    0.00433,
    0.00105,
    8e-05,
    0.0,
    0.0,
    0.0,
    0.0,
    0.0,
    0.0,
    0.0,
    0.0,
    0.0
  ],
  "Hertha": [
    0.0,
    0.0,
    0.0,
    0.0,
    0.0,
    0.0,
    0.0,
    0.0,
    0.0,
    0.00024,
    0.00246,
    0.0086,
    0.02386,
    0.05055,
    0.09298,
    0.14934,
    0.24107,
    0.4309
  ],
  "Wolfsburg": [
    0.0,
    9e-05,
    0.00454,
    0.04849,
    0.14,
    0.15972,
    0.19532,
    0.21602,
    0.16334,
    0.05533,
    0.01358,
    0.00304,
    0.00048,
    5e-05,
    0.0,
    0.0,
    0.0,
    0.0
  ],
  "Werder Bremen": [
    0.0,
    0.0,
    0.0,
    0.0,
    6e-05,
    0.00069,
    0.00252,
    0.01098,
    0.04321,
    0.14538,
    0.27818,
    0.24877,
    0.14725,
    0.07546,
    0.03143,
    0.01233,
    0.00329,
    0.00045
  ],
  "Dortmund": [
    0.40425,
    0.49303,
    0.09213,
    0.00986,
    0.00067,
    5e-05,
    1e-05,
    0.0,
    0.0,
    0.0,
    0.0,
    0.0,
    0.0,
    0.0,
    0.0,
    0.0,
    0.0,
    0.0
  ],
  "Leverkusen": [
    2e-05,
    0.00099,
    0.02783,
    0.10805,
    0.20812,
    0.23234,
    0.18317,
    0.14033,
    0.07151,
    0.02261,
    0.00449,
    0.00051,
    3e-05,
    0.0,
    0.0,
    0.0,
    0.0,
    0.0
  ],
  "Stuttgart": [
    0.0,
    0.0,
    0.0,
    0.0,
    0.0,
    0.0,
    0.0,
    0.0,
    2e-05,
    0.00042,
    0.00375,
    0.01451,
    0.03995,
    0.07535,
    0.12464,
    0.18721,
    0.27071,
    0.28344
  ],
  "RB Leipzig": [
    0.00453,
    0.02546,
    0.16892,
    0.44742,
    0.17026,
    0.09506,
    0.0551,
    0.02611,
    0.00662,
    0.00051,
    1e-05,
    0.0,
    0.0,
    0.0,
    0.0,
    0.0,
    0.0,
    0.0
  ],
  "FC Koln": [
    0.0,
    0.0,
    0.0,
    0.0,
    6e-05,
    0.00062,
    0.00217,
    0.00888,
    0.04095,
    0.1289,
    0.24956,
    0.26518,
    0.16138,
    0.08309,
    0.03776,
    0.01609,
    0.00455,
    0.00081
  ],
  "Schalke 04": [
    0.0,
    0.0,
    0.0,
    0.0,
    0.0,
    0.0,
    0.0,
    0.0,
    1e-05,
    0.00036,
    0.00589,
    0.02427,
    0.05969,
    0.11094,
    0.1673,
    0.22163,
    0.22376,
    0.18615
  ]
}