{
  "Bayern Munich": [
    0.10682,
    0.09465,
    0.0896,
    0.08483,
    0.08054,
    0.07539,
    0.07016,
    0.06667,
    0.06059,
    0.05596,
    0.04904,
    0.04172,
    0.03641,
    0.03084,
    0.02346,
    0.01718,
    0.01108,
    0.00506
  ],
  "Hertha": [
    0.03438,
    0.04517,
    0.05275,
    0.05854,
    0.06114,
    0.06612,
    0.06489,
    0.06611,
    0.06718,
    0.06793,
    0.06595,
    0.06773,
    0.06362,
    0.06043,
    0.0546,
    0.04701,
    0.03539,
    0.02106
  ],
  "Dortmund": [
    0.06102,
    0.07056,
    0.07543,
    0.0758,
    0.07557,
    0.07426,
    0.07232,
    0.0696,
    0.06673,
    0.0641,
    0.0593,
    0.05367,
    0.04817,
    0.04331,
    0.03484,
    0.02738,
    0.01806,
    0.00988
  ],
  "Augsburg": [
    0.00552,
    0.00976,
    0.01397,
    0.01783,
    0.02364,
    0.02948,
    0.03513,
    0.04105,
    0.04968,
    0.05586,
    0.06345,
    0.07232,
    0.08001,
    0.08733,
    0.09701,
    0.10525,
    0.10885,
    0.10386
  ],
  "Freiburg": [
    0.09432,
    0.09445,
    0.09174,
    0.08781,
    0.08384,
    0.07969,
    0.074,
    0.06884,
    0.06409,
    0.05575,
    0.05002,
    0.04274,
    0.03435,
    0.02854,
    0.02118,
    0.01548,
    0.0095,
    0.00366
  ],
  "Mainz": [
    0.00751,
    0.01309,
    0.0185,
    0.02476,
    0.02966,
    0.03657,
    0.04265,
    0.05092,
    0.05696,
    0.06563,
    0.07041,
    0.07332,
    0.08043,
    0.08661,
    0.09022,
    0.09072,
    0.08806,
    0.07398
  ],
  "Leverkusen": [
    0.09652,
    0.0975,
    0.0939,
    0.08926,
    0.08582,
    0.08095,
    0.07603,
    0.06794,
    0.06078,
    0.05289,
    0.04746,
    0.04104,
    0.03506,
    0.02698,
    0.02094,
    0.01448,
    0.00843,
    0.00402
  ],
  "Paderborn": [
    0.00076,
    0.00196,
    0.00304,
    0.00514,
    0.00714,
    0.01002,
    0.01416,
    0.01757,
    0.0216,
    0.02814,
    0.03585,
    0.04808,
    0.05906,
    0.07382,
    0.09498,
    0.12117,
    0.17355,
    0.28396
  ],
  "Werder Bremen": [
    0.02091,
    0.02654,
    0.03184,
    0.03624,
    0.04396,
    0.04909,
    0.05282,
    0.05829,
    0.06211,
    0.06644,
    0.07098,
    0.07468,
    0.07682,
    0.07733,
    0.07559,
    0.07091,
    0.06126,
    0.04419
  ],
  "Fortuna Dusseldorf": [
    0.00364,
    0.00658,
    0.00996,
    0.01535,
    0.01938,
    0.0239,
    0.03031,
    0.03586,
    0.04361,
    0.05522,
    0.06096,
    0.06914,
    0.07895,
    0.09196,
    0.10044,
    0.11169,
    0.12077,
    0.12228
  ],
  "Wolfsburg": [
    0.12576,
    0.11154,
    0.10369,
    0.09711,
    0.08973,
    0.07712,
    0.07027,
    0.06294,
    0.05877,
    0.05043,
    0.04123,
    0.03352,
    0.02654,
    0.01996,
    0.01477,
    0.00926,
    0.00521,
    0.00215
  ],
  "FC Koln": [
    0.00343,
    0.0068,
    0.01032,
    0.01478,
    0.01949,
    0.02388,
    0.0301,
    0.0387,
    0.04566,
    0.05161,
    0.06067,
    0.06899,
    0.0781,
    0.08948,
    0.10041,
    0.1112,
    0.12173,
    0.12465
  ],
  "M'gladbach": [
    0.1588,
    0.13116,
    0.11401,
    0.09967,
    0.08521,
    0.07364,
    0.06972,
    0.0596,
    0.04884,
    0.03969,
    0.03402,
    0.02627,
    0.02137,
    0.0156,
    0.01072,
    0.00668,
    0.0036,
    0.0014
  ],
  "Schalke 04": [
    0.09576,
    0.09626,
    0.09467,
    0.08992,
    0.08277,
    0.08234,
    0.07555,
    0.06839,
    0.06146,
    0.0533,
    0.04692,
    0.04166,
    0.03424,
    0.02734,
    0.02088,
    0.01485,
    0.00943,
    0.00426
  ],
  "Ein Frankfurt": [
    0.04188,
    0.05409,
    0.05836,
    0.06114,
    0.06827,
    0.06952,
    0.07011,
    0.07198,
    0.07162,
    0.06989,
    0.06532,
    0.06449,
    0.05958,
    0.05036,
    0.04522,
    0.03646,
    0.02669,
    0.01502
  ],
  "Hoffenheim": [
    0.01764,
    0.02699,
    0.03287,
    0.04056,
    0.04503,
    0.0495,
    0.0547,
    0.05823,
    0.06377,
    0.06866,
    0.07175,
    0.07329,
    0.07668,
    0.07662,
    0.07263,
    0.06944,
    0.05896,
    0.04268
  ],
  "Union Berlin": [
    0.00292,
    0.00584,
    0.00966,
    0.01322,
    0.01744,
    0.02236,
    0.02817,
    0.03371,
    0.03989,
    0.04722,
    0.06156,
    0.06929,
    0.07885,
    0.08848,
    0.10135,
    0.11658,
    0.12992,
    0.13354
  ],
  "RB Leipzig": [
    0.12241,
    0.10706,
    0.09569,
    0.08804,
    0.08137,
    0.07617,
    0.06891,
    0.0636,
    0.05666,
    0.05128,
    0.04511,
    0.03805,
    0.03176,
    0.02501,
    0.02076,
    0.01426,
    0.00951,
    0.00435
  ]
}