{
  "Bayern Munich": [
    0.02339,
    0.04494,
    0.07096,
    0.09967,
    0.12281,
    0.1268,
    0.1272,
    0.1297,
    0.10746,
    0.08492,
    0.03993,
    0.0148,
    0.00505,
    0.00171,
    0.00046,
    0.00016,
    4e-05,
    0.0
  ],
  "Hertha": [
    0.0,
    3e-05,
    7e-05,
    0.00015,
    0.00047,
    0.00097,
    0.0025,
    0.00544,
    0.01373,
    0.03544,
    0.09441,
    0.1449,
    0.17419,
    0.17106,
    0.15089,
    0.12145,
    0.07142,
    0.01288
  ],
  "Dortmund": [
    0.1283,
    0.17912,
    0.19118,
    0.14861,
    0.11238,
    0.08408,
    0.06332,
    0.0448,
    0.02899,
    0.01378,
    0.00407,
    0.00105,
    0.00022,
    7e-05,
    3e-05,
    0.0,
    0.0,
    0.0
  ],
  "Augsburg": [
    0.0,
    0.0,
    1e-05,
    2e-05,
    0.00019,
    0.00048,
    0.00101,
    0.00295,
    0.00767,
    0.02212,
    0.06621,
    0.1154,
    0.14556,
    0.16451,
    0.16829,
    0.15981,
    0.1155,
    0.03027
  ],
  "Freiburg": [
    0.01528,
    0.03679,
    0.06648,
    0.09297,
    0.10733,
    0.1206,
    0.1331,
    0.13194,
    0.12773,
    0.10022,
    0.04393,
    0.01608,
    0.00505,
    0.00176,
    0.0006,
    0.00011,
    3e-05,
    0.0
  ],
  "Mainz": [
    0.0,
    1e-05,
    2e-05,
    4e-05,
    7e-05,
    0.00031,
    0.00063,
    0.0016,
    0.00458,
    0.01454,
    0.04514,
    0.08415,
    0.1202,
    0.15676,
    0.1838,
    0.19295,
    0.15592,
    0.03928
  ],
  "Leverkusen": [
    0.0028,
    0.00992,
    0.02151,
    0.03877,
    0.0569,
    0.07717,
    0.10421,
    0.13033,
    0.16639,
    0.19065,
    0.11156,
    0.0516,
    0.02321,
    0.00926,
    0.00386,
    0.0015,
    0.00034,
    2e-05
  ],
  "Paderborn": [
    0.0,
    0.0,
    0.0,
    0.0,
    0.0,
    0.0,
    0.0,
    0.0,
    0.0,
    3e-05,
    0.00031,
    0.00102,
    0.00312,
    0.00749,
    0.02004,
    0.04999,
    0.15261,
    0.76539
  ],
  "Werder Bremen": [
    0.00013,
    0.00041,
    0.00108,
    0.00313,
    0.0068,
    0.01226,
    0.02178,
    0.03738,
    0.06709,
    0.12945,
    0.23397,
    0.18688,
    0.12741,
    0.08111,
    0.05054,
    0.02804,
    0.01115,
    0.00139
  ],
  "Fortuna Dusseldorf": [
    0.0,
    0.0,
    0.0,
    3e-05,
    0.00015,
    0.00043,
    0.0012,
    0.00283,
    0.00688,
    0.0218,
    0.06237,
    0.11158,
    0.14793,
    0.17021,
    0.17782,
    0.16258,
    0.11307,
    0.02112
  ],
  "Wolfsburg": [
    0.01022,
    0.02582,
    0.0499,
    0.07362,
    0.095,
    0.11077,
    0.12752,
    0.14034,
    0.14863,
    0.12536,
    0.05938,
    0.02213,
    0.00733,
    0.00272,
    0.00101,
    0.00021,
    4e-05,
    0.0
  ],
  "FC Koln": [
    0.0,
    0.0,
    0.0,
    0.0,
    0.0,
    5e-05,
    7e-05,
    0.00016,
    0.00089,
    0.00332,
    0.01387,
    0.03132,
    0.05511,
    0.08811,
    0.13409,
    0.20788,
    0.3412,
    0.12393
  ],
  "M'gladbach": [
    0.41875,
    0.25251,
    0.13977,
    0.08009,
    0.04752,
    0.02915,
    0.01654,
    0.00921,
    0.00437,
    0.00167,
    0.00035,
    7e-05,
    0.0,
    0.0,
    0.0,
    0.0,
    0.0,
    0.0
  ],
  "Schalke 04": [
    0.03696,
    0.074,
    0.11256,
    0.13005,
    0.13303,
    0.13549,
    0.1169,
    0.10146,
    0.07894,
    0.05196,
    0.01971,
    0.00636,
    0.00193,
    0.00048,
    9e-05,
    6e-05,
    2e-05,
    0.0
  ],
  "Ein Frankfurt": [
    0.02591,
    0.05499,
    0.09129,
    0.11537,
    0.12685,
    0.13111,
    0.12712,
    0.11695,
    0.09996,
    0.06935,
    0.02768,
    0.00913,
    0.00297,
    0.00083,
    0.00036,
    0.0001,
    3e-05,
    0.0
  ],
  "Hoffenheim": [
    0.02703,
    0.05924,
    0.09132,
    0.11446,
    0.12305,
    0.1275,
    0.12558,
    0.11706,
    0.10229,
    0.07028,
    0.02745,
    0.00981,
    0.00346,
    0.00101,
    0.00039,
    5e-05,
    2e-05,
    0.0
  ],
  "Union Berlin": [
    0.0,
    2e-05,
    0.00018,
    0.00038,
    0.001,
    0.0027,
    0.0059,
    0.01196,
    0.02681,
    0.06134,
    0.14886,
    0.19357,
    0.17722,
    0.14289,
    0.10773,
    0.07511,
    0.03861,
    0.00572
  ],
  "RB Leipzig": [
    0.31123,
    0.2622,
    0.16367,
    0.10264,
    0.06645,
    0.04013,
    0.02542,
    0.01589,
    0.00759,
    0.00377,
    0.0008,
    0.00015,
    4e-05,
    2e-05,
    0.0,
    0.0,
    0.0,
    0.0
  ]
}