{
  "Man United": [
    1e-05,
    0.00021,
    0.00086,
    0.00267,
    0.006,
    0.01028,
    0.01884,
    0.03037,
    0.04982,
    0.07884,
    0.12622,
    0.19073,
    0.18065,
    0.14638,
    0.08798,
    0.0431,
    0.0188,
    0.00633,
    0.00151,
    0.0004
  ],
  "Fulham": [
    0.00035,
    0.00345,
    0.01194,
    0.02538,
    0.04052,
    0.06189,
    0.0833,
    0.10455,
    0.12964,
    0.14946,
    0.15205,
    0.10632,
    0.06696,
    0.03752,
    0.01823,
    0.00615,
    0.00185,
    0.00039,
    5e-05,
    0.0
  ],
  "Ipswich": [
    0.0,
    0.0,
    0.0,
    0.0,
    0.0,
    1e-05,
    0.0,
    5e-05,
    7e-05,
    0.00016,
    0.00081,
    0.00295,
    0.00775,
    0.0177,
    0.04345,
    0.09684,
    0.17912,
    0.25783,
    0.25223,
    0.14103
  ],
  "Liverpool": [
    0.66575,
    0.22651,
    0.06763,
    0.02458,
    0.00971,
    0.0037,
    0.00115,
    0.00059,
    0.00024,
    0.0001,
    2e-05,
    2e-05,
    0.0,
    0.0,
    0.0,
    0.0,
    0.0,
    0.0,
    0.0,
    0.0
  ],
  "Arsenal": [
    0.02302,
    0.09511,
    0.17751,
    0.17496,
    0.1502,
    0.12214,
    0.09123,
    0.06597,
    0.04495,
    0.02867,
    0.01596,
    0.0068,
    0.00243,
    0.00087,
    0.00015,
    3e-05,
    0.0,
    0.0,
    0.0,
    0.0
  ],
  "Wolves": [
    0.0,
    0.0,
    0.0,
    0.0,
    0.0,
    0.0,
    0.0,
    0.0,
    3e-05,
    8e-05,
    0.00041,
    0.00143,
    0.00426,
    0.0109,
    0.02831,
    0.06707,
    0.13406,
    0.22602,
    0.29358,
    0.23385
  ],
  "Everton": [
    0.0,
    0.0,
    0.0,
    1e-05,
    3e-05,
    4e-05,
    0.00021,
    0.00056,
    0.00148,
    0.00423,
    0.01118,
    0.02938,
    0.05466,
    0.09949,
    0.17582,
    0.23866,
    0.1964,
    0.11621,
    0.05571,
    0.01593
  ],
  "Brighton": [
    0.00372,
    0.02227,
    0.05764,
    0.08952,
    0.11291,
    0.12946,
    0.13287,
    0.12534,
    0.11307,
    0.08962,
    0.06415,
    0.03353,
    0.01621,
    0.00695,
    0.00217,
    0.00048,
    7e-05,
    2e-05,
    0.0,
    0.0
  ],
  "Newcastle": [
    0.00065,
    0.00625,
    0.01883,
    0.03507,
    0.05525,
    0.07662,
    0.10091,
    0.12114,
    0.13855,
    0.14026,
    0.12538,
    0.08604,
    0.05463,
    0.0266,
    0.00982,
    0.00308,
    0.00075,
    0.00017,
    0.0,
    0.0
  ],
  "Southampton": [
    0.0,
    0.0,
    0.0,
    0.0,
    0.0,
    0.0,
    0.0,
    0.0,
    0.0,
    1e-05,
    5e-05,
    0.00016,
    0.00055,
    0.00207,
    0.00594,
    0.0194,
    0.04863,
    0.11747,
    0.25079,
    0.55493
  ],
  "Nott'm Forest": [
    0.02656,
    0.1017,
    0.18112,
    0.17735,
    0.15036,
    0.11563,
    0.08802,
    0.0635,
    0.04367,
    0.02717,
    0.0154,
    0.00638,
    0.00238,
    0.00059,
    0.00015,
    2e-05,
    0.0,
    0.0,
    0.0,
    0.0
  ],
  "Bournemouth": [
    0.00176,
    0.01325,
    0.03953,
    0.06747,
    0.09299,
    0.11292,
    0.12566,
    0.13028,
    0.125,
    0.11199,
    0.08338,
    0.0525,
    0.02645,
    0.01134,
    0.00417,
    0.00103,
    0.00022,
    6e-05,
    0.0,
    0.0
  ],
  "West Ham": [
    1e-05,
    1e-05,
    0.00024,
    0.00056,
    0.00177,
    0.00416,
    0.00787,
    0.01516,
    0.02639,
    0.0481,
    0.083,
    0.13806,
    0.18699,
    0.19099,
    0.14777,
    0.08774,
    0.04114,
    0.01493,
    0.00433,
    0.00078
  ],
  "Aston Villa": [
    0.00404,
    0.0243,
    0.0635,
    0.09309,
    0.11618,
    0.13048,
    0.13129,
    0.12593,
    0.10795,
    0.08584,
    0.06003,
    0.0333,
    0.01541,
    0.00632,
    0.00178,
    0.00043,
    9e-05,
    3e-05,
    1e-05,
    0.0
  ],
  "Brentford": [
    0.0,
    6e-05,
    0.0002,
    0.00087,
    0.00235,
    0.00535,
    0.00945,
    0.01772,
    0.02987,
    0.05232,
    0.08967,
    0.14383,
    0.17979,
    0.18521,
    0.14528,
    0.08451,
    0.03731,
    0.01277,
    0.00307,
    0.00037
  ],
  "Crystal Palace": [
    0.0,
    0.0,
    0.0,
    1e-05,
    3e-05,
    4e-05,
    5e-05,
    0.00026,
    0.0007,
    0.00167,
    0.00446,
    0.01181,
    0.02481,
    0.05176,
    0.10481,
    0.18116,
    0.24441,
    0.20226,
    0.12246,
    0.0493
  ],
  "Chelsea": [
    0.02603,
    0.09498,
    0.18444,
    0.18255,
    0.15065,
    0.11822,
    0.0861,
    0.06202,
    0.04353,
    0.02705,
    0.01445,
    0.00637,
    0.00247,
    0.00085,
    0.00022,
    7e-05,
    0.0,
    0.0,
    0.0,
    0.0
  ],
  "Man City": [
    0.24702,
    0.40361,
    0.17319,
    0.08386,
    0.04486,
    0.02348,
    0.0122,
    0.00646,
    0.00324,
    0.0014,
    0.00047,
    0.00013,
    5e-05,
    2e-05,
    1e-05,
    0.0,
    0.0,
    0.0,
    0.0,
    0.0
  ],
  "Leicester": [
    0.0,
    0.0,
    1e-05,
    0.0001,
    0.00027,
    0.00054,
    0.00188,
    0.00371,
    0.00761,
    0.01701,
    0.03562,
    0.07209,
    0.13139,
    0.18352,
    0.21647,
    0.16817,
    0.09654,
    0.04543,
    0.01624,
    0.0034
  ],
  "Tottenham": [
    0.00108,
    0.00829,
    0.02336,
    0.04195,
    0.06592,
    0.08504,
    0.10897,
    0.12639,
    0.13419,
    0.13602,
    0.11729,
    0.07817,
    0.04216,
    0.02092,
    0.00747,
    0.00206,
    0.00061,
    8e-05,
    2e-05,
    1e-05
  ]
}