{
  "Bayern Munich": [
    0.28905,
    0.17262,
    0.12523,
    0.10186,
    0.07821,
    0.06012,
    0.0479,
    0.03678,
    0.02708,
    0.02035,
    0.01443,
    0.01006,
    0.00696,
    0.00452,
    0.00279,
    0.00146,
    0.00045,
    0.00013
  ],
  "Schalke 04": [
    0.00038,
    0.00127,
    0.00246,
    0.00437,
    0.00688,
    0.00889,
    0.01333,
    0.01775,
    0.02311,
    0.02972,
    0.03783,
    0.04884,
    0.06189,
    0.07882,
    0.09886,
    0.12845,
    0.17275,
    0.2644
  ],
  "Ein Frankfurt": [
    0.01689,
    0.03208,
    0.04526,
    0.0526,
    0.05641,
    0.06227,
    0.06989,
    0.07335,
    0.07622,
    0.07838,
    0.07739,
    0.07297,
    0.06889,
    0.06294,
    0.05485,
    0.04565,
    0.03442,
    0.01954
  ],
  "Bielefeld": [
    0.00063,
    0.00217,
    0.00418,
    0.00649,
    0.00921,
    0.01299,
    0.01657,
    0.02271,
    0.02983,
    0.03659,
    0.04656,
    0.05906,
    0.0703,
    0.08668,
    0.10629,
    0.12971,
    0.16065,
    0.19938
  ],
  "FC Koln": [
    0.00161,
    0.00462,
    0.00799,
    0.01202,
    0.01667,
    0.02129,
    0.0278,
    0.03449,
    0.04343,
    0.05145,
    0.06433,
    0.07331,
    0.08573,
    0.09632,
    0.1074,
    0.1149,
    0.12243,
    0.11421
  ],
  "Hoffenheim": [
    0.00566,
    0.01311,
    0.02063,
    0.02784,
    0.03332,
    0.04158,
    0.04991,
    0.05836,
    0.0645,
    0.07211,
    0.07846,
    0.08404,
    0.08633,
    0.08682,
    0.08528,
    0.07876,
    0.06649,
    0.0468
  ],
  "Stuttgart": [
    0.01268,
    0.02452,
    0.03455,
    0.04395,
    0.05102,
    0.05834,
    0.06719,
    0.07078,
    0.07588,
    0.07981,
    0.08007,
    0.07901,
    0.07784,
    0.07034,
    0.06172,
    0.05129,
    0.03816,
    0.02285
  ],
  "Freiburg": [
    0.0022,
    0.00646,
    0.01075,
    0.01617,
    0.02173,
    0.02986,
    0.03688,
    0.04494,
    0.05461,
    0.06397,
    0.07117,
    0.08103,
    0.08609,
    0.09428,
    0.10014,
    0.10158,
    0.09638,
    0.08176
  ],
  "Union Berlin": [
    0.07445,
    0.07752,
    0.08206,
    0.08812,
    0.08853,
    0.08661,
    0.0802,
    0.07743,
    0.06906,
    0.06166,
    0.05325,
    0.04522,
    0.03726,
    0.02953,
    0.02143,
    0.01525,
    0.00851,
    0.00391
  ],
  "Augsburg": [
    0.01804,
    0.03309,
    0.0443,
    0.05397,
    0.06291,
    0.06979,
    0.07648,
    0.07816,
    0.08096,
    0.07992,
    0.07647,
    0.07194,
    0.06433,
    0.05773,
    0.04894,
    0.03883,
    0.02829,
    0.01585
  ],
  "Werder Bremen": [
    0.01328,
    0.02486,
    0.03622,
    0.04526,
    0.05533,
    0.06155,
    0.0691,
    0.07239,
    0.08001,
    0.07858,
    0.07999,
    0.07639,
    0.0745,
    0.06778,
    0.05773,
    0.04903,
    0.0368,
    0.0212
  ],
  "Hertha": [
    0.00408,
    0.00909,
    0.01567,
    0.02189,
    0.03058,
    0.03713,
    0.04484,
    0.05687,
    0.06358,
    0.07145,
    0.07795,
    0.08107,
    0.08796,
    0.08864,
    0.08733,
    0.08346,
    0.07753,
    0.06088
  ],
  "Dortmund": [
    0.10321,
    0.12375,
    0.12277,
    0.11088,
    0.09872,
    0.08701,
    0.07981,
    0.06492,
    0.05322,
    0.04408,
    0.03411,
    0.02597,
    0.01979,
    0.01356,
    0.0088,
    0.00566,
    0.00282,
    0.00092
  ],
  "M'gladbach": [
    0.04395,
    0.06907,
    0.08294,
    0.08438,
    0.08815,
    0.09524,
    0.08687,
    0.08196,
    0.07221,
    0.06548,
    0.05641,
    0.04892,
    0.03885,
    0.03157,
    0.02298,
    0.01651,
    0.01026,
    0.00425
  ],
  "RB Leipzig": [
    0.17232,
    0.1658,
    0.13592,
    0.11067,
    0.09943,
    0.07977,
    0.06034,
    0.04763,
    0.03758,
    0.02871,
    0.02104,
    0.01542,
    0.0103,
    0.00694,
    0.00457,
    0.00225,
    0.00108,
    0.00023
  ],
  "Mainz": [
    0.00111,
    0.00306,
    0.00549,
    0.00968,
    0.01334,
    0.01837,
    0.02363,
    0.03088,
    0.03954,
    0.04825,
    0.05728,
    0.0684,
    0.07941,
    0.09196,
    0.10945,
    0.12329,
    0.13589,
    0.14097
  ],
  "Wolfsburg": [
    0.08271,
    0.10393,
    0.10787,
    0.10236,
    0.0952,
    0.08819,
    0.08127,
    0.07342,
    0.0627,
    0.05162,
    0.04263,
    0.03503,
    0.02611,
    0.01877,
    0.01311,
    0.00871,
    0.00456,
    0.00181
  ],
  "Leverkusen": [
    0.15775,
    0.13298,
    0.11571,
    0.10749,
    0.09436,
    0.081,
    0.06799,
    0.05718,
    0.04648,
    0.03787,
    0.03063,
    0.02332,
    0.01746,
    0.0128,
    0.00833,
    0.00521,
    0.00253,
    0.00091
  ]
}