{
  "Bayern Munich": [
    0.23439,
    0.68539,
    0.06694,
    0.01044,
    0.00234,
    0.00045,
    3e-05,
    1e-05,
    1e-05,
    0.0,
    0.0,
    0.0,
    0.0,
    0.0,
    0.0,
    0.0,
    0.0,
    0.0
  ],
  "Hertha": [
    0.0,
    0.0,
    0.0,
    1e-05,
    1e-05,
    0.00021,
    0.00055,
    0.00191,
    0.00577,
    0.01355,
    0.02437,
    0.03991,
    0.06203,
    0.09267,
    0.13308,
    0.20367,
    0.24702,
    0.17524
  ],
  "Dortmund": [
    0.00418,
    0.05835,
    0.4424,
    0.22972,
    0.1319,
    0.07278,
    0.03526,
    0.01645,
    0.00612,
    0.00194,
    0.00067,
    0.00016,
    4e-05,
    3e-05,
    0.0,
    0.0,
    0.0,
    0.0
  ],
  "Augsburg": [
    0.0,
    0.0,
    0.00018,
    0.00094,
    0.0026,
    0.00738,
    0.01915,
    0.03928,
    0.07345,
    0.11299,
    0.13422,
    0.13932,
    0.13085,
    0.12062,
    0.09687,
    0.06731,
    0.03991,
    0.01493
  ],
  "Freiburg": [
    0.00027,
    0.00656,
    0.10102,
    0.16625,
    0.1914,
    0.18829,
    0.14783,
    0.09933,
    0.05458,
    0.02508,
    0.0116,
    0.00459,
    0.00219,
    0.00083,
    0.00014,
    2e-05,
    1e-05,
    1e-05
  ],
  "Mainz": [
    0.0,
    0.0,
    0.0,
    0.0,
    3e-05,
    8e-05,
    0.00055,
    0.00226,
    0.00512,
    0.01328,
    0.02384,
    0.0389,
    0.05838,
    0.08794,
    0.12825,
    0.19659,
    0.24043,
    0.20435
  ],
  "Leverkusen": [
    0.0,
    0.00018,
    0.00661,
    0.02194,
    0.04697,
    0.08181,
    0.1284,
    0.1757,
    0.19107,
    0.13385,
    0.08774,
    0.0557,
    0.03415,
    0.01983,
    0.01014,
    0.00428,
    0.00136,
    0.00027
  ],
  "Paderborn": [
    0.0,
    0.0,
    0.0,
    0.0,
    0.0,
    0.0,
    6e-05,
    0.00015,
    0.00066,
    0.00217,
    0.00494,
    0.01061,
    0.01852,
    0.03418,
    0.06355,
    0.12278,
    0.22882,
    0.51356
  ],
  "Werder Bremen": [
    0.0,
    0.0,
    0.00021,
    0.00074,
    0.00301,
    0.00768,
    0.01805,
    0.03665,
    0.0698,
    0.10569,
    0.12734,
    0.13607,
    0.13466,
    0.12361,
    0.10302,
    0.07251,
    0.04386,
    0.0171
  ],
  "Fortuna Dusseldorf": [
    0.0,
    0.0,
    0.0002,
    0.0016,
    0.00465,
    0.01261,
    0.02673,
    0.05586,
    0.10007,
    0.1424,
    0.14605,
    0.13586,
    0.11875,
    0.09672,
    0.07596,
    0.04802,
    0.02603,
    0.00849
  ],
  "Wolfsburg": [
    1e-05,
    0.00032,
    0.01596,
    0.04199,
    0.07688,
    0.12429,
    0.17435,
    0.1952,
    0.15645,
    0.09605,
    0.05547,
    0.03093,
    0.01691,
    0.00903,
    0.00426,
    0.00135,
    0.00052,
    3e-05
  ],
  "FC Koln": [
    0.0,
    0.0,
    9e-05,
    0.0005,
    0.00155,
    0.00474,
    0.01348,
    0.0305,
    0.05981,
    0.09446,
    0.11696,
    0.1289,
    0.13362,
    0.12936,
    0.12225,
    0.0873,
    0.05442,
    0.02206
  ],
  "M'gladbach": [
    0.00025,
    0.00688,
    0.11472,
    0.18992,
    0.20961,
    0.18654,
    0.13532,
    0.08312,
    0.04257,
    0.0181,
    0.00782,
    0.00322,
    0.00113,
    0.00059,
    0.00016,
    5e-05,
    0.0,
    0.0
  ],
  "Schalke 04": [
    0.0007,
    0.01498,
    0.20692,
    0.25683,
    0.20169,
    0.1416,
    0.08969,
    0.05003,
    0.02283,
    0.009,
    0.00348,
    0.00143,
    0.00055,
    0.00017,
    5e-05,
    5e-05,
    0.0,
    0.0
  ],
  "Ein Frankfurt": [
    2e-05,
    0.0009,
    0.03244,
    0.0775,
    0.12464,
    0.16378,
    0.19114,
    0.16598,
    0.11124,
    0.06331,
    0.03444,
    0.01827,
    0.00893,
    0.00425,
    0.00222,
    0.00064,
    0.00028,
    2e-05
  ],
  "Hoffenheim": [
    0.0,
    0.0,
    2e-05,
    0.00026,
    0.00122,
    0.00352,
    0.00912,
    0.02346,
    0.04938,
    0.08338,
    0.10996,
    0.12791,
    0.13832,
    0.14107,
    0.13193,
    0.09803,
    0.05931,
    0.02311
  ],
  "Union Berlin": [
    0.0,
    0.0,
    6e-05,
    0.00039,
    0.00135,
    0.00421,
    0.01029,
    0.02411,
    0.05107,
    0.08475,
    0.1111,
    0.12822,
    0.14097,
    0.1391,
    0.12812,
    0.0974,
    0.05803,
    0.02083
  ],
  "RB Leipzig": [
    0.76018,
    0.22644,
    0.01223,
    0.00097,
    0.00015,
    3e-05,
    0.0,
    0.0,
    0.0,
    0.0,
    0.0,
    0.0,
    0.0,
    0.0,
    0.0,
    0.0,
    0.0,
    0.0
  ]
}