{
  "São Paulo / SP": [
    0.0,
    0.0,
    0.00051,
    0.02569,
    0.06659,
    0.13757,
    0.26524,
    0.19709,
    0.12072,
    0.07573,
    0.04959,
    0.02916,
    0.01769,
    0.00926,
    0.00412,
    0.00089,
    0.00015,
    0.0,
    0.0,
    0.0
  ],
  "Sport / PE": [
    0.0,
    0.0,
    0.0,
    0.0,
    0.0,
    0.0,
    0.0,
    0.0,
    0.0,
    0.0,
    1e-05,
    1e-05,
    1e-05,
    0.0001,
    0.00038,
    0.00225,
    0.02047,
    0.05691,
    0.15012,
    0.76974
  ],
  "Cruzeiro / MG": [
    0.0463,
    0.29384,
    0.61752,
    0.03606,
    0.00543,
    0.00078,
    7e-05,
    0.0,
    0.0,
    0.0,
    0.0,
    0.0,
    0.0,
    0.0,
    0.0,
    0.0,
    0.0,
    0.0,
    0.0,
    0.0
  ],
  "Mirassol / SP": [
    7e-05,
    0.00203,
    0.02514,
    0.38,
    0.27538,
    0.19265,
    0.08028,
    0.02939,
    0.00996,
    0.00339,
    0.00112,
    0.00039,
    0.00014,
    3e-05,
    3e-05,
    0.0,
    0.0,
    0.0,
    0.0,
    0.0
  ],
  "Grêmio / RS": [
    0.0,
    0.0,
    0.0,
    0.00011,
    0.00099,
    0.00425,
    0.01967,
    0.04579,
    0.07261,
    0.10222,
    0.1214,
    0.13645,
    0.14723,
    0.1469,
    0.12043,
    0.06808,
    0.01199,
    0.00172,
    0.00015,
    1e-05
  ],
  "Atlético Mineiro / MG": [
    0.0,
    0.0,
    0.0,
    4e-05,
    0.00033,
    0.00202,
    0.01082,
    0.02865,
    0.05,
    0.07181,
    0.09254,
    0.11524,
    0.12805,
    0.1517,
    0.17083,
    0.13624,
    0.03255,
    0.00759,
    0.00148,
    0.00011
  ],
  "Fortaleza / CE": [
    0.0,
    0.0,
    0.0,
    0.0,
    0.0,
    0.0,
    0.0,
    1e-05,
    7e-05,
    0.00013,
    0.0003,
    0.00072,
    0.00173,
    0.00494,
    0.01387,
    0.04551,
    0.19517,
    0.28597,
    0.35212,
    0.09946
  ],
  "Fluminense / RJ": [
    0.0,
    1e-05,
    0.00051,
    0.01753,
    0.04377,
    0.09789,
    0.21025,
    0.2239,
    0.14971,
    0.09932,
    0.06274,
    0.04238,
    0.02745,
    0.01636,
    0.00655,
    0.00158,
    5e-05,
    0.0,
    0.0,
    0.0
  ],
  "Juventude / RS": [
    0.0,
    0.0,
    0.0,
    0.0,
    0.0,
    0.0,
    0.0,
    1e-05,
    5e-05,
    0.00011,
    0.00016,
    0.0005,
    0.00145,
    0.00416,
    0.01173,
    0.04497,
    0.21273,
    0.30843,
    0.32247,
    0.09323
  ],
  "Vitória / BA": [
    0.0,
    0.0,
    0.0,
    0.0,
    0.0,
    0.0,
    0.0,
    6e-05,
    0.00023,
    0.00046,
    0.00148,
    0.00234,
    0.00484,
    0.01102,
    0.02771,
    0.0898,
    0.36806,
    0.29439,
    0.16297,
    0.03664
  ],
  "Flamengo / RJ": [
    0.75881,
    0.20165,
    0.03886,
    0.00065,
    2e-05,
    1e-05,
    0.0,
    0.0,
    0.0,
    0.0,
    0.0,
    0.0,
    0.0,
    0.0,
    0.0,
    0.0,
    0.0,
    0.0,
    0.0,
    0.0
  ],
  "Internacional / RS": [
    0.0,
    0.0,
    0.0,
    0.00023,
    0.00148,
    0.00598,
    0.02415,
    0.05043,
    0.0784,
    0.10485,
    0.11963,
    0.12972,
    0.13589,
    0.13554,
    0.11914,
    0.07861,
    0.01394,
    0.00179,
    0.00021,
    1e-05
  ],
  "Palmeiras / SP": [
    0.1948,
    0.50106,
    0.28832,
    0.0136,
    0.00197,
    0.00025,
    0.0,
    0.0,
    0.0,
    0.0,
    0.0,
    0.0,
    0.0,
    0.0,
    0.0,
    0.0,
    0.0,
    0.0,
    0.0,
    0.0
  ],
  "Botafogo / RJ": [
    0.0,
    0.00051,
    0.01222,
    0.24308,
    0.30061,
    0.28487,
    0.10611,
    0.03547,
    0.01107,
    0.00386,
    0.00156,
    0.00043,
    0.0002,
    1e-05,
    0.0,
    0.0,
    0.0,
    0.0,
    0.0,
    0.0
  ],
  "Vasco da Gama / RJ": [
    0.0,
    0.0,
    0.0,
    0.00054,
    0.00323,
    0.01276,
    0.04001,
    0.07833,
    0.1106,
    0.1258,
    0.12454,
    0.12054,
    0.1191,
    0.10904,
    0.09256,
    0.05065,
    0.00999,
    0.00207,
    0.00024,
    0.0
  ],
  "Santos / SP": [
    0.0,
    0.0,
    0.0,
    0.0,
    2e-05,
    0.0003,
    0.00134,
    0.00534,
    0.01202,
    0.02099,
    0.03342,
    0.05023,
    0.07447,
    0.11151,
    0.18569,
    0.34362,
    0.11265,
    0.03769,
    0.00991,
    0.0008
  ],
  "Bahia / BA": [
    2e-05,
    0.0009,
    0.01691,
    0.28126,
    0.29154,
    0.22396,
    0.10852,
    0.0448,
    0.01801,
    0.00744,
    0.00364,
    0.00179,
    0.00085,
    0.0003,
    3e-05,
    3e-05,
    0.0,
    0.0,
    0.0,
    0.0
  ],
  "Corinthians / SP": [
    0.0,
    0.0,
    1e-05,
    0.0004,
    0.00314,
    0.01326,
    0.04418,
    0.09107,
    0.12855,
    0.13544,
    0.12512,
    0.11675,
    0.10927,
    0.09667,
    0.07974,
    0.04812,
    0.00707,
    0.00112,
    9e-05,
    0.0
  ],
  "Red Bull Bragantino / SP": [
    0.0,
    0.0,
    0.0,
    0.00055,
    0.00361,
    0.01591,
    0.06049,
    0.1172,
    0.15983,
    0.14918,
    0.13684,
    0.12536,
    0.09843,
    0.07114,
    0.04276,
    0.01632,
    0.00216,
    0.00022,
    0.0,
    0.0
  ],
  "Ceará / CE": [
    0.0,
    0.0,
    0.0,
    0.00026,
    0.00189,
    0.00754,
    0.02887,
    0.05246,
    0.07817,
    0.09927,
    0.12591,
    0.12799,
    0.1332,
    0.13132,
    0.12443,
    0.07333,
    0.01302,
    0.0021,
    0.00024,
    0.0
  ]
}