{
  "Man United": [
    0.01627,
    0.03923,
    0.04937,
    0.0564,
    0.06078,
    0.06654,
    0.06968,
    0.07197,
    0.07292,
    0.0758,
    0.07176,
    0.07227,
    0.06334,
    0.05904,
    0.04979,
    0.03849,
    0.02913,
    0.02,
    0.01174,
    0.00548
  ],
  "Fulham": [
    0.01579,
    0.03486,
    0.04647,
    0.05609,
    0.0613,
    0.06826,
    0.07137,
    0.07215,
    0.07419,
    0.07445,
    0.0709,
    0.06682,
    0.06348,
    0.05815,
    0.05111,
    0.0417,
    0.03255,
    0.02242,
    0.01287,
    0.00507
  ],
  "Ipswich": [
    0.0002,
    0.00075,
    0.00187,
    0.00304,
    0.00484,
    0.0077,
    0.00987,
    0.01291,
    0.01821,
    0.02468,
    0.03056,
    0.03833,
    0.05078,
    0.06368,
    0.08173,
    0.09978,
    0.11759,
    0.13967,
    0.15324,
    0.14057
  ],
  "Liverpool": [
    0.57987,
    0.18452,
    0.08973,
    0.0541,
    0.03394,
    0.02048,
    0.0129,
    0.0093,
    0.00586,
    0.00396,
    0.00241,
    0.00146,
    0.0008,
    0.00037,
    0.00019,
    3e-05,
    6e-05,
    1e-05,
    1e-05,
    0.0
  ],
  "Arsenal": [
    0.07923,
    0.13675,
    0.12569,
    0.11238,
    0.09816,
    0.08461,
    0.07404,
    0.06433,
    0.0522,
    0.04366,
    0.03608,
    0.02834,
    0.02218,
    0.01647,
    0.01142,
    0.00718,
    0.00436,
    0.00196,
    0.00069,
    0.00027
  ],
  "Wolves": [
    0.00018,
    0.00094,
    0.00167,
    0.00286,
    0.00517,
    0.00707,
    0.01026,
    0.01414,
    0.0185,
    0.0248,
    0.03322,
    0.04101,
    0.05211,
    0.06715,
    0.07925,
    0.10601,
    0.12259,
    0.13908,
    0.14495,
    0.12904
  ],
  "Everton": [
    0.00047,
    0.00222,
    0.00403,
    0.0065,
    0.00925,
    0.01225,
    0.01581,
    0.02239,
    0.02878,
    0.03707,
    0.04722,
    0.05765,
    0.06617,
    0.07871,
    0.09988,
    0.1103,
    0.11601,
    0.11333,
    0.1012,
    0.07076
  ],
  "Brighton": [
    0.04563,
    0.08987,
    0.09825,
    0.09643,
    0.09327,
    0.08825,
    0.08234,
    0.07248,
    0.06826,
    0.05897,
    0.05182,
    0.04202,
    0.03385,
    0.02773,
    0.02067,
    0.01404,
    0.00899,
    0.0048,
    0.00183,
    0.0005
  ],
  "Newcastle": [
    0.01373,
    0.03357,
    0.04515,
    0.05357,
    0.06133,
    0.06818,
    0.07059,
    0.07601,
    0.07678,
    0.07326,
    0.07277,
    0.07057,
    0.07076,
    0.06167,
    0.05074,
    0.03903,
    0.02909,
    0.01898,
    0.01029,
    0.00393
  ],
  "Southampton": [
    1e-05,
    0.00012,
    0.00038,
    0.00063,
    0.00127,
    0.00191,
    0.00257,
    0.00359,
    0.00552,
    0.00786,
    0.01167,
    0.01571,
    0.02261,
    0.03271,
    0.04294,
    0.06243,
    0.09096,
    0.13241,
    0.19875,
    0.36595
  ],
  "Nott'm Forest": [
    0.03544,
    0.07213,
    0.08332,
    0.08616,
    0.08742,
    0.08371,
    0.08074,
    0.07707,
    0.07021,
    0.06359,
    0.06159,
    0.05194,
    0.04428,
    0.03469,
    0.02625,
    0.01852,
    0.01211,
    0.00663,
    0.00316,
    0.00104
  ],
  "Bournemouth": [
    0.00893,
    0.025,
    0.03588,
    0.04451,
    0.0528,
    0.05804,
    0.06417,
    0.0689,
    0.07218,
    0.07712,
    0.08043,
    0.07556,
    0.07515,
    0.06829,
    0.05818,
    0.04827,
    0.03843,
    0.02612,
    0.01543,
    0.00661
  ],
  "West Ham": [
    0.0033,
    0.00906,
    0.0152,
    0.02113,
    0.02863,
    0.03527,
    0.04171,
    0.04779,
    0.05743,
    0.06418,
    0.07282,
    0.0789,
    0.08529,
    0.08427,
    0.08591,
    0.0791,
    0.0694,
    0.0579,
    0.04019,
    0.02252
  ],
  "Aston Villa": [
    0.01367,
    0.03427,
    0.04793,
    0.05519,
    0.06004,
    0.06728,
    0.07076,
    0.07419,
    0.07585,
    0.07408,
    0.07273,
    0.07044,
    0.06598,
    0.05884,
    0.05095,
    0.04124,
    0.03067,
    0.01991,
    0.01174,
    0.00424
  ],
  "Brentford": [
    0.0198,
    0.04543,
    0.05762,
    0.06592,
    0.06912,
    0.07242,
    0.07676,
    0.07744,
    0.07483,
    0.07184,
    0.06918,
    0.0646,
    0.05822,
    0.05187,
    0.04407,
    0.03271,
    0.02327,
    0.0148,
    0.00764,
    0.00246
  ],
  "Crystal Palace": [
    0.00015,
    0.00073,
    0.00199,
    0.0031,
    0.00494,
    0.00771,
    0.01089,
    0.0143,
    0.01741,
    0.02381,
    0.03023,
    0.03915,
    0.05018,
    0.06332,
    0.07984,
    0.10043,
    0.12132,
    0.13713,
    0.15386,
    0.13951
  ],
  "Chelsea": [
    0.09,
    0.14231,
    0.12784,
    0.11074,
    0.09604,
    0.08215,
    0.07111,
    0.05977,
    0.05017,
    0.04141,
    0.0336,
    0.0283,
    0.0217,
    0.01634,
    0.01193,
    0.00805,
    0.00514,
    0.00229,
    0.00083,
    0.00028
  ],
  "Man City": [
    0.05262,
    0.09599,
    0.10242,
    0.09771,
    0.09409,
    0.08536,
    0.07755,
    0.07009,
    0.06224,
    0.05579,
    0.04687,
    0.04141,
    0.03503,
    0.0277,
    0.02164,
    0.01471,
    0.00984,
    0.00577,
    0.00248,
    0.00069
  ],
  "Leicester": [
    0.00039,
    0.00129,
    0.0026,
    0.00446,
    0.00654,
    0.00908,
    0.01333,
    0.01746,
    0.02407,
    0.02911,
    0.03689,
    0.05157,
    0.06278,
    0.07956,
    0.09232,
    0.1085,
    0.11779,
    0.12301,
    0.12164,
    0.09761
  ],
  "Tottenham": [
    0.02432,
    0.05096,
    0.06259,
    0.06908,
    0.07107,
    0.07373,
    0.07355,
    0.07372,
    0.07439,
    0.07456,
    0.06725,
    0.06395,
    0.05531,
    0.04944,
    0.04119,
    0.02948,
    0.0207,
    0.01378,
    0.00746,
    0.00347
  ]
}