{
  "Palmeiras / SP": [
    0.0533,
    0.37822,
    0.24615,
    0.14991,
    0.08338,
    0.04667,
    0.0247,
    0.0121,
    0.00437,
    0.00101,
    0.00011,
    8e-05,
    0.0,
    0.0,
    0.0,
    0.0,
    0.0,
    0.0,
    0.0,
    0.0
  ],
  "Cuiabá / MT": [
    0.0,
    1e-05,
    0.0001,
    0.00062,
    0.00244,
    0.00702,
    0.01534,
    0.03357,
    0.07221,
    0.14398,
    0.18532,
    0.18341,
    0.15334,
    0.09419,
    0.05578,
    0.032,
    0.01523,
    0.00522,
    0.00022,
    0.0
  ],
  "América / MG": [
    0.0,
    0.0,
    0.0,
    0.0,
    0.0,
    0.0,
    0.0,
    0.0,
    0.0,
    0.0,
    2e-05,
    3e-05,
    0.00015,
    0.00099,
    0.00257,
    0.00677,
    0.01883,
    0.0621,
    0.50522,
    0.40332
  ],
  "Fluminense / RJ": [
    0.00128,
    0.02104,
    0.04527,
    0.0787,
    0.11672,
    0.14754,
    0.16968,
    0.16808,
    0.13405,
    0.07013,
    0.02985,
    0.01254,
    0.00387,
    0.00095,
    0.00023,
    5e-05,
    2e-05,
    0.0,
    0.0,
    0.0
  ],
  "Botafogo / RJ": [
    0.89506,
    0.07941,
    0.01921,
    0.00462,
    0.00113,
    0.00039,
    0.00013,
    5e-05,
    0.0,
    0.0,
    0.0,
    0.0,
    0.0,
    0.0,
    0.0,
    0.0,
    0.0,
    0.0,
    0.0,
    0.0
  ],
  "São Paulo / SP": [
    0.0,
    0.00019,
    0.00109,
    0.00372,
    0.00979,
    0.01958,
    0.03834,
    0.07025,
    0.1271,
    0.22426,
    0.1986,
    0.1434,
    0.08955,
    0.03952,
    0.02084,
    0.00931,
    0.00366,
    0.00079,
    1e-05,
    0.0
  ],
  "Red Bull Bragantino / SP": [
    0.0299,
    0.25046,
    0.25284,
    0.189,
    0.11931,
    0.07388,
    0.046,
    0.0238,
    0.01104,
    0.00308,
    0.00064,
    5e-05,
    0.0,
    0.0,
    0.0,
    0.0,
    0.0,
    0.0,
    0.0,
    0.0
  ],
  "Bahia / BA": [
    0.0,
    0.0,
    0.0,
    0.0,
    0.0,
    3e-05,
    6e-05,
    0.00036,
    0.00152,
    0.00638,
    0.01719,
    0.03195,
    0.05849,
    0.10636,
    0.15979,
    0.20702,
    0.2046,
    0.178,
    0.0261,
    0.00215
  ],
  "Athletico Paranaense / PR": [
    0.00084,
    0.0163,
    0.03916,
    0.06803,
    0.10457,
    0.14387,
    0.16698,
    0.17335,
    0.14724,
    0.08023,
    0.03643,
    0.01562,
    0.00586,
    0.00119,
    0.00028,
    5e-05,
    0.0,
    0.0,
    0.0,
    0.0
  ],
  "Goiás / GO": [
    0.0,
    0.0,
    0.0,
    0.0,
    2e-05,
    6e-05,
    0.00022,
    0.00107,
    0.00367,
    0.01432,
    0.03589,
    0.0669,
    0.11182,
    0.15491,
    0.17163,
    0.15406,
    0.14083,
    0.12568,
    0.01752,
    0.0014
  ],
  "Fortaleza / CE": [
    0.00027,
    0.00804,
    0.02168,
    0.04284,
    0.07588,
    0.11096,
    0.14708,
    0.183,
    0.19883,
    0.11655,
    0.05659,
    0.02524,
    0.00931,
    0.00296,
    0.00059,
    0.00012,
    6e-05,
    0.0,
    0.0,
    0.0
  ],
  "Internacional / RS": [
    0.0,
    0.0,
    0.0,
    0.0,
    1e-05,
    0.00015,
    0.00063,
    0.0021,
    0.00654,
    0.02251,
    0.04954,
    0.09009,
    0.13665,
    0.19531,
    0.18377,
    0.15118,
    0.10193,
    0.05499,
    0.00444,
    0.00016
  ],
  "Atlético Mineiro / MG": [
    0.00122,
    0.03538,
    0.07074,
    0.11215,
    0.15088,
    0.16759,
    0.15873,
    0.13549,
    0.09697,
    0.04526,
    0.01744,
    0.00594,
    0.00183,
    0.00027,
    0.0001,
    1e-05,
    0.0,
    0.0,
    0.0,
    0.0
  ],
  "Vasco da Gama / RJ": [
    0.0,
    0.0,
    0.0,
    0.0,
    0.0,
    1e-05,
    6e-05,
    0.00029,
    0.00094,
    0.00408,
    0.01109,
    0.02472,
    0.04934,
    0.08733,
    0.12373,
    0.17611,
    0.23984,
    0.24399,
    0.0355,
    0.00297
  ],
  "Flamengo / RJ": [
    0.00336,
    0.0633,
    0.10569,
    0.14706,
    0.17459,
    0.15961,
    0.13454,
    0.10073,
    0.06591,
    0.02965,
    0.01103,
    0.0034,
    0.0009,
    0.0002,
    3e-05,
    0.0,
    0.0,
    0.0,
    0.0,
    0.0
  ],
  "Coritiba / PR": [
    0.0,
    0.0,
    0.0,
    0.0,
    0.0,
    0.0,
    0.0,
    0.0,
    0.0,
    0.0,
    0.0,
    2e-05,
    6e-05,
    0.0003,
    0.00096,
    0.00281,
    0.00917,
    0.03821,
    0.36347,
    0.585
  ],
  "Corinthians / SP": [
    0.0,
    3e-05,
    0.00018,
    0.00063,
    0.00218,
    0.00589,
    0.01313,
    0.02861,
    0.0592,
    0.12379,
    0.17758,
    0.18958,
    0.15834,
    0.10356,
    0.06686,
    0.03958,
    0.02194,
    0.00837,
    0.00051,
    4e-05
  ],
  "Cruzeiro / MG": [
    0.0,
    0.0,
    4e-05,
    0.00024,
    0.00077,
    0.00244,
    0.00734,
    0.0181,
    0.04333,
    0.10208,
    0.15935,
    0.18186,
    0.17014,
    0.12708,
    0.08884,
    0.058,
    0.02973,
    0.01019,
    0.00045,
    2e-05
  ],
  "Grêmio / RS": [
    0.01477,
    0.14762,
    0.19785,
    0.20248,
    0.15833,
    0.11429,
    0.07702,
    0.04893,
    0.02648,
    0.00901,
    0.00244,
    0.00064,
    0.00011,
    3e-05,
    0.0,
    0.0,
    0.0,
    0.0,
    0.0,
    0.0
  ],
  "Santos / SP": [
    0.0,
    0.0,
    0.0,
    0.0,
    0.0,
    2e-05,
    2e-05,
    0.00012,
    0.0006,
    0.00368,
    0.01089,
    0.02453,
    0.05024,
    0.08485,
    0.124,
    0.16293,
    0.21416,
    0.27246,
    0.04656,
    0.00494
  ]
}