{
  "Fiorentina": [
    0.0,
    0.0,
    0.0,
    1e-05,
    9e-05,
    0.00045,
    0.00255,
    0.01112,
    0.0351,
    0.08299,
    0.14908,
    0.15285,
    0.14085,
    0.12377,
    0.09862,
    0.07865,
    0.05779,
    0.03845,
    0.02052,
    0.00711
  ],
  "Torino": [
    0.0,
    0.0,
    0.0,
    0.0,
    0.0,
    0.0,
    7e-05,
    0.00031,
    0.00194,
    0.00769,
    0.02222,
    0.04005,
    0.06117,
    0.08129,
    0.1031,
    0.12444,
    0.14766,
    0.15921,
    0.14587,
    0.10498
  ],
  "Verona": [
    9e-05,
    0.00053,
    0.00207,
    0.00556,
    0.01481,
    0.03832,
    0.09782,
    0.19653,
    0.26599,
    0.20611,
    0.09227,
    0.04236,
    0.02009,
    0.01029,
    0.00458,
    0.00168,
    0.00072,
    0.00014,
    4e-05,
    0.0
  ],
  "Roma": [
    0.04656,
    0.08325,
    0.12428,
    0.16004,
    0.18732,
    0.19433,
    0.12175,
    0.05663,
    0.01922,
    0.00548,
    0.00089,
    0.00024,
    1e-05,
    0.0,
    0.0,
    0.0,
    0.0,
    0.0,
    0.0,
    0.0
  ],
  "Parma": [
    0.0,
    0.0,
    0.0,
    0.0,
    0.0,
    0.0,
    0.0,
    2e-05,
    0.00017,
    0.00097,
    0.00344,
    0.00775,
    0.01606,
    0.02786,
    0.04092,
    0.06506,
    0.11025,
    0.16314,
    0.2411,
    0.32326
  ],
  "Napoli": [
    0.0779,
    0.12223,
    0.15691,
    0.17668,
    0.17777,
    0.15331,
    0.08511,
    0.03476,
    0.0117,
    0.00305,
    0.00046,
    0.0001,
    0.0,
    2e-05,
    0.0,
    0.0,
    0.0,
    0.0,
    0.0,
    0.0
  ],
  "Genoa": [
    0.0,
    0.0,
    0.0,
    0.0,
    0.0,
    5e-05,
    0.0003,
    0.00177,
    0.00819,
    0.02662,
    0.06184,
    0.0926,
    0.1126,
    0.12205,
    0.1468,
    0.14052,
    0.11753,
    0.08707,
    0.05585,
    0.02621
  ],
  "Crotone": [
    0.0,
    0.0,
    0.0,
    0.0,
    0.0,
    0.0,
    0.0,
    3e-05,
    9e-05,
    0.00081,
    0.0033,
    0.00741,
    0.01421,
    0.0264,
    0.04324,
    0.06898,
    0.10447,
    0.16031,
    0.23196,
    0.33879
  ],
  "Sassuolo": [
    0.0006,
    0.0023,
    0.00641,
    0.01644,
    0.036,
    0.07842,
    0.17027,
    0.26815,
    0.21426,
    0.12699,
    0.0479,
    0.01912,
    0.00816,
    0.00317,
    0.00117,
    0.00051,
    0.00012,
    0.0,
    1e-05,
    0.0
  ],
  "Cagliari": [
    0.0,
    0.0,
    0.0,
    0.0,
    0.0,
    0.0,
    5e-05,
    0.00031,
    0.00194,
    0.00694,
    0.02155,
    0.03621,
    0.05007,
    0.06998,
    0.08739,
    0.10964,
    0.13944,
    0.1677,
    0.16968,
    0.1391
  ],
  "Juventus": [
    0.09371,
    0.14133,
    0.16828,
    0.17554,
    0.16939,
    0.13653,
    0.07488,
    0.02892,
    0.00883,
    0.00213,
    0.00042,
    4e-05,
    0.0,
    0.0,
    0.0,
    0.0,
    0.0,
    0.0,
    0.0,
    0.0
  ],
  "Sampdoria": [
    3e-05,
    0.00014,
    0.00078,
    0.00247,
    0.00726,
    0.02084,
    0.06279,
    0.14336,
    0.22942,
    0.25939,
    0.13007,
    0.06945,
    0.03675,
    0.01925,
    0.00988,
    0.00502,
    0.00222,
    0.00069,
    0.00016,
    3e-05
  ],
  "Milan": [
    0.29251,
    0.24856,
    0.17841,
    0.12748,
    0.08205,
    0.04697,
    0.01837,
    0.00457,
    0.0009,
    0.00016,
    2e-05,
    0.0,
    0.0,
    0.0,
    0.0,
    0.0,
    0.0,
    0.0,
    0.0,
    0.0
  ],
  "Bologna": [
    0.0,
    0.0,
    1e-05,
    3e-05,
    4e-05,
    0.00036,
    0.0025,
    0.01022,
    0.03277,
    0.07757,
    0.14241,
    0.15084,
    0.14497,
    0.12322,
    0.10278,
    0.0847,
    0.06145,
    0.03854,
    0.02027,
    0.00732
  ],
  "Atalanta": [
    0.09375,
    0.14566,
    0.17853,
    0.17987,
    0.16717,
    0.12959,
    0.06976,
    0.02576,
    0.0078,
    0.00185,
    0.00022,
    4e-05,
    0.0,
    0.0,
    0.0,
    0.0,
    0.0,
    0.0,
    0.0,
    0.0
  ],
  "Lazio": [
    0.00375,
    0.01226,
    0.0293,
    0.05448,
    0.09672,
    0.1677,
    0.27905,
    0.19849,
    0.10234,
    0.04042,
    0.01087,
    0.00327,
    0.00101,
    0.00023,
    9e-05,
    2e-05,
    0.0,
    0.0,
    0.0,
    0.0
  ],
  "Benevento": [
    0.0,
    0.0,
    0.0,
    1e-05,
    6e-05,
    0.00035,
    0.00216,
    0.00943,
    0.03231,
    0.07417,
    0.14133,
    0.15501,
    0.14248,
    0.12267,
    0.10779,
    0.08807,
    0.06184,
    0.03779,
    0.01835,
    0.00618
  ],
  "Inter": [
    0.3911,
    0.24374,
    0.15502,
    0.10139,
    0.06131,
    0.03264,
    0.01127,
    0.003,
    0.00048,
    5e-05,
    0.0,
    0.0,
    0.0,
    0.0,
    0.0,
    0.0,
    0.0,
    0.0,
    0.0,
    0.0
  ],
  "Spezia": [
    0.0,
    0.0,
    0.0,
    0.0,
    1e-05,
    4e-05,
    0.00055,
    0.00337,
    0.01282,
    0.03719,
    0.08178,
    0.10934,
    0.12905,
    0.13816,
    0.13286,
    0.11811,
    0.0995,
    0.07128,
    0.04517,
    0.02077
  ],
  "Udinese": [
    0.0,
    0.0,
    0.0,
    0.0,
    0.0,
    0.0001,
    0.00075,
    0.00325,
    0.01373,
    0.03942,
    0.08993,
    0.11332,
    0.12252,
    0.13164,
    0.12078,
    0.1146,
    0.09701,
    0.07568,
    0.05102,
    0.02625
  ]
}