{
  "Empoli": [
    0.0,
    0.0,
    0.0,
    0.0,
    0.0,
    0.0,
    0.0,
    1e-05,
    2e-05,
    0.00015,
    0.00053,
    0.00221,
    0.00719,
    0.01927,
    0.04295,
    0.07888,
    0.12041,
    0.1882,
    0.29339,
    0.24679
  ],
  "Verona": [
    0.0,
    0.0,
    0.0,
    0.0,
    1e-05,
    0.0,
    7e-05,
    0.00013,
    0.00069,
    0.00215,
    0.00727,
    0.01785,
    0.04173,
    0.08195,
    0.13809,
    0.17071,
    0.19249,
    0.17091,
    0.12844,
    0.04751
  ],
  "Frosinone": [
    0.0,
    0.0,
    0.0,
    4e-05,
    0.00034,
    0.00169,
    0.00605,
    0.01515,
    0.03114,
    0.05946,
    0.10301,
    0.15515,
    0.19826,
    0.17812,
    0.1155,
    0.07016,
    0.03888,
    0.01998,
    0.00627,
    0.0008
  ],
  "Napoli": [
    0.0,
    0.00026,
    0.0077,
    0.05329,
    0.13252,
    0.20929,
    0.2028,
    0.15513,
    0.10927,
    0.06839,
    0.03604,
    0.01656,
    0.00624,
    0.00198,
    0.00039,
    0.00013,
    1e-05,
    0.0,
    0.0,
    0.0
  ],
  "Genoa": [
    0.0,
    0.0,
    0.0,
    1e-05,
    0.00012,
    0.0008,
    0.00324,
    0.00764,
    0.01861,
    0.03875,
    0.07495,
    0.1277,
    0.18524,
    0.20191,
    0.14691,
    0.09775,
    0.05966,
    0.0268,
    0.0088,
    0.00111
  ],
  "Fiorentina": [
    0.00014,
    0.0038,
    0.06232,
    0.23862,
    0.32919,
    0.17618,
    0.09691,
    0.05012,
    0.02591,
    0.01127,
    0.00394,
    0.00123,
    0.00031,
    6e-05,
    0.0,
    0.0,
    0.0,
    0.0,
    0.0,
    0.0
  ],
  "Inter": [
    0.79408,
    0.18865,
    0.01623,
    0.00096,
    8e-05,
    0.0,
    0.0,
    0.0,
    0.0,
    0.0,
    0.0,
    0.0,
    0.0,
    0.0,
    0.0,
    0.0,
    0.0,
    0.0,
    0.0,
    0.0
  ],
  "Monza": [
    0.0,
    0.0,
    3e-05,
    0.00068,
    0.00354,
    0.01305,
    0.02709,
    0.05275,
    0.08718,
    0.13699,
    0.19,
    0.18749,
    0.13948,
    0.08795,
    0.04405,
    0.01927,
    0.00743,
    0.00238,
    0.00061,
    3e-05
  ],
  "Roma": [
    0.0,
    0.00014,
    0.00694,
    0.04787,
    0.12491,
    0.20842,
    0.19843,
    0.16192,
    0.11424,
    0.0743,
    0.03731,
    0.01687,
    0.00627,
    0.00187,
    0.00038,
    0.00012,
    1e-05,
    0.0,
    0.0,
    0.0
  ],
  "Salernitana": [
    0.0,
    0.0,
    0.0,
    0.0,
    0.0,
    0.0,
    0.0,
    0.0,
    2e-05,
    1e-05,
    5e-05,
    0.00015,
    0.00092,
    0.00328,
    0.01051,
    0.02451,
    0.04837,
    0.09534,
    0.21626,
    0.60058
  ],
  "Sassuolo": [
    0.0,
    0.0,
    0.0,
    0.0,
    4e-05,
    0.0,
    0.00018,
    0.00042,
    0.00172,
    0.0047,
    0.01253,
    0.03044,
    0.06226,
    0.10781,
    0.16234,
    0.18545,
    0.17359,
    0.15572,
    0.08232,
    0.02048
  ],
  "Atalanta": [
    0.0,
    5e-05,
    0.00251,
    0.02205,
    0.0655,
    0.12956,
    0.16661,
    0.17907,
    0.16028,
    0.12435,
    0.07849,
    0.04377,
    0.01886,
    0.00672,
    0.00169,
    0.00038,
    8e-05,
    2e-05,
    1e-05,
    0.0
  ],
  "Lecce": [
    0.0,
    0.0,
    1e-05,
    0.00051,
    0.00318,
    0.01114,
    0.02597,
    0.04863,
    0.08365,
    0.13052,
    0.1823,
    0.19096,
    0.14868,
    0.09134,
    0.04713,
    0.02173,
    0.00951,
    0.00372,
    0.00093,
    9e-05
  ],
  "Lazio": [
    0.0,
    0.0,
    0.00064,
    0.00878,
    0.03335,
    0.07669,
    0.12242,
    0.16366,
    0.18072,
    0.16174,
    0.11707,
    0.07282,
    0.03747,
    0.01615,
    0.00594,
    0.00189,
    0.00052,
    0.00012,
    2e-05,
    0.0
  ],
  "Udinese": [
    0.0,
    0.0,
    0.0,
    1e-05,
    0.0,
    2e-05,
    0.00018,
    0.00072,
    0.00245,
    0.00681,
    0.01644,
    0.03759,
    0.07195,
    0.12096,
    0.17401,
    0.18172,
    0.16067,
    0.12744,
    0.07932,
    0.01971
  ],
  "Juventus": [
    0.19386,
    0.66693,
    0.12377,
    0.0134,
    0.0018,
    0.00022,
    2e-05,
    0.0,
    0.0,
    0.0,
    0.0,
    0.0,
    0.0,
    0.0,
    0.0,
    0.0,
    0.0,
    0.0,
    0.0,
    0.0
  ],
  "Torino": [
    0.0,
    1e-05,
    0.00045,
    0.00687,
    0.0278,
    0.06382,
    0.10542,
    0.14527,
    0.17614,
    0.17602,
    0.13411,
    0.08579,
    0.04565,
    0.02157,
    0.00791,
    0.00223,
    0.00067,
    0.00024,
    3e-05,
    0.0
  ],
  "Cagliari": [
    0.0,
    0.0,
    0.0,
    0.0,
    0.0,
    0.0,
    4e-05,
    0.00013,
    0.00054,
    0.00185,
    0.00508,
    0.01324,
    0.02946,
    0.05906,
    0.1022,
    0.14507,
    0.1877,
    0.20913,
    0.1836,
    0.0629
  ],
  "Bologna": [
    0.00054,
    0.01323,
    0.15358,
    0.4343,
    0.22999,
    0.09759,
    0.0415,
    0.01845,
    0.00722,
    0.00251,
    0.00088,
    0.00018,
    3e-05,
    0.0,
    0.0,
    0.0,
    0.0,
    0.0,
    0.0,
    0.0
  ],
  "Milan": [
    0.01138,
    0.12693,
    0.62582,
    0.17261,
    0.04763,
    0.01153,
    0.00307,
    0.0008,
    0.0002,
    3e-05,
    0.0,
    0.0,
    0.0,
    0.0,
    0.0,
    0.0,
    0.0,
    0.0,
    0.0,
    0.0
  ]
}