{
  "Internacional / RS": [
    0.00023,
    0.001,
    0.00286,
    0.00798,
    0.02183,
    0.05004,
    0.09717,
    0.15081,
    0.14864,
    0.11973,
    0.10432,
    0.08869,
    0.06849,
    0.05482,
    0.03877,
    0.02469,
    0.01254,
    0.0052,
    0.002,
    0.00019
  ],
  "Bahia / BA": [
    0.00509,
    0.01723,
    0.04393,
    0.08915,
    0.17453,
    0.23608,
    0.20888,
    0.10796,
    0.05455,
    0.02998,
    0.01668,
    0.00877,
    0.0045,
    0.00175,
    0.00071,
    0.00018,
    3e-05,
    0.0,
    0.0,
    0.0
  ],
  "Criciúma / SC": [
    1e-05,
    0.0,
    3e-05,
    0.00023,
    0.00129,
    0.00485,
    0.01457,
    0.0343,
    0.04972,
    0.06467,
    0.07923,
    0.09493,
    0.11025,
    0.12385,
    0.13078,
    0.11371,
    0.0853,
    0.05485,
    0.02833,
    0.0091
  ],
  "Juventude / RS": [
    0.0,
    0.0,
    8e-05,
    0.00052,
    0.00225,
    0.00833,
    0.0252,
    0.05373,
    0.07372,
    0.09048,
    0.1047,
    0.11484,
    0.12094,
    0.12212,
    0.10582,
    0.0807,
    0.05216,
    0.02937,
    0.01233,
    0.00271
  ],
  "Fluminense / RJ": [
    0.0,
    0.0,
    0.0,
    1e-05,
    9e-05,
    0.00046,
    0.00219,
    0.007,
    0.01464,
    0.02286,
    0.03578,
    0.051,
    0.07145,
    0.09988,
    0.13039,
    0.15981,
    0.15568,
    0.12625,
    0.0858,
    0.03671
  ],
  "Red Bull Bragantino / SP": [
    0.0,
    5e-05,
    0.00026,
    0.00105,
    0.00472,
    0.01472,
    0.03633,
    0.07309,
    0.09205,
    0.106,
    0.11688,
    0.11999,
    0.11723,
    0.10313,
    0.08577,
    0.06259,
    0.03706,
    0.01947,
    0.00787,
    0.00174
  ],
  "São Paulo / SP": [
    0.01696,
    0.04552,
    0.09015,
    0.15681,
    0.24776,
    0.2078,
    0.13361,
    0.05718,
    0.02452,
    0.01148,
    0.00505,
    0.00195,
    0.00081,
    0.00031,
    6e-05,
    2e-05,
    1e-05,
    0.0,
    0.0,
    0.0
  ],
  "Fortaleza / CE": [
    0.3596,
    0.24983,
    0.18059,
    0.12259,
    0.05766,
    0.02145,
    0.00621,
    0.0016,
    0.00032,
    0.00011,
    4e-05,
    0.0,
    0.0,
    0.0,
    0.0,
    0.0,
    0.0,
    0.0,
    0.0,
    0.0
  ],
  "Vasco da Gama / RJ": [
    3e-05,
    0.00011,
    0.00069,
    0.0024,
    0.00882,
    0.02536,
    0.05462,
    0.09517,
    0.11777,
    0.13131,
    0.12959,
    0.12231,
    0.10906,
    0.08269,
    0.05743,
    0.03424,
    0.01827,
    0.00725,
    0.00234,
    0.00054
  ],
  "Grêmio / RS": [
    0.0,
    2e-05,
    0.00013,
    0.00065,
    0.00272,
    0.00904,
    0.02416,
    0.05121,
    0.07403,
    0.08695,
    0.10073,
    0.11225,
    0.11545,
    0.11756,
    0.11049,
    0.08603,
    0.05711,
    0.03257,
    0.01468,
    0.00422
  ],
  "Corinthians / SP": [
    0.0,
    0.0,
    0.0,
    0.0,
    0.0,
    5e-05,
    0.0002,
    0.0008,
    0.0025,
    0.00507,
    0.01057,
    0.01876,
    0.03097,
    0.05195,
    0.08178,
    0.12995,
    0.17726,
    0.20187,
    0.17895,
    0.10932
  ],
  "Atlético Mineiro / MG": [
    4e-05,
    0.00021,
    0.00112,
    0.00382,
    0.01185,
    0.03208,
    0.0688,
    0.11393,
    0.12988,
    0.13991,
    0.12817,
    0.10787,
    0.09078,
    0.07081,
    0.04989,
    0.02937,
    0.0145,
    0.00518,
    0.0016,
    0.00019
  ],
  "Athletico Paranaense / PR": [
    4e-05,
    0.00021,
    0.00088,
    0.00281,
    0.01079,
    0.02915,
    0.06124,
    0.10567,
    0.13307,
    0.13713,
    0.12513,
    0.11152,
    0.09589,
    0.07312,
    0.05267,
    0.03237,
    0.0177,
    0.00774,
    0.00243,
    0.00044
  ],
  "Cuiabá / MT": [
    0.0,
    0.0,
    0.0,
    0.0,
    0.0,
    2e-05,
    7e-05,
    0.00036,
    0.00108,
    0.00267,
    0.00488,
    0.00892,
    0.01629,
    0.02839,
    0.04653,
    0.07802,
    0.12301,
    0.18227,
    0.26227,
    0.24522
  ],
  "Atlético Goianiense / GO": [
    0.0,
    0.0,
    0.0,
    0.0,
    0.0,
    0.0,
    1e-05,
    4e-05,
    0.00014,
    0.00039,
    0.00082,
    0.00193,
    0.00471,
    0.00921,
    0.01887,
    0.03775,
    0.07257,
    0.12771,
    0.23159,
    0.49426
  ],
  "Flamengo / RJ": [
    0.15932,
    0.20935,
    0.22902,
    0.19852,
    0.11637,
    0.05521,
    0.02189,
    0.00686,
    0.00231,
    0.00078,
    0.00024,
    8e-05,
    3e-05,
    2e-05,
    0.0,
    0.0,
    0.0,
    0.0,
    0.0,
    0.0
  ],
  "Cruzeiro / MG": [
    0.0027,
    0.01148,
    0.03231,
    0.07322,
    0.14947,
    0.22074,
    0.21282,
    0.12901,
    0.0745,
    0.04247,
    0.02488,
    0.01374,
    0.00709,
    0.00338,
    0.00153,
    0.00053,
    0.00011,
    1e-05,
    1e-05,
    0.0
  ],
  "Botafogo / RJ": [
    0.31,
    0.26814,
    0.19714,
    0.13137,
    0.06172,
    0.02217,
    0.00678,
    0.00186,
    0.00072,
    5e-05,
    5e-05,
    0.0,
    0.0,
    0.0,
    0.0,
    0.0,
    0.0,
    0.0,
    0.0,
    0.0
  ],
  "Vitória / BA": [
    0.0,
    0.0,
    0.0,
    0.0,
    0.0,
    1e-05,
    0.00031,
    0.00136,
    0.00312,
    0.00714,
    0.01198,
    0.02238,
    0.03603,
    0.05701,
    0.08851,
    0.13004,
    0.17669,
    0.20026,
    0.1698,
    0.09536
  ],
  "Palmeiras / SP": [
    0.14598,
    0.19685,
    0.22081,
    0.20887,
    0.12813,
    0.06244,
    0.02494,
    0.00806,
    0.00272,
    0.00082,
    0.00028,
    7e-05,
    3e-05,
    0.0,
    0.0,
    0.0,
    0.0,
    0.0,
    0.0,
    0.0
  ]
}