{
  "Sp Braga": [
    0.00045,
    0.00235,
    0.00712,
    0.0164,
    0.03252,
    0.05268,
    0.07632,
    0.09205,
    0.10114,
    0.10422,
    0.10538,
    0.09416,
    0.08409,
    0.07679,
    0.06517,
    0.05064,
    0.03401,
    0.00451
  ],
  "Famalicao": [
    0.00486,
    0.01889,
    0.04147,
    0.07329,
    0.10729,
    0.13333,
    0.13099,
    0.11243,
    0.09242,
    0.07664,
    0.06019,
    0.04869,
    0.03857,
    0.02544,
    0.01832,
    0.01126,
    0.00529,
    0.00063
  ],
  "Gil Vicente": [
    0.00653,
    0.02587,
    0.05197,
    0.08483,
    0.12057,
    0.13879,
    0.13341,
    0.1101,
    0.086,
    0.0688,
    0.05299,
    0.04154,
    0.03058,
    0.02183,
    0.01397,
    0.00848,
    0.00339,
    0.00035
  ],
  "Portimonense": [
    0.0,
    1e-05,
    0.00023,
    0.00081,
    0.00238,
    0.00499,
    0.0097,
    0.01664,
    0.02397,
    0.03615,
    0.0498,
    0.06585,
    0.088,
    0.11155,
    0.14155,
    0.17726,
    0.20946,
    0.06165
  ],
  "Farense": [
    0.00087,
    0.0047,
    0.01301,
    0.02615,
    0.04627,
    0.07361,
    0.09279,
    0.10625,
    0.10716,
    0.10558,
    0.09771,
    0.08626,
    0.07305,
    0.06134,
    0.04859,
    0.03414,
    0.01999,
    0.00253
  ],
  "Casa Pia": [
    0.04996,
    0.11512,
    0.16233,
    0.18167,
    0.16112,
    0.11845,
    0.07902,
    0.04943,
    0.03275,
    0.02105,
    0.01263,
    0.00765,
    0.00437,
    0.00252,
    0.00128,
    0.00045,
    0.00016,
    4e-05
  ],
  "Sp Lisbon": [
    0.14892,
    0.23266,
    0.21212,
    0.15944,
    0.10793,
    0.06199,
    0.03446,
    0.02019,
    0.0104,
    0.00596,
    0.00308,
    0.00153,
    0.00072,
    0.00036,
    0.00016,
    5e-05,
    3e-05,
    0.0
  ],
  "Vizela": [
    0.00023,
    0.00148,
    0.00453,
    0.01049,
    0.02235,
    0.03992,
    0.05996,
    0.07835,
    0.09535,
    0.09737,
    0.10031,
    0.10764,
    0.10122,
    0.08909,
    0.07893,
    0.06201,
    0.0429,
    0.00787
  ],
  "Rio Ave": [
    3e-05,
    0.00027,
    0.00112,
    0.00312,
    0.00769,
    0.0173,
    0.03033,
    0.04367,
    0.057,
    0.07023,
    0.08518,
    0.09245,
    0.10317,
    0.11366,
    0.11896,
    0.12093,
    0.11148,
    0.02341
  ],
  "Chaves": [
    0.0,
    0.0,
    0.0,
    0.0,
    0.0,
    0.0,
    4e-05,
    0.00012,
    0.00016,
    0.00049,
    0.00101,
    0.00216,
    0.00388,
    0.00902,
    0.01891,
    0.04408,
    0.12878,
    0.79135
  ],
  "Estrela": [
    6e-05,
    0.00027,
    0.001,
    0.00268,
    0.00592,
    0.01334,
    0.02234,
    0.03324,
    0.05009,
    0.06531,
    0.08081,
    0.09544,
    0.10986,
    0.12033,
    0.12983,
    0.12937,
    0.11253,
    0.02758
  ],
  "Guimaraes": [
    0.00146,
    0.00673,
    0.01713,
    0.03422,
    0.05793,
    0.08242,
    0.10135,
    0.11485,
    0.11494,
    0.10614,
    0.09504,
    0.07894,
    0.06448,
    0.04986,
    0.03661,
    0.02415,
    0.01204,
    0.00171
  ],
  "Arouca": [
    0.00035,
    0.0023,
    0.00723,
    0.0172,
    0.03103,
    0.05449,
    0.07409,
    0.08894,
    0.09769,
    0.10457,
    0.10242,
    0.09929,
    0.09174,
    0.08021,
    0.06475,
    0.04844,
    0.03002,
    0.00524
  ],
  "Estoril": [
    1e-05,
    0.00036,
    0.00106,
    0.00362,
    0.00786,
    0.01714,
    0.02838,
    0.04156,
    0.05417,
    0.06494,
    0.07935,
    0.09468,
    0.10876,
    0.11998,
    0.12362,
    0.12268,
    0.10519,
    0.02664
  ],
  "Moreirense": [
    0.0,
    0.00015,
    0.00045,
    0.0014,
    0.00391,
    0.00869,
    0.01545,
    0.02286,
    0.03277,
    0.04445,
    0.05659,
    0.0733,
    0.09106,
    0.11468,
    0.13777,
    0.16546,
    0.18454,
    0.04647
  ],
  "Porto": [
    0.04667,
    0.11342,
    0.15881,
    0.18052,
    0.16519,
    0.1183,
    0.07654,
    0.05009,
    0.03394,
    0.02236,
    0.01428,
    0.0089,
    0.00562,
    0.00307,
    0.0015,
    0.00058,
    0.00019,
    2e-05
  ],
  "Boavista": [
    0.15512,
    0.25665,
    0.2142,
    0.15385,
    0.09741,
    0.05431,
    0.03086,
    0.01739,
    0.00926,
    0.00529,
    0.00309,
    0.00143,
    0.00081,
    0.00024,
    7e-05,
    2e-05,
    0.0,
    0.0
  ],
  "Benfica": [
    0.58448,
    0.21877,
    0.10622,
    0.05031,
    0.02263,
    0.01025,
    0.00397,
    0.00184,
    0.00079,
    0.00045,
    0.00014,
    9e-05,
    2e-05,
    3e-05,
    1e-05,
    0.0,
    0.0,
    0.0
  ]
}