{
  "Genoa": [
    0.0,
    0.0,
    0.0,
    0.0,
    2e-05,
    8e-05,
    0.00071,
    0.00562,
    0.03155,
    0.10947,
    0.16806,
    0.2016,
    0.1564,
    0.11143,
    0.08326,
    0.06286,
    0.03921,
    0.02125,
    0.00761,
    0.00087
  ],
  "Inter": [
    0.49357,
    0.3089,
    0.16677,
    0.02459,
    0.00481,
    0.00118,
    0.00017,
    1e-05,
    0.0,
    0.0,
    0.0,
    0.0,
    0.0,
    0.0,
    0.0,
    0.0,
    0.0,
    0.0,
    0.0,
    0.0
  ],
  "Parma": [
    0.0,
    0.0,
    0.0,
    0.0,
    0.0,
    0.0,
    1e-05,
    1e-05,
    0.00054,
    0.00428,
    0.01349,
    0.03029,
    0.04489,
    0.0692,
    0.09505,
    0.12498,
    0.15963,
    0.20425,
    0.17149,
    0.08189
  ],
  "Fiorentina": [
    0.00089,
    0.00853,
    0.0433,
    0.19522,
    0.23641,
    0.22293,
    0.16808,
    0.09408,
    0.02651,
    0.00378,
    0.00025,
    2e-05,
    0.0,
    0.0,
    0.0,
    0.0,
    0.0,
    0.0,
    0.0,
    0.0
  ],
  "Empoli": [
    0.0,
    0.0,
    0.0,
    0.0,
    0.0,
    0.0,
    0.0,
    0.00037,
    0.00333,
    0.01787,
    0.0489,
    0.08855,
    0.11288,
    0.12919,
    0.13983,
    0.13996,
    0.13103,
    0.10566,
    0.06097,
    0.02146
  ],
  "Monza": [
    0.0,
    0.0,
    0.0,
    0.0,
    0.0,
    0.0,
    0.0,
    0.0,
    1e-05,
    4e-05,
    0.00048,
    0.00116,
    0.00267,
    0.00681,
    0.0134,
    0.02633,
    0.04937,
    0.09983,
    0.2323,
    0.5676
  ],
  "Milan": [
    9e-05,
    0.00149,
    0.01044,
    0.06092,
    0.11134,
    0.16869,
    0.24199,
    0.25001,
    0.12074,
    0.02787,
    0.00506,
    0.00113,
    0.00019,
    4e-05,
    0.0,
    0.0,
    0.0,
    0.0,
    0.0,
    0.0
  ],
  "Torino": [
    0.0,
    0.0,
    0.0,
    1e-05,
    1e-05,
    0.00039,
    0.00196,
    0.01273,
    0.07356,
    0.20424,
    0.28605,
    0.17278,
    0.10569,
    0.06865,
    0.03882,
    0.02014,
    0.00986,
    0.00402,
    0.00095,
    0.00014
  ],
  "Bologna": [
    0.00012,
    0.00108,
    0.00901,
    0.05255,
    0.10118,
    0.16074,
    0.23806,
    0.28651,
    0.11954,
    0.02651,
    0.00402,
    0.00054,
    0.0001,
    3e-05,
    1e-05,
    0.0,
    0.0,
    0.0,
    0.0,
    0.0
  ],
  "Udinese": [
    0.0,
    0.0,
    0.0,
    4e-05,
    0.00049,
    0.00238,
    0.00915,
    0.03611,
    0.1452,
    0.33349,
    0.20226,
    0.12406,
    0.06962,
    0.03702,
    0.02074,
    0.01123,
    0.00579,
    0.00188,
    0.00049,
    5e-05
  ],
  "Verona": [
    0.0,
    0.0,
    0.0,
    0.0,
    0.0,
    0.0,
    3e-05,
    0.00012,
    0.00167,
    0.01122,
    0.02963,
    0.06225,
    0.10527,
    0.13253,
    0.14456,
    0.15063,
    0.15137,
    0.12733,
    0.06729,
    0.0161
  ],
  "Napoli": [
    0.3606,
    0.3766,
    0.21124,
    0.03916,
    0.00955,
    0.00214,
    0.00063,
    8e-05,
    0.0,
    0.0,
    0.0,
    0.0,
    0.0,
    0.0,
    0.0,
    0.0,
    0.0,
    0.0,
    0.0,
    0.0
  ],
  "Cagliari": [
    0.0,
    0.0,
    0.0,
    0.0,
    0.0,
    0.0,
    4e-05,
    0.00059,
    0.00486,
    0.02559,
    0.05859,
    0.09825,
    0.14558,
    0.159,
    0.14782,
    0.13332,
    0.11053,
    0.07333,
    0.03477,
    0.00773
  ],
  "Roma": [
    0.0,
    1e-05,
    0.00015,
    0.00272,
    0.01031,
    0.02831,
    0.07292,
    0.18521,
    0.42832,
    0.17373,
    0.06134,
    0.02416,
    0.00883,
    0.00249,
    0.00102,
    0.00043,
    5e-05,
    0.0,
    0.0,
    0.0
  ],
  "Lazio": [
    0.00214,
    0.01307,
    0.05781,
    0.23227,
    0.24846,
    0.21153,
    0.14361,
    0.07133,
    0.0177,
    0.00191,
    0.00017,
    0.0,
    0.0,
    0.0,
    0.0,
    0.0,
    0.0,
    0.0,
    0.0,
    0.0
  ],
  "Venezia": [
    0.0,
    0.0,
    0.0,
    0.0,
    0.0,
    0.0,
    0.0,
    0.0,
    5e-05,
    0.00051,
    0.00241,
    0.00645,
    0.01325,
    0.02437,
    0.03936,
    0.06236,
    0.09871,
    0.16839,
    0.31163,
    0.27251
  ],
  "Lecce": [
    0.0,
    0.0,
    0.0,
    0.0,
    0.0,
    0.0,
    2e-05,
    0.00037,
    0.00398,
    0.02037,
    0.04683,
    0.07614,
    0.10652,
    0.13158,
    0.1488,
    0.14636,
    0.13529,
    0.10523,
    0.06157,
    0.01694
  ],
  "Atalanta": [
    0.1398,
    0.27375,
    0.42141,
    0.11133,
    0.03514,
    0.01359,
    0.00402,
    0.00089,
    7e-05,
    0.0,
    0.0,
    0.0,
    0.0,
    0.0,
    0.0,
    0.0,
    0.0,
    0.0,
    0.0,
    0.0
  ],
  "Juventus": [
    0.00279,
    0.01657,
    0.07987,
    0.28119,
    0.24228,
    0.18803,
    0.11852,
    0.05512,
    0.01399,
    0.00145,
    0.00016,
    3e-05,
    0.0,
    0.0,
    0.0,
    0.0,
    0.0,
    0.0,
    0.0,
    0.0
  ],
  "Como": [
    0.0,
    0.0,
    0.0,
    0.0,
    0.0,
    1e-05,
    8e-05,
    0.00084,
    0.00838,
    0.03767,
    0.0723,
    0.11259,
    0.12811,
    0.12766,
    0.12733,
    0.1214,
    0.10916,
    0.08883,
    0.05093,
    0.01471
  ]
}