{
  "Empoli": [
    0.0,
    0.0,
    0.0,
    0.0,
    0.0,
    0.0,
    0.0,
    0.0,
    0.0,
    1e-05,
    5e-05,
    0.0005,
    0.00159,
    0.00498,
    0.01098,
    0.02379,
    0.05105,
    0.12148,
    0.31763,
    0.46794
  ],
  "Verona": [
    0.0,
    0.0,
    0.0,
    0.0,
    0.0,
    0.0,
    0.0,
    2e-05,
    6e-05,
    0.00065,
    0.00268,
    0.01097,
    0.02694,
    0.05411,
    0.091,
    0.13839,
    0.20089,
    0.26749,
    0.15511,
    0.05169
  ],
  "Frosinone": [
    0.0,
    0.0,
    0.0,
    0.0,
    0.0,
    3e-05,
    0.00012,
    0.00034,
    0.00161,
    0.00542,
    0.01992,
    0.05761,
    0.10444,
    0.13862,
    0.16086,
    0.17082,
    0.16335,
    0.12112,
    0.04756,
    0.00818
  ],
  "Napoli": [
    0.0,
    0.0,
    0.00076,
    0.069,
    0.10218,
    0.12722,
    0.15055,
    0.16429,
    0.16029,
    0.12569,
    0.06792,
    0.02352,
    0.00611,
    0.00184,
    0.00048,
    0.00013,
    2e-05,
    0.0,
    0.0,
    0.0
  ],
  "Genoa": [
    0.0,
    0.0,
    0.0,
    0.00013,
    0.00051,
    0.00151,
    0.00341,
    0.00871,
    0.02093,
    0.05153,
    0.12615,
    0.2384,
    0.20011,
    0.14585,
    0.09564,
    0.05869,
    0.03316,
    0.0121,
    0.00294,
    0.00023
  ],
  "Fiorentina": [
    0.0,
    6e-05,
    0.00781,
    0.32076,
    0.21921,
    0.15995,
    0.11659,
    0.08347,
    0.05185,
    0.02746,
    0.01037,
    0.00205,
    0.00038,
    4e-05,
    0.0,
    0.0,
    0.0,
    0.0,
    0.0,
    0.0
  ],
  "Inter": [
    0.66723,
    0.29328,
    0.03945,
    4e-05,
    0.0,
    0.0,
    0.0,
    0.0,
    0.0,
    0.0,
    0.0,
    0.0,
    0.0,
    0.0,
    0.0,
    0.0,
    0.0,
    0.0,
    0.0,
    0.0
  ],
  "Monza": [
    0.0,
    0.0,
    0.0,
    0.00327,
    0.0105,
    0.02086,
    0.03675,
    0.06483,
    0.11146,
    0.18512,
    0.27327,
    0.15203,
    0.07732,
    0.03808,
    0.01687,
    0.00667,
    0.00252,
    0.00033,
    0.00012,
    0.0
  ],
  "Roma": [
    0.0,
    0.0,
    0.00025,
    0.03929,
    0.06968,
    0.09916,
    0.1293,
    0.1629,
    0.18344,
    0.16466,
    0.09705,
    0.03688,
    0.01249,
    0.0037,
    0.00081,
    0.00033,
    6e-05,
    0.0,
    0.0,
    0.0
  ],
  "Salernitana": [
    0.0,
    0.0,
    0.0,
    0.0,
    0.0,
    0.0,
    0.0,
    0.0,
    1e-05,
    1e-05,
    4e-05,
    0.00034,
    0.00166,
    0.00448,
    0.01145,
    0.02387,
    0.05135,
    0.12722,
    0.33284,
    0.44673
  ],
  "Sassuolo": [
    0.0,
    0.0,
    0.0,
    0.0,
    1e-05,
    4e-05,
    0.0002,
    0.00073,
    0.00241,
    0.00826,
    0.02807,
    0.07601,
    0.12455,
    0.15661,
    0.1643,
    0.16064,
    0.13733,
    0.09945,
    0.03587,
    0.00552
  ],
  "Atalanta": [
    0.0,
    1e-05,
    0.00295,
    0.17885,
    0.18608,
    0.17421,
    0.15621,
    0.12317,
    0.09053,
    0.05669,
    0.02337,
    0.00627,
    0.0013,
    0.00032,
    4e-05,
    0.0,
    0.0,
    0.0,
    0.0,
    0.0
  ],
  "Lecce": [
    0.0,
    0.0,
    0.0,
    1e-05,
    0.00022,
    0.00066,
    0.00212,
    0.00533,
    0.01438,
    0.0375,
    0.09619,
    0.18971,
    0.21017,
    0.17211,
    0.12074,
    0.07827,
    0.04476,
    0.02149,
    0.00576,
    0.00058
  ],
  "Lazio": [
    0.0,
    1e-05,
    0.00316,
    0.18749,
    0.19059,
    0.17636,
    0.15099,
    0.12024,
    0.08727,
    0.05389,
    0.02269,
    0.00603,
    0.001,
    0.00021,
    7e-05,
    0.0,
    0.0,
    0.0,
    0.0,
    0.0
  ],
  "Udinese": [
    0.0,
    0.0,
    0.0,
    0.0,
    0.0,
    3e-05,
    0.00024,
    0.00074,
    0.0029,
    0.00996,
    0.03219,
    0.08426,
    0.12771,
    0.15881,
    0.17741,
    0.15778,
    0.12596,
    0.08282,
    0.03345,
    0.00574
  ],
  "Juventus": [
    0.31011,
    0.56581,
    0.12377,
    0.00031,
    0.0,
    0.0,
    0.0,
    0.0,
    0.0,
    0.0,
    0.0,
    0.0,
    0.0,
    0.0,
    0.0,
    0.0,
    0.0,
    0.0,
    0.0,
    0.0
  ],
  "Torino": [
    0.0,
    0.0,
    0.00012,
    0.01979,
    0.04056,
    0.06479,
    0.09474,
    0.13344,
    0.17754,
    0.21103,
    0.15862,
    0.06224,
    0.02384,
    0.00887,
    0.00307,
    0.00102,
    0.00027,
    5e-05,
    1e-05,
    0.0
  ],
  "Cagliari": [
    0.0,
    0.0,
    0.0,
    0.0,
    0.0,
    3e-05,
    2e-05,
    0.00021,
    0.001,
    0.00381,
    0.01518,
    0.04611,
    0.07889,
    0.11112,
    0.14621,
    0.17959,
    0.18928,
    0.14645,
    0.06871,
    0.01339
  ],
  "Bologna": [
    0.0,
    0.0,
    0.00265,
    0.16605,
    0.17856,
    0.17478,
    0.15865,
    0.13155,
    0.09432,
    0.0583,
    0.02624,
    0.00707,
    0.0015,
    0.00025,
    7e-05,
    1e-05,
    0.0,
    0.0,
    0.0,
    0.0
  ],
  "Milan": [
    0.02266,
    0.14083,
    0.81908,
    0.01501,
    0.0019,
    0.00037,
    0.00011,
    3e-05,
    0.0,
    1e-05,
    0.0,
    0.0,
    0.0,
    0.0,
    0.0,
    0.0,
    0.0,
    0.0,
    0.0,
    0.0
  ]
}