{
  "Inter": [
    0.5233,
    0.25329,
    0.17542,
    0.04107,
    0.00614,
    0.00074,
    4e-05,
    0.0,
    0.0,
    0.0,
    0.0,
    0.0,
    0.0,
    0.0,
    0.0,
    0.0,
    0.0,
    0.0,
    0.0,
    0.0
  ],
  "Genoa": [
    0.0,
    0.0,
    0.0,
    0.0,
    0.0,
    0.0,
    0.0,
    0.0,
    0.0,
    0.0,
    0.0,
    0.0,
    1e-05,
    0.00032,
    0.00424,
    0.01693,
    0.0714,
    0.19148,
    0.47809,
    0.23753
  ],
  "Verona": [
    0.0,
    0.0,
    0.0,
    0.0,
    0.00023,
    0.00152,
    0.00726,
    0.03954,
    0.34638,
    0.30196,
    0.227,
    0.06194,
    0.01269,
    0.00141,
    7e-05,
    0.0,
    0.0,
    0.0,
    0.0,
    0.0
  ],
  "Sassuolo": [
    0.0,
    0.0,
    0.0,
    1e-05,
    6e-05,
    0.00077,
    0.00487,
    0.02627,
    0.2356,
    0.30324,
    0.26321,
    0.11617,
    0.03931,
    0.00968,
    0.00076,
    5e-05,
    0.0,
    0.0,
    0.0,
    0.0
  ],
  "Empoli": [
    0.0,
    0.0,
    0.0,
    0.0,
    0.0,
    0.0,
    0.0,
    0.0,
    0.00226,
    0.01437,
    0.05519,
    0.19749,
    0.29555,
    0.27536,
    0.11044,
    0.04018,
    0.00861,
    0.00053,
    2e-05,
    0.0
  ],
  "Lazio": [
    0.00034,
    0.00494,
    0.03651,
    0.13167,
    0.24327,
    0.26493,
    0.21282,
    0.09707,
    0.00769,
    0.00068,
    8e-05,
    0.0,
    0.0,
    0.0,
    0.0,
    0.0,
    0.0,
    0.0,
    0.0,
    0.0
  ],
  "Torino": [
    0.0,
    0.0,
    0.0,
    0.0,
    6e-05,
    0.00075,
    0.00441,
    0.02967,
    0.28862,
    0.28365,
    0.2573,
    0.09402,
    0.03141,
    0.00837,
    0.00154,
    0.00019,
    1e-05,
    0.0,
    0.0,
    0.0
  ],
  "Atalanta": [
    0.00015,
    0.00217,
    0.01203,
    0.05141,
    0.14898,
    0.22515,
    0.29839,
    0.2252,
    0.02962,
    0.00589,
    0.00099,
    2e-05,
    0.0,
    0.0,
    0.0,
    0.0,
    0.0,
    0.0,
    0.0,
    0.0
  ],
  "Bologna": [
    0.0,
    0.0,
    0.0,
    0.0,
    0.0,
    0.0,
    4e-05,
    0.00051,
    0.01431,
    0.04463,
    0.1025,
    0.26297,
    0.25736,
    0.18614,
    0.08771,
    0.03539,
    0.00765,
    0.00076,
    3e-05,
    0.0
  ],
  "Salernitana": [
    0.0,
    0.0,
    0.0,
    0.0,
    0.0,
    0.0,
    0.0,
    0.0,
    0.0,
    0.0,
    0.0,
    1e-05,
    7e-05,
    0.00046,
    0.00289,
    0.00962,
    0.03355,
    0.08141,
    0.20733,
    0.66466
  ],
  "Udinese": [
    0.0,
    0.0,
    0.0,
    0.0,
    0.0,
    2e-05,
    2e-05,
    0.0003,
    0.01187,
    0.03756,
    0.08807,
    0.22812,
    0.24113,
    0.21639,
    0.10536,
    0.05372,
    0.01495,
    0.00237,
    0.00012,
    0.0
  ],
  "Juventus": [
    0.00809,
    0.04142,
    0.1276,
    0.44143,
    0.22019,
    0.11394,
    0.0414,
    0.00592,
    1e-05,
    0.0,
    0.0,
    0.0,
    0.0,
    0.0,
    0.0,
    0.0,
    0.0,
    0.0,
    0.0,
    0.0
  ],
  "Napoli": [
    0.21216,
    0.41983,
    0.28377,
    0.07041,
    0.01177,
    0.00191,
    0.00014,
    1e-05,
    0.0,
    0.0,
    0.0,
    0.0,
    0.0,
    0.0,
    0.0,
    0.0,
    0.0,
    0.0,
    0.0,
    0.0
  ],
  "Venezia": [
    0.0,
    0.0,
    0.0,
    0.0,
    0.0,
    0.0,
    0.0,
    0.0,
    0.0,
    0.0,
    4e-05,
    0.00117,
    0.0057,
    0.02277,
    0.0733,
    0.14109,
    0.29416,
    0.30864,
    0.1172,
    0.03593
  ],
  "Roma": [
    5e-05,
    0.0006,
    0.0031,
    0.01855,
    0.06108,
    0.12462,
    0.24716,
    0.47935,
    0.05827,
    0.00686,
    0.00035,
    1e-05,
    0.0,
    0.0,
    0.0,
    0.0,
    0.0,
    0.0,
    0.0,
    0.0
  ],
  "Fiorentina": [
    0.00056,
    0.0078,
    0.03661,
    0.12986,
    0.27878,
    0.26134,
    0.18305,
    0.09616,
    0.00531,
    0.00052,
    1e-05,
    0.0,
    0.0,
    0.0,
    0.0,
    0.0,
    0.0,
    0.0,
    0.0,
    0.0
  ],
  "Cagliari": [
    0.0,
    0.0,
    0.0,
    0.0,
    0.0,
    0.0,
    0.0,
    0.0,
    0.0,
    0.0,
    0.0,
    5e-05,
    0.00068,
    0.00567,
    0.03201,
    0.10071,
    0.27344,
    0.34046,
    0.18626,
    0.06072
  ],
  "Spezia": [
    0.0,
    0.0,
    0.0,
    0.0,
    0.0,
    0.0,
    0.0,
    0.0,
    2e-05,
    0.00019,
    0.00141,
    0.01392,
    0.04756,
    0.13121,
    0.30467,
    0.32007,
    0.15159,
    0.02792,
    0.00143,
    1e-05
  ],
  "Sampdoria": [
    0.0,
    0.0,
    0.0,
    0.0,
    0.0,
    0.0,
    0.0,
    0.0,
    4e-05,
    0.00045,
    0.00385,
    0.02411,
    0.06853,
    0.14222,
    0.27701,
    0.28205,
    0.14464,
    0.04643,
    0.00952,
    0.00115
  ],
  "Milan": [
    0.25535,
    0.26995,
    0.32496,
    0.11559,
    0.02944,
    0.00431,
    0.0004,
    0.0,
    0.0,
    0.0,
    0.0,
    0.0,
    0.0,
    0.0,
    0.0,
    0.0,
    0.0,
    0.0,
    0.0,
    0.0
  ]
}