{
  "Inter": [
    2e-05,
    0.02665,
    0.3991,
    0.23686,
    0.1514,
    0.0946,
    0.04952,
    0.02368,
    0.01075,
    0.0046,
    0.00171,
    0.00072,
    0.00023,
    0.0001,
    4e-05,
    0.0,
    1e-05,
    1e-05,
    0.0,
    0.0
  ],
  "Genoa": [
    0.0,
    0.0,
    0.0,
    7e-05,
    9e-05,
    0.00033,
    0.00172,
    0.00343,
    0.00841,
    0.01662,
    0.02638,
    0.03785,
    0.05163,
    0.06574,
    0.08346,
    0.10274,
    0.13049,
    0.16414,
    0.21413,
    0.09277
  ],
  "Verona": [
    0.0,
    0.0,
    0.0002,
    0.00079,
    0.00193,
    0.00475,
    0.01064,
    0.02157,
    0.0403,
    0.06291,
    0.0822,
    0.09331,
    0.10252,
    0.10445,
    0.10667,
    0.10346,
    0.09689,
    0.08641,
    0.06348,
    0.01752
  ],
  "Sassuolo": [
    0.0,
    0.0,
    3e-05,
    0.00018,
    0.00074,
    0.00173,
    0.00465,
    0.01092,
    0.02211,
    0.03821,
    0.05498,
    0.07149,
    0.08652,
    0.09811,
    0.10851,
    0.11498,
    0.12437,
    0.12332,
    0.10496,
    0.03419
  ],
  "Empoli": [
    0.0,
    0.0,
    0.00022,
    0.00082,
    0.0024,
    0.00652,
    0.0138,
    0.02918,
    0.05262,
    0.07987,
    0.0972,
    0.10639,
    0.10937,
    0.10959,
    0.09965,
    0.0929,
    0.08146,
    0.06304,
    0.04284,
    0.01213
  ],
  "Lazio": [
    0.0,
    0.00507,
    0.15085,
    0.17976,
    0.18112,
    0.16227,
    0.13042,
    0.08756,
    0.04986,
    0.02588,
    0.01338,
    0.00693,
    0.00353,
    0.00179,
    0.00097,
    0.00044,
    9e-05,
    4e-05,
    3e-05,
    1e-05
  ],
  "Torino": [
    0.0,
    0.0,
    0.00024,
    0.00097,
    0.00296,
    0.00754,
    0.01551,
    0.03338,
    0.05651,
    0.0834,
    0.10207,
    0.10872,
    0.11026,
    0.1044,
    0.0998,
    0.08877,
    0.07377,
    0.06032,
    0.0409,
    0.01048
  ],
  "Atalanta": [
    0.0,
    0.00397,
    0.12603,
    0.16801,
    0.18017,
    0.16458,
    0.13693,
    0.0969,
    0.05916,
    0.03146,
    0.01582,
    0.00854,
    0.00424,
    0.0023,
    0.00113,
    0.00036,
    0.00027,
    0.0001,
    3e-05,
    0.0
  ],
  "Bologna": [
    0.0,
    8e-05,
    0.0117,
    0.03321,
    0.05749,
    0.09042,
    0.12576,
    0.15757,
    0.16102,
    0.12058,
    0.08336,
    0.05652,
    0.03856,
    0.02538,
    0.01657,
    0.01064,
    0.00633,
    0.00348,
    0.00117,
    0.00016
  ],
  "Salernitana": [
    0.0,
    0.0,
    0.0,
    0.0,
    0.0,
    0.0,
    0.0,
    2e-05,
    0.0001,
    0.00036,
    0.00091,
    0.00185,
    0.0037,
    0.00604,
    0.01126,
    0.0189,
    0.03396,
    0.06878,
    0.15985,
    0.69427
  ],
  "Udinese": [
    0.0,
    0.0,
    0.00108,
    0.00445,
    0.01113,
    0.02368,
    0.0429,
    0.07399,
    0.11237,
    0.13498,
    0.12949,
    0.11268,
    0.09263,
    0.07861,
    0.06169,
    0.04703,
    0.0339,
    0.02389,
    0.01268,
    0.00282
  ],
  "Juventus": [
    0.0,
    0.00772,
    0.19968,
    0.22585,
    0.19088,
    0.14293,
    0.10354,
    0.06419,
    0.03425,
    0.01664,
    0.00729,
    0.00361,
    0.00195,
    0.00086,
    0.00035,
    0.00015,
    8e-05,
    2e-05,
    1e-05,
    0.0
  ],
  "Napoli": [
    0.0226,
    0.93214,
    0.03795,
    0.00572,
    0.00121,
    0.00031,
    6e-05,
    1e-05,
    0.0,
    0.0,
    0.0,
    0.0,
    0.0,
    0.0,
    0.0,
    0.0,
    0.0,
    0.0,
    0.0,
    0.0
  ],
  "Venezia": [
    0.0,
    0.0,
    0.00045,
    0.00175,
    0.0054,
    0.01172,
    0.02241,
    0.04482,
    0.07422,
    0.09995,
    0.11425,
    0.1137,
    0.10496,
    0.09584,
    0.08526,
    0.07401,
    0.06131,
    0.04855,
    0.03252,
    0.00888
  ],
  "Roma": [
    0.0,
    0.00149,
    0.05421,
    0.09968,
    0.13491,
    0.16491,
    0.17478,
    0.14263,
    0.09873,
    0.05745,
    0.03137,
    0.01788,
    0.01032,
    0.00553,
    0.00309,
    0.00166,
    0.00093,
    0.0003,
    0.00012,
    1e-05
  ],
  "Fiorentina": [
    0.0,
    0.00027,
    0.01811,
    0.04118,
    0.0751,
    0.11606,
    0.14871,
    0.17046,
    0.14491,
    0.102,
    0.06773,
    0.04348,
    0.02969,
    0.01777,
    0.01149,
    0.00689,
    0.00375,
    0.00162,
    0.00072,
    6e-05
  ],
  "Cagliari": [
    0.0,
    0.0,
    3e-05,
    8e-05,
    0.00045,
    0.00151,
    0.00345,
    0.00766,
    0.01541,
    0.02873,
    0.04234,
    0.05778,
    0.07089,
    0.08769,
    0.10119,
    0.11709,
    0.13082,
    0.13962,
    0.13444,
    0.06082
  ],
  "Spezia": [
    0.0,
    0.0,
    2e-05,
    8e-05,
    0.00064,
    0.00121,
    0.00382,
    0.00888,
    0.01767,
    0.03241,
    0.04744,
    0.06276,
    0.07601,
    0.09031,
    0.10375,
    0.11824,
    0.12672,
    0.13418,
    0.12934,
    0.04652
  ],
  "Sampdoria": [
    0.0,
    0.0,
    9e-05,
    0.00054,
    0.00198,
    0.00493,
    0.01138,
    0.02315,
    0.0416,
    0.06395,
    0.08208,
    0.09579,
    0.10299,
    0.10549,
    0.10512,
    0.10174,
    0.09485,
    0.08218,
    0.06278,
    0.01936
  ],
  "Milan": [
    0.97738,
    0.02261,
    1e-05,
    0.0,
    0.0,
    0.0,
    0.0,
    0.0,
    0.0,
    0.0,
    0.0,
    0.0,
    0.0,
    0.0,
    0.0,
    0.0,
    0.0,
    0.0,
    0.0,
    0.0
  ]
}