{
  "Lyon": [
    0.00026,
    0.01291,
    0.04249,
    0.07852,
    0.11602,
    0.15305,
    0.17981,
    0.1777,
    0.10293,
    0.05802,
    0.034,
    0.02034,
    0.01151,
    0.00655,
    0.00319,
    0.00168,
    0.00064,
    0.00024,
    0.0001,
    4e-05
  ],
  "Ajaccio": [
    0.0,
    0.0,
    1e-05,
    2e-05,
    9e-05,
    0.00022,
    0.00084,
    0.00312,
    0.00932,
    0.01694,
    0.029,
    0.04138,
    0.05686,
    0.07639,
    0.09761,
    0.1191,
    0.13527,
    0.14963,
    0.1504,
    0.1138
  ],
  "Strasbourg": [
    0.0,
    0.0,
    0.0,
    2e-05,
    3e-05,
    9e-05,
    0.00053,
    0.00161,
    0.00602,
    0.01104,
    0.02103,
    0.03004,
    0.04519,
    0.0639,
    0.08851,
    0.11709,
    0.14282,
    0.16436,
    0.17467,
    0.13305
  ],
  "Monaco": [
    0.00149,
    0.04928,
    0.11227,
    0.16437,
    0.18133,
    0.17246,
    0.14283,
    0.09761,
    0.04305,
    0.01858,
    0.00889,
    0.00415,
    0.00209,
    0.00099,
    0.00042,
    0.00012,
    3e-05,
    3e-05,
    1e-05,
    0.0
  ],
  "Clermont": [
    0.0,
    0.0003,
    0.0014,
    0.00441,
    0.01112,
    0.02473,
    0.05039,
    0.09297,
    0.15671,
    0.15188,
    0.13849,
    0.10991,
    0.08798,
    0.06401,
    0.0445,
    0.02906,
    0.01778,
    0.00891,
    0.00416,
    0.00129
  ],
  "Paris SG": [
    0.92531,
    0.06314,
    0.00944,
    0.00157,
    0.00042,
    9e-05,
    2e-05,
    1e-05,
    0.0,
    0.0,
    0.0,
    0.0,
    0.0,
    0.0,
    0.0,
    0.0,
    0.0,
    0.0,
    0.0,
    0.0
  ],
  "Toulouse": [
    0.0,
    3e-05,
    0.00047,
    0.00196,
    0.00541,
    0.01243,
    0.02753,
    0.05842,
    0.11101,
    0.1395,
    0.13654,
    0.12978,
    0.10582,
    0.08865,
    0.0699,
    0.04783,
    0.03181,
    0.01986,
    0.01001,
    0.00304
  ],
  "Nice": [
    0.0,
    0.00012,
    0.00079,
    0.00232,
    0.00656,
    0.01585,
    0.03229,
    0.06626,
    0.12571,
    0.15018,
    0.13502,
    0.12148,
    0.10274,
    0.08427,
    0.06093,
    0.04195,
    0.02717,
    0.01646,
    0.00743,
    0.00247
  ],
  "Angers": [
    0.0,
    0.0,
    0.0,
    0.0,
    0.0,
    0.0,
    1e-05,
    6e-05,
    0.0002,
    0.00112,
    0.00194,
    0.00429,
    0.00872,
    0.01656,
    0.02806,
    0.04891,
    0.07677,
    0.12365,
    0.21425,
    0.47546
  ],
  "Nantes": [
    0.0,
    0.0,
    0.00017,
    0.00071,
    0.00216,
    0.00582,
    0.01486,
    0.03439,
    0.06254,
    0.08799,
    0.1041,
    0.11286,
    0.11907,
    0.11047,
    0.09861,
    0.08511,
    0.06787,
    0.04907,
    0.03153,
    0.01267
  ],
  "Lens": [
    0.05253,
    0.5124,
    0.22792,
    0.10833,
    0.05391,
    0.02584,
    0.01266,
    0.00477,
    0.00112,
    0.00042,
    7e-05,
    3e-05,
    0.0,
    0.0,
    0.0,
    0.0,
    0.0,
    0.0,
    0.0,
    0.0
  ],
  "Brest": [
    0.0,
    0.0,
    1e-05,
    3e-05,
    7e-05,
    0.00019,
    0.0007,
    0.00231,
    0.00689,
    0.01588,
    0.027,
    0.04162,
    0.05673,
    0.07978,
    0.10491,
    0.12708,
    0.14261,
    0.15042,
    0.14481,
    0.09896
  ],
  "Lille": [
    0.00031,
    0.01734,
    0.0496,
    0.0894,
    0.13003,
    0.16653,
    0.18891,
    0.16438,
    0.09252,
    0.049,
    0.02561,
    0.01374,
    0.00719,
    0.00307,
    0.00146,
    0.00066,
    0.00016,
    8e-05,
    1e-05,
    0.0
  ],
  "Auxerre": [
    0.0,
    0.0,
    0.0,
    2e-05,
    2e-05,
    0.00014,
    0.00047,
    0.0018,
    0.00523,
    0.01179,
    0.02129,
    0.03282,
    0.05017,
    0.07207,
    0.09535,
    0.11974,
    0.14741,
    0.16287,
    0.16292,
    0.11589
  ],
  "Montpellier": [
    0.0,
    0.0,
    6e-05,
    0.00023,
    0.00084,
    0.00254,
    0.0072,
    0.01868,
    0.04371,
    0.06205,
    0.08155,
    0.09842,
    0.11158,
    0.11983,
    0.11914,
    0.10547,
    0.09125,
    0.06938,
    0.04675,
    0.02132
  ],
  "Troyes": [
    0.0,
    4e-05,
    0.00037,
    0.00156,
    0.00435,
    0.01133,
    0.02578,
    0.05378,
    0.09795,
    0.11535,
    0.12417,
    0.1208,
    0.11292,
    0.09837,
    0.08048,
    0.0601,
    0.04251,
    0.02793,
    0.01626,
    0.00595
  ],
  "Rennes": [
    0.01564,
    0.22283,
    0.28854,
    0.19181,
    0.12432,
    0.07797,
    0.04483,
    0.02222,
    0.0076,
    0.0026,
    0.00097,
    0.00047,
    0.00012,
    3e-05,
    4e-05,
    1e-05,
    0.0,
    0.0,
    0.0,
    0.0
  ],
  "Lorient": [
    0.00301,
    0.06944,
    0.1472,
    0.18467,
    0.18359,
    0.15909,
    0.12041,
    0.07643,
    0.03154,
    0.01326,
    0.0064,
    0.00306,
    0.0013,
    0.0003,
    0.00024,
    4e-05,
    1e-05,
    0.0,
    1e-05,
    0.0
  ],
  "Marseille": [
    0.00145,
    0.05217,
    0.11915,
    0.16961,
    0.17822,
    0.16718,
    0.13917,
    0.09665,
    0.0429,
    0.01807,
    0.00836,
    0.00433,
    0.00189,
    0.00056,
    0.00017,
    0.00011,
    0.0,
    1e-05,
    0.0,
    0.0
  ],
  "Reims": [
    0.0,
    0.0,
    0.00011,
    0.00044,
    0.00151,
    0.00445,
    0.01076,
    0.02683,
    0.05305,
    0.07633,
    0.09557,
    0.11048,
    0.11812,
    0.1142,
    0.10648,
    0.09594,
    0.07589,
    0.0571,
    0.03668,
    0.01606
  ]
}