{
  "Bordeaux": [
    0.00506,
    0.00969,
    0.0151,
    0.02108,
    0.02981,
    0.03923,
    0.04881,
    0.05705,
    0.06888,
    0.0721,
    0.08006,
    0.08507,
    0.08748,
    0.08246,
    0.07551,
    0.06843,
    0.05655,
    0.04712,
    0.03337,
    0.01714
  ],
  "Nantes": [
    0.00045,
    0.00145,
    0.00341,
    0.0051,
    0.00788,
    0.0109,
    0.01553,
    0.02154,
    0.02736,
    0.03422,
    0.04386,
    0.05502,
    0.06726,
    0.08074,
    0.09476,
    0.10822,
    0.11405,
    0.11498,
    0.10713,
    0.08614
  ],
  "Dijon": [
    1e-05,
    0.0001,
    0.00025,
    0.0006,
    0.00113,
    0.00181,
    0.00294,
    0.00444,
    0.00675,
    0.00982,
    0.01397,
    0.02022,
    0.02935,
    0.04121,
    0.05734,
    0.07773,
    0.10251,
    0.13797,
    0.1902,
    0.30165
  ],
  "Angers": [
    0.02219,
    0.03668,
    0.04909,
    0.0588,
    0.06889,
    0.07561,
    0.07726,
    0.08049,
    0.07793,
    0.07737,
    0.07611,
    0.07008,
    0.06086,
    0.05486,
    0.042,
    0.03005,
    0.02077,
    0.01283,
    0.00614,
    0.00199
  ],
  "Lille": [
    0.2575,
    0.18634,
    0.14226,
    0.10681,
    0.08012,
    0.0618,
    0.0476,
    0.03614,
    0.02724,
    0.01913,
    0.01381,
    0.00897,
    0.00594,
    0.00318,
    0.0018,
    0.00078,
    0.00038,
    0.00016,
    4e-05,
    0.0
  ],
  "Rennes": [
    0.03789,
    0.05762,
    0.07014,
    0.08096,
    0.08514,
    0.08895,
    0.08803,
    0.08371,
    0.08014,
    0.07244,
    0.06447,
    0.05569,
    0.04276,
    0.03238,
    0.02322,
    0.01692,
    0.01041,
    0.00581,
    0.00266,
    0.00066
  ],
  "Monaco": [
    0.01991,
    0.03377,
    0.04806,
    0.05828,
    0.06767,
    0.07507,
    0.0815,
    0.08497,
    0.08516,
    0.08413,
    0.07621,
    0.06762,
    0.0603,
    0.04915,
    0.03996,
    0.02846,
    0.01929,
    0.01198,
    0.00604,
    0.00247
  ],
  "Reims": [
    0.00011,
    0.00045,
    0.00127,
    0.0022,
    0.00399,
    0.00588,
    0.00941,
    0.01435,
    0.02039,
    0.02815,
    0.0356,
    0.04732,
    0.05904,
    0.08178,
    0.09936,
    0.11169,
    0.12361,
    0.12592,
    0.12429,
    0.10519
  ],
  "Lorient": [
    6e-05,
    0.00028,
    0.00056,
    0.00138,
    0.00239,
    0.0035,
    0.00554,
    0.0084,
    0.01409,
    0.0184,
    0.02501,
    0.03345,
    0.0495,
    0.06336,
    0.08305,
    0.10046,
    0.12159,
    0.14151,
    0.16133,
    0.16614
  ],
  "Strasbourg": [
    0.00055,
    0.00143,
    0.00247,
    0.00439,
    0.00721,
    0.00978,
    0.01532,
    0.02132,
    0.02845,
    0.03625,
    0.0445,
    0.05673,
    0.06815,
    0.08129,
    0.092,
    0.10401,
    0.11253,
    0.11334,
    0.11008,
    0.0902
  ],
  "Nimes": [
    5e-05,
    0.0003,
    0.00066,
    0.00125,
    0.00234,
    0.00364,
    0.00587,
    0.0079,
    0.01148,
    0.01751,
    0.02702,
    0.03712,
    0.04931,
    0.06538,
    0.0814,
    0.09981,
    0.11912,
    0.13957,
    0.15779,
    0.17248
  ],
  "Brest": [
    0.01413,
    0.02649,
    0.03693,
    0.04655,
    0.05636,
    0.06583,
    0.07371,
    0.07621,
    0.08074,
    0.08646,
    0.08532,
    0.07972,
    0.0727,
    0.05877,
    0.04895,
    0.03694,
    0.02623,
    0.0161,
    0.00877,
    0.00309
  ],
  "Nice": [
    0.01766,
    0.03007,
    0.03982,
    0.05152,
    0.0605,
    0.06797,
    0.07272,
    0.07828,
    0.08273,
    0.08274,
    0.08264,
    0.0748,
    0.06798,
    0.05631,
    0.0456,
    0.03539,
    0.02481,
    0.01614,
    0.00868,
    0.00364
  ],
  "Lens": [
    0.02843,
    0.04405,
    0.05884,
    0.06863,
    0.07919,
    0.08321,
    0.08402,
    0.08736,
    0.08181,
    0.07783,
    0.0694,
    0.06257,
    0.05231,
    0.04241,
    0.0311,
    0.02135,
    0.01405,
    0.00805,
    0.00384,
    0.00155
  ],
  "Lyon": [
    0.15876,
    0.15541,
    0.13493,
    0.1163,
    0.09692,
    0.07847,
    0.0656,
    0.05301,
    0.04151,
    0.03203,
    0.02366,
    0.01642,
    0.01121,
    0.0074,
    0.00425,
    0.00223,
    0.00128,
    0.00045,
    0.00012,
    4e-05
  ],
  "Montpellier": [
    0.05686,
    0.07565,
    0.08623,
    0.09335,
    0.09454,
    0.09131,
    0.08656,
    0.07964,
    0.07091,
    0.06208,
    0.05375,
    0.04468,
    0.03579,
    0.02609,
    0.01829,
    0.01172,
    0.00703,
    0.00346,
    0.00147,
    0.00059
  ],
  "Metz": [
    0.01239,
    0.02399,
    0.03538,
    0.0462,
    0.05421,
    0.06383,
    0.07102,
    0.07618,
    0.07869,
    0.08084,
    0.08084,
    0.08008,
    0.07567,
    0.06537,
    0.05341,
    0.04078,
    0.02953,
    0.01799,
    0.00987,
    0.00373
  ],
  "St Etienne": [
    0.00143,
    0.00331,
    0.00593,
    0.01008,
    0.01548,
    0.02072,
    0.02714,
    0.03191,
    0.04021,
    0.04985,
    0.05892,
    0.07003,
    0.08124,
    0.09389,
    0.09923,
    0.1002,
    0.09378,
    0.08554,
    0.06787,
    0.04324
  ],
  "Marseille": [
    0.13594,
    0.13776,
    0.12805,
    0.11374,
    0.09856,
    0.08453,
    0.07039,
    0.05766,
    0.04571,
    0.03721,
    0.02923,
    0.02358,
    0.01575,
    0.00963,
    0.00614,
    0.00331,
    0.00174,
    0.00078,
    0.00024,
    5e-05
  ],
  "Paris SG": [
    0.23062,
    0.17516,
    0.14062,
    0.11278,
    0.08767,
    0.06796,
    0.05103,
    0.03944,
    0.02982,
    0.02144,
    0.01562,
    0.01083,
    0.0074,
    0.00434,
    0.00263,
    0.00152,
    0.00074,
    0.0003,
    7e-05,
    1e-05
  ]
}