{
  "Ein Frankfurt": [
    0.04,
    0.10738,
    0.15357,
    0.2157,
    0.19938,
    0.14348,
    0.08254,
    0.03532,
    0.01426,
    0.00594,
    0.0018,
    0.00051,
    0.00012,
    0.0,
    0.0,
    0.0,
    0.0,
    0.0
  ],
  "Bayern Munich": [
    0.14062,
    0.25981,
    0.26019,
    0.16499,
    0.09507,
    0.04887,
    0.02102,
    0.00658,
    0.00203,
    0.00071,
    9e-05,
    2e-05,
    0.0,
    0.0,
    0.0,
    0.0,
    0.0,
    0.0
  ],
  "Augsburg": [
    0.0,
    0.0,
    0.0,
    0.0,
    0.0,
    3e-05,
    0.00018,
    0.00071,
    0.00192,
    0.00512,
    0.01266,
    0.02949,
    0.0677,
    0.11477,
    0.15348,
    0.19545,
    0.22007,
    0.19842
  ],
  "Freiburg": [
    0.00145,
    0.00996,
    0.0293,
    0.07021,
    0.11958,
    0.1843,
    0.21941,
    0.16083,
    0.10349,
    0.05883,
    0.02952,
    0.01097,
    0.00195,
    0.00018,
    2e-05,
    0.0,
    0.0,
    0.0
  ],
  "Bochum": [
    0.0,
    0.0,
    0.0,
    0.0,
    0.0,
    4e-05,
    0.00016,
    0.00082,
    0.00257,
    0.00666,
    0.01808,
    0.04212,
    0.10151,
    0.15204,
    0.1805,
    0.1866,
    0.1762,
    0.1327
  ],
  "Mainz": [
    4e-05,
    0.00068,
    0.00294,
    0.00974,
    0.02354,
    0.04893,
    0.09254,
    0.13363,
    0.15828,
    0.16441,
    0.15226,
    0.11534,
    0.05931,
    0.02458,
    0.00968,
    0.00318,
    0.00085,
    7e-05
  ],
  "M'gladbach": [
    2e-05,
    0.00016,
    0.00119,
    0.00572,
    0.01787,
    0.04334,
    0.08896,
    0.13898,
    0.16696,
    0.17396,
    0.15633,
    0.11782,
    0.05496,
    0.02191,
    0.00829,
    0.00248,
    0.00087,
    0.00018
  ],
  "Hoffenheim": [
    0.0,
    0.0,
    0.0,
    1e-05,
    1e-05,
    0.00014,
    0.00059,
    0.0022,
    0.00519,
    0.01183,
    0.02437,
    0.04959,
    0.1002,
    0.13863,
    0.1638,
    0.17183,
    0.17142,
    0.16019
  ],
  "Union Berlin": [
    0.15303,
    0.28354,
    0.23466,
    0.1542,
    0.09244,
    0.05006,
    0.02235,
    0.00712,
    0.00205,
    0.00042,
    0.00011,
    2e-05,
    0.0,
    0.0,
    0.0,
    0.0,
    0.0,
    0.0
  ],
  "Hertha": [
    0.0,
    0.0,
    1e-05,
    0.0,
    0.0001,
    0.00075,
    0.00264,
    0.00804,
    0.01752,
    0.03442,
    0.06169,
    0.10631,
    0.17701,
    0.17882,
    0.15132,
    0.11813,
    0.08795,
    0.05529
  ],
  "Wolfsburg": [
    0.00521,
    0.02606,
    0.06341,
    0.12647,
    0.19183,
    0.21706,
    0.15946,
    0.0968,
    0.05591,
    0.03165,
    0.0164,
    0.00707,
    0.00194,
    0.00055,
    0.00016,
    2e-05,
    0.0,
    0.0
  ],
  "Werder Bremen": [
    2e-05,
    0.00036,
    0.00146,
    0.00584,
    0.01821,
    0.04244,
    0.0848,
    0.13535,
    0.1508,
    0.15544,
    0.15153,
    0.12766,
    0.06958,
    0.03378,
    0.01465,
    0.00612,
    0.00173,
    0.00023
  ],
  "Dortmund": [
    0.62774,
    0.21467,
    0.09869,
    0.03795,
    0.01534,
    0.0044,
    0.00091,
    0.00028,
    2e-05,
    0.0,
    0.0,
    0.0,
    0.0,
    0.0,
    0.0,
    0.0,
    0.0,
    0.0
  ],
  "Leverkusen": [
    0.0,
    0.00028,
    0.00144,
    0.00513,
    0.01417,
    0.04168,
    0.07921,
    0.12565,
    0.14922,
    0.1569,
    0.1533,
    0.13243,
    0.07575,
    0.03776,
    0.01701,
    0.00691,
    0.00254,
    0.00062
  ],
  "Stuttgart": [
    0.0,
    0.0,
    0.0,
    0.0,
    0.0,
    0.0,
    7e-05,
    0.00017,
    0.00082,
    0.00253,
    0.00585,
    0.01676,
    0.04302,
    0.07714,
    0.11386,
    0.15559,
    0.21522,
    0.36897
  ],
  "RB Leipzig": [
    0.03186,
    0.09705,
    0.15283,
    0.20231,
    0.2058,
    0.15287,
    0.08739,
    0.03953,
    0.01888,
    0.0078,
    0.00286,
    0.00076,
    6e-05,
    0.0,
    0.0,
    0.0,
    0.0,
    0.0
  ],
  "FC Koln": [
    1e-05,
    5e-05,
    0.00031,
    0.00173,
    0.00666,
    0.02157,
    0.05717,
    0.10505,
    0.14164,
    0.16443,
    0.1718,
    0.15922,
    0.09156,
    0.04533,
    0.02085,
    0.00865,
    0.0032,
    0.00077
  ],
  "Schalke 04": [
    0.0,
    0.0,
    0.0,
    0.0,
    0.0,
    4e-05,
    0.0006,
    0.00294,
    0.00844,
    0.01895,
    0.04135,
    0.08391,
    0.15533,
    0.17451,
    0.16638,
    0.14504,
    0.11995,
    0.08256
  ]
}