{
  "Le Havre": [
    0.03551,
    0.04598,
    0.05003,
    0.05323,
    0.05493,
    0.05726,
    0.05964,
    0.05969,
    0.06029,
    0.06047,
    0.06083,
    0.05974,
    0.06014,
    0.0576,
    0.05679,
    0.05646,
    0.05637,
    0.05504
  ],
  "Paris SG": [
    0.19429,
    0.14095,
    0.11595,
    0.09218,
    0.07845,
    0.06645,
    0.05631,
    0.04738,
    0.04146,
    0.03405,
    0.03003,
    0.02536,
    0.02155,
    0.01785,
    0.01452,
    0.01131,
    0.00777,
    0.00414
  ],
  "Brest": [
    0.02547,
    0.03508,
    0.04287,
    0.04735,
    0.05134,
    0.05511,
    0.05717,
    0.05829,
    0.06024,
    0.06321,
    0.06102,
    0.06231,
    0.0658,
    0.06581,
    0.06388,
    0.06331,
    0.06375,
    0.05799
  ],
  "Marseille": [
    0.18375,
    0.14207,
    0.11281,
    0.09342,
    0.07784,
    0.06857,
    0.0592,
    0.04889,
    0.04303,
    0.03683,
    0.0307,
    0.0267,
    0.02252,
    0.01776,
    0.01383,
    0.0108,
    0.00736,
    0.00392
  ],
  "Reims": [
    0.04314,
    0.0541,
    0.05951,
    0.06187,
    0.0654,
    0.06611,
    0.06616,
    0.06435,
    0.06515,
    0.06157,
    0.06133,
    0.0588,
    0.0532,
    0.05183,
    0.05229,
    0.04648,
    0.0388,
    0.02991
  ],
  "Lille": [
    0.03326,
    0.04339,
    0.04845,
    0.055,
    0.05591,
    0.0583,
    0.06191,
    0.06437,
    0.06299,
    0.0659,
    0.06544,
    0.0625,
    0.06083,
    0.06298,
    0.05861,
    0.05318,
    0.0479,
    0.03908
  ],
  "Monaco": [
    0.15958,
    0.12826,
    0.10734,
    0.0931,
    0.08139,
    0.06963,
    0.06199,
    0.05417,
    0.0484,
    0.04113,
    0.03469,
    0.03043,
    0.02685,
    0.02117,
    0.01655,
    0.01223,
    0.00841,
    0.00468
  ],
  "St Etienne": [
    0.01173,
    0.01837,
    0.02395,
    0.02979,
    0.03431,
    0.03987,
    0.0435,
    0.04884,
    0.05294,
    0.05511,
    0.06061,
    0.06961,
    0.07271,
    0.07902,
    0.08356,
    0.0855,
    0.09283,
    0.09775
  ],
  "Auxerre": [
    0.01505,
    0.02129,
    0.02796,
    0.03247,
    0.03609,
    0.03898,
    0.04286,
    0.04706,
    0.05096,
    0.05428,
    0.06019,
    0.06229,
    0.06683,
    0.07224,
    0.0755,
    0.08471,
    0.09436,
    0.11688
  ],
  "Nice": [
    0.04244,
    0.05161,
    0.05706,
    0.05975,
    0.06086,
    0.06311,
    0.06361,
    0.06321,
    0.0621,
    0.06644,
    0.06286,
    0.06179,
    0.05973,
    0.05455,
    0.05198,
    0.04694,
    0.04108,
    0.03088
  ],
  "Angers": [
    0.00654,
    0.01124,
    0.01613,
    0.02022,
    0.02489,
    0.02943,
    0.03235,
    0.03775,
    0.04479,
    0.05027,
    0.0569,
    0.06278,
    0.06994,
    0.07808,
    0.08717,
    0.10094,
    0.11847,
    0.15211
  ],
  "Lens": [
    0.07069,
    0.07728,
    0.07701,
    0.07769,
    0.07478,
    0.0719,
    0.06632,
    0.06486,
    0.06122,
    0.05716,
    0.05407,
    0.04977,
    0.04522,
    0.04026,
    0.03675,
    0.0317,
    0.02606,
    0.01726
  ],
  "Montpellier": [
    0.01389,
    0.02132,
    0.02622,
    0.03234,
    0.03782,
    0.04123,
    0.04665,
    0.05056,
    0.05569,
    0.05659,
    0.05978,
    0.065,
    0.06926,
    0.07355,
    0.07952,
    0.08457,
    0.09034,
    0.09567
  ],
  "Strasbourg": [
    0.03308,
    0.04287,
    0.04979,
    0.05311,
    0.05586,
    0.05786,
    0.05908,
    0.06169,
    0.06088,
    0.06102,
    0.0619,
    0.06046,
    0.06125,
    0.06015,
    0.06047,
    0.05954,
    0.05449,
    0.0465
  ],
  "Toulouse": [
    0.01947,
    0.02953,
    0.03478,
    0.04019,
    0.0475,
    0.0489,
    0.05242,
    0.05369,
    0.05502,
    0.05781,
    0.05935,
    0.06212,
    0.06351,
    0.06874,
    0.07225,
    0.07716,
    0.07999,
    0.07757
  ],
  "Nantes": [
    0.06127,
    0.06967,
    0.07016,
    0.07029,
    0.06817,
    0.06755,
    0.06311,
    0.0627,
    0.05989,
    0.05683,
    0.05417,
    0.05139,
    0.04999,
    0.0468,
    0.04452,
    0.04165,
    0.03629,
    0.02555
  ],
  "Rennes": [
    0.03514,
    0.04344,
    0.04984,
    0.05351,
    0.05747,
    0.05862,
    0.06091,
    0.0639,
    0.06194,
    0.06402,
    0.06571,
    0.06546,
    0.06339,
    0.06022,
    0.05824,
    0.0529,
    0.04721,
    0.03808
  ],
  "Lyon": [
    0.0157,
    0.02355,
    0.03014,
    0.03449,
    0.03699,
    0.04112,
    0.04681,
    0.0486,
    0.05301,
    0.05731,
    0.06042,
    0.06349,
    0.06728,
    0.07139,
    0.07357,
    0.08062,
    0.08852,
    0.10699
  ]
}