{
  "Volendam": [
    0.0,
    0.0,
    0.0,
    0.0,
    0.0,
    5e-05,
    8e-05,
    0.00044,
    0.00107,
    0.00239,
    0.00435,
    0.00802,
    0.01507,
    0.02716,
    0.05336,
    0.09943,
    0.20708,
    0.5815
  ],
  "Vitesse": [
    0.0,
    0.0,
    0.0,
    0.0,
    8e-05,
    0.00041,
    0.00181,
    0.00363,
    0.00736,
    0.01262,
    0.02061,
    0.03488,
    0.053,
    0.08068,
    0.12336,
    0.18432,
    0.28285,
    0.19439
  ],
  "PSV Eindhoven": [
    0.97725,
    0.02212,
    0.0006,
    3e-05,
    0.0,
    0.0,
    0.0,
    0.0,
    0.0,
    0.0,
    0.0,
    0.0,
    0.0,
    0.0,
    0.0,
    0.0,
    0.0,
    0.0
  ],
  "Utrecht": [
    0.0,
    0.0,
    1e-05,
    0.0002,
    0.00917,
    0.02579,
    0.04826,
    0.07303,
    0.09492,
    0.11179,
    0.12242,
    0.12793,
    0.1165,
    0.09968,
    0.07909,
    0.05512,
    0.02859,
    0.0075
  ],
  "Heerenveen": [
    0.0,
    1e-05,
    0.0001,
    0.00221,
    0.04672,
    0.0974,
    0.13502,
    0.14673,
    0.14087,
    0.12542,
    0.10134,
    0.07509,
    0.05478,
    0.03663,
    0.02168,
    0.01122,
    0.00388,
    0.0009
  ],
  "Waalwijk": [
    0.0,
    0.0,
    0.0,
    2e-05,
    0.00104,
    0.00404,
    0.00978,
    0.0194,
    0.0328,
    0.05187,
    0.07242,
    0.08924,
    0.11459,
    0.1444,
    0.15482,
    0.1485,
    0.10907,
    0.04801
  ],
  "Ajax": [
    0.0,
    0.00026,
    0.00657,
    0.0552,
    0.42472,
    0.22772,
    0.12847,
    0.07161,
    0.03899,
    0.02243,
    0.0125,
    0.00622,
    0.00333,
    0.00137,
    0.00045,
    0.00012,
    4e-05,
    0.0
  ],
  "Heracles": [
    0.0,
    0.0,
    0.0,
    0.0,
    0.00066,
    0.00306,
    0.00817,
    0.01677,
    0.02702,
    0.04298,
    0.06211,
    0.09437,
    0.12109,
    0.14595,
    0.15844,
    0.15738,
    0.11463,
    0.04737
  ],
  "Zwolle": [
    0.0,
    0.0,
    3e-05,
    0.00059,
    0.01675,
    0.04104,
    0.06849,
    0.10029,
    0.1211,
    0.12329,
    0.12917,
    0.11597,
    0.10467,
    0.07506,
    0.05222,
    0.03076,
    0.01571,
    0.00486
  ],
  "Sparta Rotterdam": [
    0.0,
    0.0,
    0.00057,
    0.00878,
    0.11247,
    0.17674,
    0.18469,
    0.15049,
    0.11805,
    0.0905,
    0.06397,
    0.04163,
    0.0259,
    0.01449,
    0.00734,
    0.00325,
    0.00097,
    0.00016
  ],
  "Nijmegen": [
    0.0,
    0.0,
    1e-05,
    0.00135,
    0.03486,
    0.07729,
    0.11068,
    0.13132,
    0.13696,
    0.1304,
    0.11304,
    0.09167,
    0.06784,
    0.04888,
    0.03111,
    0.0168,
    0.00656,
    0.00123
  ],
  "Excelsior": [
    0.0,
    0.0,
    0.0,
    0.0001,
    0.00457,
    0.01532,
    0.0306,
    0.0508,
    0.07,
    0.09138,
    0.10779,
    0.12353,
    0.13022,
    0.12703,
    0.10722,
    0.08074,
    0.04653,
    0.01417
  ],
  "AZ Alkmaar": [
    0.00122,
    0.12425,
    0.49718,
    0.34425,
    0.02872,
    0.00365,
    0.00058,
    0.00011,
    3e-05,
    0.0,
    1e-05,
    0.0,
    0.0,
    0.0,
    0.0,
    0.0,
    0.0,
    0.0
  ],
  "Go Ahead Eagles": [
    0.0,
    7e-05,
    0.0021,
    0.02305,
    0.23762,
    0.25467,
    0.17452,
    0.11501,
    0.07388,
    0.04832,
    0.03123,
    0.01911,
    0.01103,
    0.00539,
    0.00255,
    0.00113,
    0.00029,
    3e-05
  ],
  "Feyenoord": [
    0.02117,
    0.78181,
    0.1594,
    0.0366,
    0.00097,
    5e-05,
    0.0,
    0.0,
    0.0,
    0.0,
    0.0,
    0.0,
    0.0,
    0.0,
    0.0,
    0.0,
    0.0,
    0.0
  ],
  "For Sittard": [
    0.0,
    0.0,
    3e-05,
    0.00087,
    0.02524,
    0.0624,
    0.09308,
    0.11087,
    0.12099,
    0.12133,
    0.11594,
    0.10694,
    0.08896,
    0.06819,
    0.046,
    0.02653,
    0.01046,
    0.00217
  ],
  "Almere City": [
    0.0,
    0.0,
    0.0,
    0.0,
    0.00026,
    0.00127,
    0.00378,
    0.00894,
    0.01579,
    0.02526,
    0.04308,
    0.0654,
    0.09302,
    0.12509,
    0.16236,
    0.1847,
    0.17334,
    0.09771
  ],
  "Twente": [
    0.00036,
    0.07148,
    0.3334,
    0.52675,
    0.05615,
    0.0091,
    0.00199,
    0.00056,
    0.00017,
    2e-05,
    2e-05,
    0.0,
    0.0,
    0.0,
    0.0,
    0.0,
    0.0,
    0.0
  ]
}