{
  "Milan": [
    0.00404,
    0.28884,
    0.22019,
    0.17209,
    0.13678,
    0.10242,
    0.06594,
    0.00871,
    0.00086,
    0.00011,
    2e-05,
    0.0,
    0.0,
    0.0,
    0.0,
    0.0,
    0.0,
    0.0,
    0.0,
    0.0
  ],
  "Udinese": [
    0.0,
    0.00022,
    0.0012,
    0.00351,
    0.00933,
    0.02788,
    0.09139,
    0.43824,
    0.22195,
    0.10956,
    0.05346,
    0.02571,
    0.0115,
    0.00442,
    0.00123,
    0.00031,
    8e-05,
    1e-05,
    0.0,
    0.0
  ],
  "Sampdoria": [
    0.0,
    0.0,
    0.0,
    0.0,
    0.0,
    0.0,
    0.0,
    0.0,
    0.0,
    0.0,
    1e-05,
    1e-05,
    5e-05,
    0.00023,
    0.00121,
    0.00591,
    0.03052,
    0.17791,
    0.37538,
    0.40877
  ],
  "Atalanta": [
    0.00024,
    0.0597,
    0.09507,
    0.129,
    0.16466,
    0.21207,
    0.26472,
    0.06035,
    0.01136,
    0.00226,
    0.00044,
    9e-05,
    3e-05,
    1e-05,
    0.0,
    0.0,
    0.0,
    0.0,
    0.0,
    0.0
  ],
  "Lecce": [
    0.0,
    0.0,
    0.0,
    0.0,
    0.0,
    4e-05,
    0.00035,
    0.00807,
    0.02619,
    0.05338,
    0.0894,
    0.12761,
    0.16714,
    0.19144,
    0.16154,
    0.11511,
    0.05253,
    0.00666,
    0.00052,
    2e-05
  ],
  "Inter": [
    0.00056,
    0.10141,
    0.13344,
    0.16039,
    0.18173,
    0.19579,
    0.18428,
    0.03527,
    0.00593,
    0.00101,
    0.00014,
    3e-05,
    2e-05,
    0.0,
    0.0,
    0.0,
    0.0,
    0.0,
    0.0,
    0.0
  ],
  "Monza": [
    0.0,
    0.0,
    0.0,
    0.0,
    0.0,
    5e-05,
    0.00084,
    0.01534,
    0.0446,
    0.08521,
    0.12862,
    0.16523,
    0.17897,
    0.16374,
    0.12054,
    0.07094,
    0.02335,
    0.00241,
    0.00015,
    1e-05
  ],
  "Torino": [
    0.0,
    0.0,
    9e-05,
    0.00036,
    0.00125,
    0.00464,
    0.02267,
    0.16279,
    0.24945,
    0.21183,
    0.14797,
    0.09537,
    0.05745,
    0.02827,
    0.01295,
    0.00422,
    0.00066,
    3e-05,
    0.0,
    0.0
  ],
  "Fiorentina": [
    0.0,
    0.0,
    0.0,
    1e-05,
    0.00012,
    0.00044,
    0.00266,
    0.03662,
    0.09052,
    0.14003,
    0.17312,
    0.17696,
    0.15273,
    0.11114,
    0.07117,
    0.03347,
    0.01022,
    0.00077,
    2e-05,
    0.0
  ],
  "Cremonese": [
    0.0,
    0.0,
    0.0,
    0.0,
    0.0,
    0.0,
    0.0,
    0.0,
    0.0,
    0.0,
    0.0,
    3e-05,
    7e-05,
    0.00022,
    0.00128,
    0.00592,
    0.02596,
    0.14344,
    0.34152,
    0.48156
  ],
  "Lazio": [
    0.00099,
    0.14176,
    0.16251,
    0.1745,
    0.17878,
    0.17133,
    0.14197,
    0.02431,
    0.00327,
    0.00048,
    7e-05,
    3e-05,
    0.0,
    0.0,
    0.0,
    0.0,
    0.0,
    0.0,
    0.0,
    0.0
  ],
  "Bologna": [
    0.0,
    1e-05,
    1e-05,
    0.0,
    9e-05,
    0.00038,
    0.0027,
    0.03761,
    0.09065,
    0.14245,
    0.17721,
    0.1751,
    0.14656,
    0.1104,
    0.07025,
    0.03556,
    0.01023,
    0.00072,
    7e-05,
    0.0
  ],
  "Salernitana": [
    0.0,
    0.0,
    0.0,
    0.0,
    0.0,
    0.0,
    2e-05,
    0.00102,
    0.00566,
    0.01518,
    0.03183,
    0.05716,
    0.09429,
    0.14102,
    0.20427,
    0.23951,
    0.17069,
    0.03442,
    0.00453,
    0.0004
  ],
  "Roma": [
    0.00112,
    0.15358,
    0.17444,
    0.18037,
    0.17576,
    0.16289,
    0.12574,
    0.02263,
    0.00295,
    0.00044,
    8e-05,
    0.0,
    0.0,
    0.0,
    0.0,
    0.0,
    0.0,
    0.0,
    0.0,
    0.0
  ],
  "Spezia": [
    0.0,
    0.0,
    0.0,
    0.0,
    0.0,
    0.0,
    4e-05,
    0.00118,
    0.00564,
    0.01529,
    0.03433,
    0.0593,
    0.09651,
    0.14513,
    0.20307,
    0.21925,
    0.18069,
    0.03462,
    0.00455,
    0.0004
  ],
  "Empoli": [
    0.0,
    0.0,
    3e-05,
    0.00014,
    0.00116,
    0.00353,
    0.01823,
    0.13668,
    0.23921,
    0.22075,
    0.15753,
    0.10267,
    0.06344,
    0.03402,
    0.01532,
    0.0057,
    0.00154,
    5e-05,
    0.0,
    0.0
  ],
  "Verona": [
    0.0,
    0.0,
    0.0,
    0.0,
    0.0,
    0.0,
    0.0,
    0.0,
    2e-05,
    1e-05,
    0.00016,
    0.00048,
    0.00152,
    0.00409,
    0.01242,
    0.03464,
    0.11937,
    0.47562,
    0.2477,
    0.10397
  ],
  "Napoli": [
    0.99074,
    0.00824,
    0.00087,
    7e-05,
    6e-05,
    2e-05,
    0.0,
    0.0,
    0.0,
    0.0,
    0.0,
    0.0,
    0.0,
    0.0,
    0.0,
    0.0,
    0.0,
    0.0,
    0.0,
    0.0
  ],
  "Juventus": [
    0.00231,
    0.24624,
    0.21215,
    0.17956,
    0.15028,
    0.11852,
    0.07845,
    0.01115,
    0.00128,
    5e-05,
    1e-05,
    0.0,
    0.0,
    0.0,
    0.0,
    0.0,
    0.0,
    0.0,
    0.0,
    0.0
  ],
  "Sassuolo": [
    0.0,
    0.0,
    0.0,
    0.0,
    0.0,
    0.0,
    0.0,
    3e-05,
    0.00046,
    0.00196,
    0.0056,
    0.01422,
    0.02972,
    0.06587,
    0.12475,
    0.22946,
    0.37416,
    0.12334,
    0.02556,
    0.00487
  ]
}