{
  "Milan": [
    0.24543,
    0.18862,
    0.13965,
    0.10392,
    0.07926,
    0.06202,
    0.04972,
    0.03781,
    0.03006,
    0.02249,
    0.01535,
    0.01053,
    0.0067,
    0.00456,
    0.00224,
    0.00102,
    0.00039,
    0.0002,
    3e-05,
    0.0
  ],
  "Udinese": [
    0.00161,
    0.00436,
    0.00854,
    0.0131,
    0.01902,
    0.02517,
    0.03421,
    0.04348,
    0.05269,
    0.06456,
    0.07633,
    0.09345,
    0.10797,
    0.11883,
    0.11427,
    0.09634,
    0.06499,
    0.03826,
    0.01733,
    0.00549
  ],
  "Sampdoria": [
    3e-05,
    6e-05,
    0.00024,
    0.00045,
    0.00067,
    0.00154,
    0.00204,
    0.00353,
    0.00557,
    0.00904,
    0.01294,
    0.02099,
    0.0334,
    0.04967,
    0.07808,
    0.11533,
    0.16174,
    0.181,
    0.17188,
    0.1518
  ],
  "Atalanta": [
    0.31107,
    0.20051,
    0.14055,
    0.10073,
    0.07096,
    0.05173,
    0.03847,
    0.02762,
    0.02066,
    0.01421,
    0.0098,
    0.00597,
    0.00393,
    0.00219,
    0.00106,
    0.00036,
    0.00012,
    6e-05,
    0.0,
    0.0
  ],
  "Lecce": [
    0.00096,
    0.00235,
    0.00454,
    0.00803,
    0.01209,
    0.01691,
    0.02367,
    0.0313,
    0.04121,
    0.05229,
    0.06455,
    0.08296,
    0.10025,
    0.11811,
    0.12488,
    0.11896,
    0.09176,
    0.05924,
    0.03262,
    0.01332
  ],
  "Inter": [
    0.00021,
    0.00067,
    0.00174,
    0.00304,
    0.00545,
    0.00812,
    0.01154,
    0.01628,
    0.02313,
    0.03141,
    0.04203,
    0.05544,
    0.07661,
    0.10017,
    0.12825,
    0.14834,
    0.13545,
    0.10538,
    0.07133,
    0.03541
  ],
  "Monza": [
    1e-05,
    3e-05,
    0.00016,
    0.00028,
    0.00067,
    0.00102,
    0.0018,
    0.0029,
    0.00466,
    0.00754,
    0.01212,
    0.01842,
    0.02865,
    0.04778,
    0.07196,
    0.11159,
    0.15724,
    0.18302,
    0.18358,
    0.16657
  ],
  "Torino": [
    1e-05,
    0.0,
    0.0,
    0.0,
    4e-05,
    8e-05,
    0.00022,
    0.00027,
    0.00072,
    0.00122,
    0.00254,
    0.00429,
    0.00833,
    0.01601,
    0.03136,
    0.05811,
    0.10709,
    0.17443,
    0.26036,
    0.33492
  ],
  "Fiorentina": [
    0.02834,
    0.05107,
    0.06907,
    0.0843,
    0.09212,
    0.0954,
    0.09452,
    0.09176,
    0.08618,
    0.07708,
    0.06584,
    0.0546,
    0.04415,
    0.02932,
    0.01921,
    0.01017,
    0.00426,
    0.00183,
    0.00068,
    0.0001
  ],
  "Cremonese": [
    0.0,
    0.0,
    4e-05,
    9e-05,
    0.00015,
    0.00033,
    0.0007,
    0.00115,
    0.00186,
    0.00313,
    0.00541,
    0.00885,
    0.01505,
    0.02524,
    0.04411,
    0.07677,
    0.12487,
    0.17967,
    0.23062,
    0.28196
  ],
  "Lazio": [
    0.09966,
    0.11627,
    0.12163,
    0.11563,
    0.10371,
    0.09072,
    0.07829,
    0.06612,
    0.05438,
    0.04497,
    0.0377,
    0.02696,
    0.01883,
    0.01247,
    0.00723,
    0.00342,
    0.00132,
    0.00061,
    8e-05,
    0.0
  ],
  "Bologna": [
    0.00392,
    0.00924,
    0.01571,
    0.02382,
    0.03123,
    0.04056,
    0.05088,
    0.05864,
    0.06765,
    0.0827,
    0.09185,
    0.09648,
    0.09917,
    0.09339,
    0.08593,
    0.06511,
    0.04262,
    0.02467,
    0.01194,
    0.00449
  ],
  "Salernitana": [
    0.01326,
    0.02425,
    0.03506,
    0.04659,
    0.0554,
    0.06451,
    0.07173,
    0.07757,
    0.08626,
    0.08745,
    0.0895,
    0.08365,
    0.07554,
    0.06631,
    0.05082,
    0.03499,
    0.02128,
    0.01029,
    0.00418,
    0.00136
  ],
  "Roma": [
    0.00328,
    0.00854,
    0.01561,
    0.02336,
    0.03196,
    0.04072,
    0.05112,
    0.06448,
    0.07446,
    0.08473,
    0.0957,
    0.10093,
    0.10126,
    0.09747,
    0.08179,
    0.06075,
    0.03617,
    0.01806,
    0.0072,
    0.00241
  ],
  "Spezia": [
    0.04752,
    0.07471,
    0.09043,
    0.097,
    0.09989,
    0.09707,
    0.09278,
    0.08498,
    0.07237,
    0.06351,
    0.05262,
    0.04279,
    0.0325,
    0.02283,
    0.01502,
    0.00853,
    0.0035,
    0.00144,
    0.00044,
    7e-05
  ],
  "Empoli": [
    0.01555,
    0.02877,
    0.04256,
    0.05407,
    0.06348,
    0.07306,
    0.0794,
    0.08251,
    0.08496,
    0.08589,
    0.08434,
    0.07702,
    0.06803,
    0.05699,
    0.04449,
    0.02964,
    0.01662,
    0.00844,
    0.00323,
    0.00095
  ],
  "Verona": [
    0.02066,
    0.03797,
    0.05273,
    0.06325,
    0.0743,
    0.07904,
    0.08156,
    0.08422,
    0.0828,
    0.07982,
    0.07535,
    0.07102,
    0.06289,
    0.04982,
    0.03667,
    0.02418,
    0.01392,
    0.00676,
    0.00234,
    0.0007
  ],
  "Napoli": [
    0.03643,
    0.0566,
    0.07195,
    0.08112,
    0.08581,
    0.0895,
    0.08625,
    0.08102,
    0.07745,
    0.0722,
    0.06557,
    0.05905,
    0.04841,
    0.03792,
    0.02584,
    0.01501,
    0.0065,
    0.00248,
    0.00076,
    0.00013
  ],
  "Juventus": [
    0.15248,
    0.16221,
    0.14429,
    0.12278,
    0.10154,
    0.08076,
    0.06554,
    0.05012,
    0.0392,
    0.02718,
    0.01992,
    0.01489,
    0.00927,
    0.00535,
    0.00289,
    0.0012,
    0.00031,
    6e-05,
    1e-05,
    0.0
  ],
  "Sassuolo": [
    0.01957,
    0.03377,
    0.0455,
    0.05844,
    0.07225,
    0.08174,
    0.08556,
    0.09424,
    0.09373,
    0.08858,
    0.08054,
    0.07171,
    0.05906,
    0.04557,
    0.0339,
    0.02018,
    0.00985,
    0.0041,
    0.00139,
    0.00032
  ]
}