{
  "Man United": [
    0.0,
    1e-05,
    4e-05,
    0.00044,
    0.00205,
    0.00544,
    0.01148,
    0.02065,
    0.03866,
    0.06613,
    0.1097,
    0.15017,
    0.18115,
    0.19138,
    0.13064,
    0.06464,
    0.02143,
    0.00511,
    0.00085,
    3e-05
  ],
  "Fulham": [
    8e-05,
    0.00419,
    0.01844,
    0.05454,
    0.11595,
    0.14154,
    0.14984,
    0.15008,
    0.13363,
    0.10266,
    0.06439,
    0.03651,
    0.01736,
    0.00775,
    0.00237,
    0.0006,
    5e-05,
    2e-05,
    0.0,
    0.0
  ],
  "Ipswich": [
    0.0,
    0.0,
    0.0,
    0.0,
    0.0,
    0.0,
    0.0,
    0.0,
    1e-05,
    0.0,
    6e-05,
    0.00046,
    0.00142,
    0.00458,
    0.01563,
    0.04516,
    0.1226,
    0.26208,
    0.49906,
    0.04894
  ],
  "Liverpool": [
    0.93761,
    0.05193,
    0.0089,
    0.00134,
    0.00019,
    2e-05,
    1e-05,
    0.0,
    0.0,
    0.0,
    0.0,
    0.0,
    0.0,
    0.0,
    0.0,
    0.0,
    0.0,
    0.0,
    0.0,
    0.0
  ],
  "Arsenal": [
    0.03334,
    0.4405,
    0.28945,
    0.15008,
    0.05147,
    0.02078,
    0.00858,
    0.00353,
    0.00158,
    0.00051,
    0.00012,
    6e-05,
    0.0,
    0.0,
    0.0,
    0.0,
    0.0,
    0.0,
    0.0,
    0.0
  ],
  "Wolves": [
    0.0,
    0.0,
    0.0,
    0.0,
    0.0,
    0.0,
    2e-05,
    4e-05,
    0.00013,
    0.00056,
    0.00167,
    0.00561,
    0.01432,
    0.03372,
    0.07773,
    0.1751,
    0.31931,
    0.24194,
    0.12352,
    0.00633
  ],
  "Everton": [
    0.0,
    0.0,
    0.0,
    1e-05,
    0.0,
    0.00011,
    0.00035,
    0.00117,
    0.00272,
    0.00708,
    0.0175,
    0.03924,
    0.07196,
    0.12358,
    0.22907,
    0.26272,
    0.15878,
    0.06587,
    0.0194,
    0.00044
  ],
  "Brighton": [
    1e-05,
    0.00099,
    0.00548,
    0.01887,
    0.05034,
    0.07987,
    0.10639,
    0.1331,
    0.15226,
    0.16205,
    0.12594,
    0.08194,
    0.04765,
    0.02427,
    0.00814,
    0.00235,
    0.00035,
    0.0,
    0.0,
    0.0
  ],
  "Newcastle": [
    8e-05,
    0.00846,
    0.02919,
    0.07787,
    0.15468,
    0.16493,
    0.15663,
    0.13718,
    0.11048,
    0.07759,
    0.044,
    0.02327,
    0.01066,
    0.00382,
    0.00097,
    0.00017,
    2e-05,
    0.0,
    0.0,
    0.0
  ],
  "Southampton": [
    0.0,
    0.0,
    0.0,
    0.0,
    0.0,
    0.0,
    0.0,
    0.0,
    0.0,
    0.0,
    0.0,
    0.0,
    0.0,
    1e-05,
    6e-05,
    0.00035,
    0.00199,
    0.01119,
    0.06232,
    0.92408
  ],
  "Nott'm Forest": [
    0.00697,
    0.15459,
    0.24708,
    0.29731,
    0.14153,
    0.07451,
    0.04016,
    0.02121,
    0.01008,
    0.00419,
    0.0017,
    0.00051,
    0.00014,
    2e-05,
    0.0,
    0.0,
    0.0,
    0.0,
    0.0,
    0.0
  ],
  "Bournemouth": [
    7e-05,
    0.00662,
    0.02494,
    0.06991,
    0.13542,
    0.1526,
    0.15356,
    0.14157,
    0.12197,
    0.09046,
    0.05333,
    0.02886,
    0.01392,
    0.00507,
    0.0014,
    0.00026,
    3e-05,
    0.0,
    1e-05,
    0.0
  ],
  "West Ham": [
    0.0,
    1e-05,
    8e-05,
    0.00063,
    0.00289,
    0.0066,
    0.01355,
    0.0266,
    0.0479,
    0.08,
    0.12999,
    0.16728,
    0.18889,
    0.16493,
    0.10192,
    0.04955,
    0.0156,
    0.00319,
    0.00038,
    1e-05
  ],
  "Aston Villa": [
    2e-05,
    0.00287,
    0.0129,
    0.04091,
    0.0907,
    0.1225,
    0.14165,
    0.14889,
    0.14374,
    0.12294,
    0.08272,
    0.04818,
    0.02579,
    0.01133,
    0.00364,
    0.00117,
    4e-05,
    1e-05,
    0.0,
    0.0
  ],
  "Brentford": [
    0.0,
    6e-05,
    0.00031,
    0.00141,
    0.00632,
    0.0128,
    0.02548,
    0.04244,
    0.07005,
    0.10968,
    0.15599,
    0.17092,
    0.15541,
    0.13132,
    0.07426,
    0.03264,
    0.00891,
    0.00176,
    0.00024,
    0.0
  ],
  "Crystal Palace": [
    0.0,
    0.0,
    0.0,
    3e-05,
    9e-05,
    0.00034,
    0.00086,
    0.00258,
    0.00557,
    0.01362,
    0.02926,
    0.05364,
    0.08836,
    0.13883,
    0.22863,
    0.23671,
    0.1308,
    0.05439,
    0.01596,
    0.00033
  ],
  "Chelsea": [
    0.02173,
    0.32028,
    0.32785,
    0.1967,
    0.07638,
    0.03238,
    0.0147,
    0.00612,
    0.00247,
    0.0011,
    0.00025,
    4e-05,
    0.0,
    0.0,
    0.0,
    0.0,
    0.0,
    0.0,
    0.0,
    0.0
  ],
  "Man City": [
    9e-05,
    0.00945,
    0.03523,
    0.08872,
    0.16771,
    0.17572,
    0.15763,
    0.13102,
    0.10005,
    0.06704,
    0.0374,
    0.01753,
    0.008,
    0.00322,
    0.00095,
    0.00022,
    2e-05,
    0.0,
    0.0,
    0.0
  ],
  "Leicester": [
    0.0,
    0.0,
    0.0,
    0.0,
    0.0,
    0.0,
    0.0,
    1e-05,
    1e-05,
    0.0001,
    0.00031,
    0.00124,
    0.00377,
    0.01189,
    0.03617,
    0.08868,
    0.20809,
    0.35188,
    0.27802,
    0.01983
  ],
  "Tottenham": [
    0.0,
    4e-05,
    0.00011,
    0.00123,
    0.00428,
    0.00986,
    0.01911,
    0.03381,
    0.05869,
    0.09429,
    0.14567,
    0.17454,
    0.1712,
    0.14428,
    0.08842,
    0.03968,
    0.01198,
    0.00256,
    0.00024,
    1e-05
  ]
}