{
  "Fiorentina": [
    0.0,
    0.0,
    0.0,
    0.0,
    2e-05,
    0.0001,
    0.00084,
    0.00411,
    0.0125,
    0.02699,
    0.05237,
    0.09047,
    0.14409,
    0.17748,
    0.17167,
    0.13965,
    0.10007,
    0.05288,
    0.02164,
    0.00512
  ],
  "Torino": [
    0.0,
    0.0,
    0.0,
    0.0,
    0.0,
    0.0,
    9e-05,
    0.00104,
    0.00328,
    0.00927,
    0.01988,
    0.03889,
    0.07332,
    0.11904,
    0.1661,
    0.20432,
    0.16227,
    0.11263,
    0.06583,
    0.02404
  ],
  "Verona": [
    0.0,
    3e-05,
    0.0002,
    0.00103,
    0.00367,
    0.01122,
    0.03556,
    0.0936,
    0.14433,
    0.17602,
    0.17945,
    0.15174,
    0.10105,
    0.05829,
    0.02918,
    0.01131,
    0.00257,
    0.00065,
    0.0001,
    0.0
  ],
  "Roma": [
    0.04036,
    0.12182,
    0.22698,
    0.21898,
    0.17619,
    0.12524,
    0.06281,
    0.01942,
    0.00599,
    0.00173,
    0.00038,
    8e-05,
    2e-05,
    0.0,
    0.0,
    0.0,
    0.0,
    0.0,
    0.0,
    0.0
  ],
  "Parma": [
    0.0,
    0.0,
    0.0,
    0.0,
    0.0,
    0.0,
    0.0,
    0.0,
    0.0,
    0.0,
    7e-05,
    0.00015,
    0.00087,
    0.00274,
    0.00904,
    0.02065,
    0.05638,
    0.14019,
    0.26653,
    0.50338
  ],
  "Napoli": [
    0.00763,
    0.035,
    0.09245,
    0.14358,
    0.19378,
    0.22075,
    0.17811,
    0.07778,
    0.03182,
    0.01244,
    0.0046,
    0.0016,
    0.00038,
    7e-05,
    0.0,
    1e-05,
    0.0,
    0.0,
    0.0,
    0.0
  ],
  "Genoa": [
    0.0,
    2e-05,
    0.00023,
    0.00127,
    0.00446,
    0.0148,
    0.045,
    0.11603,
    0.16463,
    0.18158,
    0.16895,
    0.13394,
    0.08397,
    0.04689,
    0.02417,
    0.00992,
    0.00323,
    0.00076,
    0.00013,
    2e-05
  ],
  "Crotone": [
    0.0,
    0.0,
    0.0,
    0.0,
    0.0,
    0.0,
    0.0,
    0.0,
    4e-05,
    0.00015,
    0.00046,
    0.0019,
    0.00625,
    0.01555,
    0.03445,
    0.06824,
    0.11959,
    0.21568,
    0.27747,
    0.26022
  ],
  "Sassuolo": [
    5e-05,
    0.00032,
    0.00257,
    0.00775,
    0.02008,
    0.04631,
    0.10757,
    0.21828,
    0.20527,
    0.15706,
    0.1113,
    0.06727,
    0.03419,
    0.01465,
    0.00528,
    0.00168,
    0.00033,
    4e-05,
    0.0,
    0.0
  ],
  "Cagliari": [
    0.0,
    0.0,
    0.0,
    0.0,
    0.0,
    0.0,
    1e-05,
    5e-05,
    0.00034,
    0.00104,
    0.0028,
    0.00838,
    0.01887,
    0.03762,
    0.06293,
    0.09632,
    0.15267,
    0.22006,
    0.23148,
    0.16743
  ],
  "Juventus": [
    0.02394,
    0.0791,
    0.17137,
    0.20588,
    0.19795,
    0.16389,
    0.10539,
    0.03659,
    0.01152,
    0.00317,
    0.00094,
    0.00024,
    1e-05,
    1e-05,
    0.0,
    0.0,
    0.0,
    0.0,
    0.0,
    0.0
  ],
  "Sampdoria": [
    0.0,
    0.00016,
    0.00107,
    0.00444,
    0.0128,
    0.03315,
    0.08529,
    0.191,
    0.19809,
    0.16768,
    0.12912,
    0.08905,
    0.04822,
    0.02416,
    0.01006,
    0.00399,
    0.00136,
    0.00035,
    1e-05,
    0.0
  ],
  "Milan": [
    0.24718,
    0.41023,
    0.17822,
    0.08845,
    0.04597,
    0.02143,
    0.00736,
    0.001,
    0.00013,
    2e-05,
    0.0,
    1e-05,
    0.0,
    0.0,
    0.0,
    0.0,
    0.0,
    0.0,
    0.0,
    0.0
  ],
  "Bologna": [
    0.0,
    2e-05,
    6e-05,
    0.00029,
    0.00139,
    0.00634,
    0.02101,
    0.06779,
    0.1114,
    0.14806,
    0.16872,
    0.17151,
    0.12916,
    0.08221,
    0.04882,
    0.02608,
    0.01196,
    0.00418,
    0.00092,
    8e-05
  ],
  "Atalanta": [
    0.02947,
    0.10412,
    0.19918,
    0.20747,
    0.18983,
    0.14609,
    0.08457,
    0.02656,
    0.00872,
    0.00272,
    0.0009,
    0.00034,
    2e-05,
    0.0,
    1e-05,
    0.0,
    0.0,
    0.0,
    0.0,
    0.0
  ],
  "Lazio": [
    0.00225,
    0.01675,
    0.05289,
    0.09201,
    0.14317,
    0.2062,
    0.26115,
    0.12774,
    0.05663,
    0.02628,
    0.01013,
    0.00366,
    0.00092,
    0.00016,
    5e-05,
    1e-05,
    0.0,
    0.0,
    0.0,
    0.0
  ],
  "Benevento": [
    0.0,
    0.0,
    0.0,
    1e-05,
    0.00015,
    0.00086,
    0.00371,
    0.0144,
    0.03093,
    0.05578,
    0.08941,
    0.13196,
    0.17449,
    0.16161,
    0.13108,
    0.09565,
    0.06615,
    0.03084,
    0.01079,
    0.00218
  ],
  "Inter": [
    0.64912,
    0.23243,
    0.07478,
    0.02884,
    0.01052,
    0.00351,
    0.00075,
    4e-05,
    1e-05,
    0.0,
    0.0,
    0.0,
    0.0,
    0.0,
    0.0,
    0.0,
    0.0,
    0.0,
    0.0,
    0.0
  ],
  "Spezia": [
    0.0,
    0.0,
    0.0,
    0.0,
    2e-05,
    0.00011,
    0.00075,
    0.0043,
    0.01307,
    0.02647,
    0.05072,
    0.08704,
    0.13586,
    0.17539,
    0.18144,
    0.14476,
    0.1018,
    0.05191,
    0.0217,
    0.00466
  ],
  "Udinese": [
    0.0,
    0.0,
    0.0,
    0.0,
    0.0,
    0.0,
    3e-05,
    0.00027,
    0.0013,
    0.00354,
    0.0098,
    0.02177,
    0.04831,
    0.08413,
    0.12572,
    0.17741,
    0.22162,
    0.16983,
    0.1034,
    0.03287
  ]
}