{
  "Ath Bilbao": [
    0.0063,
    0.01327,
    0.02387,
    0.03714,
    0.05473,
    0.07597,
    0.10463,
    0.12072,
    0.11731,
    0.11227,
    0.09201,
    0.07488,
    0.0575,
    0.04151,
    0.02855,
    0.01868,
    0.01107,
    0.00607,
    0.00285,
    0.00067
  ],
  "Getafe": [
    0.0,
    3e-05,
    0.00017,
    0.00072,
    0.00164,
    0.00402,
    0.00815,
    0.01506,
    0.02427,
    0.03384,
    0.04754,
    0.06192,
    0.07933,
    0.09957,
    0.11396,
    0.12762,
    0.13194,
    0.11959,
    0.0886,
    0.04203
  ],
  "Betis": [
    0.0029,
    0.0069,
    0.01477,
    0.02448,
    0.04279,
    0.06399,
    0.08707,
    0.10179,
    0.11126,
    0.10919,
    0.10079,
    0.08967,
    0.07378,
    0.05877,
    0.04404,
    0.03135,
    0.01949,
    0.01091,
    0.00475,
    0.00131
  ],
  "Girona": [
    0.20102,
    0.1903,
    0.16889,
    0.14092,
    0.11035,
    0.07626,
    0.04844,
    0.02804,
    0.01699,
    0.00855,
    0.00502,
    0.00285,
    0.00135,
    0.00051,
    0.00037,
    7e-05,
    3e-05,
    4e-05,
    0.0,
    0.0
  ],
  "Celta": [
    3e-05,
    7e-05,
    0.0002,
    0.00065,
    0.00149,
    0.00409,
    0.00834,
    0.01472,
    0.02189,
    0.03348,
    0.04561,
    0.06179,
    0.07803,
    0.09416,
    0.11195,
    0.12593,
    0.13102,
    0.12383,
    0.0964,
    0.04632
  ],
  "Alaves": [
    0.0,
    1e-05,
    3e-05,
    0.00012,
    0.0002,
    0.00066,
    0.00166,
    0.00383,
    0.00659,
    0.01093,
    0.01873,
    0.02755,
    0.04112,
    0.05746,
    0.07977,
    0.10869,
    0.1407,
    0.17622,
    0.19324,
    0.13249
  ],
  "Las Palmas": [
    4e-05,
    0.00024,
    0.00057,
    0.0016,
    0.00342,
    0.00766,
    0.01445,
    0.02339,
    0.03553,
    0.05039,
    0.06465,
    0.08074,
    0.09669,
    0.10543,
    0.11631,
    0.11333,
    0.10471,
    0.08746,
    0.06342,
    0.02997
  ],
  "Sevilla": [
    0.00029,
    0.00096,
    0.00208,
    0.00467,
    0.00955,
    0.01767,
    0.03034,
    0.04478,
    0.06134,
    0.0781,
    0.09571,
    0.10197,
    0.10649,
    0.10795,
    0.09818,
    0.08438,
    0.06703,
    0.04935,
    0.02857,
    0.01059
  ],
  "Osasuna": [
    0.00631,
    0.01407,
    0.02774,
    0.04398,
    0.06773,
    0.09386,
    0.12128,
    0.12531,
    0.12197,
    0.10769,
    0.08177,
    0.06482,
    0.04625,
    0.03215,
    0.02075,
    0.01266,
    0.00693,
    0.00337,
    0.00118,
    0.00018
  ],
  "Leganes": [
    0.0,
    1e-05,
    5e-05,
    5e-05,
    0.00024,
    0.00042,
    0.00119,
    0.00285,
    0.00478,
    0.00877,
    0.01366,
    0.02166,
    0.03132,
    0.04751,
    0.06396,
    0.09191,
    0.1279,
    0.17554,
    0.22754,
    0.18064
  ],
  "Valencia": [
    5e-05,
    0.00021,
    0.00057,
    0.00169,
    0.00391,
    0.00915,
    0.01701,
    0.03016,
    0.04525,
    0.06103,
    0.08557,
    0.10179,
    0.11033,
    0.1121,
    0.1098,
    0.10092,
    0.08733,
    0.06389,
    0.04237,
    0.01687
  ],
  "Barcelona": [
    0.25455,
    0.20647,
    0.16157,
    0.129,
    0.09677,
    0.06612,
    0.03985,
    0.02191,
    0.01159,
    0.00662,
    0.00318,
    0.00134,
    0.00053,
    0.00031,
    0.00014,
    3e-05,
    1e-05,
    1e-05,
    0.0,
    0.0
  ],
  "Sociedad": [
    0.04103,
    0.07251,
    0.10139,
    0.12572,
    0.1408,
    0.14192,
    0.1149,
    0.09063,
    0.06695,
    0.04219,
    0.02634,
    0.01567,
    0.00934,
    0.00528,
    0.00296,
    0.00142,
    0.00064,
    0.00022,
    6e-05,
    3e-05
  ],
  "Vallecano": [
    0.00858,
    0.01976,
    0.03225,
    0.05014,
    0.07026,
    0.09603,
    0.11478,
    0.12654,
    0.11884,
    0.09888,
    0.07978,
    0.0606,
    0.04299,
    0.03133,
    0.02111,
    0.01384,
    0.00797,
    0.00442,
    0.00159,
    0.00031
  ],
  "Mallorca": [
    0.00026,
    0.00113,
    0.00225,
    0.00553,
    0.01103,
    0.02046,
    0.03499,
    0.0532,
    0.07366,
    0.09538,
    0.10944,
    0.11275,
    0.11272,
    0.10163,
    0.08915,
    0.07083,
    0.05166,
    0.03276,
    0.01695,
    0.00422
  ],
  "Real Madrid": [
    0.19555,
    0.18029,
    0.16004,
    0.13944,
    0.10937,
    0.08211,
    0.05503,
    0.03393,
    0.02079,
    0.01144,
    0.00606,
    0.00315,
    0.00147,
    0.00077,
    0.00037,
    0.00011,
    4e-05,
    3e-05,
    1e-05,
    0.0
  ],
  "Valladolid": [
    0.0,
    0.0,
    0.0,
    1e-05,
    2e-05,
    1e-05,
    4e-05,
    0.00029,
    0.00061,
    0.00106,
    0.00201,
    0.00412,
    0.00725,
    0.01265,
    0.02197,
    0.03578,
    0.06263,
    0.11221,
    0.21221,
    0.52713
  ],
  "Espanol": [
    0.00065,
    0.00219,
    0.00502,
    0.01044,
    0.01936,
    0.03278,
    0.04966,
    0.06643,
    0.08227,
    0.09423,
    0.10227,
    0.10123,
    0.0975,
    0.08836,
    0.07536,
    0.06198,
    0.04873,
    0.03405,
    0.02025,
    0.00724
  ],
  "Villarreal": [
    0.20366,
    0.17747,
    0.15727,
    0.1333,
    0.10739,
    0.082,
    0.05577,
    0.03541,
    0.02121,
    0.01187,
    0.00683,
    0.00406,
    0.00211,
    0.00091,
    0.00049,
    0.00016,
    7e-05,
    1e-05,
    1e-05,
    0.0
  ],
  "Ath Madrid": [
    0.07878,
    0.11411,
    0.14127,
    0.1504,
    0.14895,
    0.12482,
    0.09242,
    0.06101,
    0.0369,
    0.02409,
    0.01303,
    0.00744,
    0.0039,
    0.00164,
    0.00081,
    0.00031,
    0.0001,
    2e-05,
    0.0,
    0.0
  ]
}