{
  "M'gladbach": [
    0.02836,
    0.04276,
    0.05243,
    0.05865,
    0.06387,
    0.06792,
    0.06939,
    0.06884,
    0.07114,
    0.06996,
    0.06896,
    0.06768,
    0.06179,
    0.05721,
    0.05101,
    0.0448,
    0.03585,
    0.01938
  ],
  "Leverkusen": [
    0.05564,
    0.08217,
    0.09035,
    0.09123,
    0.09027,
    0.08446,
    0.0771,
    0.0713,
    0.064,
    0.05797,
    0.05133,
    0.0452,
    0.04056,
    0.03306,
    0.02754,
    0.01988,
    0.01267,
    0.00527
  ],
  "Augsburg": [
    0.0111,
    0.02153,
    0.03014,
    0.03787,
    0.04502,
    0.05288,
    0.0572,
    0.06263,
    0.07036,
    0.07371,
    0.07569,
    0.07715,
    0.07692,
    0.07631,
    0.072,
    0.06866,
    0.0558,
    0.03503
  ],
  "Werder Bremen": [
    0.01901,
    0.03269,
    0.04285,
    0.05153,
    0.0588,
    0.06369,
    0.0678,
    0.0719,
    0.07254,
    0.0764,
    0.07706,
    0.07221,
    0.06884,
    0.06148,
    0.05835,
    0.04668,
    0.03742,
    0.02075
  ],
  "Freiburg": [
    0.05451,
    0.07956,
    0.08596,
    0.08719,
    0.08685,
    0.08398,
    0.08079,
    0.07586,
    0.06981,
    0.06282,
    0.05539,
    0.04719,
    0.0383,
    0.03191,
    0.02625,
    0.01822,
    0.01088,
    0.00453
  ],
  "Stuttgart": [
    0.02787,
    0.04419,
    0.05527,
    0.06337,
    0.06943,
    0.07112,
    0.07605,
    0.07648,
    0.07576,
    0.07279,
    0.06907,
    0.0626,
    0.05773,
    0.0571,
    0.04612,
    0.03686,
    0.02499,
    0.0132
  ],
  "Hoffenheim": [
    0.00377,
    0.00773,
    0.01316,
    0.0182,
    0.02307,
    0.02905,
    0.03548,
    0.04344,
    0.05143,
    0.05888,
    0.06399,
    0.07222,
    0.08974,
    0.09694,
    0.10303,
    0.10698,
    0.10444,
    0.07845
  ],
  "Holstein Kiel": [
    0.001,
    0.00237,
    0.00455,
    0.00668,
    0.01007,
    0.01372,
    0.01828,
    0.02407,
    0.02955,
    0.03775,
    0.04566,
    0.06068,
    0.07306,
    0.08794,
    0.10767,
    0.13366,
    0.17,
    0.17329
  ],
  "Mainz": [
    0.0096,
    0.01897,
    0.02497,
    0.03258,
    0.03762,
    0.04469,
    0.04835,
    0.05483,
    0.06083,
    0.06456,
    0.07166,
    0.07572,
    0.08103,
    0.08112,
    0.08165,
    0.08264,
    0.07569,
    0.05349
  ],
  "Union Berlin": [
    0.04646,
    0.06952,
    0.0786,
    0.08324,
    0.08568,
    0.08271,
    0.08062,
    0.07627,
    0.06977,
    0.06604,
    0.0587,
    0.05295,
    0.04458,
    0.03643,
    0.02886,
    0.02112,
    0.01279,
    0.00566
  ],
  "RB Leipzig": [
    0.18874,
    0.16818,
    0.13435,
    0.10805,
    0.086,
    0.07116,
    0.0575,
    0.04534,
    0.0387,
    0.03046,
    0.0224,
    0.01659,
    0.01239,
    0.00875,
    0.00601,
    0.00314,
    0.00175,
    0.00049
  ],
  "Bochum": [
    0.00011,
    0.00045,
    0.00105,
    0.00211,
    0.00325,
    0.00496,
    0.00677,
    0.01011,
    0.01382,
    0.01827,
    0.02455,
    0.03183,
    0.04134,
    0.05764,
    0.07965,
    0.11583,
    0.18766,
    0.4006
  ],
  "Dortmund": [
    0.05799,
    0.08095,
    0.08915,
    0.0885,
    0.08644,
    0.08419,
    0.07951,
    0.0739,
    0.06572,
    0.06039,
    0.05249,
    0.04709,
    0.03835,
    0.03337,
    0.02631,
    0.01903,
    0.01167,
    0.00495
  ],
  "Ein Frankfurt": [
    0.08862,
    0.11062,
    0.10996,
    0.10403,
    0.09284,
    0.08371,
    0.07378,
    0.06548,
    0.05636,
    0.04821,
    0.0423,
    0.03529,
    0.02845,
    0.0229,
    0.01673,
    0.01191,
    0.00641,
    0.0024
  ],
  "Wolfsburg": [
    0.00553,
    0.01304,
    0.01835,
    0.02588,
    0.03102,
    0.0375,
    0.04435,
    0.05033,
    0.05457,
    0.05955,
    0.06634,
    0.07417,
    0.08005,
    0.08765,
    0.09469,
    0.0986,
    0.09188,
    0.0665
  ],
  "Bayern Munich": [
    0.38574,
    0.19399,
    0.12388,
    0.08288,
    0.05872,
    0.04275,
    0.03179,
    0.02277,
    0.01764,
    0.01312,
    0.00923,
    0.007,
    0.00465,
    0.00274,
    0.00186,
    0.00075,
    0.00036,
    0.00013
  ],
  "St Pauli": [
    0.00401,
    0.0095,
    0.01397,
    0.02086,
    0.02655,
    0.03268,
    0.04124,
    0.04824,
    0.05413,
    0.06049,
    0.07356,
    0.07836,
    0.08629,
    0.09116,
    0.09573,
    0.09809,
    0.09497,
    0.07017
  ],
  "Heidenheim": [
    0.01194,
    0.02178,
    0.03101,
    0.03715,
    0.0445,
    0.04883,
    0.054,
    0.05821,
    0.06387,
    0.06863,
    0.07162,
    0.07607,
    0.07593,
    0.07629,
    0.07654,
    0.07315,
    0.06477,
    0.04571
  ]
}