{
  "Lyon": [
    0.0,
    0.0,
    0.0,
    0.01373,
    0.18759,
    0.36196,
    0.29051,
    0.08772,
    0.03713,
    0.01774,
    0.00362,
    0.0,
    0.0,
    0.0,
    0.0,
    0.0,
    0.0,
    0.0,
    0.0,
    0.0
  ],
  "Ajaccio": [
    0.0,
    0.0,
    0.0,
    0.0,
    0.0,
    0.0,
    0.0,
    0.0,
    0.0,
    0.0,
    0.0,
    0.0,
    0.0,
    0.0,
    0.0,
    1e-05,
    0.00543,
    0.55079,
    0.44092,
    0.00285
  ],
  "Strasbourg": [
    0.0,
    0.0,
    0.0,
    0.0,
    0.0,
    0.0,
    0.0,
    0.0,
    0.0,
    0.0,
    0.0,
    0.00113,
    0.01424,
    0.24811,
    0.3578,
    0.27435,
    0.10437,
    0.0,
    0.0,
    0.0
  ],
  "Monaco": [
    0.0,
    0.00393,
    0.04761,
    0.83851,
    0.09385,
    0.01476,
    0.00134,
    0.0,
    0.0,
    0.0,
    0.0,
    0.0,
    0.0,
    0.0,
    0.0,
    0.0,
    0.0,
    0.0,
    0.0,
    0.0
  ],
  "Clermont": [
    0.0,
    0.0,
    0.0,
    0.0,
    0.00098,
    0.00878,
    0.03688,
    0.18313,
    0.21803,
    0.24926,
    0.27484,
    0.02649,
    0.00161,
    0.0,
    0.0,
    0.0,
    0.0,
    0.0,
    0.0,
    0.0
  ],
  "Paris SG": [
    0.95128,
    0.04725,
    0.00147,
    0.0,
    0.0,
    0.0,
    0.0,
    0.0,
    0.0,
    0.0,
    0.0,
    0.0,
    0.0,
    0.0,
    0.0,
    0.0,
    0.0,
    0.0,
    0.0,
    0.0
  ],
  "Toulouse": [
    0.0,
    0.0,
    0.0,
    0.0,
    0.0,
    0.0,
    0.0,
    3e-05,
    0.00081,
    0.00358,
    0.02335,
    0.38406,
    0.52361,
    0.05709,
    0.00707,
    0.00039,
    1e-05,
    0.0,
    0.0,
    0.0
  ],
  "Nice": [
    0.0,
    0.0,
    0.0,
    0.0,
    0.00284,
    0.02015,
    0.06298,
    0.2275,
    0.30339,
    0.24994,
    0.12378,
    0.009,
    0.00042,
    0.0,
    0.0,
    0.0,
    0.0,
    0.0,
    0.0,
    0.0
  ],
  "Angers": [
    0.0,
    0.0,
    0.0,
    0.0,
    0.0,
    0.0,
    0.0,
    0.0,
    0.0,
    0.0,
    0.0,
    0.0,
    0.0,
    0.0,
    0.0,
    0.0,
    0.0,
    0.0011,
    0.01459,
    0.98431
  ],
  "Nantes": [
    0.0,
    0.0,
    0.0,
    0.0,
    0.0,
    0.0,
    0.0,
    0.0,
    0.0,
    0.0,
    0.0,
    3e-05,
    0.00132,
    0.03395,
    0.09521,
    0.22067,
    0.64164,
    0.00707,
    0.00011,
    0.0
  ],
  "Lens": [
    0.04139,
    0.6739,
    0.27781,
    0.0069,
    0.0,
    0.0,
    0.0,
    0.0,
    0.0,
    0.0,
    0.0,
    0.0,
    0.0,
    0.0,
    0.0,
    0.0,
    0.0,
    0.0,
    0.0,
    0.0
  ],
  "Brest": [
    0.0,
    0.0,
    0.0,
    0.0,
    0.0,
    0.0,
    0.0,
    0.0,
    0.0,
    0.0,
    0.0,
    0.00625,
    0.04546,
    0.44388,
    0.26861,
    0.16971,
    0.06609,
    0.0,
    0.0,
    0.0
  ],
  "Lille": [
    0.0,
    0.0,
    0.00061,
    0.08565,
    0.55087,
    0.24728,
    0.10235,
    0.01206,
    0.00113,
    5e-05,
    0.0,
    0.0,
    0.0,
    0.0,
    0.0,
    0.0,
    0.0,
    0.0,
    0.0,
    0.0
  ],
  "Auxerre": [
    0.0,
    0.0,
    0.0,
    0.0,
    0.0,
    0.0,
    0.0,
    0.0,
    0.0,
    0.0,
    0.0,
    0.002,
    0.01848,
    0.19375,
    0.2702,
    0.33485,
    0.18063,
    9e-05,
    0.0,
    0.0
  ],
  "Montpellier": [
    0.0,
    0.0,
    0.0,
    0.0,
    0.0,
    0.0,
    0.0,
    0.00033,
    0.00344,
    0.01139,
    0.0443,
    0.52424,
    0.39195,
    0.02322,
    0.00111,
    2e-05,
    0.0,
    0.0,
    0.0,
    0.0
  ],
  "Troyes": [
    0.0,
    0.0,
    0.0,
    0.0,
    0.0,
    0.0,
    0.0,
    0.0,
    0.0,
    0.0,
    0.0,
    0.0,
    0.0,
    0.0,
    0.0,
    0.0,
    0.00183,
    0.44095,
    0.54438,
    0.01284
  ],
  "Rennes": [
    0.0,
    0.0,
    0.0,
    0.01007,
    0.15814,
    0.30477,
    0.37274,
    0.11252,
    0.03278,
    0.00789,
    0.00109,
    0.0,
    0.0,
    0.0,
    0.0,
    0.0,
    0.0,
    0.0,
    0.0,
    0.0
  ],
  "Lorient": [
    0.0,
    0.0,
    0.0,
    0.0,
    0.00368,
    0.02318,
    0.07911,
    0.24963,
    0.20666,
    0.19057,
    0.22892,
    0.01746,
    0.00079,
    0.0,
    0.0,
    0.0,
    0.0,
    0.0,
    0.0,
    0.0
  ],
  "Marseille": [
    0.00733,
    0.27492,
    0.6725,
    0.04514,
    0.00011,
    0.0,
    0.0,
    0.0,
    0.0,
    0.0,
    0.0,
    0.0,
    0.0,
    0.0,
    0.0,
    0.0,
    0.0,
    0.0,
    0.0,
    0.0
  ],
  "Reims": [
    0.0,
    0.0,
    0.0,
    0.0,
    0.00194,
    0.01912,
    0.05409,
    0.12708,
    0.19663,
    0.26958,
    0.3001,
    0.02934,
    0.00212,
    0.0,
    0.0,
    0.0,
    0.0,
    0.0,
    0.0,
    0.0
  ]
}