{
  "Burnley": [
    0.0,
    0.0,
    0.0,
    0.0,
    0.0,
    0.0,
    0.0,
    0.0,
    0.0,
    0.0,
    0.0,
    0.0,
    0.0,
    3e-05,
    0.00037,
    0.00165,
    0.01312,
    0.12808,
    0.67504,
    0.18171
  ],
  "Man City": [
    0.16511,
    0.28706,
    0.52721,
    0.0185,
    0.0021,
    2e-05,
    0.0,
    0.0,
    0.0,
    0.0,
    0.0,
    0.0,
    0.0,
    0.0,
    0.0,
    0.0,
    0.0,
    0.0,
    0.0,
    0.0
  ],
  "Arsenal": [
    0.35522,
    0.36198,
    0.27631,
    0.00602,
    0.00047,
    0.0,
    0.0,
    0.0,
    0.0,
    0.0,
    0.0,
    0.0,
    0.0,
    0.0,
    0.0,
    0.0,
    0.0,
    0.0,
    0.0,
    0.0
  ],
  "Nott'm Forest": [
    0.0,
    0.0,
    0.0,
    0.0,
    0.0,
    0.0,
    0.0,
    0.0,
    0.0,
    2e-05,
    9e-05,
    0.00094,
    0.00511,
    0.05353,
    0.16395,
    0.26375,
    0.38497,
    0.11686,
    0.01059,
    0.00019
  ],
  "Bournemouth": [
    0.0,
    0.0,
    0.0,
    0.0,
    2e-05,
    0.00111,
    0.00611,
    0.02031,
    0.04446,
    0.07769,
    0.14328,
    0.25575,
    0.32036,
    0.1058,
    0.02098,
    0.00385,
    0.00027,
    1e-05,
    0.0,
    0.0
  ],
  "West Ham": [
    0.0,
    0.0,
    0.0,
    1e-05,
    0.00032,
    0.01391,
    0.05709,
    0.13384,
    0.18127,
    0.20698,
    0.21283,
    0.13961,
    0.04854,
    0.0053,
    0.0003,
    0.0,
    0.0,
    0.0,
    0.0,
    0.0
  ],
  "Brighton": [
    0.0,
    0.0,
    0.0,
    0.00038,
    0.00273,
    0.0596,
    0.12477,
    0.18115,
    0.19238,
    0.18518,
    0.13903,
    0.07626,
    0.03432,
    0.00402,
    0.00016,
    2e-05,
    0.0,
    0.0,
    0.0,
    0.0
  ],
  "Luton": [
    0.0,
    0.0,
    0.0,
    0.0,
    0.0,
    0.0,
    0.0,
    0.0,
    0.0,
    0.0,
    0.0,
    0.0,
    5e-05,
    0.00212,
    0.01525,
    0.04922,
    0.14549,
    0.64668,
    0.13601,
    0.00518
  ],
  "Everton": [
    0.0,
    0.0,
    0.0,
    0.0,
    0.0,
    0.0,
    1e-05,
    0.00011,
    0.00066,
    0.00268,
    0.00872,
    0.02836,
    0.12045,
    0.49634,
    0.21077,
    0.0945,
    0.03344,
    0.00387,
    9e-05,
    0.0
  ],
  "Fulham": [
    0.0,
    0.0,
    0.0,
    0.0,
    0.0,
    0.00253,
    0.01252,
    0.03424,
    0.06469,
    0.10128,
    0.15849,
    0.26919,
    0.29015,
    0.05588,
    0.00921,
    0.00168,
    0.00014,
    0.0,
    0.0,
    0.0
  ],
  "Sheffield United": [
    0.0,
    0.0,
    0.0,
    0.0,
    0.0,
    0.0,
    0.0,
    0.0,
    0.0,
    0.0,
    0.0,
    0.0,
    0.0,
    0.0,
    0.0,
    0.0001,
    0.00083,
    0.01118,
    0.17501,
    0.81288
  ],
  "Crystal Palace": [
    0.0,
    0.0,
    0.0,
    0.0,
    0.0,
    0.0,
    0.0,
    1e-05,
    4e-05,
    0.00031,
    0.00144,
    0.00572,
    0.0225,
    0.12989,
    0.32536,
    0.29277,
    0.19073,
    0.03071,
    0.00052,
    0.0
  ],
  "Newcastle": [
    0.0,
    0.0,
    0.0,
    0.00266,
    0.02725,
    0.33553,
    0.31565,
    0.1632,
    0.08402,
    0.04264,
    0.01951,
    0.0073,
    0.002,
    0.00023,
    1e-05,
    0.0,
    0.0,
    0.0,
    0.0,
    0.0
  ],
  "Aston Villa": [
    2e-05,
    0.00106,
    0.01421,
    0.51181,
    0.43855,
    0.03129,
    0.00288,
    0.00015,
    3e-05,
    0.0,
    0.0,
    0.0,
    0.0,
    0.0,
    0.0,
    0.0,
    0.0,
    0.0,
    0.0,
    0.0
  ],
  "Brentford": [
    0.0,
    0.0,
    0.0,
    0.0,
    0.0,
    0.0,
    0.0,
    0.0,
    4e-05,
    0.00021,
    0.00116,
    0.0062,
    0.02272,
    0.1284,
    0.25249,
    0.29238,
    0.23101,
    0.06261,
    0.00274,
    4e-05
  ],
  "Tottenham": [
    2e-05,
    0.00079,
    0.01395,
    0.44874,
    0.47497,
    0.05341,
    0.00712,
    0.00091,
    9e-05,
    0.0,
    0.0,
    0.0,
    0.0,
    0.0,
    0.0,
    0.0,
    0.0,
    0.0,
    0.0,
    0.0
  ],
  "Chelsea": [
    0.0,
    0.0,
    0.0,
    0.00039,
    0.00366,
    0.05788,
    0.13262,
    0.195,
    0.18437,
    0.15992,
    0.12558,
    0.08192,
    0.04927,
    0.00886,
    0.0005,
    3e-05,
    0.0,
    0.0,
    0.0,
    0.0
  ],
  "Liverpool": [
    0.47963,
    0.34911,
    0.16831,
    0.00273,
    0.00022,
    0.0,
    0.0,
    0.0,
    0.0,
    0.0,
    0.0,
    0.0,
    0.0,
    0.0,
    0.0,
    0.0,
    0.0,
    0.0,
    0.0,
    0.0
  ],
  "Man United": [
    0.0,
    0.0,
    1e-05,
    0.00873,
    0.04938,
    0.42808,
    0.27783,
    0.13094,
    0.06176,
    0.02865,
    0.01092,
    0.0032,
    0.00049,
    1e-05,
    0.0,
    0.0,
    0.0,
    0.0,
    0.0,
    0.0
  ],
  "Wolves": [
    0.0,
    0.0,
    0.0,
    3e-05,
    0.00033,
    0.01664,
    0.0634,
    0.14014,
    0.18619,
    0.19444,
    0.17895,
    0.12555,
    0.08404,
    0.00959,
    0.00065,
    5e-05,
    0.0,
    0.0,
    0.0,
    0.0
  ]
}