{
  "Benfica": [
    0.69321,
    0.22817,
    0.05463,
    0.01649,
    0.00532,
    0.00158,
    0.00042,
    0.00013,
    4e-05,
    1e-05,
    0.0,
    0.0,
    0.0,
    0.0,
    0.0,
    0.0,
    0.0,
    0.0
  ],
  "Arouca": [
    8e-05,
    0.00083,
    0.00508,
    0.01524,
    0.03312,
    0.06068,
    0.09764,
    0.13417,
    0.15459,
    0.15358,
    0.12758,
    0.09515,
    0.06371,
    0.03773,
    0.01613,
    0.00434,
    0.00035,
    0.0
  ],
  "Rio Ave": [
    0.0,
    1e-05,
    0.0002,
    0.00111,
    0.0039,
    0.00973,
    0.02061,
    0.03922,
    0.06472,
    0.09801,
    0.13751,
    0.16274,
    0.16846,
    0.14985,
    0.09487,
    0.04367,
    0.00537,
    2e-05
  ],
  "Vizela": [
    0.0,
    1e-05,
    0.0001,
    0.00039,
    0.00162,
    0.00436,
    0.01017,
    0.02058,
    0.038,
    0.06427,
    0.09856,
    0.13905,
    0.1759,
    0.19278,
    0.15843,
    0.08408,
    0.01167,
    3e-05
  ],
  "Estoril": [
    5e-05,
    0.00126,
    0.007,
    0.0196,
    0.03823,
    0.06982,
    0.10763,
    0.14283,
    0.15712,
    0.15128,
    0.11886,
    0.08435,
    0.05469,
    0.03161,
    0.01235,
    0.00311,
    0.00021,
    0.0
  ],
  "Famalicao": [
    0.0,
    0.0,
    0.0,
    1e-05,
    0.00026,
    0.00052,
    0.00184,
    0.00518,
    0.01212,
    0.02442,
    0.04416,
    0.07192,
    0.11799,
    0.18865,
    0.27641,
    0.21492,
    0.04128,
    0.00032
  ],
  "Porto": [
    0.02611,
    0.10925,
    0.2464,
    0.21913,
    0.16594,
    0.10875,
    0.06289,
    0.03412,
    0.01587,
    0.0073,
    0.00267,
    0.00117,
    0.00034,
    5e-05,
    1e-05,
    0.0,
    0.0,
    0.0
  ],
  "Maritimo": [
    0.0,
    0.0,
    0.0,
    0.0,
    0.0,
    0.0,
    0.0,
    1e-05,
    1e-05,
    0.00013,
    0.00024,
    0.00105,
    0.00364,
    0.0106,
    0.03858,
    0.13289,
    0.77415,
    0.0387
  ],
  "Santa Clara": [
    0.0,
    0.0,
    0.0,
    0.0,
    0.0,
    9e-05,
    0.0003,
    0.00083,
    0.00187,
    0.00567,
    0.01318,
    0.02786,
    0.05518,
    0.10573,
    0.23135,
    0.43706,
    0.1188,
    0.00208
  ],
  "Casa Pia": [
    0.00776,
    0.04521,
    0.13591,
    0.18359,
    0.19367,
    0.16284,
    0.11666,
    0.07274,
    0.04155,
    0.02235,
    0.01013,
    0.00488,
    0.00192,
    0.00064,
    0.00013,
    2e-05,
    0.0,
    0.0
  ],
  "Sp Braga": [
    0.2446,
    0.46167,
    0.16883,
    0.0738,
    0.03131,
    0.01328,
    0.00452,
    0.0015,
    0.00033,
    0.00011,
    4e-05,
    1e-05,
    0.0,
    0.0,
    0.0,
    0.0,
    0.0,
    0.0
  ],
  "Sp Lisbon": [
    0.00049,
    0.0059,
    0.02772,
    0.05796,
    0.09944,
    0.14328,
    0.17277,
    0.15724,
    0.12872,
    0.08926,
    0.05676,
    0.0325,
    0.01709,
    0.00772,
    0.00245,
    0.00063,
    7e-05,
    0.0
  ],
  "Chaves": [
    0.0,
    4e-05,
    0.0008,
    0.00261,
    0.00786,
    0.0184,
    0.03689,
    0.06462,
    0.09697,
    0.13262,
    0.15674,
    0.15797,
    0.13478,
    0.10132,
    0.0597,
    0.02629,
    0.00239,
    0.0
  ],
  "Guimaraes": [
    0.00016,
    0.0029,
    0.01463,
    0.03459,
    0.06533,
    0.10669,
    0.15046,
    0.16543,
    0.15342,
    0.12052,
    0.08032,
    0.05184,
    0.02994,
    0.01581,
    0.00635,
    0.00154,
    7e-05,
    0.0
  ],
  "Portimonense": [
    0.00434,
    0.03073,
    0.0919,
    0.14584,
    0.18514,
    0.18576,
    0.14089,
    0.0937,
    0.05842,
    0.03237,
    0.01768,
    0.00828,
    0.0032,
    0.00137,
    0.00029,
    9e-05,
    0.0,
    0.0
  ],
  "Boavista": [
    0.0232,
    0.114,
    0.24654,
    0.22857,
    0.16545,
    0.10578,
    0.05786,
    0.03138,
    0.01538,
    0.00674,
    0.00323,
    0.00128,
    0.0004,
    0.00016,
    3e-05,
    0.0,
    0.0,
    0.0
  ],
  "Gil Vicente": [
    0.0,
    2e-05,
    0.00026,
    0.00107,
    0.00341,
    0.00844,
    0.01845,
    0.03632,
    0.06087,
    0.09136,
    0.13234,
    0.15995,
    0.17276,
    0.15597,
    0.10284,
    0.04976,
    0.00617,
    1e-05
  ],
  "Pacos Ferreira": [
    0.0,
    0.0,
    0.0,
    0.0,
    0.0,
    0.0,
    0.0,
    0.0,
    0.0,
    0.0,
    0.0,
    0.0,
    0.0,
    1e-05,
    8e-05,
    0.0016,
    0.03947,
    0.95884
  ]
}