{
  "Liverpool": [
    0.91256,
    0.07539,
    0.01046,
    0.0015,
    9e-05,
    0.0,
    0.0,
    0.0,
    0.0,
    0.0,
    0.0,
    0.0,
    0.0,
    0.0,
    0.0,
    0.0,
    0.0,
    0.0,
    0.0,
    0.0
  ],
  "Norwich": [
    0.0,
    0.0,
    0.0,
    1e-05,
    0.00013,
    0.00044,
    0.00111,
    0.00215,
    0.00358,
    0.00567,
    0.00899,
    0.01417,
    0.02166,
    0.03263,
    0.05066,
    0.07751,
    0.11649,
    0.1788,
    0.26641,
    0.21959
  ],
  "West Ham": [
    0.0,
    7e-05,
    0.00116,
    0.00602,
    0.02339,
    0.04199,
    0.05956,
    0.07176,
    0.08338,
    0.09085,
    0.09481,
    0.09702,
    0.09494,
    0.08751,
    0.08133,
    0.0667,
    0.05039,
    0.03155,
    0.01433,
    0.00324
  ],
  "Man City": [
    0.00581,
    0.13242,
    0.27704,
    0.34589,
    0.13552,
    0.05524,
    0.02441,
    0.0119,
    0.00595,
    0.00288,
    0.00151,
    0.00074,
    0.00044,
    0.00013,
    7e-05,
    5e-05,
    0.0,
    0.0,
    0.0,
    0.0
  ],
  "Bournemouth": [
    1e-05,
    0.00017,
    0.00105,
    0.0081,
    0.03252,
    0.05452,
    0.07289,
    0.0836,
    0.09145,
    0.09975,
    0.09789,
    0.09613,
    0.0903,
    0.08109,
    0.06757,
    0.05144,
    0.03716,
    0.02205,
    0.00992,
    0.00239
  ],
  "Sheffield United": [
    0.0,
    0.00103,
    0.00877,
    0.03403,
    0.09899,
    0.12989,
    0.12941,
    0.12158,
    0.10349,
    0.08893,
    0.07571,
    0.06184,
    0.04871,
    0.03518,
    0.02596,
    0.01801,
    0.01074,
    0.00537,
    0.002,
    0.00036
  ],
  "Burnley": [
    0.0,
    0.00017,
    0.00158,
    0.00895,
    0.03338,
    0.05759,
    0.07547,
    0.08777,
    0.09348,
    0.09817,
    0.0969,
    0.09407,
    0.08635,
    0.07735,
    0.06765,
    0.05187,
    0.03613,
    0.02057,
    0.00992,
    0.00263
  ],
  "Southampton": [
    0.0,
    0.0,
    1e-05,
    0.00016,
    0.00128,
    0.00325,
    0.00646,
    0.01063,
    0.01791,
    0.02567,
    0.03608,
    0.04759,
    0.06374,
    0.08484,
    0.10226,
    0.12467,
    0.14304,
    0.14846,
    0.12316,
    0.06079
  ],
  "Crystal Palace": [
    0.0,
    0.00207,
    0.01245,
    0.04728,
    0.12002,
    0.14101,
    0.13403,
    0.12091,
    0.1032,
    0.08329,
    0.06837,
    0.05445,
    0.04033,
    0.02884,
    0.01868,
    0.01267,
    0.00736,
    0.00365,
    0.00114,
    0.00025
  ],
  "Everton": [
    0.0,
    0.0,
    4e-05,
    0.00016,
    0.00066,
    0.0025,
    0.00437,
    0.0073,
    0.01207,
    0.01762,
    0.02556,
    0.03715,
    0.05144,
    0.06915,
    0.09108,
    0.11798,
    0.14834,
    0.17262,
    0.16139,
    0.08057
  ],
  "Watford": [
    0.0,
    0.0,
    0.0,
    0.0,
    1e-05,
    1e-05,
    6e-05,
    0.00016,
    0.00029,
    0.00073,
    0.00148,
    0.00281,
    0.00525,
    0.00849,
    0.01588,
    0.02938,
    0.05346,
    0.10379,
    0.21992,
    0.55828
  ],
  "Brighton": [
    1e-05,
    2e-05,
    0.00038,
    0.00231,
    0.01167,
    0.02288,
    0.03616,
    0.04852,
    0.06066,
    0.07556,
    0.0845,
    0.09394,
    0.09979,
    0.10571,
    0.10132,
    0.09206,
    0.07536,
    0.05245,
    0.02828,
    0.00842
  ],
  "Tottenham": [
    0.0,
    0.00016,
    0.00131,
    0.00747,
    0.03107,
    0.05445,
    0.07061,
    0.08289,
    0.09326,
    0.09764,
    0.09973,
    0.09535,
    0.08899,
    0.07866,
    0.06754,
    0.05399,
    0.03865,
    0.02399,
    0.01122,
    0.00302
  ],
  "Aston Villa": [
    0.0,
    0.0,
    9e-05,
    0.00056,
    0.00367,
    0.00912,
    0.01625,
    0.0256,
    0.03519,
    0.04534,
    0.05888,
    0.07172,
    0.08858,
    0.10117,
    0.1131,
    0.12297,
    0.12074,
    0.09941,
    0.06322,
    0.02439
  ],
  "Leicester": [
    0.01071,
    0.22426,
    0.37319,
    0.25934,
    0.0829,
    0.02825,
    0.01214,
    0.00478,
    0.00237,
    0.00117,
    0.00048,
    0.00025,
    0.00011,
    3e-05,
    1e-05,
    1e-05,
    0.0,
    0.0,
    0.0,
    0.0
  ],
  "Wolves": [
    0.0,
    0.00019,
    0.00243,
    0.01318,
    0.04395,
    0.07149,
    0.08749,
    0.09687,
    0.09864,
    0.09922,
    0.09657,
    0.08755,
    0.07906,
    0.06975,
    0.05705,
    0.04288,
    0.02919,
    0.01646,
    0.00654,
    0.00149
  ],
  "Newcastle": [
    0.0,
    0.0,
    4e-05,
    0.00058,
    0.0028,
    0.00765,
    0.01398,
    0.02143,
    0.02942,
    0.04095,
    0.05221,
    0.06557,
    0.08238,
    0.0976,
    0.11136,
    0.12039,
    0.12244,
    0.11582,
    0.08108,
    0.0343
  ],
  "Arsenal": [
    0.00011,
    0.00954,
    0.04668,
    0.12887,
    0.25124,
    0.17403,
    0.12096,
    0.08351,
    0.06156,
    0.04168,
    0.0296,
    0.02051,
    0.01304,
    0.00875,
    0.00511,
    0.00281,
    0.00118,
    0.00066,
    0.00015,
    1e-05
  ],
  "Man United": [
    2e-05,
    0.0014,
    0.01042,
    0.03905,
    0.10729,
    0.14072,
    0.13319,
    0.11815,
    0.10388,
    0.08479,
    0.0707,
    0.05913,
    0.04489,
    0.03312,
    0.02337,
    0.01461,
    0.00933,
    0.00435,
    0.00132,
    0.00027
  ],
  "Chelsea": [
    0.07077,
    0.55311,
    0.2529,
    0.09654,
    0.01942,
    0.00497,
    0.00145,
    0.00049,
    0.00022,
    9e-05,
    3e-05,
    1e-05,
    0.0,
    0.0,
    0.0,
    0.0,
    0.0,
    0.0,
    0.0,
    0.0
  ]
}