{
  "Eibar": [
    0.0,
    0.0,
    0.0,
    1e-05,
    0.00013,
    0.00178,
    0.00826,
    0.0165,
    0.02647,
    0.03839,
    0.05053,
    0.06294,
    0.07794,
    0.09332,
    0.10431,
    0.11411,
    0.12344,
    0.12061,
    0.10082,
    0.06044
  ],
  "Celta": [
    0.0,
    0.00011,
    0.00163,
    0.00885,
    0.03032,
    0.08567,
    0.16961,
    0.16212,
    0.13541,
    0.10713,
    0.08277,
    0.06421,
    0.04917,
    0.03581,
    0.02562,
    0.01791,
    0.01195,
    0.0072,
    0.00345,
    0.00106
  ],
  "Granada": [
    0.0,
    0.00025,
    0.00221,
    0.01154,
    0.03557,
    0.0956,
    0.18611,
    0.16532,
    0.13306,
    0.10276,
    0.07845,
    0.05904,
    0.04362,
    0.03072,
    0.02218,
    0.01483,
    0.00996,
    0.00557,
    0.00254,
    0.00067
  ],
  "Ath Bilbao": [
    0.0,
    0.0,
    0.00018,
    0.00146,
    0.00647,
    0.02315,
    0.07022,
    0.09462,
    0.10516,
    0.11138,
    0.10297,
    0.09946,
    0.08908,
    0.07672,
    0.06553,
    0.05452,
    0.04285,
    0.03083,
    0.01802,
    0.00738
  ],
  "Cadiz": [
    0.0,
    0.0,
    0.0,
    4e-05,
    0.00032,
    0.00242,
    0.01075,
    0.02168,
    0.03202,
    0.04583,
    0.05895,
    0.06959,
    0.08367,
    0.09651,
    0.10622,
    0.11404,
    0.11607,
    0.108,
    0.08683,
    0.04706
  ],
  "Osasuna": [
    0.0,
    0.0,
    0.0,
    0.0,
    3e-05,
    7e-05,
    0.00053,
    0.00156,
    0.00283,
    0.00486,
    0.00808,
    0.01134,
    0.0176,
    0.02608,
    0.03725,
    0.05518,
    0.08127,
    0.12453,
    0.21025,
    0.41854
  ],
  "Alaves": [
    0.0,
    0.0,
    2e-05,
    0.00026,
    0.00125,
    0.00759,
    0.02662,
    0.04447,
    0.06179,
    0.07535,
    0.08536,
    0.0944,
    0.09965,
    0.10174,
    0.09737,
    0.09204,
    0.07967,
    0.06478,
    0.04533,
    0.02231
  ],
  "Betis": [
    0.0,
    0.0,
    4e-05,
    0.00026,
    0.00122,
    0.00683,
    0.02597,
    0.04245,
    0.05733,
    0.07051,
    0.0827,
    0.09147,
    0.09871,
    0.10068,
    0.09795,
    0.0919,
    0.08393,
    0.07026,
    0.05212,
    0.02567
  ],
  "Valladolid": [
    0.0,
    0.0,
    0.0,
    1e-05,
    0.0001,
    0.00095,
    0.005,
    0.01197,
    0.01914,
    0.02825,
    0.03907,
    0.05184,
    0.06323,
    0.07711,
    0.09394,
    0.10787,
    0.12539,
    0.1399,
    0.13777,
    0.09846
  ],
  "Sociedad": [
    0.00246,
    0.07938,
    0.24298,
    0.29709,
    0.22447,
    0.10991,
    0.02978,
    0.00935,
    0.00297,
    0.00095,
    0.00041,
    0.00014,
    7e-05,
    4e-05,
    0.0,
    0.0,
    0.0,
    0.0,
    0.0,
    0.0
  ],
  "Villarreal": [
    3e-05,
    0.00678,
    0.04049,
    0.12063,
    0.22869,
    0.31737,
    0.14228,
    0.06807,
    0.03577,
    0.01882,
    0.01008,
    0.00559,
    0.00261,
    0.0015,
    0.00077,
    0.00034,
    0.0001,
    5e-05,
    2e-05,
    1e-05
  ],
  "Huesca": [
    0.0,
    0.0,
    0.0,
    0.0,
    2e-05,
    0.00018,
    0.00115,
    0.00297,
    0.00624,
    0.01014,
    0.01601,
    0.02256,
    0.03205,
    0.04339,
    0.05879,
    0.07859,
    0.10723,
    0.14846,
    0.21808,
    0.25414
  ],
  "Valencia": [
    0.0,
    0.0,
    0.0002,
    0.00152,
    0.00816,
    0.02986,
    0.07796,
    0.10494,
    0.11617,
    0.11514,
    0.10856,
    0.09578,
    0.0841,
    0.07014,
    0.05773,
    0.04724,
    0.03591,
    0.02514,
    0.01484,
    0.00661
  ],
  "Levante": [
    0.0,
    2e-05,
    0.00042,
    0.00304,
    0.01385,
    0.04656,
    0.10934,
    0.13187,
    0.12849,
    0.11509,
    0.10355,
    0.08857,
    0.07063,
    0.05722,
    0.0449,
    0.03397,
    0.02456,
    0.01671,
    0.00817,
    0.00304
  ],
  "Getafe": [
    0.0,
    0.0,
    0.00011,
    0.00046,
    0.00247,
    0.01188,
    0.04006,
    0.06218,
    0.07954,
    0.08944,
    0.09923,
    0.10069,
    0.09785,
    0.09386,
    0.0874,
    0.07592,
    0.06264,
    0.04932,
    0.03196,
    0.01499
  ],
  "Real Madrid": [
    0.08933,
    0.63701,
    0.1945,
    0.05561,
    0.01874,
    0.0041,
    0.00061,
    0.0001,
    0.0,
    0.0,
    0.0,
    0.0,
    0.0,
    0.0,
    0.0,
    0.0,
    0.0,
    0.0,
    0.0,
    0.0
  ],
  "Elche": [
    0.0,
    0.0,
    2e-05,
    0.00011,
    0.00102,
    0.00568,
    0.01932,
    0.03307,
    0.04675,
    0.06182,
    0.07141,
    0.08156,
    0.08964,
    0.09504,
    0.09998,
    0.1015,
    0.09503,
    0.08863,
    0.0698,
    0.03962
  ],
  "Ath Madrid": [
    0.89983,
    0.09102,
    0.00795,
    0.001,
    0.00017,
    3e-05,
    0.0,
    0.0,
    0.0,
    0.0,
    0.0,
    0.0,
    0.0,
    0.0,
    0.0,
    0.0,
    0.0,
    0.0,
    0.0,
    0.0
  ],
  "Sevilla": [
    0.00086,
    0.03176,
    0.13356,
    0.25804,
    0.28713,
    0.18922,
    0.06044,
    0.02253,
    0.00964,
    0.00373,
    0.00174,
    0.00077,
    0.00036,
    0.00011,
    6e-05,
    4e-05,
    0.0,
    1e-05,
    0.0,
    0.0
  ],
  "Barcelona": [
    0.00749,
    0.15367,
    0.37569,
    0.24007,
    0.13987,
    0.06115,
    0.01599,
    0.00423,
    0.00122,
    0.00041,
    0.00013,
    5e-05,
    2e-05,
    1e-05,
    0.0,
    0.0,
    0.0,
    0.0,
    0.0,
    0.0
  ]
}