{
  "Fortaleza / CE": [
    0.00056,
    0.0012,
    0.00277,
    0.00524,
    0.0077,
    0.01228,
    0.01876,
    0.02741,
    0.04008,
    0.05274,
    0.06922,
    0.08414,
    0.09789,
    0.10398,
    0.11313,
    0.10477,
    0.09573,
    0.08368,
    0.06174,
    0.01698
  ],
  "Athletico Paranaense / PR": [
    9e-05,
    0.00033,
    0.00091,
    0.00146,
    0.00255,
    0.00461,
    0.0068,
    0.01092,
    0.01776,
    0.0267,
    0.0385,
    0.05482,
    0.07399,
    0.09791,
    0.11116,
    0.12215,
    0.13278,
    0.13589,
    0.11751,
    0.04316
  ],
  "Coritiba / PR": [
    0.0,
    0.0,
    0.0,
    0.0,
    0.0,
    0.0,
    1e-05,
    5e-05,
    0.0001,
    0.00023,
    0.00065,
    0.00119,
    0.00253,
    0.00492,
    0.01004,
    0.01873,
    0.03369,
    0.06909,
    0.17315,
    0.68562
  ],
  "Internacional / RS": [
    0.09142,
    0.10004,
    0.10626,
    0.1047,
    0.10266,
    0.09916,
    0.08969,
    0.08132,
    0.0664,
    0.05214,
    0.04028,
    0.02835,
    0.01714,
    0.01036,
    0.00541,
    0.0029,
    0.00125,
    0.00044,
    8e-05,
    0.0
  ],
  "Sport / PE": [
    0.00459,
    0.0097,
    0.01633,
    0.0242,
    0.03392,
    0.04511,
    0.05595,
    0.06907,
    0.08515,
    0.09814,
    0.10646,
    0.10993,
    0.0988,
    0.07863,
    0.05937,
    0.0435,
    0.03334,
    0.01841,
    0.0081,
    0.0013
  ],
  "Ceará / CE": [
    5e-05,
    0.00024,
    0.00045,
    0.00106,
    0.00176,
    0.003,
    0.00474,
    0.00808,
    0.01285,
    0.01988,
    0.03092,
    0.0454,
    0.06833,
    0.08488,
    0.103,
    0.1358,
    0.14513,
    0.15207,
    0.13591,
    0.04645
  ],
  "Flamengo / RJ": [
    0.06244,
    0.07437,
    0.08619,
    0.09214,
    0.09773,
    0.09892,
    0.09495,
    0.08987,
    0.08089,
    0.06956,
    0.05357,
    0.04039,
    0.02658,
    0.01507,
    0.00978,
    0.00469,
    0.00208,
    0.00057,
    0.00021,
    0.0
  ],
  "Atlético Mineiro / MG": [
    0.18619,
    0.17213,
    0.14666,
    0.12441,
    0.10074,
    0.08081,
    0.06385,
    0.04663,
    0.03155,
    0.02066,
    0.01322,
    0.00708,
    0.00338,
    0.00173,
    0.00066,
    0.00019,
    0.0001,
    1e-05,
    0.0,
    0.0
  ],
  "Santos / SP": [
    0.07818,
    0.09171,
    0.09935,
    0.10326,
    0.1043,
    0.09957,
    0.09365,
    0.08399,
    0.07236,
    0.05951,
    0.04343,
    0.02908,
    0.01991,
    0.01191,
    0.0059,
    0.00238,
    0.00097,
    0.00046,
    8e-05,
    0.0
  ],
  "Red Bull Bragantino / SP": [
    0.00038,
    0.00111,
    0.00236,
    0.00395,
    0.0069,
    0.01108,
    0.01748,
    0.02489,
    0.0337,
    0.04821,
    0.06352,
    0.07863,
    0.09198,
    0.10062,
    0.10815,
    0.10461,
    0.10106,
    0.095,
    0.07891,
    0.02746
  ],
  "Grêmio / RS": [
    0.23854,
    0.16806,
    0.13307,
    0.10737,
    0.08772,
    0.07113,
    0.05768,
    0.04411,
    0.03236,
    0.02313,
    0.01563,
    0.01026,
    0.00599,
    0.00274,
    0.00147,
    0.0005,
    0.00018,
    5e-05,
    1e-05,
    0.0
  ],
  "Fluminense / RJ": [
    0.09818,
    0.10697,
    0.1069,
    0.10384,
    0.10015,
    0.09427,
    0.08769,
    0.07537,
    0.06465,
    0.05118,
    0.03935,
    0.02886,
    0.01925,
    0.01218,
    0.00611,
    0.00313,
    0.00139,
    0.00044,
    9e-05,
    0.0
  ],
  "Botafogo / RJ": [
    0.00025,
    0.00069,
    0.00141,
    0.00265,
    0.00408,
    0.00632,
    0.00972,
    0.01455,
    0.02092,
    0.03198,
    0.04369,
    0.06204,
    0.08,
    0.10144,
    0.11541,
    0.12369,
    0.12571,
    0.11904,
    0.10126,
    0.03515
  ],
  "Corinthians / SP": [
    0.00963,
    0.01887,
    0.02848,
    0.03906,
    0.04859,
    0.05955,
    0.07077,
    0.08355,
    0.09399,
    0.10069,
    0.09998,
    0.09064,
    0.07802,
    0.06295,
    0.0461,
    0.03175,
    0.02019,
    0.0113,
    0.0051,
    0.00079
  ],
  "Goiás / GO": [
    5e-05,
    0.00013,
    0.00033,
    0.0006,
    0.00114,
    0.00239,
    0.00369,
    0.00663,
    0.0099,
    0.01566,
    0.02405,
    0.03587,
    0.04908,
    0.06944,
    0.08513,
    0.10776,
    0.13396,
    0.16385,
    0.19295,
    0.09739
  ],
  "Bahia / BA": [
    0.00434,
    0.0096,
    0.01427,
    0.02251,
    0.02984,
    0.03943,
    0.05069,
    0.06224,
    0.07765,
    0.09227,
    0.10212,
    0.10231,
    0.09448,
    0.08392,
    0.06995,
    0.05577,
    0.04289,
    0.028,
    0.01449,
    0.00323
  ],
  "Atlético Goianiense / GO": [
    0.01463,
    0.02844,
    0.04087,
    0.05489,
    0.06675,
    0.07845,
    0.08833,
    0.09993,
    0.10319,
    0.09548,
    0.08751,
    0.07,
    0.05538,
    0.04227,
    0.03006,
    0.02083,
    0.01372,
    0.00646,
    0.00253,
    0.00028
  ],
  "Palmeiras / SP": [
    0.10208,
    0.10629,
    0.10502,
    0.10192,
    0.09841,
    0.09191,
    0.08631,
    0.07577,
    0.06491,
    0.05134,
    0.0387,
    0.02732,
    0.02023,
    0.01277,
    0.00813,
    0.00502,
    0.00244,
    0.00119,
    0.00022,
    2e-05
  ],
  "São Paulo / SP": [
    0.10796,
    0.10932,
    0.10646,
    0.10365,
    0.09984,
    0.09345,
    0.08667,
    0.07703,
    0.06472,
    0.05117,
    0.03839,
    0.02615,
    0.01652,
    0.00974,
    0.00493,
    0.00237,
    0.00105,
    0.00046,
    0.00012,
    0.0
  ],
  "Vasco da Gama / RJ": [
    0.00044,
    0.0008,
    0.00191,
    0.00309,
    0.00522,
    0.00856,
    0.01257,
    0.01859,
    0.02687,
    0.03933,
    0.05081,
    0.06754,
    0.08052,
    0.09254,
    0.10611,
    0.10946,
    0.11234,
    0.11359,
    0.10754,
    0.04217
  ]
}