{
  "Brentford": [
    0.0,
    0.0,
    0.0,
    0.0,
    0.0,
    0.0,
    0.0,
    0.0,
    0.00317,
    0.0207,
    0.05346,
    0.12261,
    0.24508,
    0.33099,
    0.17319,
    0.04805,
    0.00273,
    2e-05,
    0.0,
    0.0
  ],
  "Arsenal": [
    0.0,
    0.0,
    0.26169,
    0.55866,
    0.17965,
    0.0,
    0.0,
    0.0,
    0.0,
    0.0,
    0.0,
    0.0,
    0.0,
    0.0,
    0.0,
    0.0,
    0.0,
    0.0,
    0.0,
    0.0
  ],
  "Man United": [
    0.0,
    0.0,
    0.0,
    0.0,
    0.0,
    0.77835,
    0.21535,
    0.0063,
    0.0,
    0.0,
    0.0,
    0.0,
    0.0,
    0.0,
    0.0,
    0.0,
    0.0,
    0.0,
    0.0,
    0.0
  ],
  "Leeds": [
    0.0,
    0.0,
    0.0,
    0.0,
    0.0,
    0.0,
    0.0,
    0.0,
    0.0,
    0.0,
    0.0,
    1e-05,
    0.00033,
    0.0058,
    0.02314,
    0.08799,
    0.33062,
    0.55211,
    0.0,
    0.0
  ],
  "Burnley": [
    0.0,
    0.0,
    0.0,
    0.0,
    0.0,
    0.0,
    0.0,
    0.0,
    0.0,
    0.0,
    0.0,
    3e-05,
    0.00044,
    0.00527,
    0.03414,
    0.11747,
    0.45013,
    0.39252,
    0.0,
    0.0
  ],
  "Brighton": [
    0.0,
    0.0,
    0.0,
    0.0,
    0.0,
    0.0,
    0.00254,
    0.03471,
    0.23929,
    0.32225,
    0.22967,
    0.1353,
    0.03415,
    0.00209,
    0.0,
    0.0,
    0.0,
    0.0,
    0.0,
    0.0
  ],
  "Chelsea": [
    0.0,
    0.0,
    0.69304,
    0.26418,
    0.04278,
    0.0,
    0.0,
    0.0,
    0.0,
    0.0,
    0.0,
    0.0,
    0.0,
    0.0,
    0.0,
    0.0,
    0.0,
    0.0,
    0.0,
    0.0
  ],
  "Crystal Palace": [
    0.0,
    0.0,
    0.0,
    0.0,
    0.0,
    0.0,
    0.00038,
    0.01196,
    0.10673,
    0.14733,
    0.19136,
    0.21432,
    0.21076,
    0.10935,
    0.0076,
    0.00021,
    0.0,
    0.0,
    0.0,
    0.0
  ],
  "Everton": [
    0.0,
    0.0,
    0.0,
    0.0,
    0.0,
    0.0,
    0.0,
    0.0,
    0.0,
    0.00011,
    0.00151,
    0.00872,
    0.02303,
    0.06022,
    0.24332,
    0.45106,
    0.16096,
    0.05107,
    0.0,
    0.0
  ],
  "Southampton": [
    0.0,
    0.0,
    0.0,
    0.0,
    0.0,
    0.0,
    0.0,
    0.0,
    0.0,
    7e-05,
    0.00549,
    0.02605,
    0.06274,
    0.12466,
    0.43986,
    0.28166,
    0.0552,
    0.00427,
    0.0,
    0.0
  ],
  "Leicester": [
    0.0,
    0.0,
    0.0,
    0.0,
    0.0,
    0.0,
    0.00082,
    0.0144,
    0.11245,
    0.15033,
    0.1951,
    0.18876,
    0.16629,
    0.11722,
    0.04414,
    0.0102,
    0.00028,
    1e-05,
    0.0,
    0.0
  ],
  "Wolves": [
    0.0,
    0.0,
    0.0,
    0.0,
    0.0,
    0.01787,
    0.18614,
    0.63651,
    0.1266,
    0.02824,
    0.00425,
    0.00039,
    0.0,
    0.0,
    0.0,
    0.0,
    0.0,
    0.0,
    0.0,
    0.0
  ],
  "Watford": [
    0.0,
    0.0,
    0.0,
    0.0,
    0.0,
    0.0,
    0.0,
    0.0,
    0.0,
    0.0,
    0.0,
    0.0,
    0.0,
    0.0,
    0.0,
    0.0,
    0.0,
    0.0,
    0.71975,
    0.28025
  ],
  "Aston Villa": [
    0.0,
    0.0,
    0.0,
    0.0,
    0.0,
    0.0,
    0.00714,
    0.09609,
    0.31986,
    0.19536,
    0.14437,
    0.10861,
    0.07939,
    0.04367,
    0.00513,
    0.00037,
    1e-05,
    0.0,
    0.0,
    0.0
  ],
  "Norwich": [
    0.0,
    0.0,
    0.0,
    0.0,
    0.0,
    0.0,
    0.0,
    0.0,
    0.0,
    0.0,
    0.0,
    0.0,
    0.0,
    0.0,
    0.0,
    0.0,
    0.0,
    0.0,
    0.28025,
    0.71975
  ],
  "Liverpool": [
    0.11712,
    0.88288,
    0.0,
    0.0,
    0.0,
    0.0,
    0.0,
    0.0,
    0.0,
    0.0,
    0.0,
    0.0,
    0.0,
    0.0,
    0.0,
    0.0,
    0.0,
    0.0,
    0.0,
    0.0
  ],
  "Newcastle": [
    0.0,
    0.0,
    0.0,
    0.0,
    0.0,
    0.0,
    0.0,
    0.00822,
    0.07674,
    0.13404,
    0.17474,
    0.1952,
    0.17779,
    0.20073,
    0.02948,
    0.00299,
    7e-05,
    0.0,
    0.0,
    0.0
  ],
  "West Ham": [
    0.0,
    0.0,
    0.0,
    0.0,
    0.0,
    0.20378,
    0.58763,
    0.19181,
    0.01516,
    0.00157,
    5e-05,
    0.0,
    0.0,
    0.0,
    0.0,
    0.0,
    0.0,
    0.0,
    0.0,
    0.0
  ],
  "Tottenham": [
    0.0,
    0.0,
    0.04527,
    0.17716,
    0.77757,
    0.0,
    0.0,
    0.0,
    0.0,
    0.0,
    0.0,
    0.0,
    0.0,
    0.0,
    0.0,
    0.0,
    0.0,
    0.0,
    0.0,
    0.0
  ],
  "Man City": [
    0.88288,
    0.11712,
    0.0,
    0.0,
    0.0,
    0.0,
    0.0,
    0.0,
    0.0,
    0.0,
    0.0,
    0.0,
    0.0,
    0.0,
    0.0,
    0.0,
    0.0,
    0.0,
    0.0,
    0.0
  ]
}