{
  "Crystal Palace": [
    0.0,
    0.0,
    0.00064,
    0.00305,
    0.00942,
    0.02464,
    0.05303,
    0.08605,
    0.11461,
    0.13208,
    0.14446,
    0.13001,
    0.10376,
    0.07602,
    0.05035,
    0.03181,
    0.01918,
    0.01156,
    0.00646,
    0.00287
  ],
  "Arsenal": [
    0.35013,
    0.56605,
    0.06598,
    0.01428,
    0.0027,
    0.00067,
    0.00013,
    3e-05,
    3e-05,
    0.0,
    0.0,
    0.0,
    0.0,
    0.0,
    0.0,
    0.0,
    0.0,
    0.0,
    0.0,
    0.0
  ],
  "Fulham": [
    0.0,
    6e-05,
    0.00231,
    0.01018,
    0.02761,
    0.05799,
    0.09845,
    0.13665,
    0.15351,
    0.14709,
    0.11859,
    0.09087,
    0.06164,
    0.04041,
    0.02483,
    0.0151,
    0.00821,
    0.00419,
    0.00189,
    0.00042
  ],
  "Liverpool": [
    4e-05,
    0.00074,
    0.02415,
    0.06049,
    0.11717,
    0.16654,
    0.19575,
    0.15682,
    0.11106,
    0.07272,
    0.04377,
    0.02495,
    0.01375,
    0.00611,
    0.00325,
    0.0015,
    0.00078,
    0.00034,
    6e-05,
    1e-05
  ],
  "Bournemouth": [
    0.0,
    0.0,
    0.00056,
    0.00233,
    0.007,
    0.018,
    0.03891,
    0.06838,
    0.10181,
    0.13148,
    0.14309,
    0.13162,
    0.10809,
    0.08561,
    0.06153,
    0.04342,
    0.02832,
    0.01771,
    0.00862,
    0.00352
  ],
  "Aston Villa": [
    0.0,
    0.0,
    0.0,
    0.0,
    1e-05,
    0.00021,
    0.0009,
    0.0021,
    0.00533,
    0.011,
    0.02148,
    0.03395,
    0.05275,
    0.07579,
    0.09745,
    0.12054,
    0.13781,
    0.14854,
    0.15198,
    0.14016
  ],
  "Leeds": [
    0.0,
    0.0,
    0.0,
    1e-05,
    7e-05,
    0.00046,
    0.00137,
    0.00383,
    0.0095,
    0.01812,
    0.03204,
    0.04952,
    0.07046,
    0.09257,
    0.11609,
    0.12455,
    0.13513,
    0.13159,
    0.1192,
    0.09549
  ],
  "Wolves": [
    0.0,
    0.0,
    0.0,
    2e-05,
    3e-05,
    0.00025,
    0.00088,
    0.00272,
    0.00697,
    0.01318,
    0.02563,
    0.04163,
    0.06088,
    0.08542,
    0.107,
    0.12591,
    0.13743,
    0.14052,
    0.13509,
    0.11644
  ],
  "Newcastle": [
    0.00029,
    0.00545,
    0.07839,
    0.14793,
    0.20797,
    0.21465,
    0.153,
    0.09178,
    0.05173,
    0.02598,
    0.01233,
    0.00609,
    0.00267,
    0.00108,
    0.00044,
    0.00016,
    4e-05,
    2e-05,
    0.0,
    0.0
  ],
  "Nott'm Forest": [
    0.0,
    0.0,
    0.0,
    0.0,
    1e-05,
    6e-05,
    0.0001,
    0.00055,
    0.00146,
    0.00367,
    0.00766,
    0.01414,
    0.02504,
    0.04023,
    0.05762,
    0.08133,
    0.11144,
    0.1503,
    0.20989,
    0.2965
  ],
  "Tottenham": [
    0.00722,
    0.05176,
    0.38533,
    0.26726,
    0.1498,
    0.07671,
    0.03572,
    0.01592,
    0.00635,
    0.00269,
    0.00085,
    0.00031,
    6e-05,
    1e-05,
    0.0,
    0.0,
    1e-05,
    0.0,
    0.0,
    0.0
  ],
  "Southampton": [
    0.0,
    0.0,
    1e-05,
    2e-05,
    0.00025,
    0.00117,
    0.00372,
    0.00881,
    0.01751,
    0.03238,
    0.0527,
    0.07702,
    0.1024,
    0.11942,
    0.12797,
    0.12503,
    0.11364,
    0.09722,
    0.07313,
    0.0476
  ],
  "Everton": [
    0.0,
    0.0,
    1e-05,
    0.00025,
    0.00097,
    0.00354,
    0.01122,
    0.02313,
    0.0434,
    0.06919,
    0.09574,
    0.12022,
    0.1355,
    0.12918,
    0.11062,
    0.0906,
    0.07008,
    0.05005,
    0.03123,
    0.01507
  ],
  "Chelsea": [
    0.00065,
    0.00709,
    0.09638,
    0.17312,
    0.22873,
    0.19712,
    0.13066,
    0.0814,
    0.04377,
    0.02249,
    0.01059,
    0.00467,
    0.00183,
    0.00098,
    0.00034,
    9e-05,
    5e-05,
    4e-05,
    0.0,
    0.0
  ],
  "Leicester": [
    0.0,
    0.0,
    0.0,
    0.0,
    0.0,
    8e-05,
    0.00034,
    0.00084,
    0.00236,
    0.00532,
    0.01079,
    0.02001,
    0.03201,
    0.04803,
    0.07068,
    0.09451,
    0.11946,
    0.1559,
    0.19686,
    0.24281
  ],
  "Brentford": [
    0.0,
    7e-05,
    0.00282,
    0.00999,
    0.02832,
    0.05928,
    0.0997,
    0.13545,
    0.15255,
    0.14411,
    0.11968,
    0.08791,
    0.06398,
    0.04025,
    0.02457,
    0.01554,
    0.00891,
    0.00445,
    0.00181,
    0.00061
  ],
  "Man United": [
    0.0037,
    0.03787,
    0.31208,
    0.29019,
    0.17763,
    0.09641,
    0.04625,
    0.02074,
    0.009,
    0.00378,
    0.00137,
    0.00069,
    0.00017,
    9e-05,
    2e-05,
    1e-05,
    0.0,
    0.0,
    0.0,
    0.0
  ],
  "Brighton": [
    0.0,
    0.00012,
    0.00444,
    0.01707,
    0.04152,
    0.08086,
    0.12544,
    0.15384,
    0.14723,
    0.12741,
    0.10181,
    0.07664,
    0.05205,
    0.03241,
    0.01873,
    0.01099,
    0.00547,
    0.0026,
    0.00117,
    0.0002
  ],
  "West Ham": [
    0.0,
    0.0,
    1e-05,
    7e-05,
    0.00031,
    0.00126,
    0.0044,
    0.01096,
    0.02182,
    0.03731,
    0.05742,
    0.08975,
    0.11296,
    0.12639,
    0.12851,
    0.11891,
    0.10404,
    0.08497,
    0.06261,
    0.0383
  ],
  "Man City": [
    0.63797,
    0.33079,
    0.02689,
    0.00374,
    0.00048,
    0.0001,
    3e-05,
    0.0,
    0.0,
    0.0,
    0.0,
    0.0,
    0.0,
    0.0,
    0.0,
    0.0,
    0.0,
    0.0,
    0.0,
    0.0
  ]
}