{
  "Genoa": [
    0.0,
    0.0,
    0.0,
    0.0,
    0.0,
    0.0,
    0.0,
    0.0,
    0.0,
    0.00445,
    0.01599,
    0.08682,
    0.71606,
    0.15559,
    0.02003,
    0.00106,
    0.0,
    0.0,
    0.0,
    0.0
  ],
  "Inter": [
    0.19755,
    0.7524,
    0.0495,
    0.00054,
    1e-05,
    0.0,
    0.0,
    0.0,
    0.0,
    0.0,
    0.0,
    0.0,
    0.0,
    0.0,
    0.0,
    0.0,
    0.0,
    0.0,
    0.0,
    0.0
  ],
  "Parma": [
    0.0,
    0.0,
    0.0,
    0.0,
    0.0,
    0.0,
    0.0,
    0.0,
    0.0,
    0.0,
    3e-05,
    0.00178,
    0.0278,
    0.16246,
    0.30481,
    0.42217,
    0.071,
    0.00945,
    0.0005,
    0.0
  ],
  "Fiorentina": [
    0.0,
    0.0,
    0.00421,
    0.10807,
    0.21026,
    0.21114,
    0.20614,
    0.21718,
    0.043,
    0.0,
    0.0,
    0.0,
    0.0,
    0.0,
    0.0,
    0.0,
    0.0,
    0.0,
    0.0,
    0.0
  ],
  "Empoli": [
    0.0,
    0.0,
    0.0,
    0.0,
    0.0,
    0.0,
    0.0,
    0.0,
    0.0,
    0.0,
    0.0,
    0.0,
    0.0,
    0.0027,
    0.01863,
    0.05696,
    0.37145,
    0.32693,
    0.22299,
    0.00034
  ],
  "Monza": [
    0.0,
    0.0,
    0.0,
    0.0,
    0.0,
    0.0,
    0.0,
    0.0,
    0.0,
    0.0,
    0.0,
    0.0,
    0.0,
    0.0,
    0.0,
    0.0,
    0.0,
    0.0001,
    0.00064,
    0.99926
  ],
  "Milan": [
    0.0,
    0.0,
    0.0,
    0.00016,
    0.00303,
    0.01834,
    0.04567,
    0.12597,
    0.80673,
    0.0001,
    0.0,
    0.0,
    0.0,
    0.0,
    0.0,
    0.0,
    0.0,
    0.0,
    0.0,
    0.0
  ],
  "Torino": [
    0.0,
    0.0,
    0.0,
    0.0,
    0.0,
    0.0,
    0.0,
    0.0,
    0.0,
    0.44677,
    0.42754,
    0.11848,
    0.0072,
    1e-05,
    0.0,
    0.0,
    0.0,
    0.0,
    0.0,
    0.0
  ],
  "Bologna": [
    0.0,
    5e-05,
    0.02129,
    0.18431,
    0.23015,
    0.20908,
    0.18499,
    0.13594,
    0.03419,
    0.0,
    0.0,
    0.0,
    0.0,
    0.0,
    0.0,
    0.0,
    0.0,
    0.0,
    0.0,
    0.0
  ],
  "Udinese": [
    0.0,
    0.0,
    0.0,
    0.0,
    0.0,
    0.0,
    0.0,
    0.0,
    0.0,
    0.12682,
    0.19994,
    0.58392,
    0.08057,
    0.00847,
    0.00027,
    1e-05,
    0.0,
    0.0,
    0.0,
    0.0
  ],
  "Verona": [
    0.0,
    0.0,
    0.0,
    0.0,
    0.0,
    0.0,
    0.0,
    0.0,
    0.0,
    0.0,
    2e-05,
    0.00061,
    0.03301,
    0.25001,
    0.35218,
    0.31064,
    0.04805,
    0.00531,
    0.00017,
    0.0
  ],
  "Napoli": [
    0.80199,
    0.19555,
    0.00246,
    0.0,
    0.0,
    0.0,
    0.0,
    0.0,
    0.0,
    0.0,
    0.0,
    0.0,
    0.0,
    0.0,
    0.0,
    0.0,
    0.0,
    0.0,
    0.0,
    0.0
  ],
  "Cagliari": [
    0.0,
    0.0,
    0.0,
    0.0,
    0.0,
    0.0,
    0.0,
    0.0,
    0.0,
    6e-05,
    0.00066,
    0.00672,
    0.11602,
    0.41726,
    0.2915,
    0.15947,
    0.0079,
    0.0004,
    1e-05,
    0.0
  ],
  "Roma": [
    0.0,
    0.0,
    0.00696,
    0.05733,
    0.13193,
    0.17657,
    0.22583,
    0.31104,
    0.09034,
    0.0,
    0.0,
    0.0,
    0.0,
    0.0,
    0.0,
    0.0,
    0.0,
    0.0,
    0.0,
    0.0
  ],
  "Lazio": [
    0.0,
    2e-05,
    0.00684,
    0.13264,
    0.18893,
    0.24223,
    0.24205,
    0.16591,
    0.02138,
    0.0,
    0.0,
    0.0,
    0.0,
    0.0,
    0.0,
    0.0,
    0.0,
    0.0,
    0.0,
    0.0
  ],
  "Venezia": [
    0.0,
    0.0,
    0.0,
    0.0,
    0.0,
    0.0,
    0.0,
    0.0,
    0.0,
    0.0,
    0.0,
    0.0,
    0.0,
    0.00058,
    0.00339,
    0.01317,
    0.17197,
    0.28552,
    0.52502,
    0.00035
  ],
  "Lecce": [
    0.0,
    0.0,
    0.0,
    0.0,
    0.0,
    0.0,
    0.0,
    0.0,
    0.0,
    0.0,
    0.0,
    0.0,
    4e-05,
    0.00168,
    0.00912,
    0.03652,
    0.32963,
    0.37229,
    0.25067,
    5e-05
  ],
  "Atalanta": [
    0.00046,
    0.05176,
    0.84434,
    0.08324,
    0.01566,
    0.0036,
    0.00083,
    0.00011,
    0.0,
    0.0,
    0.0,
    0.0,
    0.0,
    0.0,
    0.0,
    0.0,
    0.0,
    0.0,
    0.0,
    0.0
  ],
  "Juventus": [
    0.0,
    0.00022,
    0.0644,
    0.43371,
    0.22003,
    0.13904,
    0.09449,
    0.04385,
    0.00426,
    0.0,
    0.0,
    0.0,
    0.0,
    0.0,
    0.0,
    0.0,
    0.0,
    0.0,
    0.0,
    0.0
  ],
  "Como": [
    0.0,
    0.0,
    0.0,
    0.0,
    0.0,
    0.0,
    0.0,
    0.0,
    0.0001,
    0.4218,
    0.35582,
    0.20167,
    0.0193,
    0.00124,
    7e-05,
    0.0,
    0.0,
    0.0,
    0.0,
    0.0
  ]
}