{
  "Groningen": [
    0.0,
    0.0,
    0.0,
    0.0,
    0.0,
    9e-05,
    0.00181,
    0.01995,
    0.03445,
    0.05076,
    0.07131,
    0.09657,
    0.13658,
    0.19995,
    0.2317,
    0.14363,
    0.01237,
    0.00083
  ],
  "NAC Breda": [
    0.0,
    0.0,
    1e-05,
    6e-05,
    0.0007,
    0.00557,
    0.04408,
    0.21598,
    0.17558,
    0.14947,
    0.12849,
    0.10526,
    0.08406,
    0.05704,
    0.02641,
    0.00701,
    0.00028,
    0.0
  ],
  "Feyenoord": [
    0.00212,
    0.02925,
    0.23329,
    0.40737,
    0.20327,
    0.09435,
    0.02885,
    0.00133,
    0.00014,
    2e-05,
    0.0,
    1e-05,
    0.0,
    0.0,
    0.0,
    0.0,
    0.0,
    0.0
  ],
  "Willem II": [
    0.0,
    0.0,
    0.0,
    1e-05,
    0.00017,
    0.0014,
    0.01463,
    0.09931,
    0.12281,
    0.1364,
    0.14137,
    0.14152,
    0.1358,
    0.10623,
    0.07073,
    0.02817,
    0.00142,
    3e-05
  ],
  "Nijmegen": [
    0.0,
    0.0,
    0.0,
    2e-05,
    0.00037,
    0.00244,
    0.01908,
    0.1078,
    0.13644,
    0.15086,
    0.15238,
    0.14362,
    0.11509,
    0.09037,
    0.05767,
    0.0225,
    0.00128,
    8e-05
  ],
  "Twente": [
    0.00019,
    0.0039,
    0.0591,
    0.16405,
    0.32206,
    0.28453,
    0.14801,
    0.01455,
    0.00254,
    0.00084,
    0.00017,
    5e-05,
    1e-05,
    0.0,
    0.0,
    0.0,
    0.0,
    0.0
  ],
  "Almere City": [
    0.0,
    0.0,
    0.0,
    0.0,
    0.0,
    0.0,
    0.0,
    0.0,
    1e-05,
    5e-05,
    3e-05,
    0.00016,
    0.00045,
    0.00151,
    0.00675,
    0.04824,
    0.37372,
    0.56908
  ],
  "AZ Alkmaar": [
    2e-05,
    0.00141,
    0.03423,
    0.12415,
    0.27912,
    0.33727,
    0.19734,
    0.02083,
    0.00438,
    0.00085,
    0.00026,
    0.0001,
    2e-05,
    2e-05,
    0.0,
    0.0,
    0.0,
    0.0
  ],
  "PSV Eindhoven": [
    0.70137,
    0.27228,
    0.02327,
    0.00282,
    0.00026,
    0.0,
    0.0,
    0.0,
    0.0,
    0.0,
    0.0,
    0.0,
    0.0,
    0.0,
    0.0,
    0.0,
    0.0,
    0.0
  ],
  "Waalwijk": [
    0.0,
    0.0,
    0.0,
    0.0,
    0.0,
    0.0,
    0.0,
    1e-05,
    0.0,
    3e-05,
    5e-05,
    0.00024,
    0.00086,
    0.00325,
    0.01296,
    0.07062,
    0.49765,
    0.41433
  ],
  "Sparta Rotterdam": [
    0.0,
    0.0,
    0.0,
    0.0,
    0.0,
    0.0,
    6e-05,
    0.00133,
    0.00357,
    0.00818,
    0.01547,
    0.02835,
    0.05206,
    0.10355,
    0.20782,
    0.471,
    0.09386,
    0.01475
  ],
  "Heracles": [
    0.0,
    0.0,
    0.0,
    0.0,
    1e-05,
    8e-05,
    0.00082,
    0.0105,
    0.02522,
    0.04222,
    0.06361,
    0.09145,
    0.13467,
    0.19987,
    0.25055,
    0.1629,
    0.01728,
    0.00082
  ],
  "Go Ahead Eagles": [
    0.0,
    0.00027,
    0.00683,
    0.03632,
    0.11488,
    0.24385,
    0.46552,
    0.08848,
    0.02805,
    0.0099,
    0.0037,
    0.00152,
    0.00056,
    0.0001,
    2e-05,
    0.0,
    0.0,
    0.0
  ],
  "For Sittard": [
    0.0,
    0.0,
    0.0,
    5e-05,
    0.00061,
    0.0044,
    0.03249,
    0.17423,
    0.18529,
    0.16406,
    0.14019,
    0.11449,
    0.08946,
    0.05761,
    0.02851,
    0.00829,
    0.00031,
    1e-05
  ],
  "Utrecht": [
    0.00897,
    0.09146,
    0.55502,
    0.24545,
    0.07503,
    0.02056,
    0.00342,
    9e-05,
    0.0,
    0.0,
    0.0,
    0.0,
    0.0,
    0.0,
    0.0,
    0.0,
    0.0,
    0.0
  ],
  "Zwolle": [
    0.0,
    0.0,
    0.0,
    2e-05,
    0.00043,
    0.00318,
    0.02482,
    0.13735,
    0.14294,
    0.13763,
    0.13544,
    0.13424,
    0.12221,
    0.09011,
    0.05292,
    0.01785,
    0.00084,
    2e-05
  ],
  "Ajax": [
    0.28733,
    0.60143,
    0.08825,
    0.01967,
    0.00284,
    0.00046,
    2e-05,
    0.0,
    0.0,
    0.0,
    0.0,
    0.0,
    0.0,
    0.0,
    0.0,
    0.0,
    0.0,
    0.0
  ],
  "Heerenveen": [
    0.0,
    0.0,
    0.0,
    1e-05,
    0.00025,
    0.00182,
    0.01905,
    0.10826,
    0.13858,
    0.14873,
    0.14753,
    0.14242,
    0.12817,
    0.09039,
    0.05396,
    0.01979,
    0.00099,
    5e-05
  ]
}