{
  "Heerenveen": [
    0.0,
    0.0,
    0.0,
    0.0,
    0.0,
    1e-05,
    0.03249,
    0.34128,
    0.33099,
    0.16292,
    0.09708,
    0.03094,
    0.00417,
    0.00012,
    0.0,
    0.0,
    0.0,
    0.0
  ],
  "Sparta Rotterdam": [
    0.0,
    4e-05,
    0.007,
    0.16009,
    0.52207,
    0.3045,
    0.0063,
    0.0,
    0.0,
    0.0,
    0.0,
    0.0,
    0.0,
    0.0,
    0.0,
    0.0,
    0.0,
    0.0
  ],
  "For Sittard": [
    0.0,
    0.0,
    0.0,
    0.0,
    0.0,
    0.0,
    3e-05,
    0.00316,
    0.02811,
    0.07209,
    0.17739,
    0.26724,
    0.29665,
    0.12822,
    0.02579,
    0.00132,
    0.0,
    0.0
  ],
  "Ajax": [
    0.00109,
    0.60686,
    0.34636,
    0.04255,
    0.00305,
    9e-05,
    0.0,
    0.0,
    0.0,
    0.0,
    0.0,
    0.0,
    0.0,
    0.0,
    0.0,
    0.0,
    0.0,
    0.0
  ],
  "Cambuur": [
    0.0,
    0.0,
    0.0,
    0.0,
    0.0,
    0.0,
    0.0,
    0.0,
    0.0,
    0.0,
    0.0,
    0.0,
    0.0,
    4e-05,
    0.00028,
    0.00294,
    0.35113,
    0.64561
  ],
  "Excelsior": [
    0.0,
    0.0,
    0.0,
    0.0,
    0.0,
    0.0,
    0.0,
    1e-05,
    8e-05,
    0.00061,
    0.00367,
    0.02141,
    0.07058,
    0.20419,
    0.46917,
    0.22933,
    0.00095,
    0.0
  ],
  "PSV Eindhoven": [
    0.00089,
    0.37278,
    0.54634,
    0.07257,
    0.00714,
    0.00028,
    0.0,
    0.0,
    0.0,
    0.0,
    0.0,
    0.0,
    0.0,
    0.0,
    0.0,
    0.0,
    0.0,
    0.0
  ],
  "FC Emmen": [
    0.0,
    0.0,
    0.0,
    0.0,
    0.0,
    0.0,
    0.0,
    0.0,
    0.0,
    1e-05,
    8e-05,
    0.00063,
    0.0062,
    0.05383,
    0.24545,
    0.68142,
    0.01233,
    5e-05
  ],
  "Waalwijk": [
    0.0,
    0.0,
    0.0,
    0.0,
    0.0,
    0.00025,
    0.06111,
    0.40664,
    0.31219,
    0.13802,
    0.05955,
    0.01886,
    0.00316,
    0.00022,
    0.0,
    0.0,
    0.0,
    0.0
  ],
  "Utrecht": [
    0.0,
    0.0,
    0.0,
    2e-05,
    0.00127,
    0.0268,
    0.87226,
    0.09013,
    0.00898,
    0.00054,
    0.0,
    0.0,
    0.0,
    0.0,
    0.0,
    0.0,
    0.0,
    0.0
  ],
  "Groningen": [
    0.0,
    0.0,
    0.0,
    0.0,
    0.0,
    0.0,
    0.0,
    0.0,
    0.0,
    0.0,
    0.0,
    0.0,
    0.0,
    1e-05,
    0.00083,
    0.00958,
    0.63524,
    0.35434
  ],
  "Volendam": [
    0.0,
    0.0,
    0.0,
    0.0,
    0.0,
    0.0,
    0.0,
    1e-05,
    0.00021,
    0.00407,
    0.02206,
    0.06112,
    0.1661,
    0.44525,
    0.22791,
    0.07292,
    0.00035,
    0.0
  ],
  "Nijmegen": [
    0.0,
    0.0,
    0.0,
    0.0,
    0.0,
    0.0,
    0.00527,
    0.10906,
    0.20215,
    0.40781,
    0.17938,
    0.07294,
    0.02075,
    0.00258,
    6e-05,
    0.0,
    0.0,
    0.0
  ],
  "Twente": [
    0.0,
    1e-05,
    0.00144,
    0.07187,
    0.27719,
    0.62766,
    0.02175,
    8e-05,
    0.0,
    0.0,
    0.0,
    0.0,
    0.0,
    0.0,
    0.0,
    0.0,
    0.0,
    0.0
  ],
  "Vitesse": [
    0.0,
    0.0,
    0.0,
    0.0,
    0.0,
    0.0,
    0.0,
    0.00182,
    0.01282,
    0.05699,
    0.19466,
    0.29213,
    0.29385,
    0.11812,
    0.02719,
    0.00242,
    0.0,
    0.0
  ],
  "Feyenoord": [
    0.99802,
    0.00195,
    3e-05,
    0.0,
    0.0,
    0.0,
    0.0,
    0.0,
    0.0,
    0.0,
    0.0,
    0.0,
    0.0,
    0.0,
    0.0,
    0.0,
    0.0,
    0.0
  ],
  "AZ Alkmaar": [
    0.0,
    0.01836,
    0.09883,
    0.6529,
    0.18928,
    0.04041,
    0.00022,
    0.0,
    0.0,
    0.0,
    0.0,
    0.0,
    0.0,
    0.0,
    0.0,
    0.0,
    0.0,
    0.0
  ],
  "Go Ahead Eagles": [
    0.0,
    0.0,
    0.0,
    0.0,
    0.0,
    0.0,
    0.00057,
    0.04781,
    0.10447,
    0.15694,
    0.26613,
    0.23473,
    0.13854,
    0.04742,
    0.00332,
    7e-05,
    0.0,
    0.0
  ]
}