{
  "Portimonense": [
    0.0,
    0.0,
    0.0,
    0.0,
    0.0,
    0.0,
    0.0,
    0.0,
    0.0,
    2e-05,
    0.00046,
    0.00585,
    0.01828,
    0.04638,
    0.12125,
    0.21139,
    0.59637,
    0.0
  ],
  "Belenenses": [
    0.0,
    0.0,
    0.0,
    0.0,
    0.0,
    0.0,
    0.0,
    0.00037,
    0.00147,
    0.00347,
    0.0088,
    0.03416,
    0.08539,
    0.2144,
    0.27648,
    0.26506,
    0.1104,
    0.0
  ],
  "Santa Clara": [
    0.0,
    0.0,
    0.0,
    0.0,
    1e-05,
    0.00043,
    0.00553,
    0.18593,
    0.24282,
    0.22274,
    0.21355,
    0.09462,
    0.03076,
    0.00357,
    4e-05,
    0.0,
    0.0,
    0.0
  ],
  "Famalicao": [
    0.0,
    0.0,
    0.00468,
    0.03898,
    0.28334,
    0.33624,
    0.33229,
    0.00435,
    0.00012,
    0.0,
    0.0,
    0.0,
    0.0,
    0.0,
    0.0,
    0.0,
    0.0,
    0.0
  ],
  "Gil Vicente": [
    0.0,
    0.0,
    0.0,
    0.0,
    0.0,
    1e-05,
    0.00164,
    0.10043,
    0.17559,
    0.26341,
    0.21772,
    0.13982,
    0.07537,
    0.02227,
    0.00343,
    0.0003,
    1e-05,
    0.0
  ],
  "Porto": [
    0.96992,
    0.03008,
    0.0,
    0.0,
    0.0,
    0.0,
    0.0,
    0.0,
    0.0,
    0.0,
    0.0,
    0.0,
    0.0,
    0.0,
    0.0,
    0.0,
    0.0,
    0.0
  ],
  "Benfica": [
    0.03008,
    0.96988,
    4e-05,
    0.0,
    0.0,
    0.0,
    0.0,
    0.0,
    0.0,
    0.0,
    0.0,
    0.0,
    0.0,
    0.0,
    0.0,
    0.0,
    0.0,
    0.0
  ],
  "Pacos Ferreira": [
    0.0,
    0.0,
    0.0,
    0.0,
    0.0,
    0.0,
    0.0,
    0.01272,
    0.03783,
    0.06701,
    0.13134,
    0.29102,
    0.28418,
    0.12775,
    0.03941,
    0.008,
    0.00074,
    0.0
  ],
  "Boavista": [
    0.0,
    0.0,
    0.0,
    0.0,
    4e-05,
    0.00056,
    0.00375,
    0.19055,
    0.23364,
    0.24175,
    0.23017,
    0.07848,
    0.01892,
    0.00204,
    0.0001,
    0.0,
    0.0,
    0.0
  ],
  "Aves": [
    0.0,
    0.0,
    0.0,
    0.0,
    0.0,
    0.0,
    0.0,
    0.0,
    0.0,
    0.0,
    0.0,
    0.0,
    0.0,
    0.0,
    0.0,
    0.0,
    0.0,
    1.0
  ],
  "Maritimo": [
    0.0,
    0.0,
    0.0,
    0.0,
    0.0,
    0.0,
    0.0,
    0.00516,
    0.02564,
    0.06093,
    0.12062,
    0.27273,
    0.32024,
    0.14676,
    0.04092,
    0.00667,
    0.00033,
    0.0
  ],
  "Sp Lisbon": [
    0.0,
    4e-05,
    0.6009,
    0.3723,
    0.02436,
    0.00232,
    8e-05,
    0.0,
    0.0,
    0.0,
    0.0,
    0.0,
    0.0,
    0.0,
    0.0,
    0.0,
    0.0,
    0.0
  ],
  "Sp Braga": [
    0.0,
    0.0,
    0.39016,
    0.52386,
    0.06927,
    0.01449,
    0.00222,
    0.0,
    0.0,
    0.0,
    0.0,
    0.0,
    0.0,
    0.0,
    0.0,
    0.0,
    0.0,
    0.0
  ],
  "Moreirense": [
    0.0,
    0.0,
    0.0,
    0.0,
    2e-05,
    0.00112,
    0.01362,
    0.4805,
    0.28018,
    0.13621,
    0.06204,
    0.02093,
    0.00507,
    0.00031,
    0.0,
    0.0,
    0.0,
    0.0
  ],
  "Setubal": [
    0.0,
    0.0,
    0.0,
    0.0,
    0.0,
    0.0,
    0.0,
    4e-05,
    0.00052,
    0.00378,
    0.01292,
    0.05181,
    0.12617,
    0.3252,
    0.24603,
    0.16306,
    0.07047,
    0.0
  ],
  "Tondela": [
    0.0,
    0.0,
    0.0,
    0.0,
    0.0,
    0.0,
    0.0,
    1e-05,
    0.00012,
    0.00045,
    0.00236,
    0.01058,
    0.03562,
    0.11132,
    0.27234,
    0.34552,
    0.22168,
    0.0
  ],
  "Rio Ave": [
    0.0,
    0.0,
    0.00338,
    0.0474,
    0.38989,
    0.32036,
    0.23335,
    0.00526,
    0.00034,
    2e-05,
    0.0,
    0.0,
    0.0,
    0.0,
    0.0,
    0.0,
    0.0,
    0.0
  ],
  "Guimaraes": [
    0.0,
    0.0,
    0.00084,
    0.01746,
    0.23307,
    0.32447,
    0.40752,
    0.01468,
    0.00173,
    0.00021,
    2e-05,
    0.0,
    0.0,
    0.0,
    0.0,
    0.0,
    0.0,
    0.0
  ]
}