{
  "Fiorentina": [
    0.001,
    0.00328,
    0.00602,
    0.01046,
    0.01493,
    0.02193,
    0.02895,
    0.03567,
    0.04594,
    0.05401,
    0.06342,
    0.07049,
    0.07995,
    0.08316,
    0.0863,
    0.09066,
    0.09051,
    0.08564,
    0.07419,
    0.05349
  ],
  "Torino": [
    0.00012,
    0.00015,
    0.0005,
    0.00132,
    0.00224,
    0.00335,
    0.00596,
    0.00837,
    0.01225,
    0.01674,
    0.02234,
    0.03016,
    0.03857,
    0.04892,
    0.06321,
    0.0793,
    0.10269,
    0.13397,
    0.1774,
    0.25244
  ],
  "Verona": [
    0.00864,
    0.0188,
    0.03041,
    0.04305,
    0.05419,
    0.06371,
    0.07002,
    0.07861,
    0.08278,
    0.08358,
    0.08171,
    0.07481,
    0.07055,
    0.06056,
    0.05406,
    0.04421,
    0.03333,
    0.02422,
    0.01535,
    0.00741
  ],
  "Roma": [
    0.08299,
    0.11115,
    0.12253,
    0.11821,
    0.10906,
    0.0968,
    0.08105,
    0.07014,
    0.05655,
    0.04412,
    0.03345,
    0.02518,
    0.01806,
    0.01252,
    0.00811,
    0.00498,
    0.0028,
    0.00155,
    0.00063,
    0.00012
  ],
  "Parma": [
    0.00014,
    0.00098,
    0.00234,
    0.00448,
    0.00762,
    0.01085,
    0.01606,
    0.02187,
    0.02952,
    0.03893,
    0.04887,
    0.06255,
    0.07571,
    0.08698,
    0.08932,
    0.09931,
    0.10823,
    0.10819,
    0.10281,
    0.08524
  ],
  "Napoli": [
    0.09182,
    0.11677,
    0.12648,
    0.11909,
    0.1081,
    0.09433,
    0.08204,
    0.06596,
    0.05328,
    0.04283,
    0.03249,
    0.02266,
    0.01618,
    0.01151,
    0.00701,
    0.00491,
    0.00251,
    0.00142,
    0.00046,
    0.00015
  ],
  "Genoa": [
    5e-05,
    0.00013,
    0.00056,
    0.00129,
    0.00198,
    0.00328,
    0.00517,
    0.00818,
    0.01169,
    0.01728,
    0.02472,
    0.0313,
    0.04055,
    0.05113,
    0.07244,
    0.08775,
    0.10823,
    0.13728,
    0.17402,
    0.22297
  ],
  "Crotone": [
    3e-05,
    0.00023,
    0.00056,
    0.00114,
    0.00216,
    0.00375,
    0.00606,
    0.01004,
    0.01341,
    0.02045,
    0.02762,
    0.03558,
    0.04637,
    0.06383,
    0.07849,
    0.09417,
    0.11434,
    0.13633,
    0.16297,
    0.18247
  ],
  "Sassuolo": [
    0.04363,
    0.07024,
    0.089,
    0.09798,
    0.10112,
    0.09736,
    0.09188,
    0.08466,
    0.07542,
    0.0621,
    0.05087,
    0.04083,
    0.03317,
    0.02336,
    0.01603,
    0.01009,
    0.00658,
    0.00342,
    0.00179,
    0.00047
  ],
  "Cagliari": [
    0.00216,
    0.00587,
    0.0113,
    0.01761,
    0.02382,
    0.03091,
    0.03983,
    0.0478,
    0.05711,
    0.06649,
    0.07153,
    0.07817,
    0.08095,
    0.08182,
    0.0791,
    0.08055,
    0.0727,
    0.0635,
    0.05312,
    0.03566
  ],
  "Juventus": [
    0.06304,
    0.08793,
    0.10433,
    0.1078,
    0.10608,
    0.09875,
    0.08997,
    0.07776,
    0.06584,
    0.05346,
    0.04563,
    0.03333,
    0.02425,
    0.01686,
    0.01118,
    0.00691,
    0.00371,
    0.00221,
    0.00071,
    0.00025
  ],
  "Sampdoria": [
    0.0055,
    0.01403,
    0.02355,
    0.03268,
    0.0429,
    0.05526,
    0.06402,
    0.07328,
    0.07841,
    0.08621,
    0.0847,
    0.08332,
    0.07683,
    0.06877,
    0.06034,
    0.05118,
    0.04005,
    0.03036,
    0.01897,
    0.00964
  ],
  "Milan": [
    0.33791,
    0.21757,
    0.14066,
    0.09768,
    0.06735,
    0.04602,
    0.034,
    0.02137,
    0.01527,
    0.00916,
    0.00587,
    0.00321,
    0.00198,
    0.00098,
    0.00052,
    0.00031,
    0.0001,
    4e-05,
    0.0,
    0.0
  ],
  "Bologna": [
    0.00167,
    0.00535,
    0.00885,
    0.01531,
    0.02212,
    0.02935,
    0.0389,
    0.04877,
    0.05828,
    0.06696,
    0.07517,
    0.08161,
    0.08377,
    0.08393,
    0.08537,
    0.08009,
    0.07314,
    0.06297,
    0.04797,
    0.03042
  ],
  "Atalanta": [
    0.04134,
    0.06379,
    0.08158,
    0.09104,
    0.09558,
    0.09612,
    0.09178,
    0.08461,
    0.07388,
    0.0642,
    0.05415,
    0.04455,
    0.03468,
    0.02762,
    0.02057,
    0.01457,
    0.01,
    0.00593,
    0.00311,
    0.0009
  ],
  "Lazio": [
    0.02575,
    0.04544,
    0.0633,
    0.07567,
    0.08605,
    0.09193,
    0.09014,
    0.08785,
    0.08115,
    0.07282,
    0.06339,
    0.05509,
    0.04468,
    0.03647,
    0.02907,
    0.02147,
    0.01487,
    0.0087,
    0.00441,
    0.00175
  ],
  "Benevento": [
    0.00278,
    0.00728,
    0.01361,
    0.02038,
    0.0292,
    0.03739,
    0.04832,
    0.05587,
    0.06369,
    0.06886,
    0.07494,
    0.07832,
    0.07989,
    0.07939,
    0.07941,
    0.07458,
    0.06664,
    0.05481,
    0.04094,
    0.0237
  ],
  "Inter": [
    0.2846,
    0.21503,
    0.14902,
    0.10716,
    0.07507,
    0.05304,
    0.03828,
    0.02643,
    0.01865,
    0.01252,
    0.00777,
    0.00516,
    0.00321,
    0.00193,
    0.00118,
    0.0006,
    0.00022,
    0.00011,
    2e-05,
    0.0
  ],
  "Spezia": [
    0.00038,
    0.00132,
    0.00293,
    0.00523,
    0.00863,
    0.01369,
    0.01834,
    0.02497,
    0.03431,
    0.04205,
    0.05027,
    0.06704,
    0.07595,
    0.08864,
    0.09645,
    0.09666,
    0.10267,
    0.1009,
    0.09267,
    0.0769
  ],
  "Udinese": [
    0.00645,
    0.01466,
    0.02247,
    0.03242,
    0.0418,
    0.05218,
    0.05923,
    0.06779,
    0.07257,
    0.07723,
    0.08109,
    0.07664,
    0.0747,
    0.07162,
    0.06184,
    0.0577,
    0.04668,
    0.03845,
    0.02846,
    0.01602
  ]
}