{
  "Milan": [
    0.27585,
    0.26542,
    0.16758,
    0.10848,
    0.07066,
    0.04608,
    0.02899,
    0.0175,
    0.00972,
    0.00537,
    0.0023,
    0.00139,
    0.00044,
    0.00014,
    4e-05,
    2e-05,
    1e-05,
    1e-05,
    0.0,
    0.0
  ],
  "Udinese": [
    0.06166,
    0.10865,
    0.14147,
    0.14708,
    0.13685,
    0.11792,
    0.09232,
    0.07029,
    0.04915,
    0.03248,
    0.01967,
    0.01082,
    0.00634,
    0.00312,
    0.00144,
    0.00052,
    0.0002,
    2e-05,
    0.0,
    0.0
  ],
  "Sampdoria": [
    0.0,
    1e-05,
    5e-05,
    6e-05,
    0.00021,
    0.00042,
    0.00114,
    0.00242,
    0.00467,
    0.00953,
    0.01643,
    0.02861,
    0.04506,
    0.06921,
    0.10091,
    0.13866,
    0.17054,
    0.18169,
    0.14395,
    0.08643
  ],
  "Atalanta": [
    0.46171,
    0.23958,
    0.12852,
    0.07431,
    0.0432,
    0.02422,
    0.01453,
    0.00744,
    0.00354,
    0.00164,
    0.00081,
    0.00032,
    8e-05,
    6e-05,
    3e-05,
    1e-05,
    0.0,
    0.0,
    0.0,
    0.0
  ],
  "Lecce": [
    0.0,
    0.0,
    0.0,
    2e-05,
    0.00012,
    0.00025,
    0.00058,
    0.00163,
    0.00299,
    0.00658,
    0.01204,
    0.02224,
    0.03862,
    0.06049,
    0.08902,
    0.1267,
    0.17338,
    0.19175,
    0.1631,
    0.11049
  ],
  "Inter": [
    0.00636,
    0.01854,
    0.03756,
    0.05719,
    0.07864,
    0.09828,
    0.1127,
    0.12094,
    0.12181,
    0.10493,
    0.08538,
    0.0627,
    0.04201,
    0.02633,
    0.01445,
    0.00745,
    0.00317,
    0.00118,
    0.00033,
    5e-05
  ],
  "Monza": [
    0.0,
    0.0,
    0.0,
    0.0,
    0.0,
    0.0,
    1e-05,
    6e-05,
    0.00017,
    0.00049,
    0.00121,
    0.00294,
    0.00657,
    0.01264,
    0.02583,
    0.04524,
    0.08338,
    0.14595,
    0.25429,
    0.42122
  ],
  "Torino": [
    0.02586,
    0.05871,
    0.09076,
    0.11168,
    0.12331,
    0.12605,
    0.1181,
    0.10443,
    0.08378,
    0.06075,
    0.04123,
    0.02537,
    0.01504,
    0.00883,
    0.00385,
    0.00153,
    0.00058,
    0.00011,
    2e-05,
    1e-05
  ],
  "Fiorentina": [
    0.00094,
    0.00389,
    0.00942,
    0.01719,
    0.02952,
    0.04427,
    0.06368,
    0.08595,
    0.10967,
    0.12703,
    0.12113,
    0.11295,
    0.09895,
    0.07054,
    0.04957,
    0.02987,
    0.01584,
    0.00682,
    0.00239,
    0.00038
  ],
  "Cremonese": [
    0.0,
    0.0,
    0.0,
    0.0,
    1e-05,
    3e-05,
    8e-05,
    0.00016,
    0.00033,
    0.00124,
    0.00267,
    0.00547,
    0.01096,
    0.0186,
    0.03425,
    0.06003,
    0.10169,
    0.17061,
    0.27475,
    0.31912
  ],
  "Lazio": [
    0.00813,
    0.02319,
    0.04315,
    0.06553,
    0.0842,
    0.10274,
    0.11766,
    0.12185,
    0.11689,
    0.09962,
    0.08064,
    0.05497,
    0.03788,
    0.02233,
    0.01159,
    0.00602,
    0.00252,
    0.00085,
    0.0002,
    4e-05
  ],
  "Bologna": [
    0.0,
    4e-05,
    0.00011,
    0.00034,
    0.00092,
    0.00192,
    0.0039,
    0.00739,
    0.01355,
    0.02531,
    0.04047,
    0.06164,
    0.09109,
    0.11867,
    0.1401,
    0.15143,
    0.13944,
    0.10922,
    0.06549,
    0.02897
  ],
  "Salernitana": [
    0.00057,
    0.00225,
    0.00581,
    0.01094,
    0.02019,
    0.03199,
    0.04867,
    0.06873,
    0.09299,
    0.11221,
    0.12647,
    0.12696,
    0.11376,
    0.09058,
    0.06536,
    0.04168,
    0.02398,
    0.01147,
    0.00443,
    0.00096
  ],
  "Roma": [
    0.03322,
    0.06754,
    0.10198,
    0.12294,
    0.13122,
    0.12686,
    0.11638,
    0.09645,
    0.07343,
    0.05088,
    0.03486,
    0.02127,
    0.01198,
    0.00653,
    0.00274,
    0.00129,
    0.00036,
    5e-05,
    2e-05,
    0.0
  ],
  "Spezia": [
    4e-05,
    0.00024,
    0.00107,
    0.00245,
    0.00473,
    0.01026,
    0.01788,
    0.02895,
    0.04369,
    0.06373,
    0.08629,
    0.11045,
    0.12879,
    0.13416,
    0.12518,
    0.09896,
    0.07154,
    0.04314,
    0.02135,
    0.0071
  ],
  "Empoli": [
    2e-05,
    0.00013,
    0.00039,
    0.00106,
    0.0023,
    0.0047,
    0.00849,
    0.01421,
    0.02352,
    0.0375,
    0.05709,
    0.07904,
    0.10349,
    0.12796,
    0.14103,
    0.14066,
    0.11608,
    0.08062,
    0.0442,
    0.01751
  ],
  "Verona": [
    9e-05,
    0.00057,
    0.00148,
    0.00342,
    0.00694,
    0.01306,
    0.02178,
    0.03323,
    0.04923,
    0.06901,
    0.09179,
    0.10904,
    0.12122,
    0.12815,
    0.11941,
    0.09753,
    0.06739,
    0.04152,
    0.0193,
    0.00584
  ],
  "Napoli": [
    0.09592,
    0.1457,
    0.16896,
    0.15172,
    0.12376,
    0.09972,
    0.07358,
    0.05433,
    0.03592,
    0.0224,
    0.01339,
    0.00736,
    0.00379,
    0.00227,
    0.0008,
    0.00033,
    3e-05,
    1e-05,
    1e-05,
    0.0
  ],
  "Juventus": [
    0.02904,
    0.06327,
    0.09664,
    0.1156,
    0.12683,
    0.12374,
    0.11751,
    0.10293,
    0.08175,
    0.05662,
    0.03758,
    0.02389,
    0.013,
    0.0066,
    0.0032,
    0.00142,
    0.00026,
    0.0001,
    2e-05,
    0.0
  ],
  "Sassuolo": [
    0.00059,
    0.00227,
    0.00505,
    0.00999,
    0.01639,
    0.02749,
    0.04202,
    0.06111,
    0.0832,
    0.11268,
    0.12855,
    0.13257,
    0.11093,
    0.09279,
    0.0712,
    0.05065,
    0.02961,
    0.01488,
    0.00615,
    0.00188
  ]
}