{
  "Genoa": [
    0.0,
    0.0,
    0.0,
    0.0,
    0.0,
    0.0,
    4e-05,
    0.00056,
    0.00744,
    0.07047,
    0.16492,
    0.44032,
    0.17815,
    0.08413,
    0.0377,
    0.01236,
    0.00338,
    0.00051,
    2e-05,
    0.0
  ],
  "Inter": [
    0.72816,
    0.22606,
    0.0399,
    0.00524,
    0.00063,
    1e-05,
    0.0,
    0.0,
    0.0,
    0.0,
    0.0,
    0.0,
    0.0,
    0.0,
    0.0,
    0.0,
    0.0,
    0.0,
    0.0,
    0.0
  ],
  "Parma": [
    0.0,
    0.0,
    0.0,
    0.0,
    0.0,
    0.0,
    0.0,
    0.0,
    0.0,
    5e-05,
    0.00135,
    0.01913,
    0.05436,
    0.10856,
    0.16426,
    0.21747,
    0.20346,
    0.1618,
    0.06367,
    0.00589
  ],
  "Fiorentina": [
    3e-05,
    0.00138,
    0.0174,
    0.05684,
    0.11233,
    0.17417,
    0.22794,
    0.24429,
    0.14424,
    0.02017,
    0.0012,
    1e-05,
    0.0,
    0.0,
    0.0,
    0.0,
    0.0,
    0.0,
    0.0,
    0.0
  ],
  "Empoli": [
    0.0,
    0.0,
    0.0,
    0.0,
    0.0,
    0.0,
    0.0,
    0.0,
    0.0,
    0.0,
    0.00011,
    0.00331,
    0.01622,
    0.0439,
    0.08693,
    0.14978,
    0.21733,
    0.27961,
    0.16506,
    0.03775
  ],
  "Monza": [
    0.0,
    0.0,
    0.0,
    0.0,
    0.0,
    0.0,
    0.0,
    0.0,
    0.0,
    0.0,
    0.0,
    0.0,
    1e-05,
    7e-05,
    0.00066,
    0.00312,
    0.01275,
    0.04477,
    0.1799,
    0.75872
  ],
  "Milan": [
    0.0,
    6e-05,
    0.00186,
    0.00736,
    0.02045,
    0.04667,
    0.09286,
    0.18764,
    0.4964,
    0.12348,
    0.02156,
    0.00162,
    4e-05,
    0.0,
    0.0,
    0.0,
    0.0,
    0.0,
    0.0,
    0.0
  ],
  "Torino": [
    0.0,
    0.0,
    0.0,
    0.0,
    3e-05,
    0.00017,
    0.00149,
    0.00687,
    0.0482,
    0.32873,
    0.4487,
    0.12504,
    0.03222,
    0.00727,
    0.00122,
    6e-05,
    0.0,
    0.0,
    0.0,
    0.0
  ],
  "Bologna": [
    0.00898,
    0.05451,
    0.20695,
    0.2638,
    0.20651,
    0.13492,
    0.07848,
    0.03642,
    0.00912,
    0.0003,
    1e-05,
    0.0,
    0.0,
    0.0,
    0.0,
    0.0,
    0.0,
    0.0,
    0.0,
    0.0
  ],
  "Udinese": [
    0.0,
    0.0,
    0.0,
    2e-05,
    0.00022,
    0.00104,
    0.00429,
    0.01814,
    0.0973,
    0.42876,
    0.29935,
    0.12284,
    0.02242,
    0.00489,
    0.0007,
    2e-05,
    1e-05,
    0.0,
    0.0,
    0.0
  ],
  "Verona": [
    0.0,
    0.0,
    0.0,
    0.0,
    0.0,
    0.0,
    0.0,
    0.0,
    5e-05,
    0.00342,
    0.02314,
    0.10151,
    0.28451,
    0.2363,
    0.16734,
    0.10474,
    0.0532,
    0.02294,
    0.00284,
    1e-05
  ],
  "Napoli": [
    0.23326,
    0.56051,
    0.15576,
    0.0392,
    0.00936,
    0.00169,
    0.00019,
    3e-05,
    0.0,
    0.0,
    0.0,
    0.0,
    0.0,
    0.0,
    0.0,
    0.0,
    0.0,
    0.0,
    0.0,
    0.0
  ],
  "Cagliari": [
    0.0,
    0.0,
    0.0,
    0.0,
    0.0,
    0.0,
    0.0,
    0.0,
    1e-05,
    0.00123,
    0.0094,
    0.05057,
    0.17723,
    0.22755,
    0.22511,
    0.15943,
    0.09528,
    0.04378,
    0.01012,
    0.00029
  ],
  "Roma": [
    0.00033,
    0.00479,
    0.03754,
    0.09242,
    0.15039,
    0.19366,
    0.20654,
    0.20996,
    0.09488,
    0.00902,
    0.00046,
    1e-05,
    0.0,
    0.0,
    0.0,
    0.0,
    0.0,
    0.0,
    0.0,
    0.0
  ],
  "Lazio": [
    0.00028,
    0.00468,
    0.03838,
    0.09557,
    0.15857,
    0.20024,
    0.21943,
    0.19985,
    0.07627,
    0.00637,
    0.00034,
    2e-05,
    0.0,
    0.0,
    0.0,
    0.0,
    0.0,
    0.0,
    0.0,
    0.0
  ],
  "Venezia": [
    0.0,
    0.0,
    0.0,
    0.0,
    0.0,
    0.0,
    0.0,
    0.0,
    0.0,
    0.0,
    0.0,
    3e-05,
    0.00123,
    0.00683,
    0.01933,
    0.04743,
    0.09743,
    0.18978,
    0.45442,
    0.18352
  ],
  "Lecce": [
    0.0,
    0.0,
    0.0,
    0.0,
    0.0,
    0.0,
    0.0,
    0.0,
    0.0,
    3e-05,
    0.00065,
    0.00739,
    0.03564,
    0.07269,
    0.12031,
    0.17528,
    0.23525,
    0.22133,
    0.11784,
    0.01359
  ],
  "Atalanta": [
    0.02734,
    0.13115,
    0.39092,
    0.2359,
    0.12365,
    0.05812,
    0.02431,
    0.00756,
    0.00105,
    0.0,
    0.0,
    0.0,
    0.0,
    0.0,
    0.0,
    0.0,
    0.0,
    0.0,
    0.0,
    0.0
  ],
  "Juventus": [
    0.00162,
    0.01686,
    0.11129,
    0.20365,
    0.21786,
    0.18931,
    0.14443,
    0.08868,
    0.02488,
    0.00139,
    3e-05,
    0.0,
    0.0,
    0.0,
    0.0,
    0.0,
    0.0,
    0.0,
    0.0,
    0.0
  ],
  "Como": [
    0.0,
    0.0,
    0.0,
    0.0,
    0.0,
    0.0,
    0.0,
    0.0,
    0.00016,
    0.00658,
    0.02878,
    0.1282,
    0.19797,
    0.20781,
    0.17644,
    0.13031,
    0.08191,
    0.03548,
    0.00613,
    0.00023
  ]
}