{
  "Sp Lisbon": [
    0.39444,
    0.39224,
    0.17103,
    0.03524,
    0.00555,
    0.00123,
    0.00021,
    5e-05,
    1e-05,
    0.0,
    0.0,
    0.0,
    0.0,
    0.0,
    0.0,
    0.0,
    0.0,
    0.0
  ],
  "Vizela": [
    0.0,
    1e-05,
    0.0007,
    0.00591,
    0.01824,
    0.03351,
    0.04938,
    0.06294,
    0.07458,
    0.08524,
    0.09234,
    0.09573,
    0.09524,
    0.09235,
    0.08978,
    0.08293,
    0.07153,
    0.04959
  ],
  "Arouca": [
    0.0,
    0.0,
    0.00016,
    0.00263,
    0.00795,
    0.01683,
    0.02832,
    0.0389,
    0.05363,
    0.06565,
    0.07681,
    0.08742,
    0.09572,
    0.10137,
    0.10583,
    0.11136,
    0.11022,
    0.0972
  ],
  "Estoril": [
    0.00098,
    0.00638,
    0.03688,
    0.13762,
    0.20075,
    0.17834,
    0.1356,
    0.09902,
    0.06957,
    0.0483,
    0.0326,
    0.02156,
    0.01432,
    0.00908,
    0.00503,
    0.00258,
    0.00101,
    0.00038
  ],
  "Moreirense": [
    0.0,
    0.0,
    7e-05,
    0.00087,
    0.0029,
    0.00823,
    0.01464,
    0.02274,
    0.03476,
    0.04577,
    0.05798,
    0.07119,
    0.08383,
    0.09787,
    0.11386,
    0.13123,
    0.15082,
    0.16324
  ],
  "Benfica": [
    0.09615,
    0.21613,
    0.45437,
    0.15825,
    0.04871,
    0.01729,
    0.00605,
    0.00205,
    0.00058,
    0.00028,
    0.00011,
    3e-05,
    0.0,
    0.0,
    0.0,
    0.0,
    0.0,
    0.0
  ],
  "Maritimo": [
    0.0,
    6e-05,
    0.00089,
    0.00872,
    0.02445,
    0.04468,
    0.06473,
    0.08491,
    0.09621,
    0.10286,
    0.10095,
    0.09711,
    0.09121,
    0.0827,
    0.07186,
    0.05816,
    0.04484,
    0.02566
  ],
  "Sp Braga": [
    0.00972,
    0.04079,
    0.15089,
    0.38162,
    0.19815,
    0.10462,
    0.05616,
    0.02913,
    0.01484,
    0.00745,
    0.00351,
    0.00192,
    0.00071,
    0.0003,
    0.00016,
    2e-05,
    1e-05,
    0.0
  ],
  "Guimaraes": [
    0.00024,
    0.00221,
    0.01235,
    0.05947,
    0.12326,
    0.14734,
    0.15099,
    0.13421,
    0.10629,
    0.078,
    0.05756,
    0.04328,
    0.0314,
    0.02189,
    0.01504,
    0.00937,
    0.00514,
    0.00196
  ],
  "Portimonense": [
    0.00034,
    0.00295,
    0.02194,
    0.09702,
    0.1704,
    0.17246,
    0.14622,
    0.11439,
    0.08556,
    0.06465,
    0.04459,
    0.03022,
    0.02012,
    0.0136,
    0.00855,
    0.0047,
    0.00178,
    0.00051
  ],
  "Tondela": [
    0.0,
    3e-05,
    0.00027,
    0.00256,
    0.01074,
    0.02149,
    0.03469,
    0.05051,
    0.06995,
    0.08267,
    0.09049,
    0.09594,
    0.10035,
    0.10136,
    0.09878,
    0.09364,
    0.08373,
    0.0628
  ],
  "Santa Clara": [
    0.0,
    2e-05,
    0.00014,
    0.0022,
    0.00863,
    0.01869,
    0.032,
    0.04932,
    0.06644,
    0.08118,
    0.09298,
    0.09708,
    0.1012,
    0.10504,
    0.10159,
    0.09758,
    0.08608,
    0.05983
  ],
  "Porto": [
    0.49795,
    0.33728,
    0.13441,
    0.02539,
    0.00413,
    0.00069,
    0.0001,
    5e-05,
    0.0,
    0.0,
    0.0,
    0.0,
    0.0,
    0.0,
    0.0,
    0.0,
    0.0,
    0.0
  ],
  "Belenenses": [
    0.0,
    0.0,
    1e-05,
    0.0002,
    0.00101,
    0.00327,
    0.00656,
    0.01136,
    0.01888,
    0.02814,
    0.03649,
    0.04895,
    0.06168,
    0.07779,
    0.09829,
    0.12643,
    0.17866,
    0.30228
  ],
  "Pacos Ferreira": [
    0.0,
    0.00012,
    0.00089,
    0.00696,
    0.02042,
    0.03769,
    0.05562,
    0.07564,
    0.09113,
    0.09968,
    0.10076,
    0.09928,
    0.0947,
    0.08629,
    0.07834,
    0.06731,
    0.05197,
    0.0332
  ],
  "Famalicao": [
    0.0,
    1e-05,
    0.00012,
    0.00138,
    0.00484,
    0.01081,
    0.01758,
    0.0278,
    0.03898,
    0.05007,
    0.06421,
    0.075,
    0.08585,
    0.09717,
    0.11101,
    0.12491,
    0.13837,
    0.15189
  ],
  "Gil Vicente": [
    0.00018,
    0.00173,
    0.01438,
    0.06937,
    0.13425,
    0.15289,
    0.15298,
    0.13105,
    0.10045,
    0.07414,
    0.05683,
    0.04089,
    0.02828,
    0.01856,
    0.01228,
    0.00733,
    0.00344,
    0.00097
  ],
  "Boavista": [
    0.0,
    4e-05,
    0.0005,
    0.00459,
    0.01562,
    0.02994,
    0.04817,
    0.06593,
    0.07814,
    0.08592,
    0.09179,
    0.0944,
    0.09539,
    0.09463,
    0.0896,
    0.08245,
    0.0724,
    0.05049
  ]
}