{
  "Ath Bilbao": [
    5e-05,
    0.00018,
    0.00302,
    0.03541,
    0.1647,
    0.17287,
    0.15055,
    0.13286,
    0.09886,
    0.08026,
    0.05871,
    0.04195,
    0.02779,
    0.01557,
    0.00884,
    0.00476,
    0.00229,
    0.00092,
    0.00036,
    5e-05
  ],
  "Getafe": [
    0.0,
    0.0,
    0.0,
    0.0,
    0.0003,
    0.00106,
    0.00253,
    0.00451,
    0.00805,
    0.01382,
    0.0233,
    0.03771,
    0.05889,
    0.08254,
    0.10537,
    0.13021,
    0.14853,
    0.15923,
    0.14965,
    0.0743
  ],
  "Betis": [
    1e-05,
    5e-05,
    0.0013,
    0.0196,
    0.10429,
    0.12524,
    0.12654,
    0.12038,
    0.11574,
    0.10447,
    0.09177,
    0.07076,
    0.05021,
    0.03182,
    0.01896,
    0.01035,
    0.0054,
    0.00222,
    0.00076,
    0.00013
  ],
  "Girona": [
    1e-05,
    4e-05,
    0.00126,
    0.01826,
    0.09825,
    0.11949,
    0.12702,
    0.12018,
    0.11617,
    0.10497,
    0.09307,
    0.07229,
    0.05062,
    0.03491,
    0.02072,
    0.01246,
    0.00641,
    0.00256,
    0.00111,
    0.0002
  ],
  "Celta": [
    0.0,
    0.0,
    5e-05,
    0.00343,
    0.03081,
    0.04921,
    0.06531,
    0.08281,
    0.09767,
    0.10936,
    0.11748,
    0.11555,
    0.10071,
    0.08023,
    0.05885,
    0.04075,
    0.02482,
    0.01454,
    0.00674,
    0.00168
  ],
  "Alaves": [
    0.0,
    0.0,
    0.0,
    2e-05,
    0.00025,
    0.00093,
    0.00222,
    0.00423,
    0.0083,
    0.01391,
    0.02367,
    0.03745,
    0.0559,
    0.07966,
    0.10396,
    0.12794,
    0.14904,
    0.16131,
    0.15454,
    0.07667
  ],
  "Las Palmas": [
    0.0,
    0.0,
    0.0,
    4e-05,
    0.00085,
    0.00259,
    0.00542,
    0.00974,
    0.01591,
    0.02605,
    0.041,
    0.06125,
    0.08349,
    0.10799,
    0.12417,
    0.13248,
    0.13186,
    0.11748,
    0.09499,
    0.04469
  ],
  "Sevilla": [
    0.0,
    0.0,
    1e-05,
    0.00039,
    0.00448,
    0.00925,
    0.01693,
    0.02646,
    0.04251,
    0.05769,
    0.07983,
    0.10433,
    0.12386,
    0.12717,
    0.1205,
    0.10131,
    0.08023,
    0.05883,
    0.03529,
    0.01093
  ],
  "Osasuna": [
    4e-05,
    0.00065,
    0.00688,
    0.07137,
    0.25725,
    0.19202,
    0.14369,
    0.10506,
    0.07765,
    0.05761,
    0.03705,
    0.02329,
    0.01419,
    0.00711,
    0.00346,
    0.00167,
    0.00069,
    0.00023,
    7e-05,
    2e-05
  ],
  "Leganes": [
    0.0,
    0.0,
    1e-05,
    0.00018,
    0.00228,
    0.00722,
    0.01213,
    0.01977,
    0.03071,
    0.04394,
    0.06368,
    0.08529,
    0.10979,
    0.12335,
    0.12417,
    0.11625,
    0.1019,
    0.08305,
    0.0565,
    0.01978
  ],
  "Valencia": [
    0.0,
    0.0,
    0.0,
    2e-05,
    0.00081,
    0.00237,
    0.0051,
    0.00876,
    0.01541,
    0.02399,
    0.03861,
    0.05822,
    0.08122,
    0.10175,
    0.11898,
    0.12975,
    0.13114,
    0.12519,
    0.10432,
    0.05436
  ],
  "Barcelona": [
    0.5923,
    0.26357,
    0.12193,
    0.02141,
    0.00071,
    6e-05,
    1e-05,
    1e-05,
    0.0,
    0.0,
    0.0,
    0.0,
    0.0,
    0.0,
    0.0,
    0.0,
    0.0,
    0.0,
    0.0,
    0.0
  ],
  "Sociedad": [
    0.0,
    4e-05,
    0.00072,
    0.01371,
    0.07632,
    0.10077,
    0.11218,
    0.1198,
    0.12523,
    0.1185,
    0.10147,
    0.0818,
    0.05827,
    0.03897,
    0.02462,
    0.01499,
    0.00766,
    0.0035,
    0.00123,
    0.00022
  ],
  "Vallecano": [
    0.0,
    2e-05,
    0.00044,
    0.00765,
    0.05155,
    0.07455,
    0.09015,
    0.10912,
    0.11391,
    0.11949,
    0.1129,
    0.09986,
    0.07813,
    0.05672,
    0.03765,
    0.02353,
    0.01391,
    0.00685,
    0.00292,
    0.00065
  ],
  "Mallorca": [
    0.0,
    2e-05,
    0.00062,
    0.01187,
    0.07766,
    0.10286,
    0.12233,
    0.12568,
    0.12445,
    0.11394,
    0.09963,
    0.07908,
    0.05591,
    0.03724,
    0.02296,
    0.01339,
    0.00753,
    0.00353,
    0.00114,
    0.00016
  ],
  "Real Madrid": [
    0.13681,
    0.28485,
    0.41994,
    0.1429,
    0.01219,
    0.00235,
    0.00061,
    0.00025,
    8e-05,
    1e-05,
    0.0,
    0.0,
    1e-05,
    0.0,
    0.0,
    0.0,
    0.0,
    0.0,
    0.0,
    0.0
  ],
  "Valladolid": [
    0.0,
    0.0,
    0.0,
    0.0,
    0.0,
    1e-05,
    1e-05,
    9e-05,
    0.00015,
    0.00042,
    0.00092,
    0.00174,
    0.00477,
    0.00856,
    0.01666,
    0.02913,
    0.0519,
    0.0943,
    0.19763,
    0.59371
  ],
  "Espanol": [
    0.0,
    0.0,
    0.0,
    2e-05,
    0.00025,
    0.00073,
    0.00162,
    0.00362,
    0.00617,
    0.0101,
    0.01637,
    0.02922,
    0.0462,
    0.0664,
    0.09012,
    0.11103,
    0.13669,
    0.16626,
    0.19275,
    0.12245
  ],
  "Villarreal": [
    0.01203,
    0.05391,
    0.1688,
    0.58793,
    0.11377,
    0.03608,
    0.01555,
    0.00664,
    0.00301,
    0.00147,
    0.00054,
    0.00021,
    4e-05,
    1e-05,
    1e-05,
    0.0,
    0.0,
    0.0,
    0.0,
    0.0
  ],
  "Ath Madrid": [
    0.25875,
    0.39667,
    0.27502,
    0.06579,
    0.00328,
    0.00034,
    0.0001,
    3e-05,
    2e-05,
    0.0,
    0.0,
    0.0,
    0.0,
    0.0,
    0.0,
    0.0,
    0.0,
    0.0,
    0.0,
    0.0
  ]
}