{
  "Empoli": [
    0.0,
    0.0,
    0.0,
    0.0,
    0.0,
    0.0,
    0.0,
    2e-05,
    8e-05,
    0.00038,
    0.00168,
    0.00659,
    0.02195,
    0.043,
    0.07188,
    0.11064,
    0.14993,
    0.20243,
    0.23776,
    0.15366
  ],
  "Verona": [
    0.0,
    0.0,
    0.0,
    0.0,
    0.0,
    3e-05,
    8e-05,
    0.00033,
    0.00103,
    0.00346,
    0.01167,
    0.0284,
    0.05795,
    0.09613,
    0.13238,
    0.15357,
    0.16943,
    0.15232,
    0.14411,
    0.04911
  ],
  "Frosinone": [
    0.0,
    0.0,
    0.0,
    1e-05,
    3e-05,
    0.00021,
    0.00076,
    0.00202,
    0.00577,
    0.01546,
    0.04476,
    0.09088,
    0.14705,
    0.17722,
    0.16687,
    0.14032,
    0.10131,
    0.06742,
    0.0341,
    0.00581
  ],
  "Napoli": [
    0.0,
    0.00013,
    0.00408,
    0.05949,
    0.09901,
    0.12519,
    0.1435,
    0.15469,
    0.15559,
    0.12953,
    0.07423,
    0.03441,
    0.01332,
    0.00481,
    0.00137,
    0.00049,
    0.00013,
    2e-05,
    1e-05,
    0.0
  ],
  "Genoa": [
    0.0,
    0.0,
    1e-05,
    0.00123,
    0.00387,
    0.00925,
    0.01796,
    0.03577,
    0.0655,
    0.12405,
    0.21897,
    0.22163,
    0.14369,
    0.08258,
    0.04188,
    0.02105,
    0.00912,
    0.00281,
    0.0006,
    3e-05
  ],
  "Fiorentina": [
    0.0,
    0.00022,
    0.00716,
    0.09598,
    0.14157,
    0.15358,
    0.15708,
    0.14743,
    0.12786,
    0.09452,
    0.04721,
    0.01977,
    0.0057,
    0.00151,
    0.0003,
    9e-05,
    2e-05,
    0.0,
    0.0,
    0.0
  ],
  "Inter": [
    0.888,
    0.10299,
    0.00889,
    0.00012,
    0.0,
    0.0,
    0.0,
    0.0,
    0.0,
    0.0,
    0.0,
    0.0,
    0.0,
    0.0,
    0.0,
    0.0,
    0.0,
    0.0,
    0.0,
    0.0
  ],
  "Monza": [
    0.0,
    0.0,
    2e-05,
    0.00101,
    0.00352,
    0.00899,
    0.01869,
    0.03548,
    0.06627,
    0.12446,
    0.21783,
    0.2179,
    0.14659,
    0.08718,
    0.04326,
    0.01921,
    0.00681,
    0.00228,
    0.00043,
    7e-05
  ],
  "Roma": [
    0.0,
    0.00041,
    0.01003,
    0.13182,
    0.17483,
    0.17188,
    0.15518,
    0.13343,
    0.10645,
    0.07046,
    0.03038,
    0.01109,
    0.00304,
    0.00078,
    0.00019,
    2e-05,
    1e-05,
    0.0,
    0.0,
    0.0
  ],
  "Salernitana": [
    0.0,
    0.0,
    0.0,
    0.0,
    0.0,
    0.0,
    0.0,
    0.0,
    1e-05,
    2e-05,
    6e-05,
    0.00032,
    0.00176,
    0.0052,
    0.01109,
    0.02325,
    0.04275,
    0.0829,
    0.16782,
    0.66482
  ],
  "Sassuolo": [
    0.0,
    0.0,
    0.0,
    2e-05,
    2e-05,
    0.00014,
    0.00042,
    0.00123,
    0.00349,
    0.01076,
    0.03032,
    0.06541,
    0.11423,
    0.14637,
    0.16246,
    0.15302,
    0.12868,
    0.10457,
    0.0633,
    0.01556
  ],
  "Atalanta": [
    3e-05,
    0.00486,
    0.06124,
    0.39135,
    0.20948,
    0.12943,
    0.08738,
    0.05543,
    0.0344,
    0.01788,
    0.00629,
    0.00183,
    0.00035,
    4e-05,
    1e-05,
    0.0,
    0.0,
    0.0,
    0.0,
    0.0
  ],
  "Lecce": [
    0.0,
    0.0,
    0.0,
    3e-05,
    0.00023,
    0.00072,
    0.00215,
    0.006,
    0.01534,
    0.03668,
    0.08678,
    0.15247,
    0.2054,
    0.17817,
    0.13019,
    0.08815,
    0.05406,
    0.02902,
    0.01277,
    0.00184
  ],
  "Lazio": [
    0.0,
    0.00034,
    0.00899,
    0.11531,
    0.1572,
    0.16093,
    0.15485,
    0.1406,
    0.11642,
    0.08276,
    0.04092,
    0.01514,
    0.00472,
    0.00144,
    0.00028,
    6e-05,
    4e-05,
    0.0,
    0.0,
    0.0
  ],
  "Udinese": [
    0.0,
    0.0,
    0.0,
    0.0,
    1e-05,
    2e-05,
    8e-05,
    0.00024,
    0.00078,
    0.00327,
    0.01174,
    0.03148,
    0.06215,
    0.09943,
    0.13638,
    0.16174,
    0.16416,
    0.16137,
    0.13081,
    0.03634
  ],
  "Juventus": [
    0.09993,
    0.67968,
    0.20942,
    0.0097,
    0.00099,
    0.00021,
    7e-05,
    0.0,
    0.0,
    0.0,
    0.0,
    0.0,
    0.0,
    0.0,
    0.0,
    0.0,
    0.0,
    0.0,
    0.0,
    0.0
  ],
  "Torino": [
    0.0,
    2e-05,
    0.0015,
    0.02712,
    0.05748,
    0.08318,
    0.10864,
    0.13839,
    0.16887,
    0.18701,
    0.12089,
    0.06376,
    0.02741,
    0.01023,
    0.00373,
    0.00132,
    0.00034,
    9e-05,
    2e-05,
    0.0
  ],
  "Cagliari": [
    0.0,
    0.0,
    0.0,
    0.0,
    0.0,
    0.0,
    0.0,
    0.0001,
    0.00029,
    0.00142,
    0.00631,
    0.01792,
    0.03728,
    0.06373,
    0.09704,
    0.12691,
    0.1732,
    0.19477,
    0.20827,
    0.07276
  ],
  "Bologna": [
    0.0,
    0.00015,
    0.0059,
    0.09229,
    0.13768,
    0.15238,
    0.15199,
    0.14859,
    0.13174,
    0.09787,
    0.04996,
    0.021,
    0.00741,
    0.00218,
    0.00069,
    0.00016,
    1e-05,
    0.0,
    0.0,
    0.0
  ],
  "Milan": [
    0.01204,
    0.2112,
    0.68276,
    0.07452,
    0.01408,
    0.00386,
    0.00117,
    0.00025,
    0.00011,
    1e-05,
    0.0,
    0.0,
    0.0,
    0.0,
    0.0,
    0.0,
    0.0,
    0.0,
    0.0,
    0.0
  ]
}