{
  "Portimonense": [
    0.00052,
    0.00303,
    0.00879,
    0.0167,
    0.02306,
    0.0303,
    0.03825,
    0.04427,
    0.04893,
    0.05812,
    0.06564,
    0.07196,
    0.07971,
    0.09308,
    0.10292,
    0.11296,
    0.11406,
    0.0877
  ],
  "Belenenses": [
    0.00269,
    0.0112,
    0.028,
    0.04521,
    0.05486,
    0.0647,
    0.06973,
    0.07234,
    0.07357,
    0.0743,
    0.07386,
    0.07347,
    0.07631,
    0.07129,
    0.0705,
    0.06292,
    0.04879,
    0.02626
  ],
  "Santa Clara": [
    0.00086,
    0.00486,
    0.01522,
    0.02532,
    0.03617,
    0.04436,
    0.05119,
    0.05757,
    0.06494,
    0.06886,
    0.07297,
    0.08012,
    0.08506,
    0.08593,
    0.0891,
    0.0874,
    0.07947,
    0.0506
  ],
  "Famalicao": [
    0.081,
    0.15857,
    0.21399,
    0.15134,
    0.1095,
    0.07919,
    0.05813,
    0.04209,
    0.03096,
    0.02435,
    0.01795,
    0.01264,
    0.00869,
    0.00566,
    0.00318,
    0.00185,
    0.00071,
    0.0002
  ],
  "Gil Vicente": [
    0.00302,
    0.01387,
    0.03421,
    0.05354,
    0.06557,
    0.07332,
    0.07955,
    0.08098,
    0.0819,
    0.08186,
    0.07894,
    0.07646,
    0.06649,
    0.06022,
    0.05554,
    0.04542,
    0.03362,
    0.01549
  ],
  "Porto": [
    0.35367,
    0.32413,
    0.153,
    0.07437,
    0.04155,
    0.02218,
    0.01286,
    0.00804,
    0.00448,
    0.00278,
    0.00166,
    0.0007,
    0.00035,
    0.00016,
    3e-05,
    1e-05,
    3e-05,
    0.0
  ],
  "Benfica": [
    0.49326,
    0.2813,
    0.11756,
    0.05356,
    0.02609,
    0.0133,
    0.0072,
    0.0035,
    0.002,
    0.0011,
    0.00063,
    0.00029,
    0.00013,
    5e-05,
    1e-05,
    2e-05,
    0.0,
    0.0
  ],
  "Pacos Ferreira": [
    0.00013,
    0.00052,
    0.00242,
    0.00536,
    0.00961,
    0.01397,
    0.01973,
    0.02506,
    0.03216,
    0.03935,
    0.04885,
    0.06339,
    0.07722,
    0.09108,
    0.10854,
    0.13164,
    0.17078,
    0.16019
  ],
  "Boavista": [
    0.01201,
    0.03752,
    0.07531,
    0.09573,
    0.09594,
    0.09432,
    0.09008,
    0.0822,
    0.07389,
    0.06886,
    0.06178,
    0.05209,
    0.0453,
    0.03846,
    0.03112,
    0.02336,
    0.01565,
    0.00638
  ],
  "Aves": [
    0.0,
    4e-05,
    0.00015,
    0.0006,
    0.00142,
    0.00267,
    0.00425,
    0.00637,
    0.00917,
    0.01454,
    0.01939,
    0.02736,
    0.03862,
    0.0534,
    0.07385,
    0.11179,
    0.18896,
    0.44742
  ],
  "Maritimo": [
    0.00041,
    0.00216,
    0.0082,
    0.01487,
    0.02311,
    0.03086,
    0.03792,
    0.04495,
    0.05797,
    0.06664,
    0.07398,
    0.08033,
    0.08743,
    0.09379,
    0.09982,
    0.10617,
    0.10094,
    0.07045
  ],
  "Sp Lisbon": [
    0.02509,
    0.06376,
    0.11164,
    0.12777,
    0.12117,
    0.10697,
    0.08894,
    0.0811,
    0.0663,
    0.05332,
    0.04172,
    0.03484,
    0.02689,
    0.01981,
    0.01493,
    0.00905,
    0.00486,
    0.00184
  ],
  "Sp Braga": [
    0.0102,
    0.03206,
    0.0666,
    0.09019,
    0.09815,
    0.09367,
    0.09346,
    0.08895,
    0.08083,
    0.0722,
    0.06389,
    0.05301,
    0.04585,
    0.03917,
    0.03099,
    0.02172,
    0.01308,
    0.00598
  ],
  "Moreirense": [
    0.00213,
    0.00894,
    0.02334,
    0.0381,
    0.04949,
    0.05801,
    0.06676,
    0.06902,
    0.07667,
    0.07797,
    0.07912,
    0.08033,
    0.07878,
    0.07666,
    0.06962,
    0.0648,
    0.05169,
    0.02857
  ],
  "Setubal": [
    0.00113,
    0.00475,
    0.0153,
    0.02582,
    0.0351,
    0.04481,
    0.05047,
    0.05756,
    0.06384,
    0.06995,
    0.07581,
    0.07952,
    0.08444,
    0.08808,
    0.08939,
    0.08551,
    0.07771,
    0.05081
  ],
  "Tondela": [
    0.00319,
    0.01362,
    0.03447,
    0.05189,
    0.06239,
    0.06785,
    0.07118,
    0.07304,
    0.07474,
    0.07398,
    0.07382,
    0.07542,
    0.07354,
    0.07016,
    0.06396,
    0.05459,
    0.04131,
    0.02085
  ],
  "Rio Ave": [
    0.00282,
    0.01217,
    0.03132,
    0.04865,
    0.06054,
    0.07022,
    0.07324,
    0.07852,
    0.08092,
    0.07839,
    0.08351,
    0.07827,
    0.07406,
    0.0664,
    0.05801,
    0.04876,
    0.03645,
    0.01775
  ],
  "Guimaraes": [
    0.00787,
    0.0275,
    0.06048,
    0.08098,
    0.08628,
    0.0893,
    0.08706,
    0.08444,
    0.07673,
    0.07343,
    0.06648,
    0.0598,
    0.05113,
    0.0466,
    0.03849,
    0.03203,
    0.02189,
    0.00951
  ]
}