{
  "Fluminense / RJ": [
    0.00176,
    0.30083,
    0.3055,
    0.20412,
    0.12713,
    0.04696,
    0.01132,
    0.00201,
    0.00029,
    7e-05,
    1e-05,
    0.0,
    0.0,
    0.0,
    0.0,
    0.0,
    0.0,
    0.0,
    0.0,
    0.0
  ],
  "Santos / SP": [
    0.0,
    0.0,
    3e-05,
    0.00065,
    0.00244,
    0.01032,
    0.04008,
    0.09896,
    0.15452,
    0.16025,
    0.14755,
    0.12974,
    0.10806,
    0.08368,
    0.04242,
    0.01639,
    0.00421,
    0.00069,
    1e-05,
    0.0
  ],
  "Atlético Goianiense / GO": [
    0.0,
    0.0,
    0.0,
    0.0,
    0.0,
    0.0,
    0.0,
    0.0,
    1e-05,
    3e-05,
    5e-05,
    0.00016,
    0.00037,
    0.00136,
    0.00508,
    0.01658,
    0.05415,
    0.1933,
    0.59044,
    0.13847
  ],
  "Flamengo / RJ": [
    0.00014,
    0.05573,
    0.15156,
    0.2367,
    0.24324,
    0.18293,
    0.09246,
    0.0281,
    0.00704,
    0.00159,
    0.00043,
    7e-05,
    1e-05,
    0.0,
    0.0,
    0.0,
    0.0,
    0.0,
    0.0,
    0.0
  ],
  "Palmeiras / SP": [
    0.99105,
    0.00861,
    0.00034,
    0.0,
    0.0,
    0.0,
    0.0,
    0.0,
    0.0,
    0.0,
    0.0,
    0.0,
    0.0,
    0.0,
    0.0,
    0.0,
    0.0,
    0.0,
    0.0,
    0.0
  ],
  "Ceará / CE": [
    0.0,
    0.0,
    0.0,
    0.0,
    0.0,
    1e-05,
    0.00021,
    0.00156,
    0.00534,
    0.01279,
    0.02459,
    0.04454,
    0.07292,
    0.12806,
    0.2235,
    0.234,
    0.16553,
    0.07162,
    0.01496,
    0.00037
  ],
  "Coritiba / PR": [
    0.0,
    0.0,
    0.0,
    0.0,
    0.0,
    2e-05,
    0.00021,
    0.0009,
    0.00313,
    0.00785,
    0.0151,
    0.02832,
    0.04882,
    0.09361,
    0.1821,
    0.25524,
    0.23762,
    0.10587,
    0.0204,
    0.00081
  ],
  "Goiás / GO": [
    0.0,
    0.0,
    0.0,
    0.00011,
    0.00077,
    0.00398,
    0.01971,
    0.06198,
    0.10045,
    0.12931,
    0.15263,
    0.15825,
    0.15214,
    0.11895,
    0.06587,
    0.02727,
    0.00772,
    0.00082,
    4e-05,
    0.0
  ],
  "Atlético Mineiro / MG": [
    0.0,
    0.00129,
    0.01246,
    0.04672,
    0.09509,
    0.18203,
    0.34242,
    0.16866,
    0.07848,
    0.03871,
    0.01945,
    0.00911,
    0.00386,
    0.0014,
    0.00027,
    5e-05,
    0.0,
    0.0,
    0.0,
    0.0
  ],
  "Internacional / RS": [
    0.00692,
    0.53416,
    0.23087,
    0.12512,
    0.07197,
    0.02486,
    0.00532,
    0.00071,
    6e-05,
    1e-05,
    0.0,
    0.0,
    0.0,
    0.0,
    0.0,
    0.0,
    0.0,
    0.0,
    0.0,
    0.0
  ],
  "Botafogo / RJ": [
    0.0,
    0.0,
    2e-05,
    0.00013,
    0.00055,
    0.00411,
    0.01884,
    0.05066,
    0.08624,
    0.11579,
    0.14201,
    0.15629,
    0.15933,
    0.13752,
    0.07996,
    0.03601,
    0.01088,
    0.00162,
    4e-05,
    0.0
  ],
  "Corinthians / SP": [
    0.00011,
    0.08031,
    0.22467,
    0.25516,
    0.21691,
    0.15097,
    0.05779,
    0.01185,
    0.00189,
    0.00028,
    6e-05,
    0.0,
    0.0,
    0.0,
    0.0,
    0.0,
    0.0,
    0.0,
    0.0,
    0.0
  ],
  "Fortaleza / CE": [
    0.0,
    0.0,
    2e-05,
    0.00013,
    0.00106,
    0.00629,
    0.02776,
    0.07032,
    0.11204,
    0.13956,
    0.15397,
    0.15229,
    0.13473,
    0.10782,
    0.06066,
    0.02529,
    0.00716,
    0.00086,
    4e-05,
    0.0
  ],
  "Cuiabá / MT": [
    0.0,
    0.0,
    0.0,
    0.0,
    0.0,
    0.0,
    4e-05,
    0.0003,
    0.00156,
    0.00404,
    0.01032,
    0.02013,
    0.03668,
    0.06905,
    0.14481,
    0.22052,
    0.28508,
    0.16614,
    0.04041,
    0.00092
  ],
  "São Paulo / SP": [
    0.0,
    0.0,
    0.0002,
    0.00109,
    0.00455,
    0.02074,
    0.07477,
    0.15343,
    0.17755,
    0.15884,
    0.12749,
    0.10518,
    0.08128,
    0.05532,
    0.02744,
    0.00982,
    0.00215,
    0.00014,
    1e-05,
    0.0
  ],
  "Athletico Paranaense / PR": [
    2e-05,
    0.01895,
    0.07342,
    0.12515,
    0.22096,
    0.31697,
    0.16431,
    0.05477,
    0.01747,
    0.00568,
    0.00169,
    0.00047,
    8e-05,
    6e-05,
    0.0,
    0.0,
    0.0,
    0.0,
    0.0,
    0.0
  ],
  "Avaí / SC": [
    0.0,
    0.0,
    0.0,
    0.0,
    0.0,
    0.0,
    0.0,
    0.0,
    0.00013,
    0.00038,
    0.00119,
    0.00262,
    0.00622,
    0.01642,
    0.04064,
    0.09141,
    0.19438,
    0.4321,
    0.2003,
    0.01421
  ],
  "América / MG": [
    0.0,
    0.00012,
    0.00091,
    0.00488,
    0.01513,
    0.04792,
    0.13635,
    0.26671,
    0.19387,
    0.13541,
    0.08981,
    0.05683,
    0.03176,
    0.01524,
    0.00436,
    0.00069,
    1e-05,
    0.0,
    0.0,
    0.0
  ],
  "Juventude / RS": [
    0.0,
    0.0,
    0.0,
    0.0,
    0.0,
    0.0,
    0.0,
    0.0,
    0.0,
    0.0,
    0.0,
    0.0,
    0.0,
    1e-05,
    9e-05,
    0.00054,
    0.00271,
    0.01862,
    0.13281,
    0.84522
  ],
  "Red Bull Bragantino / SP": [
    0.0,
    0.0,
    0.0,
    4e-05,
    0.0002,
    0.00189,
    0.00841,
    0.02908,
    0.05993,
    0.08941,
    0.11365,
    0.136,
    0.16374,
    0.1715,
    0.1228,
    0.06619,
    0.0284,
    0.00822,
    0.00054,
    0.0
  ]
}