{
  "Cuiabá / MT": [
    3e-05,
    0.0001,
    0.0003,
    0.00081,
    0.00181,
    0.0036,
    0.00616,
    0.0109,
    0.01701,
    0.02656,
    0.03693,
    0.0522,
    0.06636,
    0.08174,
    0.09905,
    0.11461,
    0.12043,
    0.12779,
    0.12774,
    0.10587
  ],
  "Juventude / RS": [
    6e-05,
    0.00041,
    0.0014,
    0.00377,
    0.00729,
    0.01211,
    0.0205,
    0.02973,
    0.04249,
    0.05599,
    0.06921,
    0.08519,
    0.09761,
    0.10529,
    0.10951,
    0.10526,
    0.09332,
    0.07724,
    0.05405,
    0.02957
  ],
  "Bahia / BA": [
    0.01268,
    0.03193,
    0.05688,
    0.08552,
    0.10666,
    0.11714,
    0.11658,
    0.10872,
    0.09399,
    0.07796,
    0.06077,
    0.04633,
    0.03237,
    0.02185,
    0.01378,
    0.00877,
    0.00487,
    0.00221,
    0.00077,
    0.00022
  ],
  "Santos / SP": [
    0.00163,
    0.00446,
    0.01165,
    0.0217,
    0.03591,
    0.05266,
    0.0685,
    0.08347,
    0.09603,
    0.10429,
    0.10621,
    0.10123,
    0.08789,
    0.07281,
    0.05618,
    0.03953,
    0.02775,
    0.0167,
    0.00855,
    0.00285
  ],
  "São Paulo / SP": [
    0.00011,
    0.00042,
    0.00139,
    0.00336,
    0.00686,
    0.01165,
    0.01941,
    0.02843,
    0.04221,
    0.05678,
    0.07355,
    0.09108,
    0.10819,
    0.11631,
    0.10781,
    0.10197,
    0.09133,
    0.07015,
    0.04577,
    0.02322
  ],
  "Fluminense / RJ": [
    0.00437,
    0.01287,
    0.02604,
    0.04357,
    0.063,
    0.07957,
    0.09512,
    0.10252,
    0.10822,
    0.10277,
    0.09434,
    0.07952,
    0.06331,
    0.04457,
    0.03269,
    0.02198,
    0.01317,
    0.00805,
    0.00316,
    0.00116
  ],
  "Atlético Mineiro / MG": [
    0.03129,
    0.06038,
    0.08952,
    0.11248,
    0.12893,
    0.12425,
    0.11045,
    0.09335,
    0.07422,
    0.05871,
    0.0429,
    0.03082,
    0.01834,
    0.01145,
    0.00702,
    0.00334,
    0.00163,
    0.00067,
    0.00021,
    4e-05
  ],
  "Fortaleza / CE": [
    0.10155,
    0.13932,
    0.16133,
    0.15573,
    0.12638,
    0.09579,
    0.07013,
    0.0507,
    0.03648,
    0.02464,
    0.01647,
    0.00961,
    0.0057,
    0.00346,
    0.00144,
    0.00086,
    0.00026,
    0.00015,
    0.0,
    0.0
  ],
  "Flamengo / RJ": [
    0.01769,
    0.03752,
    0.06025,
    0.08704,
    0.10481,
    0.11191,
    0.10838,
    0.10132,
    0.08894,
    0.07601,
    0.06258,
    0.04639,
    0.03758,
    0.02536,
    0.01572,
    0.0096,
    0.00498,
    0.00254,
    0.00102,
    0.00036
  ],
  "Palmeiras / SP": [
    0.26085,
    0.23004,
    0.17574,
    0.12269,
    0.08081,
    0.05294,
    0.03181,
    0.01958,
    0.01137,
    0.00683,
    0.00378,
    0.00204,
    0.00082,
    0.00043,
    0.00016,
    9e-05,
    1e-05,
    1e-05,
    0.0,
    0.0
  ],
  "Ceará / CE": [
    0.00168,
    0.00604,
    0.01311,
    0.02438,
    0.0389,
    0.05415,
    0.06958,
    0.08513,
    0.09412,
    0.10195,
    0.10744,
    0.10158,
    0.08759,
    0.07151,
    0.05453,
    0.03892,
    0.02531,
    0.01493,
    0.00696,
    0.00219
  ],
  "Grêmio / RS": [
    0.0,
    0.0,
    1e-05,
    4e-05,
    9e-05,
    0.00023,
    0.00047,
    0.00127,
    0.00212,
    0.00367,
    0.00677,
    0.01108,
    0.01841,
    0.0291,
    0.04461,
    0.06577,
    0.09972,
    0.14563,
    0.21926,
    0.35175
  ],
  "Corinthians / SP": [
    0.00315,
    0.00938,
    0.02024,
    0.03612,
    0.05353,
    0.07116,
    0.0871,
    0.0964,
    0.10439,
    0.10362,
    0.09863,
    0.08569,
    0.07115,
    0.05503,
    0.0414,
    0.02872,
    0.01845,
    0.00975,
    0.00446,
    0.00163
  ],
  "Atlético Goianiense / GO": [
    0.00788,
    0.02102,
    0.03843,
    0.0604,
    0.08377,
    0.09928,
    0.10772,
    0.1084,
    0.10151,
    0.08999,
    0.07688,
    0.0626,
    0.04882,
    0.03519,
    0.02497,
    0.01621,
    0.00865,
    0.00517,
    0.00245,
    0.00066
  ],
  "Athletico Paranaense / PR": [
    0.18089,
    0.20218,
    0.18737,
    0.14325,
    0.09959,
    0.06762,
    0.0449,
    0.02954,
    0.01858,
    0.01112,
    0.00697,
    0.00406,
    0.00209,
    0.00092,
    0.00061,
    0.0002,
    0.0001,
    1e-05,
    0.0,
    0.0
  ],
  "América / MG": [
    8e-05,
    0.00021,
    0.00058,
    0.00151,
    0.00332,
    0.00645,
    0.01124,
    0.01761,
    0.02611,
    0.03757,
    0.05091,
    0.06487,
    0.08185,
    0.09921,
    0.11284,
    0.11886,
    0.12022,
    0.10792,
    0.08693,
    0.05171
  ],
  "Chapecoense / SC": [
    0.0,
    0.0,
    0.0,
    8e-05,
    0.00021,
    0.00037,
    0.00105,
    0.00239,
    0.00382,
    0.0068,
    0.01075,
    0.01773,
    0.02753,
    0.03956,
    0.05503,
    0.07791,
    0.11058,
    0.15823,
    0.21443,
    0.27353
  ],
  "Red Bull Bragantino / SP": [
    0.37604,
    0.24361,
    0.15522,
    0.0964,
    0.05493,
    0.03276,
    0.01894,
    0.01035,
    0.0058,
    0.00305,
    0.00148,
    0.00079,
    0.00043,
    0.00012,
    5e-05,
    3e-05,
    0.0,
    0.0,
    0.0,
    0.0
  ],
  "Internacional / RS": [
    1e-05,
    7e-05,
    0.00034,
    0.00065,
    0.00195,
    0.00386,
    0.00714,
    0.01152,
    0.01916,
    0.02875,
    0.03972,
    0.05812,
    0.08033,
    0.10239,
    0.12034,
    0.13061,
    0.13121,
    0.11948,
    0.09257,
    0.05178
  ],
  "Sport / PE": [
    1e-05,
    4e-05,
    0.0002,
    0.0005,
    0.00125,
    0.0025,
    0.00482,
    0.00867,
    0.01343,
    0.02294,
    0.03371,
    0.04907,
    0.06363,
    0.0837,
    0.10226,
    0.11676,
    0.12801,
    0.13337,
    0.13167,
    0.10346
  ]
}