{
  "Burnley": [
    0.0,
    0.0,
    0.0,
    0.0,
    0.0,
    0.0,
    0.0,
    0.0,
    0.0,
    1e-05,
    1e-05,
    5e-05,
    0.00017,
    0.00073,
    0.00281,
    0.01143,
    0.04254,
    0.16732,
    0.64268,
    0.13225
  ],
  "Man City": [
    0.15517,
    0.23678,
    0.25578,
    0.19693,
    0.11271,
    0.03144,
    0.00835,
    0.00211,
    0.00056,
    0.0001,
    4e-05,
    1e-05,
    1e-05,
    1e-05,
    0.0,
    0.0,
    0.0,
    0.0,
    0.0,
    0.0
  ],
  "Arsenal": [
    0.27726,
    0.26703,
    0.2136,
    0.144,
    0.07426,
    0.01822,
    0.00425,
    0.00107,
    0.00027,
    4e-05,
    0.0,
    0.0,
    0.0,
    0.0,
    0.0,
    0.0,
    0.0,
    0.0,
    0.0,
    0.0
  ],
  "Nott'm Forest": [
    0.0,
    0.0,
    0.0,
    0.0,
    0.0,
    1e-05,
    1e-05,
    0.00013,
    0.00047,
    0.00125,
    0.00365,
    0.01063,
    0.02598,
    0.06177,
    0.12507,
    0.22189,
    0.31185,
    0.19531,
    0.04071,
    0.00127
  ],
  "Bournemouth": [
    0.0,
    0.0,
    0.0,
    0.0,
    3e-05,
    0.00018,
    0.0008,
    0.00265,
    0.00623,
    0.01395,
    0.02886,
    0.05877,
    0.10786,
    0.18836,
    0.24537,
    0.187,
    0.11203,
    0.04289,
    0.00494,
    8e-05
  ],
  "West Ham": [
    0.0,
    0.00016,
    0.00083,
    0.00376,
    0.01674,
    0.06121,
    0.11617,
    0.15532,
    0.16621,
    0.15688,
    0.13092,
    0.09381,
    0.05812,
    0.02722,
    0.00933,
    0.00267,
    0.00061,
    4e-05,
    0.0,
    0.0
  ],
  "Brighton": [
    0.00056,
    0.00206,
    0.00766,
    0.02472,
    0.07875,
    0.20567,
    0.22634,
    0.16949,
    0.1202,
    0.07844,
    0.04598,
    0.02468,
    0.01068,
    0.0036,
    0.00094,
    0.0002,
    2e-05,
    1e-05,
    0.0,
    0.0
  ],
  "Luton": [
    0.0,
    0.0,
    0.0,
    0.0,
    0.0,
    0.0,
    0.0,
    0.0,
    0.0,
    0.0001,
    0.00033,
    0.0012,
    0.00328,
    0.01198,
    0.04228,
    0.10297,
    0.21388,
    0.44842,
    0.16111,
    0.01445
  ],
  "Everton": [
    0.0,
    0.0,
    0.0,
    0.0001,
    0.00076,
    0.00602,
    0.01766,
    0.03572,
    0.06158,
    0.09557,
    0.13876,
    0.185,
    0.18745,
    0.14679,
    0.08113,
    0.03165,
    0.00983,
    0.0019,
    8e-05,
    0.0
  ],
  "Fulham": [
    0.0,
    0.0,
    0.0,
    5e-05,
    0.00056,
    0.00336,
    0.01194,
    0.02462,
    0.04349,
    0.07192,
    0.11021,
    0.15504,
    0.18697,
    0.17378,
    0.12492,
    0.06452,
    0.02385,
    0.0043,
    0.00046,
    1e-05
  ],
  "Sheffield United": [
    0.0,
    0.0,
    0.0,
    0.0,
    0.0,
    0.0,
    0.0,
    0.0,
    0.0,
    0.0,
    0.0,
    0.0,
    0.0,
    0.0,
    0.0,
    0.00022,
    0.00132,
    0.01394,
    0.13299,
    0.85153
  ],
  "Crystal Palace": [
    0.0,
    0.0,
    0.0,
    0.0,
    0.0,
    4e-05,
    0.00012,
    0.00044,
    0.00102,
    0.00339,
    0.008,
    0.02015,
    0.04336,
    0.08649,
    0.17242,
    0.28134,
    0.24786,
    0.11865,
    0.01631,
    0.00041
  ],
  "Newcastle": [
    0.02257,
    0.06701,
    0.12605,
    0.22095,
    0.31643,
    0.15201,
    0.05928,
    0.02218,
    0.00883,
    0.00319,
    0.00111,
    0.0003,
    6e-05,
    2e-05,
    1e-05,
    0.0,
    0.0,
    0.0,
    0.0,
    0.0
  ],
  "Aston Villa": [
    0.08282,
    0.15494,
    0.21728,
    0.261,
    0.18243,
    0.0697,
    0.02176,
    0.0069,
    0.00222,
    0.00073,
    0.0002,
    2e-05,
    0.0,
    0.0,
    0.0,
    0.0,
    0.0,
    0.0,
    0.0,
    0.0
  ],
  "Brentford": [
    0.0,
    2e-05,
    0.00014,
    0.00114,
    0.00554,
    0.02358,
    0.05417,
    0.09264,
    0.13029,
    0.15995,
    0.17361,
    0.142,
    0.10239,
    0.0657,
    0.03335,
    0.01182,
    0.00319,
    0.00045,
    2e-05,
    0.0
  ],
  "Tottenham": [
    0.00125,
    0.00645,
    0.02064,
    0.05816,
    0.14088,
    0.27647,
    0.20715,
    0.12926,
    0.07645,
    0.04325,
    0.02311,
    0.0105,
    0.00436,
    0.00167,
    0.00034,
    5e-05,
    1e-05,
    0.0,
    0.0,
    0.0
  ],
  "Chelsea": [
    0.0,
    0.00015,
    0.00087,
    0.00529,
    0.02185,
    0.07693,
    0.13447,
    0.16991,
    0.16997,
    0.14872,
    0.11196,
    0.07428,
    0.04537,
    0.02588,
    0.01031,
    0.00321,
    0.00075,
    8e-05,
    0.0,
    0.0
  ],
  "Liverpool": [
    0.46035,
    0.26522,
    0.15632,
    0.07965,
    0.0311,
    0.00608,
    0.00101,
    0.00022,
    3e-05,
    2e-05,
    0.0,
    0.0,
    0.0,
    0.0,
    0.0,
    0.0,
    0.0,
    0.0,
    0.0,
    0.0
  ],
  "Man United": [
    2e-05,
    0.00018,
    0.00083,
    0.0042,
    0.01776,
    0.06683,
    0.12748,
    0.16729,
    0.17591,
    0.16023,
    0.1248,
    0.08,
    0.04397,
    0.0213,
    0.00734,
    0.0016,
    0.00022,
    4e-05,
    0.0,
    0.0
  ],
  "Wolves": [
    0.0,
    0.0,
    0.0,
    5e-05,
    0.0002,
    0.00225,
    0.00904,
    0.02005,
    0.03627,
    0.06226,
    0.09845,
    0.14356,
    0.17997,
    0.1847,
    0.14438,
    0.07943,
    0.03204,
    0.00665,
    0.0007,
    0.0
  ]
}