{
  "Le Havre": [
    0.0,
    0.0,
    0.0,
    0.0,
    0.0,
    0.0,
    0.0,
    5e-05,
    0.00012,
    0.00033,
    0.00134,
    0.00312,
    0.00817,
    0.01934,
    0.04561,
    0.10529,
    0.24301,
    0.57362
  ],
  "Paris SG": [
    0.97759,
    0.02036,
    0.00181,
    0.0002,
    3e-05,
    1e-05,
    0.0,
    0.0,
    0.0,
    0.0,
    0.0,
    0.0,
    0.0,
    0.0,
    0.0,
    0.0,
    0.0,
    0.0
  ],
  "Brest": [
    0.0,
    0.00186,
    0.00834,
    0.01981,
    0.04039,
    0.06997,
    0.10864,
    0.15489,
    0.17822,
    0.15794,
    0.1114,
    0.07177,
    0.0444,
    0.02172,
    0.00818,
    0.00208,
    0.00036,
    3e-05
  ],
  "Marseille": [
    0.01822,
    0.58075,
    0.21155,
    0.09932,
    0.04983,
    0.02391,
    0.01061,
    0.00385,
    0.00142,
    0.00045,
    6e-05,
    2e-05,
    1e-05,
    0.0,
    0.0,
    0.0,
    0.0,
    0.0
  ],
  "Reims": [
    0.0,
    5e-05,
    0.00064,
    0.00219,
    0.006,
    0.01341,
    0.02995,
    0.05551,
    0.09262,
    0.13999,
    0.16914,
    0.16501,
    0.1323,
    0.09627,
    0.05947,
    0.02822,
    0.0081,
    0.00113
  ],
  "Lille": [
    0.00061,
    0.07569,
    0.15848,
    0.19885,
    0.18752,
    0.14899,
    0.10634,
    0.06409,
    0.03505,
    0.01545,
    0.00628,
    0.00183,
    0.00056,
    0.00023,
    3e-05,
    0.0,
    0.0,
    0.0
  ],
  "Monaco": [
    0.00124,
    0.10606,
    0.18994,
    0.20194,
    0.17898,
    0.1349,
    0.09106,
    0.05321,
    0.02588,
    0.0108,
    0.00421,
    0.0013,
    0.00039,
    6e-05,
    3e-05,
    0.0,
    0.0,
    0.0
  ],
  "St Etienne": [
    0.0,
    0.0,
    0.0,
    0.0,
    3e-05,
    9e-05,
    0.00026,
    0.00093,
    0.00272,
    0.00682,
    0.01469,
    0.03328,
    0.0674,
    0.1249,
    0.20228,
    0.2667,
    0.19398,
    0.08592
  ],
  "Auxerre": [
    0.0,
    0.0001,
    0.00051,
    0.00167,
    0.00438,
    0.01121,
    0.02354,
    0.04754,
    0.08111,
    0.12322,
    0.16151,
    0.17591,
    0.15784,
    0.11213,
    0.06251,
    0.02617,
    0.00868,
    0.00197
  ],
  "Nice": [
    0.00205,
    0.15878,
    0.26509,
    0.20814,
    0.14924,
    0.09922,
    0.05953,
    0.03338,
    0.01559,
    0.00586,
    0.00228,
    0.00062,
    0.00022,
    0.0,
    0.0,
    0.0,
    0.0,
    0.0
  ],
  "Angers": [
    0.0,
    0.0,
    0.0002,
    0.00081,
    0.00203,
    0.00543,
    0.01391,
    0.03104,
    0.0588,
    0.09912,
    0.14292,
    0.17044,
    0.1751,
    0.14135,
    0.09122,
    0.04901,
    0.01574,
    0.00288
  ],
  "Lens": [
    8e-05,
    0.02544,
    0.07204,
    0.10871,
    0.14466,
    0.16874,
    0.16402,
    0.13046,
    0.09001,
    0.05234,
    0.02517,
    0.01159,
    0.00479,
    0.0014,
    0.00051,
    4e-05,
    0.0,
    0.0
  ],
  "Montpellier": [
    0.0,
    0.0,
    0.0,
    0.0,
    0.0,
    0.0,
    3e-05,
    0.00015,
    0.00043,
    0.00152,
    0.0046,
    0.01009,
    0.02167,
    0.04895,
    0.10083,
    0.19026,
    0.34742,
    0.27405
  ],
  "Strasbourg": [
    0.0,
    0.00414,
    0.01809,
    0.03974,
    0.07136,
    0.10986,
    0.1482,
    0.1756,
    0.15757,
    0.11642,
    0.07272,
    0.04491,
    0.02393,
    0.01185,
    0.00434,
    0.00104,
    0.00023,
    0.0
  ],
  "Toulouse": [
    0.0,
    0.00045,
    0.00265,
    0.00723,
    0.01769,
    0.03617,
    0.06741,
    0.10779,
    0.14821,
    0.16359,
    0.14691,
    0.11817,
    0.09229,
    0.0536,
    0.02563,
    0.00981,
    0.00219,
    0.00021
  ],
  "Nantes": [
    0.0,
    0.0,
    0.0,
    5e-05,
    0.00021,
    0.00078,
    0.00257,
    0.00658,
    0.01626,
    0.03008,
    0.05173,
    0.07908,
    0.11976,
    0.17509,
    0.21118,
    0.17287,
    0.10055,
    0.03321
  ],
  "Rennes": [
    0.0,
    0.0,
    1e-05,
    6e-05,
    0.00016,
    0.00069,
    0.00224,
    0.00615,
    0.01459,
    0.03126,
    0.0613,
    0.10204,
    0.14674,
    0.19171,
    0.18786,
    0.14848,
    0.07973,
    0.02698
  ],
  "Lyon": [
    0.00021,
    0.02632,
    0.07065,
    0.11128,
    0.14749,
    0.17662,
    0.17169,
    0.12878,
    0.0814,
    0.04481,
    0.02374,
    0.01082,
    0.00443,
    0.0014,
    0.00032,
    3e-05,
    1e-05,
    0.0
  ]
}