{
  "São Paulo / SP": [
    2e-05,
    0.00415,
    0.01274,
    0.02671,
    0.03748,
    0.0491,
    0.05916,
    0.06809,
    0.07519,
    0.07942,
    0.08244,
    0.08678,
    0.08649,
    0.0809,
    0.07394,
    0.06285,
    0.04942,
    0.03613,
    0.02169,
    0.0073
  ],
  "Sport / PE": [
    0.0,
    0.0,
    1e-05,
    2e-05,
    7e-05,
    0.00035,
    0.00045,
    0.0008,
    0.00152,
    0.00236,
    0.00397,
    0.00614,
    0.00951,
    0.01578,
    0.02637,
    0.03885,
    0.0662,
    0.11317,
    0.20663,
    0.5078
  ],
  "Cruzeiro / MG": [
    0.00232,
    0.06148,
    0.11071,
    0.13663,
    0.13412,
    0.1145,
    0.09744,
    0.07925,
    0.0642,
    0.05063,
    0.04193,
    0.03311,
    0.02501,
    0.01778,
    0.01283,
    0.00898,
    0.00508,
    0.00252,
    0.00118,
    0.0003
  ],
  "Mirassol / SP": [
    0.0003,
    0.01149,
    0.02945,
    0.04867,
    0.06536,
    0.07446,
    0.08169,
    0.08483,
    0.08416,
    0.08295,
    0.08089,
    0.07436,
    0.06763,
    0.05899,
    0.05016,
    0.03925,
    0.03008,
    0.02019,
    0.01169,
    0.0034
  ],
  "Grêmio / RS": [
    0.0,
    1e-05,
    0.00019,
    0.00054,
    0.00127,
    0.00257,
    0.00403,
    0.00692,
    0.00978,
    0.01467,
    0.02011,
    0.02957,
    0.0407,
    0.0516,
    0.0693,
    0.09474,
    0.12769,
    0.16007,
    0.20348,
    0.16276
  ],
  "Atlético Mineiro / MG": [
    1e-05,
    0.00025,
    0.00112,
    0.00277,
    0.00559,
    0.0091,
    0.0152,
    0.0197,
    0.02741,
    0.03567,
    0.04656,
    0.05746,
    0.07122,
    0.08446,
    0.10065,
    0.11971,
    0.12483,
    0.12188,
    0.10127,
    0.05514
  ],
  "Fortaleza / CE": [
    5e-05,
    0.00524,
    0.01643,
    0.03305,
    0.05013,
    0.06325,
    0.07443,
    0.08248,
    0.08562,
    0.09045,
    0.08987,
    0.08849,
    0.07668,
    0.07048,
    0.06104,
    0.04548,
    0.0323,
    0.02041,
    0.01107,
    0.00305
  ],
  "Fluminense / RJ": [
    0.00025,
    0.01313,
    0.03258,
    0.05555,
    0.07424,
    0.08523,
    0.09227,
    0.09387,
    0.09198,
    0.08964,
    0.07886,
    0.07058,
    0.06168,
    0.05335,
    0.04121,
    0.02915,
    0.01894,
    0.01116,
    0.00491,
    0.00142
  ],
  "Juventude / RS": [
    0.0,
    9e-05,
    0.00061,
    0.00167,
    0.00322,
    0.00576,
    0.00908,
    0.01305,
    0.01798,
    0.02433,
    0.03194,
    0.04224,
    0.05818,
    0.07484,
    0.09232,
    0.11161,
    0.13098,
    0.14254,
    0.1431,
    0.09646
  ],
  "Vitória / BA": [
    0.0,
    0.0005,
    0.0021,
    0.00524,
    0.00899,
    0.01393,
    0.01984,
    0.02557,
    0.03396,
    0.04184,
    0.05223,
    0.0635,
    0.0742,
    0.08816,
    0.10033,
    0.10712,
    0.11211,
    0.10974,
    0.08988,
    0.05076
  ],
  "Flamengo / RJ": [
    0.92175,
    0.06576,
    0.00995,
    0.00181,
    0.00057,
    0.00011,
    4e-05,
    1e-05,
    0.0,
    0.0,
    0.0,
    0.0,
    0.0,
    0.0,
    0.0,
    0.0,
    0.0,
    0.0,
    0.0,
    0.0
  ],
  "Internacional / RS": [
    0.00549,
    0.10374,
    0.17348,
    0.17114,
    0.13843,
    0.10608,
    0.08113,
    0.05979,
    0.04618,
    0.03678,
    0.02704,
    0.01889,
    0.0132,
    0.00804,
    0.00544,
    0.00287,
    0.00145,
    0.00064,
    0.00014,
    5e-05
  ],
  "Palmeiras / SP": [
    0.05241,
    0.4626,
    0.22592,
    0.11258,
    0.06038,
    0.03496,
    0.02073,
    0.01202,
    0.00802,
    0.00489,
    0.00262,
    0.00146,
    0.00073,
    0.00042,
    0.00022,
    3e-05,
    1e-05,
    0.0,
    0.0,
    0.0
  ],
  "Botafogo / RJ": [
    0.00029,
    0.01252,
    0.0323,
    0.05641,
    0.0737,
    0.08426,
    0.08676,
    0.09275,
    0.09245,
    0.09057,
    0.08567,
    0.074,
    0.06291,
    0.05129,
    0.03834,
    0.02862,
    0.01871,
    0.01145,
    0.00529,
    0.00171
  ],
  "Vasco da Gama / RJ": [
    2e-05,
    0.00184,
    0.00591,
    0.01223,
    0.01977,
    0.02778,
    0.03642,
    0.04642,
    0.05681,
    0.06641,
    0.07657,
    0.08305,
    0.09262,
    0.09499,
    0.09522,
    0.08897,
    0.07646,
    0.06065,
    0.04126,
    0.0166
  ],
  "Santos / SP": [
    0.0,
    0.00019,
    0.0008,
    0.0023,
    0.0046,
    0.00704,
    0.01156,
    0.0161,
    0.02272,
    0.02843,
    0.03776,
    0.04783,
    0.0605,
    0.07546,
    0.09251,
    0.11172,
    0.12674,
    0.13752,
    0.13124,
    0.08498
  ],
  "Bahia / BA": [
    0.0004,
    0.0126,
    0.034,
    0.05645,
    0.07565,
    0.08703,
    0.09166,
    0.09186,
    0.08964,
    0.084,
    0.07756,
    0.07023,
    0.06122,
    0.05331,
    0.04177,
    0.03077,
    0.02165,
    0.01269,
    0.00595,
    0.00156
  ],
  "Corinthians / SP": [
    0.00024,
    0.00951,
    0.02576,
    0.04495,
    0.0597,
    0.07113,
    0.07674,
    0.0806,
    0.08003,
    0.07999,
    0.07771,
    0.07508,
    0.07102,
    0.06559,
    0.05656,
    0.04825,
    0.03511,
    0.02402,
    0.01377,
    0.00424
  ],
  "Red Bull Bragantino / SP": [
    0.01616,
    0.22148,
    0.25014,
    0.17068,
    0.11009,
    0.07514,
    0.05191,
    0.03535,
    0.02422,
    0.01576,
    0.01078,
    0.0077,
    0.00479,
    0.00281,
    0.00167,
    0.00075,
    0.0004,
    0.00013,
    4e-05,
    0.0
  ],
  "Ceará / CE": [
    0.00029,
    0.01342,
    0.0358,
    0.0606,
    0.07664,
    0.08822,
    0.08946,
    0.09054,
    0.08813,
    0.08121,
    0.07549,
    0.06953,
    0.06171,
    0.05175,
    0.04012,
    0.03028,
    0.02184,
    0.01509,
    0.00741,
    0.00247
  ]
}