{
  "Volendam": [
    0.0,
    0.0,
    0.0,
    0.0,
    0.0,
    0.0,
    3e-05,
    2e-05,
    0.00015,
    0.0004,
    0.00094,
    0.00241,
    0.00564,
    0.01502,
    0.04589,
    0.1307,
    0.30444,
    0.49436
  ],
  "Vitesse": [
    0.0,
    0.0,
    0.0,
    0.0,
    0.0,
    0.0,
    0.0,
    4e-05,
    0.00022,
    0.00056,
    0.00127,
    0.00288,
    0.00784,
    0.01961,
    0.05868,
    0.15725,
    0.36532,
    0.38633
  ],
  "PSV Eindhoven": [
    0.984,
    0.01591,
    8e-05,
    1e-05,
    0.0,
    0.0,
    0.0,
    0.0,
    0.0,
    0.0,
    0.0,
    0.0,
    0.0,
    0.0,
    0.0,
    0.0,
    0.0,
    0.0
  ],
  "Utrecht": [
    0.0,
    0.0,
    0.0,
    0.00048,
    0.00373,
    0.02211,
    0.05095,
    0.09294,
    0.1161,
    0.13783,
    0.14127,
    0.13743,
    0.12199,
    0.09598,
    0.0547,
    0.02037,
    0.00372,
    0.0004
  ],
  "Heerenveen": [
    0.0,
    0.0,
    0.0,
    0.0003,
    0.00246,
    0.01574,
    0.04065,
    0.07221,
    0.09958,
    0.12743,
    0.1416,
    0.1398,
    0.13373,
    0.1137,
    0.07301,
    0.03101,
    0.00769,
    0.00109
  ],
  "Waalwijk": [
    0.0,
    0.0,
    0.0,
    0.0,
    0.0,
    3e-05,
    0.00026,
    0.0008,
    0.00228,
    0.0065,
    0.01434,
    0.02534,
    0.04645,
    0.09288,
    0.18532,
    0.32847,
    0.20422,
    0.09311
  ],
  "Ajax": [
    0.0,
    0.00376,
    0.08151,
    0.3226,
    0.37789,
    0.13671,
    0.05096,
    0.01772,
    0.0059,
    0.00195,
    0.00076,
    0.00017,
    7e-05,
    0.0,
    0.0,
    0.0,
    0.0,
    0.0
  ],
  "Heracles": [
    0.0,
    0.0,
    0.0,
    0.0,
    3e-05,
    0.00028,
    0.0016,
    0.00456,
    0.01035,
    0.02144,
    0.03831,
    0.06696,
    0.10397,
    0.16569,
    0.27531,
    0.20576,
    0.08507,
    0.02067
  ],
  "Zwolle": [
    0.0,
    0.0,
    0.00018,
    0.00254,
    0.01773,
    0.07926,
    0.12897,
    0.1808,
    0.17816,
    0.14132,
    0.10541,
    0.07304,
    0.05073,
    0.02889,
    0.00982,
    0.00273,
    0.00038,
    4e-05
  ],
  "Sparta Rotterdam": [
    0.0,
    0.0,
    0.00013,
    0.00281,
    0.01714,
    0.07056,
    0.13455,
    0.17916,
    0.17883,
    0.14532,
    0.1039,
    0.07532,
    0.0498,
    0.02828,
    0.0112,
    0.00266,
    0.00031,
    3e-05
  ],
  "Nijmegen": [
    0.0,
    3e-05,
    0.00232,
    0.02968,
    0.09244,
    0.23922,
    0.24866,
    0.1546,
    0.10243,
    0.06093,
    0.03456,
    0.01989,
    0.00991,
    0.00418,
    0.00106,
    9e-05,
    0.0,
    0.0
  ],
  "Excelsior": [
    0.0,
    0.0,
    0.0,
    9e-05,
    0.00082,
    0.00604,
    0.01905,
    0.0402,
    0.06215,
    0.09092,
    0.11804,
    0.14643,
    0.1637,
    0.16559,
    0.11628,
    0.05381,
    0.01439,
    0.00249
  ],
  "AZ Alkmaar": [
    0.0,
    0.00435,
    0.1244,
    0.42189,
    0.30335,
    0.09918,
    0.03318,
    0.00959,
    0.00275,
    0.00091,
    0.00025,
    0.00014,
    1e-05,
    0.0,
    0.0,
    0.0,
    0.0,
    0.0
  ],
  "Go Ahead Eagles": [
    0.0,
    6e-05,
    0.00534,
    0.04944,
    0.13505,
    0.29789,
    0.22273,
    0.12744,
    0.07518,
    0.04192,
    0.02374,
    0.01257,
    0.00582,
    0.00214,
    0.00056,
    0.00012,
    0.0,
    0.0
  ],
  "Feyenoord": [
    0.01581,
    0.88521,
    0.09218,
    0.00634,
    0.00045,
    1e-05,
    0.0,
    0.0,
    0.0,
    0.0,
    0.0,
    0.0,
    0.0,
    0.0,
    0.0,
    0.0,
    0.0,
    0.0
  ],
  "For Sittard": [
    0.0,
    0.0,
    0.0,
    0.00029,
    0.00232,
    0.01397,
    0.03387,
    0.05882,
    0.07898,
    0.10272,
    0.12745,
    0.14395,
    0.155,
    0.14392,
    0.09314,
    0.03748,
    0.00742,
    0.00067
  ],
  "Almere City": [
    0.0,
    0.0,
    0.0,
    0.00019,
    0.00221,
    0.01262,
    0.03354,
    0.06097,
    0.08691,
    0.11984,
    0.14816,
    0.15367,
    0.14534,
    0.12412,
    0.07503,
    0.02955,
    0.00704,
    0.00081
  ],
  "Twente": [
    0.00019,
    0.09068,
    0.69386,
    0.16334,
    0.04438,
    0.00638,
    0.001,
    0.00013,
    3e-05,
    1e-05,
    0.0,
    0.0,
    0.0,
    0.0,
    0.0,
    0.0,
    0.0,
    0.0
  ]
}