{
  "Lyon": [
    0.16187,
    0.20586,
    0.15392,
    0.11712,
    0.09184,
    0.07208,
    0.05625,
    0.04265,
    0.03156,
    0.02351,
    0.01634,
    0.01111,
    0.00724,
    0.00449,
    0.00213,
    0.00126,
    0.00046,
    0.0002,
    0.00011,
    0.0
  ],
  "Ajaccio": [
    3e-05,
    0.00023,
    0.00072,
    0.00166,
    0.00312,
    0.00459,
    0.00745,
    0.0107,
    0.01545,
    0.02276,
    0.03188,
    0.04431,
    0.05929,
    0.07592,
    0.09731,
    0.11341,
    0.12596,
    0.13397,
    0.13085,
    0.12039
  ],
  "Strasbourg": [
    0.00206,
    0.00786,
    0.01534,
    0.02555,
    0.03491,
    0.04274,
    0.053,
    0.06415,
    0.07444,
    0.08401,
    0.09179,
    0.09532,
    0.09358,
    0.08531,
    0.07291,
    0.05733,
    0.04293,
    0.0299,
    0.01836,
    0.00851
  ],
  "Monaco": [
    0.03418,
    0.07995,
    0.10674,
    0.11578,
    0.11392,
    0.10515,
    0.09397,
    0.08267,
    0.0701,
    0.05689,
    0.04544,
    0.03413,
    0.02406,
    0.01626,
    0.00985,
    0.00579,
    0.00312,
    0.00142,
    0.0004,
    0.00018
  ],
  "Clermont": [
    0.00218,
    0.0081,
    0.01503,
    0.02397,
    0.0336,
    0.0445,
    0.053,
    0.06367,
    0.07411,
    0.08588,
    0.09458,
    0.09575,
    0.09122,
    0.08393,
    0.07271,
    0.05662,
    0.04313,
    0.0304,
    0.01869,
    0.00893
  ],
  "Paris SG": [
    0.00797,
    0.02177,
    0.03644,
    0.04886,
    0.06164,
    0.07404,
    0.08279,
    0.09132,
    0.0934,
    0.09329,
    0.08732,
    0.07827,
    0.06763,
    0.05311,
    0.0397,
    0.02736,
    0.0178,
    0.01034,
    0.0051,
    0.00185
  ],
  "Toulouse": [
    0.00019,
    0.001,
    0.00216,
    0.00438,
    0.00693,
    0.01097,
    0.01648,
    0.02363,
    0.03359,
    0.04422,
    0.05669,
    0.07197,
    0.08439,
    0.09686,
    0.10728,
    0.1115,
    0.10338,
    0.09099,
    0.07771,
    0.05568
  ],
  "Nice": [
    0.01682,
    0.04313,
    0.06742,
    0.08268,
    0.09404,
    0.10085,
    0.10241,
    0.09873,
    0.09001,
    0.07723,
    0.06429,
    0.05071,
    0.03905,
    0.02852,
    0.01846,
    0.01214,
    0.00762,
    0.00362,
    0.00166,
    0.00061
  ],
  "Angers": [
    0.0,
    5e-05,
    0.00018,
    0.00048,
    0.00095,
    0.00192,
    0.00307,
    0.00609,
    0.00878,
    0.01381,
    0.02035,
    0.02914,
    0.04078,
    0.05619,
    0.07583,
    0.09924,
    0.12289,
    0.14788,
    0.17086,
    0.20151
  ],
  "Nantes": [
    0.0259,
    0.0593,
    0.07554,
    0.09105,
    0.09394,
    0.09785,
    0.09643,
    0.09249,
    0.08193,
    0.07355,
    0.06155,
    0.04909,
    0.03735,
    0.02581,
    0.01688,
    0.01032,
    0.00603,
    0.00309,
    0.0015,
    0.0004
  ],
  "Lens": [
    0.53952,
    0.20586,
    0.10418,
    0.05911,
    0.03599,
    0.0227,
    0.0139,
    0.00754,
    0.00478,
    0.00303,
    0.00181,
    0.00074,
    0.00045,
    0.00026,
    6e-05,
    4e-05,
    2e-05,
    1e-05,
    0.0,
    0.0
  ],
  "Brest": [
    7e-05,
    0.00033,
    0.00097,
    0.00222,
    0.00372,
    0.00601,
    0.01116,
    0.01508,
    0.02334,
    0.03307,
    0.04474,
    0.05797,
    0.07557,
    0.09275,
    0.10823,
    0.11613,
    0.12027,
    0.11516,
    0.09869,
    0.07452
  ],
  "Lille": [
    0.08738,
    0.13789,
    0.14273,
    0.12616,
    0.10975,
    0.09157,
    0.07613,
    0.06149,
    0.05069,
    0.03864,
    0.02784,
    0.01932,
    0.01272,
    0.00781,
    0.00483,
    0.00264,
    0.0013,
    0.00074,
    0.00023,
    0.00014
  ],
  "Auxerre": [
    0.00023,
    0.00109,
    0.0028,
    0.00552,
    0.00927,
    0.01367,
    0.02086,
    0.03012,
    0.04124,
    0.05245,
    0.06795,
    0.08068,
    0.09333,
    0.10568,
    0.10843,
    0.10389,
    0.09463,
    0.07692,
    0.05715,
    0.03409
  ],
  "Montpellier": [
    0.0,
    0.0,
    0.0001,
    0.00013,
    0.00039,
    0.00068,
    0.00132,
    0.00274,
    0.00484,
    0.00734,
    0.01155,
    0.01855,
    0.02823,
    0.04171,
    0.05881,
    0.08645,
    0.11737,
    0.15814,
    0.20449,
    0.25716
  ],
  "Troyes": [
    1e-05,
    5e-05,
    0.00013,
    0.00036,
    0.00078,
    0.00139,
    0.00286,
    0.00453,
    0.00729,
    0.01129,
    0.01668,
    0.02559,
    0.03779,
    0.05219,
    0.07125,
    0.09372,
    0.11962,
    0.14821,
    0.185,
    0.22126
  ],
  "Rennes": [
    0.00928,
    0.0264,
    0.0431,
    0.05706,
    0.07212,
    0.08347,
    0.08914,
    0.09594,
    0.09399,
    0.08963,
    0.08147,
    0.07106,
    0.05776,
    0.04602,
    0.03284,
    0.02248,
    0.01376,
    0.00845,
    0.00427,
    0.00176
  ],
  "Lorient": [
    0.0027,
    0.00906,
    0.01673,
    0.025,
    0.03427,
    0.04205,
    0.05281,
    0.06214,
    0.07222,
    0.08123,
    0.08751,
    0.09323,
    0.09196,
    0.0846,
    0.07197,
    0.06019,
    0.04641,
    0.03295,
    0.02133,
    0.01164
  ],
  "Marseille": [
    0.08553,
    0.14017,
    0.15054,
    0.13471,
    0.11753,
    0.09821,
    0.07903,
    0.05852,
    0.04487,
    0.03164,
    0.02221,
    0.01515,
    0.00988,
    0.00585,
    0.0032,
    0.0017,
    0.00085,
    0.0003,
    0.0001,
    1e-05
  ],
  "Reims": [
    0.02408,
    0.0519,
    0.06523,
    0.0782,
    0.08129,
    0.08556,
    0.08794,
    0.0858,
    0.08337,
    0.07653,
    0.06801,
    0.05791,
    0.04772,
    0.03673,
    0.02732,
    0.01779,
    0.01245,
    0.00731,
    0.0035,
    0.00136
  ]
}