{
  "Eibar": [
    0.0,
    4e-05,
    0.00027,
    0.00128,
    0.0055,
    0.01869,
    0.05454,
    0.06626,
    0.07122,
    0.07564,
    0.07781,
    0.07916,
    0.08052,
    0.08018,
    0.07991,
    0.07617,
    0.07165,
    0.06868,
    0.05647,
    0.03601
  ],
  "Celta": [
    0.0,
    7e-05,
    0.00059,
    0.00432,
    0.01636,
    0.04547,
    0.10341,
    0.10903,
    0.10233,
    0.09699,
    0.08686,
    0.08181,
    0.07298,
    0.06546,
    0.05742,
    0.05073,
    0.04154,
    0.03273,
    0.02195,
    0.00995
  ],
  "Granada": [
    0.0,
    0.00016,
    0.00081,
    0.00462,
    0.01713,
    0.0481,
    0.10822,
    0.11118,
    0.10381,
    0.09579,
    0.08739,
    0.0796,
    0.07156,
    0.06434,
    0.0555,
    0.04976,
    0.04088,
    0.03103,
    0.0204,
    0.00972
  ],
  "Ath Bilbao": [
    0.0,
    4e-05,
    0.00038,
    0.00236,
    0.00941,
    0.02947,
    0.0794,
    0.08789,
    0.08977,
    0.08837,
    0.0872,
    0.08105,
    0.07839,
    0.07411,
    0.06899,
    0.06301,
    0.05694,
    0.04794,
    0.0364,
    0.01888
  ],
  "Cadiz": [
    0.0,
    4e-05,
    9e-05,
    0.00117,
    0.00536,
    0.01935,
    0.05592,
    0.06739,
    0.07331,
    0.07649,
    0.07944,
    0.07924,
    0.0793,
    0.07798,
    0.07819,
    0.07536,
    0.07285,
    0.06656,
    0.05637,
    0.03559
  ],
  "Osasuna": [
    0.0,
    0.0,
    1e-05,
    3e-05,
    0.00039,
    0.00226,
    0.00879,
    0.0147,
    0.02091,
    0.02616,
    0.03179,
    0.03905,
    0.04844,
    0.0563,
    0.06904,
    0.08292,
    0.10262,
    0.13086,
    0.17001,
    0.19572
  ],
  "Alaves": [
    0.0,
    2e-05,
    8e-05,
    0.00089,
    0.00373,
    0.01392,
    0.04216,
    0.05624,
    0.06355,
    0.06807,
    0.07405,
    0.07527,
    0.07862,
    0.07868,
    0.07954,
    0.08394,
    0.08232,
    0.07929,
    0.07099,
    0.04864
  ],
  "Betis": [
    0.0,
    1e-05,
    0.00019,
    0.00091,
    0.00465,
    0.0166,
    0.05315,
    0.06499,
    0.07471,
    0.07759,
    0.07858,
    0.07903,
    0.08032,
    0.08106,
    0.07951,
    0.07841,
    0.07245,
    0.06608,
    0.05544,
    0.03632
  ],
  "Valladolid": [
    1e-05,
    0.0,
    0.0001,
    0.00058,
    0.00284,
    0.01166,
    0.03972,
    0.05197,
    0.05985,
    0.06572,
    0.06962,
    0.07336,
    0.07798,
    0.08078,
    0.08203,
    0.08288,
    0.08602,
    0.08348,
    0.07629,
    0.05511
  ],
  "Sociedad": [
    0.00231,
    0.02931,
    0.07547,
    0.16175,
    0.25253,
    0.28456,
    0.10253,
    0.04375,
    0.02128,
    0.01153,
    0.00624,
    0.00378,
    0.00215,
    0.00141,
    0.00071,
    0.0004,
    0.00017,
    8e-05,
    4e-05,
    0.0
  ],
  "Villarreal": [
    0.00681,
    0.06384,
    0.14506,
    0.2667,
    0.25273,
    0.17496,
    0.05078,
    0.02065,
    0.00919,
    0.00427,
    0.00228,
    0.00144,
    0.00077,
    0.00026,
    0.00018,
    4e-05,
    1e-05,
    3e-05,
    0.0,
    0.0
  ],
  "Huesca": [
    0.0,
    0.0,
    0.0,
    0.0,
    6e-05,
    0.0005,
    0.00276,
    0.00484,
    0.00826,
    0.01186,
    0.01543,
    0.021,
    0.02726,
    0.03452,
    0.04617,
    0.06133,
    0.08346,
    0.11659,
    0.18595,
    0.38001
  ],
  "Valencia": [
    0.0,
    0.0,
    0.00011,
    0.00086,
    0.00407,
    0.01517,
    0.04503,
    0.05919,
    0.0665,
    0.07134,
    0.07485,
    0.07715,
    0.07696,
    0.07854,
    0.08095,
    0.07751,
    0.07888,
    0.07714,
    0.06878,
    0.04697
  ],
  "Levante": [
    0.0,
    7e-05,
    0.00061,
    0.00298,
    0.01229,
    0.03691,
    0.09289,
    0.10154,
    0.09555,
    0.08983,
    0.08467,
    0.0804,
    0.07257,
    0.06859,
    0.06376,
    0.05742,
    0.0491,
    0.04149,
    0.03178,
    0.01755
  ],
  "Getafe": [
    0.0,
    0.0,
    0.00013,
    0.00086,
    0.00425,
    0.01577,
    0.04889,
    0.06034,
    0.06724,
    0.0703,
    0.07426,
    0.07622,
    0.07718,
    0.07957,
    0.07832,
    0.07926,
    0.07832,
    0.07493,
    0.06652,
    0.04764
  ],
  "Real Madrid": [
    0.08447,
    0.37752,
    0.29738,
    0.1412,
    0.06703,
    0.02686,
    0.00399,
    0.00102,
    0.00037,
    0.0001,
    3e-05,
    1e-05,
    1e-05,
    1e-05,
    0.0,
    0.0,
    0.0,
    0.0,
    0.0,
    0.0
  ],
  "Elche": [
    0.0,
    2e-05,
    0.00015,
    0.0007,
    0.00375,
    0.01417,
    0.04269,
    0.05399,
    0.06076,
    0.0648,
    0.06636,
    0.07055,
    0.07397,
    0.07751,
    0.07958,
    0.0807,
    0.08275,
    0.08307,
    0.08259,
    0.06189
  ],
  "Ath Madrid": [
    0.83012,
    0.12409,
    0.03379,
    0.00887,
    0.00248,
    0.00061,
    3e-05,
    1e-05,
    0.0,
    0.0,
    0.0,
    0.0,
    0.0,
    0.0,
    0.0,
    0.0,
    0.0,
    0.0,
    0.0,
    0.0
  ],
  "Sevilla": [
    0.00742,
    0.06319,
    0.13572,
    0.24355,
    0.25574,
    0.19006,
    0.05826,
    0.02321,
    0.0109,
    0.00499,
    0.00302,
    0.00185,
    0.00096,
    0.00069,
    0.0002,
    0.00016,
    4e-05,
    2e-05,
    2e-05,
    0.0
  ],
  "Barcelona": [
    0.06886,
    0.34158,
    0.30906,
    0.15637,
    0.0797,
    0.03491,
    0.00684,
    0.00181,
    0.00049,
    0.00016,
    0.00012,
    3e-05,
    6e-05,
    1e-05,
    0.0,
    0.0,
    0.0,
    0.0,
    0.0,
    0.0
  ]
}