{
  "Internacional / RS": [
    0.00031,
    0.00241,
    0.00789,
    0.02802,
    0.08645,
    0.15344,
    0.19424,
    0.20267,
    0.15736,
    0.08289,
    0.04352,
    0.02222,
    0.01026,
    0.00518,
    0.00206,
    0.00072,
    0.00027,
    9e-05,
    0.0,
    0.0
  ],
  "Bahia / BA": [
    0.00019,
    0.00202,
    0.00944,
    0.037,
    0.11228,
    0.18183,
    0.21881,
    0.19298,
    0.1261,
    0.06703,
    0.03139,
    0.01321,
    0.00516,
    0.00198,
    0.00041,
    0.00014,
    3e-05,
    0.0,
    0.0,
    0.0
  ],
  "Criciúma / SC": [
    0.0,
    0.0,
    0.0,
    1e-05,
    5e-05,
    0.00025,
    0.00154,
    0.00525,
    0.01359,
    0.03264,
    0.06046,
    0.09452,
    0.12671,
    0.15193,
    0.16106,
    0.14317,
    0.1127,
    0.06594,
    0.02783,
    0.00235
  ],
  "Juventude / RS": [
    0.0,
    0.0,
    0.0,
    2e-05,
    0.00024,
    0.00136,
    0.00529,
    0.0157,
    0.03738,
    0.07373,
    0.11907,
    0.15605,
    0.16983,
    0.15654,
    0.11905,
    0.07954,
    0.04285,
    0.01844,
    0.0048,
    0.00011
  ],
  "Fluminense / RJ": [
    0.0,
    0.0,
    0.0,
    0.0,
    0.0,
    4e-05,
    0.00035,
    0.00163,
    0.00562,
    0.01547,
    0.03507,
    0.06167,
    0.0936,
    0.12943,
    0.1564,
    0.17145,
    0.15496,
    0.10927,
    0.0587,
    0.00634
  ],
  "Red Bull Bragantino / SP": [
    0.0,
    0.0,
    0.0,
    4e-05,
    0.00076,
    0.00367,
    0.01244,
    0.03072,
    0.06579,
    0.1139,
    0.16439,
    0.17802,
    0.15332,
    0.11404,
    0.07762,
    0.04798,
    0.02447,
    0.00969,
    0.00296,
    0.00019
  ],
  "São Paulo / SP": [
    0.00342,
    0.0201,
    0.06365,
    0.16897,
    0.32864,
    0.21011,
    0.11742,
    0.05585,
    0.02217,
    0.00714,
    0.00204,
    0.00041,
    5e-05,
    3e-05,
    0.0,
    0.0,
    0.0,
    0.0,
    0.0,
    0.0
  ],
  "Fortaleza / CE": [
    0.12548,
    0.2578,
    0.29825,
    0.21468,
    0.07379,
    0.02174,
    0.00615,
    0.00175,
    0.00033,
    3e-05,
    0.0,
    0.0,
    0.0,
    0.0,
    0.0,
    0.0,
    0.0,
    0.0,
    0.0,
    0.0
  ],
  "Vasco da Gama / RJ": [
    1e-05,
    1e-05,
    0.0003,
    0.00266,
    0.0118,
    0.03423,
    0.0696,
    0.11646,
    0.16768,
    0.21814,
    0.15909,
    0.09995,
    0.05967,
    0.03271,
    0.01645,
    0.0075,
    0.0027,
    0.0008,
    0.00024,
    0.0
  ],
  "Grêmio / RS": [
    0.0,
    0.0,
    0.0,
    0.0,
    0.00015,
    0.00024,
    0.00167,
    0.00419,
    0.01331,
    0.03003,
    0.0573,
    0.08891,
    0.12393,
    0.14727,
    0.16011,
    0.15116,
    0.11961,
    0.06988,
    0.02954,
    0.0027
  ],
  "Corinthians / SP": [
    0.0,
    0.0,
    0.0,
    0.0,
    0.0,
    1e-05,
    0.00012,
    0.00042,
    0.00149,
    0.00543,
    0.01553,
    0.03081,
    0.05366,
    0.08398,
    0.124,
    0.17111,
    0.20859,
    0.17386,
    0.11406,
    0.01693
  ],
  "Atlético Mineiro / MG": [
    0.0,
    0.00022,
    0.00148,
    0.00657,
    0.02574,
    0.0628,
    0.1099,
    0.16209,
    0.21002,
    0.16938,
    0.11189,
    0.068,
    0.03797,
    0.02033,
    0.00877,
    0.00355,
    0.00096,
    0.00031,
    2e-05,
    0.0
  ],
  "Athletico Paranaense / PR": [
    0.0,
    0.0,
    1e-05,
    0.00027,
    0.00188,
    0.0068,
    0.01842,
    0.04156,
    0.08688,
    0.14267,
    0.1778,
    0.16405,
    0.1301,
    0.09315,
    0.06548,
    0.03945,
    0.02136,
    0.00822,
    0.0018,
    0.0001
  ],
  "Cuiabá / MT": [
    0.0,
    0.0,
    0.0,
    0.0,
    0.0,
    0.0,
    0.0,
    2e-05,
    0.0002,
    0.00063,
    0.00236,
    0.00577,
    0.01233,
    0.02397,
    0.04093,
    0.07149,
    0.1282,
    0.22952,
    0.38257,
    0.10201
  ],
  "Atlético Goianiense / GO": [
    0.0,
    0.0,
    0.0,
    0.0,
    0.0,
    0.0,
    0.0,
    0.0,
    0.0,
    0.0,
    1e-05,
    2e-05,
    0.00012,
    0.00048,
    0.00126,
    0.00399,
    0.01062,
    0.03495,
    0.11818,
    0.83037
  ],
  "Flamengo / RJ": [
    0.04954,
    0.14009,
    0.23411,
    0.31053,
    0.154,
    0.06717,
    0.02924,
    0.01105,
    0.00337,
    0.00073,
    0.00014,
    3e-05,
    0.0,
    0.0,
    0.0,
    0.0,
    0.0,
    0.0,
    0.0,
    0.0
  ],
  "Cruzeiro / MG": [
    0.00034,
    0.00286,
    0.01543,
    0.05988,
    0.15556,
    0.2445,
    0.21202,
    0.15701,
    0.08826,
    0.03886,
    0.01624,
    0.00589,
    0.00225,
    0.00067,
    0.0002,
    3e-05,
    0.0,
    0.0,
    0.0,
    0.0
  ],
  "Botafogo / RJ": [
    0.5823,
    0.25033,
    0.11664,
    0.04041,
    0.0086,
    0.00138,
    0.00031,
    3e-05,
    0.0,
    0.0,
    0.0,
    0.0,
    0.0,
    0.0,
    0.0,
    0.0,
    0.0,
    0.0,
    0.0,
    0.0
  ],
  "Vitória / BA": [
    0.0,
    0.0,
    0.0,
    0.0,
    0.0,
    0.0,
    0.0,
    5e-05,
    0.0003,
    0.0013,
    0.0037,
    0.01047,
    0.02104,
    0.03831,
    0.0662,
    0.10872,
    0.17268,
    0.27903,
    0.2593,
    0.0389
  ],
  "Palmeiras / SP": [
    0.23841,
    0.32416,
    0.2528,
    0.13094,
    0.04006,
    0.01043,
    0.00248,
    0.00057,
    0.00015,
    0.0,
    0.0,
    0.0,
    0.0,
    0.0,
    0.0,
    0.0,
    0.0,
    0.0,
    0.0,
    0.0
  ]
}