{
  "Man United": [
    0.02286,
    0.03418,
    0.04141,
    0.04729,
    0.05116,
    0.05421,
    0.05892,
    0.06047,
    0.06339,
    0.06435,
    0.06604,
    0.06581,
    0.06294,
    0.06116,
    0.05746,
    0.05173,
    0.04634,
    0.03996,
    0.03103,
    0.01929
  ],
  "Fulham": [
    0.02091,
    0.03258,
    0.04022,
    0.04821,
    0.05266,
    0.05674,
    0.05965,
    0.06167,
    0.0633,
    0.06311,
    0.06314,
    0.0623,
    0.0608,
    0.06106,
    0.05784,
    0.05377,
    0.05078,
    0.04223,
    0.03132,
    0.01771
  ],
  "Ipswich": [
    0.00137,
    0.00365,
    0.00618,
    0.00838,
    0.01153,
    0.01539,
    0.0191,
    0.02359,
    0.02854,
    0.03433,
    0.04028,
    0.04605,
    0.05392,
    0.06423,
    0.07483,
    0.08987,
    0.10277,
    0.11758,
    0.13148,
    0.12693
  ],
  "Liverpool": [
    0.25347,
    0.16738,
    0.12508,
    0.09679,
    0.07615,
    0.06078,
    0.05054,
    0.03952,
    0.0317,
    0.02514,
    0.01988,
    0.01573,
    0.0124,
    0.00915,
    0.00679,
    0.00457,
    0.00288,
    0.00128,
    0.00059,
    0.00018
  ],
  "Arsenal": [
    0.10261,
    0.10792,
    0.1023,
    0.09455,
    0.08629,
    0.07733,
    0.07072,
    0.06219,
    0.05561,
    0.04998,
    0.04133,
    0.03701,
    0.03001,
    0.02488,
    0.01977,
    0.01459,
    0.01107,
    0.00693,
    0.0035,
    0.00141
  ],
  "Wolves": [
    0.00037,
    0.00117,
    0.00174,
    0.00341,
    0.00447,
    0.00641,
    0.00906,
    0.01192,
    0.01509,
    0.01957,
    0.02474,
    0.03084,
    0.03856,
    0.04685,
    0.06053,
    0.08256,
    0.10354,
    0.13207,
    0.17346,
    0.23364
  ],
  "Everton": [
    0.00698,
    0.01341,
    0.01869,
    0.02454,
    0.0294,
    0.03545,
    0.04113,
    0.04545,
    0.0506,
    0.05807,
    0.06128,
    0.06771,
    0.06893,
    0.07307,
    0.08139,
    0.08132,
    0.07674,
    0.07037,
    0.05735,
    0.03812
  ],
  "Brighton": [
    0.06042,
    0.07334,
    0.07754,
    0.08057,
    0.08002,
    0.07714,
    0.07277,
    0.06962,
    0.065,
    0.0595,
    0.05512,
    0.04824,
    0.04166,
    0.03919,
    0.03193,
    0.02523,
    0.01827,
    0.01305,
    0.00783,
    0.00356
  ],
  "Newcastle": [
    0.02656,
    0.03963,
    0.04743,
    0.05242,
    0.05912,
    0.06215,
    0.06347,
    0.06633,
    0.06867,
    0.06632,
    0.06492,
    0.06344,
    0.06368,
    0.05871,
    0.05257,
    0.04642,
    0.03723,
    0.02998,
    0.02048,
    0.01047
  ],
  "Southampton": [
    0.00045,
    0.00131,
    0.00244,
    0.00331,
    0.00495,
    0.00655,
    0.00888,
    0.01145,
    0.01564,
    0.01908,
    0.02394,
    0.0296,
    0.03806,
    0.04572,
    0.05573,
    0.07184,
    0.09531,
    0.1267,
    0.1773,
    0.26174
  ],
  "Nott'm Forest": [
    0.03562,
    0.04877,
    0.05667,
    0.06369,
    0.06617,
    0.06853,
    0.06926,
    0.06905,
    0.06586,
    0.06462,
    0.06537,
    0.06135,
    0.05693,
    0.05144,
    0.04491,
    0.0387,
    0.02995,
    0.02237,
    0.01405,
    0.00669
  ],
  "Bournemouth": [
    0.01898,
    0.03022,
    0.03975,
    0.04552,
    0.04994,
    0.05587,
    0.05876,
    0.06247,
    0.06307,
    0.06822,
    0.06706,
    0.06817,
    0.06635,
    0.06311,
    0.0599,
    0.05315,
    0.04785,
    0.03849,
    0.028,
    0.01512
  ],
  "West Ham": [
    0.00712,
    0.01282,
    0.01807,
    0.02479,
    0.03056,
    0.0354,
    0.04105,
    0.04604,
    0.05298,
    0.05737,
    0.06274,
    0.06455,
    0.07126,
    0.07453,
    0.07703,
    0.07804,
    0.0764,
    0.07042,
    0.05978,
    0.03905
  ],
  "Aston Villa": [
    0.10469,
    0.10674,
    0.10357,
    0.09494,
    0.08516,
    0.07715,
    0.06801,
    0.06366,
    0.05679,
    0.04904,
    0.04182,
    0.03573,
    0.03018,
    0.02465,
    0.02014,
    0.01505,
    0.01064,
    0.00699,
    0.00366,
    0.00139
  ],
  "Brentford": [
    0.01418,
    0.02489,
    0.03291,
    0.03765,
    0.04454,
    0.04924,
    0.05435,
    0.05871,
    0.05898,
    0.06256,
    0.06509,
    0.06481,
    0.06744,
    0.06649,
    0.06571,
    0.06354,
    0.06031,
    0.05004,
    0.03702,
    0.02154
  ],
  "Crystal Palace": [
    0.00108,
    0.00247,
    0.00395,
    0.00679,
    0.00958,
    0.01205,
    0.01617,
    0.01939,
    0.02331,
    0.02837,
    0.03372,
    0.04022,
    0.04756,
    0.05832,
    0.071,
    0.08442,
    0.10479,
    0.12804,
    0.14819,
    0.16058
  ],
  "Chelsea": [
    0.05003,
    0.06395,
    0.07193,
    0.07465,
    0.07569,
    0.07369,
    0.06973,
    0.0662,
    0.06449,
    0.05929,
    0.0542,
    0.05048,
    0.04727,
    0.04207,
    0.03824,
    0.03222,
    0.02709,
    0.02083,
    0.01242,
    0.00553
  ],
  "Man City": [
    0.21914,
    0.16122,
    0.12268,
    0.09817,
    0.07939,
    0.06492,
    0.05336,
    0.04304,
    0.03469,
    0.02867,
    0.0244,
    0.01964,
    0.01541,
    0.0121,
    0.00891,
    0.00598,
    0.00417,
    0.0026,
    0.00116,
    0.00035
  ],
  "Leicester": [
    0.01005,
    0.01828,
    0.02381,
    0.02925,
    0.03683,
    0.04249,
    0.04756,
    0.05269,
    0.05679,
    0.05996,
    0.06503,
    0.07079,
    0.07389,
    0.07511,
    0.07352,
    0.07132,
    0.06383,
    0.05642,
    0.04507,
    0.02731
  ],
  "Tottenham": [
    0.04311,
    0.05607,
    0.06363,
    0.06508,
    0.06639,
    0.06851,
    0.06751,
    0.06654,
    0.0655,
    0.06245,
    0.0599,
    0.05753,
    0.05275,
    0.04816,
    0.0418,
    0.03568,
    0.03004,
    0.02365,
    0.01631,
    0.00939
  ]
}