{
  "Monaco": [
    1e-05,
    0.00389,
    0.01269,
    0.02821,
    0.05551,
    0.08438,
    0.10337,
    0.11787,
    0.12585,
    0.12209,
    0.11821,
    0.09296,
    0.06725,
    0.03877,
    0.01762,
    0.00697,
    0.00281,
    0.0011,
    0.00032,
    0.00012
  ],
  "Nantes": [
    2e-05,
    0.00159,
    0.00785,
    0.02058,
    0.04334,
    0.06437,
    0.08085,
    0.09577,
    0.10367,
    0.11509,
    0.11661,
    0.11268,
    0.09839,
    0.07195,
    0.03716,
    0.01792,
    0.00794,
    0.00281,
    0.00111,
    0.0003
  ],
  "Lyon": [
    0.0002,
    0.0178,
    0.04976,
    0.0872,
    0.12984,
    0.13861,
    0.12798,
    0.10972,
    0.09372,
    0.07716,
    0.06202,
    0.04561,
    0.03104,
    0.01737,
    0.00763,
    0.00303,
    0.00095,
    0.00028,
    8e-05,
    0.0
  ],
  "Brest": [
    1e-05,
    0.0013,
    0.00671,
    0.01801,
    0.03762,
    0.05872,
    0.07764,
    0.0941,
    0.10942,
    0.12297,
    0.12265,
    0.11504,
    0.09883,
    0.06988,
    0.03658,
    0.01817,
    0.00756,
    0.00343,
    0.00099,
    0.00037
  ],
  "Troyes": [
    0.0,
    0.0,
    0.0,
    1e-05,
    0.00013,
    0.0004,
    0.0007,
    0.00156,
    0.00316,
    0.00655,
    0.01306,
    0.0245,
    0.04621,
    0.08262,
    0.14015,
    0.16315,
    0.16388,
    0.15014,
    0.12289,
    0.08089
  ],
  "Paris SG": [
    0.9564,
    0.03827,
    0.00444,
    0.00078,
    0.00011,
    0.0,
    0.0,
    0.0,
    0.0,
    0.0,
    0.0,
    0.0,
    0.0,
    0.0,
    0.0,
    0.0,
    0.0,
    0.0,
    0.0,
    0.0
  ],
  "Rennes": [
    0.02911,
    0.52236,
    0.23866,
    0.11766,
    0.05015,
    0.02241,
    0.01107,
    0.00505,
    0.00218,
    0.00076,
    0.00041,
    0.00014,
    4e-05,
    0.0,
    0.0,
    0.0,
    0.0,
    0.0,
    0.0,
    0.0
  ],
  "Lens": [
    0.00096,
    0.03762,
    0.09357,
    0.14267,
    0.17928,
    0.1516,
    0.12057,
    0.09502,
    0.06638,
    0.04563,
    0.02993,
    0.01946,
    0.01042,
    0.00489,
    0.00146,
    0.00042,
    7e-05,
    5e-05,
    0.0,
    0.0
  ],
  "Bordeaux": [
    0.0,
    0.0,
    0.0,
    5e-05,
    8e-05,
    0.00026,
    0.00071,
    0.00175,
    0.00339,
    0.00597,
    0.01228,
    0.02323,
    0.04403,
    0.08299,
    0.14238,
    0.1674,
    0.16368,
    0.14803,
    0.12229,
    0.08148
  ],
  "Clermont": [
    0.0,
    0.0,
    0.0,
    1e-05,
    1e-05,
    5e-05,
    0.00018,
    0.00042,
    0.0011,
    0.00195,
    0.00394,
    0.0081,
    0.01757,
    0.03763,
    0.07762,
    0.1157,
    0.152,
    0.18399,
    0.20283,
    0.1969
  ],
  "Nice": [
    0.00655,
    0.17467,
    0.25238,
    0.23068,
    0.13983,
    0.08253,
    0.04986,
    0.02947,
    0.01675,
    0.00895,
    0.00507,
    0.00212,
    0.00081,
    0.00025,
    5e-05,
    3e-05,
    0.0,
    0.0,
    0.0,
    0.0
  ],
  "Reims": [
    0.0,
    9e-05,
    0.0005,
    0.00213,
    0.00574,
    0.01203,
    0.02065,
    0.0318,
    0.04704,
    0.07106,
    0.09647,
    0.12689,
    0.15807,
    0.17275,
    0.11584,
    0.06841,
    0.03872,
    0.02007,
    0.00894,
    0.0028
  ],
  "St Etienne": [
    0.0,
    0.0,
    0.0,
    0.0,
    0.0,
    0.0,
    2e-05,
    3e-05,
    0.00016,
    0.00064,
    0.00117,
    0.00287,
    0.00709,
    0.01638,
    0.03941,
    0.07078,
    0.10749,
    0.15607,
    0.22697,
    0.37092
  ],
  "Lorient": [
    0.0,
    0.0,
    3e-05,
    3e-05,
    0.00011,
    0.00019,
    0.00078,
    0.00145,
    0.00381,
    0.00811,
    0.01478,
    0.02687,
    0.04917,
    0.09101,
    0.15503,
    0.17328,
    0.16386,
    0.13768,
    0.10773,
    0.06608
  ],
  "Strasbourg": [
    0.0001,
    0.01121,
    0.03693,
    0.06884,
    0.10586,
    0.12574,
    0.13271,
    0.12382,
    0.11004,
    0.09327,
    0.0707,
    0.05374,
    0.03511,
    0.01929,
    0.00809,
    0.00288,
    0.00108,
    0.00043,
    0.00012,
    4e-05
  ],
  "Angers": [
    4e-05,
    0.00527,
    0.02056,
    0.04729,
    0.0826,
    0.11134,
    0.12535,
    0.12637,
    0.12182,
    0.10593,
    0.08938,
    0.06855,
    0.04829,
    0.02844,
    0.01205,
    0.00416,
    0.00184,
    0.00053,
    0.00016,
    3e-05
  ],
  "Metz": [
    0.0,
    0.0,
    0.0,
    1e-05,
    3e-05,
    5e-05,
    0.00016,
    0.00046,
    0.001,
    0.00208,
    0.00449,
    0.00885,
    0.01929,
    0.04178,
    0.0779,
    0.11616,
    0.15229,
    0.17871,
    0.19845,
    0.19829
  ],
  "Lille": [
    0.0,
    0.00037,
    0.00162,
    0.00543,
    0.01407,
    0.02468,
    0.03709,
    0.05069,
    0.06784,
    0.08851,
    0.11017,
    0.13546,
    0.1504,
    0.13631,
    0.08433,
    0.04834,
    0.02546,
    0.01248,
    0.00531,
    0.00144
  ],
  "Montpellier": [
    1e-05,
    0.00078,
    0.00412,
    0.01173,
    0.02683,
    0.04509,
    0.06483,
    0.08659,
    0.10447,
    0.11269,
    0.12238,
    0.12976,
    0.11696,
    0.08731,
    0.04656,
    0.02317,
    0.01037,
    0.0042,
    0.00181,
    0.00034
  ],
  "Marseille": [
    0.00659,
    0.18478,
    0.27018,
    0.21868,
    0.12886,
    0.07755,
    0.04548,
    0.02806,
    0.0182,
    0.01059,
    0.00628,
    0.00317,
    0.00103,
    0.00038,
    0.00014,
    3e-05,
    0.0,
    0.0,
    0.0,
    0.0
  ]
}