{
  "Sp Lisbon": [
    0.47297,
    0.34686,
    0.13448,
    0.04155,
    0.00369,
    0.0004,
    4e-05,
    1e-05,
    0.0,
    0.0,
    0.0,
    0.0,
    0.0,
    0.0,
    0.0,
    0.0,
    0.0,
    0.0
  ],
  "Rio Ave": [
    0.0,
    0.0,
    0.0,
    8e-05,
    0.00307,
    0.01292,
    0.03148,
    0.05851,
    0.09824,
    0.13729,
    0.15299,
    0.14905,
    0.12654,
    0.1035,
    0.07252,
    0.03933,
    0.01277,
    0.00171
  ],
  "AVS": [
    0.0,
    0.0,
    0.0,
    0.0,
    2e-05,
    0.00032,
    0.00159,
    0.00423,
    0.01038,
    0.02405,
    0.04199,
    0.06652,
    0.09748,
    0.13266,
    0.17757,
    0.21717,
    0.16757,
    0.05845
  ],
  "Nacional": [
    0.0,
    0.0,
    0.0,
    1e-05,
    0.00049,
    0.00223,
    0.00807,
    0.01924,
    0.03931,
    0.07609,
    0.10414,
    0.12971,
    0.15229,
    0.15511,
    0.14168,
    0.10799,
    0.05246,
    0.01118
  ],
  "Casa Pia": [
    5e-05,
    0.00082,
    0.00937,
    0.04598,
    0.21187,
    0.27826,
    0.20589,
    0.12483,
    0.07276,
    0.03129,
    0.0127,
    0.00456,
    0.0013,
    0.00025,
    7e-05,
    0.0,
    0.0,
    0.0
  ],
  "Boavista": [
    0.0,
    0.0,
    0.0,
    0.0,
    0.0,
    0.0,
    0.0,
    1e-05,
    3e-05,
    0.00023,
    0.00094,
    0.00246,
    0.00576,
    0.01319,
    0.02971,
    0.07022,
    0.19015,
    0.6873
  ],
  "Porto": [
    0.04778,
    0.13587,
    0.33786,
    0.38164,
    0.07649,
    0.01731,
    0.00262,
    0.00037,
    6e-05,
    0.0,
    0.0,
    0.0,
    0.0,
    0.0,
    0.0,
    0.0,
    0.0,
    0.0
  ],
  "Gil Vicente": [
    0.0,
    0.0,
    0.0,
    0.0,
    5e-05,
    0.00087,
    0.00469,
    0.01295,
    0.03049,
    0.06018,
    0.09136,
    0.12013,
    0.14767,
    0.15947,
    0.15383,
    0.1291,
    0.07336,
    0.01585
  ],
  "Estoril": [
    2e-05,
    0.00024,
    0.00192,
    0.01547,
    0.09158,
    0.1842,
    0.23876,
    0.20006,
    0.13129,
    0.07307,
    0.03667,
    0.01624,
    0.00704,
    0.0026,
    0.0007,
    0.00012,
    2e-05,
    0.0
  ],
  "Santa Clara": [
    0.00052,
    0.00419,
    0.02499,
    0.09825,
    0.43691,
    0.25361,
    0.10714,
    0.04826,
    0.0183,
    0.006,
    0.00143,
    0.00034,
    6e-05,
    0.0,
    0.0,
    0.0,
    0.0,
    0.0
  ],
  "Famalicao": [
    0.0,
    0.0,
    0.00041,
    0.0036,
    0.03906,
    0.10057,
    0.15749,
    0.19674,
    0.20903,
    0.13345,
    0.07861,
    0.04405,
    0.02203,
    0.00974,
    0.00401,
    0.00107,
    0.00014,
    0.0
  ],
  "Benfica": [
    0.42437,
    0.36788,
    0.15299,
    0.05131,
    0.0033,
    0.00015,
    0.0,
    0.0,
    0.0,
    0.0,
    0.0,
    0.0,
    0.0,
    0.0,
    0.0,
    0.0,
    0.0,
    0.0
  ],
  "Farense": [
    0.0,
    0.0,
    0.0,
    0.0,
    0.0,
    0.0,
    8e-05,
    0.00031,
    0.00125,
    0.00433,
    0.01035,
    0.0209,
    0.03968,
    0.06805,
    0.11266,
    0.18821,
    0.35945,
    0.19473
  ],
  "Moreirense": [
    0.0,
    0.0,
    0.0,
    8e-05,
    0.00224,
    0.01013,
    0.03061,
    0.06464,
    0.11368,
    0.16523,
    0.16551,
    0.14827,
    0.11708,
    0.08495,
    0.0567,
    0.02962,
    0.01019,
    0.00107
  ],
  "Sp Braga": [
    0.05428,
    0.14408,
    0.33775,
    0.3573,
    0.08215,
    0.01997,
    0.004,
    0.00042,
    5e-05,
    0.0,
    0.0,
    0.0,
    0.0,
    0.0,
    0.0,
    0.0,
    0.0,
    0.0
  ],
  "Estrela": [
    0.0,
    0.0,
    0.0,
    0.0,
    4e-05,
    0.0003,
    0.00228,
    0.00765,
    0.01917,
    0.03943,
    0.06677,
    0.09405,
    0.12508,
    0.1546,
    0.17274,
    0.17273,
    0.11787,
    0.02729
  ],
  "Arouca": [
    0.0,
    0.0,
    0.0,
    6e-05,
    0.00153,
    0.00659,
    0.02327,
    0.04634,
    0.08245,
    0.13303,
    0.16568,
    0.16304,
    0.13634,
    0.10594,
    0.07396,
    0.0434,
    0.01596,
    0.00241
  ],
  "Guimaraes": [
    1e-05,
    6e-05,
    0.00023,
    0.00467,
    0.04751,
    0.11217,
    0.18199,
    0.21543,
    0.17351,
    0.11633,
    0.07086,
    0.04068,
    0.02165,
    0.00994,
    0.00385,
    0.00104,
    6e-05,
    1e-05
  ]
}