{
  "Palmeiras / SP": [
    0.08377,
    0.39742,
    0.1929,
    0.11051,
    0.068,
    0.04548,
    0.03122,
    0.02263,
    0.01628,
    0.01108,
    0.0078,
    0.00544,
    0.00342,
    0.00221,
    0.00123,
    0.00052,
    6e-05,
    3e-05,
    0.0,
    0.0
  ],
  "Cuiabá / MT": [
    0.00215,
    0.02746,
    0.05705,
    0.07451,
    0.08251,
    0.08326,
    0.08074,
    0.07916,
    0.07604,
    0.07157,
    0.06828,
    0.06646,
    0.06347,
    0.05917,
    0.0505,
    0.03538,
    0.01629,
    0.00494,
    0.00095,
    0.00011
  ],
  "América / MG": [
    0.0,
    0.0,
    2e-05,
    3e-05,
    8e-05,
    0.00015,
    0.00036,
    0.00072,
    0.00086,
    0.00166,
    0.00249,
    0.00426,
    0.00795,
    0.01368,
    0.02574,
    0.05858,
    0.14322,
    0.25496,
    0.26751,
    0.21773
  ],
  "Fluminense / RJ": [
    0.00167,
    0.02593,
    0.05464,
    0.07461,
    0.08595,
    0.09169,
    0.0898,
    0.0881,
    0.08258,
    0.08011,
    0.07359,
    0.06787,
    0.06076,
    0.05148,
    0.03911,
    0.02283,
    0.00792,
    0.00119,
    0.00016,
    1e-05
  ],
  "Botafogo / RJ": [
    0.87145,
    0.10123,
    0.01991,
    0.00491,
    0.00162,
    0.00056,
    0.00018,
    9e-05,
    4e-05,
    0.0,
    0.0,
    1e-05,
    0.0,
    0.0,
    0.0,
    0.0,
    0.0,
    0.0,
    0.0,
    0.0
  ],
  "São Paulo / SP": [
    0.00126,
    0.02819,
    0.05722,
    0.07566,
    0.08588,
    0.08856,
    0.08885,
    0.08716,
    0.085,
    0.07754,
    0.07144,
    0.06756,
    0.05942,
    0.04946,
    0.04003,
    0.02553,
    0.0088,
    0.0021,
    0.00032,
    2e-05
  ],
  "Red Bull Bragantino / SP": [
    0.00121,
    0.02604,
    0.05084,
    0.06797,
    0.07733,
    0.08411,
    0.08507,
    0.08665,
    0.0859,
    0.08179,
    0.07718,
    0.07421,
    0.06267,
    0.05491,
    0.04505,
    0.02702,
    0.00974,
    0.00203,
    0.00025,
    3e-05
  ],
  "Bahia / BA": [
    0.00034,
    0.00682,
    0.01808,
    0.0301,
    0.04129,
    0.05205,
    0.06142,
    0.06965,
    0.07848,
    0.08627,
    0.09143,
    0.08648,
    0.09193,
    0.09626,
    0.08434,
    0.06479,
    0.02944,
    0.00871,
    0.00184,
    0.00028
  ],
  "Athletico Paranaense / PR": [
    0.01412,
    0.13636,
    0.17211,
    0.14855,
    0.11852,
    0.09689,
    0.07766,
    0.06181,
    0.04934,
    0.0381,
    0.02866,
    0.02136,
    0.01622,
    0.0112,
    0.0055,
    0.00271,
    0.00078,
    8e-05,
    3e-05,
    0.0
  ],
  "Goiás / GO": [
    0.00011,
    0.00428,
    0.00942,
    0.01521,
    0.02193,
    0.02974,
    0.03691,
    0.04673,
    0.05506,
    0.06501,
    0.07322,
    0.08136,
    0.09491,
    0.10205,
    0.11512,
    0.12725,
    0.07846,
    0.03211,
    0.00943,
    0.00169
  ],
  "Fortaleza / CE": [
    0.00193,
    0.03417,
    0.06546,
    0.08213,
    0.08854,
    0.09057,
    0.09255,
    0.08506,
    0.07903,
    0.07511,
    0.07533,
    0.06702,
    0.05647,
    0.04576,
    0.03305,
    0.01919,
    0.00701,
    0.00141,
    0.00021,
    0.0
  ],
  "Internacional / RS": [
    6e-05,
    0.00178,
    0.00563,
    0.01071,
    0.01768,
    0.0232,
    0.03258,
    0.03995,
    0.05009,
    0.06473,
    0.07949,
    0.09372,
    0.10773,
    0.12221,
    0.13459,
    0.12194,
    0.06575,
    0.02212,
    0.00522,
    0.00082
  ],
  "Atlético Mineiro / MG": [
    0.00108,
    0.02145,
    0.04116,
    0.05787,
    0.06632,
    0.07192,
    0.07716,
    0.08072,
    0.0844,
    0.08446,
    0.08214,
    0.07806,
    0.07103,
    0.06574,
    0.05634,
    0.03986,
    0.01575,
    0.00381,
    0.00071,
    2e-05
  ],
  "Vasco da Gama / RJ": [
    0.0,
    0.0,
    1e-05,
    1e-05,
    2e-05,
    3e-05,
    7e-05,
    0.00016,
    0.0003,
    0.00053,
    0.00108,
    0.00181,
    0.00361,
    0.00707,
    0.01495,
    0.04105,
    0.11685,
    0.2472,
    0.31624,
    0.24901
  ],
  "Flamengo / RJ": [
    0.00065,
    0.01608,
    0.03745,
    0.05291,
    0.06437,
    0.07415,
    0.08221,
    0.08537,
    0.08732,
    0.0874,
    0.08599,
    0.08342,
    0.07676,
    0.0682,
    0.05338,
    0.03191,
    0.01042,
    0.00175,
    0.00026,
    0.0
  ],
  "Coritiba / PR": [
    0.0,
    0.0,
    0.0,
    0.0,
    0.0,
    0.0,
    3e-05,
    5e-05,
    8e-05,
    0.00016,
    0.00023,
    0.00063,
    0.00095,
    0.00217,
    0.00536,
    0.0167,
    0.05706,
    0.14431,
    0.27689,
    0.49538
  ],
  "Corinthians / SP": [
    0.00054,
    0.01304,
    0.03004,
    0.044,
    0.05607,
    0.06246,
    0.06851,
    0.07328,
    0.07646,
    0.07911,
    0.08027,
    0.08362,
    0.08435,
    0.08398,
    0.0786,
    0.05359,
    0.02318,
    0.00708,
    0.00164,
    0.00018
  ],
  "Cruzeiro / MG": [
    0.0,
    1e-05,
    0.00019,
    0.00036,
    0.00061,
    0.00112,
    0.00171,
    0.00289,
    0.00463,
    0.00658,
    0.01036,
    0.01633,
    0.0255,
    0.04054,
    0.07398,
    0.15058,
    0.30372,
    0.22295,
    0.10557,
    0.03237
  ],
  "Grêmio / RS": [
    0.01961,
    0.15843,
    0.18426,
    0.14317,
    0.11253,
    0.08724,
    0.07028,
    0.05759,
    0.04603,
    0.03508,
    0.02707,
    0.02243,
    0.01651,
    0.01031,
    0.006,
    0.00268,
    0.00067,
    0.00011,
    0.0,
    0.0
  ],
  "Santos / SP": [
    5e-05,
    0.00131,
    0.00361,
    0.00678,
    0.01075,
    0.01682,
    0.02269,
    0.03223,
    0.04208,
    0.05371,
    0.06395,
    0.07795,
    0.09634,
    0.1136,
    0.13713,
    0.15789,
    0.10488,
    0.04311,
    0.01277,
    0.00235
  ]
}