{
  "Bayern Munich": [
    0.68433,
    0.18165,
    0.07568,
    0.03464,
    0.01452,
    0.00552,
    0.00205,
    0.00114,
    0.00034,
    9e-05,
    3e-05,
    1e-05,
    0.0,
    0.0,
    0.0,
    0.0,
    0.0,
    0.0
  ],
  "Schalke 04": [
    0.0,
    0.0,
    0.0,
    0.0,
    0.0,
    0.0,
    1e-05,
    0.0,
    0.0,
    3e-05,
    0.00023,
    0.00108,
    0.00377,
    0.01197,
    0.03689,
    0.10493,
    0.34953,
    0.49156
  ],
  "Ein Frankfurt": [
    0.00145,
    0.01005,
    0.02771,
    0.05386,
    0.08038,
    0.10885,
    0.13028,
    0.14292,
    0.14787,
    0.13359,
    0.0857,
    0.04517,
    0.02095,
    0.00849,
    0.00213,
    0.00053,
    7e-05,
    0.0
  ],
  "Bielefeld": [
    0.0,
    0.0,
    0.0,
    2e-05,
    6e-05,
    0.00022,
    0.00035,
    0.00126,
    0.00339,
    0.00902,
    0.02387,
    0.05004,
    0.09447,
    0.16183,
    0.25078,
    0.27577,
    0.10148,
    0.02744
  ],
  "FC Koln": [
    0.0,
    0.0,
    0.0,
    0.0,
    0.0,
    0.00014,
    0.00031,
    0.00089,
    0.00247,
    0.00592,
    0.01701,
    0.0402,
    0.07769,
    0.14193,
    0.24877,
    0.29262,
    0.12861,
    0.04344
  ],
  "Hoffenheim": [
    0.0,
    1e-05,
    4e-05,
    0.00023,
    0.00074,
    0.00204,
    0.00511,
    0.01071,
    0.02223,
    0.04557,
    0.09491,
    0.149,
    0.20465,
    0.21233,
    0.15091,
    0.07837,
    0.01967,
    0.00348
  ],
  "Stuttgart": [
    0.00139,
    0.01223,
    0.03198,
    0.05989,
    0.09088,
    0.11875,
    0.13607,
    0.14248,
    0.14334,
    0.12134,
    0.07573,
    0.03971,
    0.01706,
    0.00694,
    0.0018,
    0.00039,
    2e-05,
    0.0
  ],
  "Freiburg": [
    0.00082,
    0.00632,
    0.01814,
    0.03742,
    0.06575,
    0.09274,
    0.11927,
    0.14149,
    0.15623,
    0.14942,
    0.1069,
    0.06064,
    0.02919,
    0.01172,
    0.00332,
    0.00059,
    4e-05,
    0.0
  ],
  "Union Berlin": [
    0.01193,
    0.04036,
    0.07742,
    0.11907,
    0.14959,
    0.14768,
    0.13595,
    0.11719,
    0.08906,
    0.06124,
    0.03103,
    0.01285,
    0.00489,
    0.00137,
    0.00034,
    3e-05,
    0.0,
    0.0
  ],
  "Augsburg": [
    0.0,
    9e-05,
    0.00046,
    0.00181,
    0.00482,
    0.01053,
    0.02073,
    0.03674,
    0.06515,
    0.11007,
    0.17586,
    0.2013,
    0.17072,
    0.1166,
    0.05925,
    0.02203,
    0.00348,
    0.00036
  ],
  "Werder Bremen": [
    0.0,
    2e-05,
    5e-05,
    0.00029,
    0.00113,
    0.00259,
    0.00604,
    0.01301,
    0.02617,
    0.05328,
    0.10065,
    0.15764,
    0.19873,
    0.20094,
    0.13995,
    0.07581,
    0.02037,
    0.00333
  ],
  "Hertha": [
    0.0,
    0.00013,
    0.00055,
    0.00199,
    0.00591,
    0.01221,
    0.02372,
    0.04201,
    0.07114,
    0.12062,
    0.18529,
    0.19389,
    0.1537,
    0.10272,
    0.05609,
    0.02463,
    0.00495,
    0.00045
  ],
  "Dortmund": [
    0.05436,
    0.17967,
    0.21688,
    0.19931,
    0.13559,
    0.0887,
    0.05802,
    0.03448,
    0.01977,
    0.00897,
    0.00325,
    0.00079,
    0.00015,
    5e-05,
    1e-05,
    0.0,
    0.0,
    0.0
  ],
  "M'gladbach": [
    0.00207,
    0.01525,
    0.03994,
    0.07027,
    0.10664,
    0.13759,
    0.14608,
    0.14785,
    0.13093,
    0.10181,
    0.05745,
    0.02766,
    0.01135,
    0.00379,
    0.00112,
    0.00018,
    2e-05,
    0.0
  ],
  "RB Leipzig": [
    0.1323,
    0.32059,
    0.22809,
    0.13988,
    0.08281,
    0.04703,
    0.02576,
    0.01374,
    0.00634,
    0.00247,
    0.00081,
    0.00017,
    1e-05,
    0.0,
    0.0,
    0.0,
    0.0,
    0.0
  ],
  "Mainz": [
    0.0,
    0.0,
    0.0,
    0.0,
    0.0,
    0.0,
    0.0,
    0.0,
    4e-05,
    8e-05,
    0.00049,
    0.00176,
    0.00597,
    0.01767,
    0.04823,
    0.12406,
    0.37176,
    0.42994
  ],
  "Wolfsburg": [
    0.00518,
    0.02979,
    0.06185,
    0.1026,
    0.1429,
    0.15258,
    0.14474,
    0.12635,
    0.10082,
    0.06882,
    0.0384,
    0.01734,
    0.00653,
    0.00164,
    0.0004,
    6e-05,
    0.0,
    0.0
  ],
  "Leverkusen": [
    0.10617,
    0.20384,
    0.22121,
    0.17872,
    0.11828,
    0.07283,
    0.04551,
    0.02774,
    0.01471,
    0.00766,
    0.00239,
    0.00075,
    0.00017,
    1e-05,
    1e-05,
    0.0,
    0.0,
    0.0
  ]
}