{
  "Internacional / RS": [
    0.02383,
    0.04883,
    0.08733,
    0.13277,
    0.17559,
    0.19126,
    0.13585,
    0.08617,
    0.05491,
    0.03034,
    0.01756,
    0.00877,
    0.00445,
    0.00148,
    0.00063,
    0.00017,
    6e-05,
    0.0,
    0.0,
    0.0
  ],
  "Bahia / BA": [
    0.06028,
    0.112,
    0.16282,
    0.19368,
    0.18906,
    0.12925,
    0.07241,
    0.03974,
    0.02107,
    0.01045,
    0.00522,
    0.0025,
    0.00098,
    0.00031,
    0.00019,
    3e-05,
    1e-05,
    0.0,
    0.0,
    0.0
  ],
  "Criciúma / SC": [
    0.00092,
    0.00351,
    0.01094,
    0.02519,
    0.05073,
    0.09337,
    0.12788,
    0.1371,
    0.13324,
    0.1156,
    0.09668,
    0.07617,
    0.05341,
    0.03405,
    0.02036,
    0.01126,
    0.0058,
    0.00277,
    0.00079,
    0.00023
  ],
  "Juventude / RS": [
    5e-05,
    0.00039,
    0.00138,
    0.00413,
    0.01052,
    0.02604,
    0.04913,
    0.07386,
    0.09546,
    0.11483,
    0.12427,
    0.12755,
    0.1162,
    0.09593,
    0.06757,
    0.04365,
    0.02693,
    0.01421,
    0.00606,
    0.00184
  ],
  "Fluminense / RJ": [
    0.0,
    0.0,
    0.0,
    0.0,
    0.0,
    0.0,
    3e-05,
    9e-05,
    0.00027,
    0.00079,
    0.00193,
    0.00422,
    0.00874,
    0.01725,
    0.0314,
    0.05276,
    0.08447,
    0.13374,
    0.22398,
    0.44033
  ],
  "Red Bull Bragantino / SP": [
    0.00088,
    0.00427,
    0.01157,
    0.02645,
    0.05191,
    0.09849,
    0.1393,
    0.14952,
    0.13462,
    0.11589,
    0.09308,
    0.06695,
    0.04745,
    0.02947,
    0.01591,
    0.00812,
    0.00394,
    0.00165,
    0.00044,
    9e-05
  ],
  "São Paulo / SP": [
    0.00018,
    0.00105,
    0.00366,
    0.01057,
    0.02518,
    0.05272,
    0.09428,
    0.11877,
    0.12949,
    0.1305,
    0.12132,
    0.10437,
    0.08124,
    0.05541,
    0.03471,
    0.01961,
    0.01009,
    0.00489,
    0.00156,
    0.0004
  ],
  "Fortaleza / CE": [
    2e-05,
    0.00011,
    0.00057,
    0.00163,
    0.00571,
    0.01485,
    0.03284,
    0.05377,
    0.07544,
    0.09773,
    0.118,
    0.12967,
    0.13148,
    0.11332,
    0.08915,
    0.06128,
    0.03812,
    0.02185,
    0.01125,
    0.00321
  ],
  "Vasco da Gama / RJ": [
    0.0,
    0.0,
    0.0,
    0.0,
    0.0,
    1e-05,
    0.00013,
    0.00041,
    0.00086,
    0.00248,
    0.00433,
    0.00964,
    0.01785,
    0.03334,
    0.05437,
    0.08607,
    0.12387,
    0.17379,
    0.24948,
    0.24337
  ],
  "Grêmio / RS": [
    0.0,
    0.0,
    0.0,
    1e-05,
    6e-05,
    0.00034,
    0.00145,
    0.00369,
    0.00712,
    0.01306,
    0.02305,
    0.03645,
    0.05867,
    0.08756,
    0.11768,
    0.14031,
    0.14963,
    0.14703,
    0.1257,
    0.08819
  ],
  "Corinthians / SP": [
    0.0,
    0.0,
    0.0,
    2e-05,
    0.00011,
    0.00031,
    0.00134,
    0.003,
    0.00649,
    0.01183,
    0.02196,
    0.03609,
    0.05831,
    0.08751,
    0.11913,
    0.14439,
    0.15584,
    0.15124,
    0.12505,
    0.07738
  ],
  "Atlético Mineiro / MG": [
    0.00066,
    0.00276,
    0.00787,
    0.01828,
    0.03862,
    0.07811,
    0.12859,
    0.13986,
    0.13646,
    0.12457,
    0.10314,
    0.0811,
    0.05763,
    0.03832,
    0.02249,
    0.01184,
    0.00591,
    0.0027,
    0.00087,
    0.00022
  ],
  "Athletico Paranaense / PR": [
    0.11675,
    0.18592,
    0.2162,
    0.19061,
    0.13752,
    0.08205,
    0.03903,
    0.01765,
    0.00819,
    0.00358,
    0.00158,
    0.00063,
    0.00014,
    0.00012,
    3e-05,
    0.0,
    0.0,
    0.0,
    0.0,
    0.0
  ],
  "Cuiabá / MT": [
    1e-05,
    0.0,
    9e-05,
    0.00049,
    0.00133,
    0.00453,
    0.01213,
    0.02429,
    0.03993,
    0.06058,
    0.08035,
    0.10938,
    0.13162,
    0.14329,
    0.12633,
    0.10053,
    0.07525,
    0.04905,
    0.02852,
    0.0123
  ],
  "Atlético Goianiense / GO": [
    0.0,
    0.0,
    0.0,
    1e-05,
    7e-05,
    0.0003,
    0.00124,
    0.00298,
    0.00655,
    0.0123,
    0.02257,
    0.03751,
    0.06011,
    0.0922,
    0.12359,
    0.14822,
    0.15694,
    0.15016,
    0.1165,
    0.06875
  ],
  "Flamengo / RJ": [
    0.462,
    0.24782,
    0.13927,
    0.07843,
    0.04234,
    0.01977,
    0.00659,
    0.00251,
    0.00075,
    0.0004,
    7e-05,
    4e-05,
    1e-05,
    0.0,
    0.0,
    0.0,
    0.0,
    0.0,
    0.0,
    0.0
  ],
  "Cruzeiro / MG": [
    0.00011,
    0.00065,
    0.00232,
    0.00626,
    0.01614,
    0.03672,
    0.06723,
    0.09459,
    0.11643,
    0.12722,
    0.13167,
    0.12173,
    0.10178,
    0.07404,
    0.04779,
    0.02857,
    0.01535,
    0.00808,
    0.00274,
    0.00058
  ],
  "Botafogo / RJ": [
    0.06144,
    0.11763,
    0.1641,
    0.18979,
    0.17967,
    0.13395,
    0.073,
    0.04054,
    0.02068,
    0.01031,
    0.00498,
    0.00241,
    0.00107,
    0.00029,
    8e-05,
    6e-05,
    0.0,
    0.0,
    0.0,
    0.0
  ],
  "Vitória / BA": [
    0.0,
    0.0,
    0.0,
    2e-05,
    0.00015,
    0.00052,
    0.00209,
    0.00495,
    0.00935,
    0.01674,
    0.02799,
    0.04472,
    0.06884,
    0.09611,
    0.12859,
    0.14313,
    0.14779,
    0.13884,
    0.10706,
    0.06311
  ],
  "Palmeiras / SP": [
    0.27287,
    0.27506,
    0.19188,
    0.12166,
    0.07529,
    0.03741,
    0.01546,
    0.00651,
    0.00269,
    0.0008,
    0.00025,
    0.0001,
    2e-05,
    0.0,
    0.0,
    0.0,
    0.0,
    0.0,
    0.0,
    0.0
  ]
}