{
  "M'gladbach": [
    0.00427,
    0.01133,
    0.02256,
    0.03505,
    0.05025,
    0.06842,
    0.0844,
    0.09448,
    0.10175,
    0.10475,
    0.09934,
    0.09314,
    0.0821,
    0.06679,
    0.04651,
    0.02394,
    0.0091,
    0.00182
  ],
  "Bayern Munich": [
    0.26687,
    0.19517,
    0.15035,
    0.11725,
    0.08786,
    0.06275,
    0.04346,
    0.02975,
    0.01841,
    0.01189,
    0.00755,
    0.00429,
    0.00267,
    0.00118,
    0.00038,
    0.00015,
    1e-05,
    1e-05
  ],
  "Augsburg": [
    0.22123,
    0.19747,
    0.16302,
    0.12613,
    0.09747,
    0.06847,
    0.04625,
    0.03066,
    0.01976,
    0.01364,
    0.0074,
    0.00482,
    0.00206,
    0.00117,
    0.00037,
    5e-05,
    3e-05,
    0.0
  ],
  "Hoffenheim": [
    0.00629,
    0.0142,
    0.02523,
    0.03724,
    0.05295,
    0.06643,
    0.08011,
    0.09152,
    0.09836,
    0.1025,
    0.09839,
    0.09347,
    0.08138,
    0.06648,
    0.04678,
    0.02559,
    0.01025,
    0.00283
  ],
  "Bielefeld": [
    0.0,
    0.0,
    0.0,
    1e-05,
    4e-05,
    0.00013,
    0.00019,
    0.00034,
    0.00111,
    0.00213,
    0.00422,
    0.00807,
    0.01496,
    0.02951,
    0.06795,
    0.14309,
    0.26917,
    0.45908
  ],
  "Freiburg": [
    0.01449,
    0.02785,
    0.04208,
    0.05829,
    0.07422,
    0.08904,
    0.10073,
    0.10431,
    0.10207,
    0.0936,
    0.08535,
    0.06946,
    0.05511,
    0.0438,
    0.02431,
    0.01107,
    0.00351,
    0.00071
  ],
  "Stuttgart": [
    0.06869,
    0.09007,
    0.10761,
    0.11571,
    0.11703,
    0.10777,
    0.09517,
    0.07935,
    0.0642,
    0.04927,
    0.0374,
    0.02684,
    0.01984,
    0.01248,
    0.00567,
    0.00225,
    0.00046,
    0.00019
  ],
  "Greuther Furth": [
    0.0,
    6e-05,
    8e-05,
    0.00015,
    0.00039,
    0.00078,
    0.0016,
    0.00337,
    0.00578,
    0.0091,
    0.01575,
    0.02686,
    0.04564,
    0.07681,
    0.13421,
    0.22133,
    0.24616,
    0.21193
  ],
  "Union Berlin": [
    0.00031,
    0.00099,
    0.00203,
    0.0043,
    0.00681,
    0.01111,
    0.01778,
    0.02559,
    0.03799,
    0.04792,
    0.06452,
    0.08057,
    0.10345,
    0.13167,
    0.16814,
    0.14807,
    0.09929,
    0.04946
  ],
  "Leverkusen": [
    0.16785,
    0.15917,
    0.14272,
    0.12554,
    0.10615,
    0.08477,
    0.06423,
    0.04815,
    0.03344,
    0.025,
    0.01768,
    0.01186,
    0.00741,
    0.00362,
    0.00179,
    0.00048,
    0.0001,
    4e-05
  ],
  "Wolfsburg": [
    0.00132,
    0.00442,
    0.00915,
    0.01512,
    0.02325,
    0.0354,
    0.04816,
    0.06229,
    0.07807,
    0.09315,
    0.10646,
    0.1181,
    0.12517,
    0.11697,
    0.08699,
    0.04889,
    0.02098,
    0.00611
  ],
  "Bochum": [
    0.00328,
    0.00874,
    0.01588,
    0.02548,
    0.03647,
    0.05248,
    0.06456,
    0.07824,
    0.08829,
    0.09694,
    0.10024,
    0.10433,
    0.10354,
    0.09135,
    0.06883,
    0.03824,
    0.01735,
    0.00576
  ],
  "Dortmund": [
    0.10903,
    0.12177,
    0.12839,
    0.12633,
    0.11493,
    0.10038,
    0.07985,
    0.06319,
    0.04825,
    0.03546,
    0.02672,
    0.01914,
    0.01335,
    0.00788,
    0.00354,
    0.00136,
    0.00039,
    4e-05
  ],
  "Ein Frankfurt": [
    2e-05,
    3e-05,
    8e-05,
    0.00025,
    0.00048,
    0.00109,
    0.00174,
    0.00365,
    0.00596,
    0.0097,
    0.01581,
    0.02523,
    0.0397,
    0.06856,
    0.12581,
    0.20408,
    0.25769,
    0.24012
  ],
  "Mainz": [
    0.00186,
    0.00479,
    0.01014,
    0.01857,
    0.02854,
    0.04219,
    0.05702,
    0.07163,
    0.08636,
    0.09635,
    0.10362,
    0.10978,
    0.11241,
    0.1089,
    0.08019,
    0.04414,
    0.01875,
    0.00476
  ],
  "RB Leipzig": [
    0.12141,
    0.13695,
    0.1374,
    0.1297,
    0.11374,
    0.09576,
    0.07669,
    0.05707,
    0.04276,
    0.02981,
    0.02199,
    0.01559,
    0.01032,
    0.00649,
    0.00317,
    0.0009,
    0.00019,
    6e-05
  ],
  "FC Koln": [
    0.01111,
    0.0217,
    0.03374,
    0.04858,
    0.06429,
    0.07719,
    0.09218,
    0.09845,
    0.0968,
    0.09442,
    0.09399,
    0.0856,
    0.06991,
    0.05269,
    0.03393,
    0.01681,
    0.00678,
    0.00183
  ],
  "Hertha": [
    0.00197,
    0.00529,
    0.00954,
    0.0163,
    0.02513,
    0.03584,
    0.04588,
    0.05796,
    0.07064,
    0.08437,
    0.09357,
    0.10285,
    0.11098,
    0.11365,
    0.10143,
    0.06956,
    0.03979,
    0.01525
  ]
}