{
  "Man United": [
    7e-05,
    0.00103,
    0.00571,
    0.01656,
    0.02643,
    0.03919,
    0.0546,
    0.06638,
    0.08744,
    0.10736,
    0.11938,
    0.13877,
    0.13203,
    0.09876,
    0.05813,
    0.02862,
    0.01323,
    0.00503,
    0.00107,
    0.00021
  ],
  "Fulham": [
    0.00031,
    0.00291,
    0.01401,
    0.0354,
    0.05739,
    0.07547,
    0.09093,
    0.10465,
    0.10909,
    0.1135,
    0.10901,
    0.09849,
    0.08329,
    0.05537,
    0.02978,
    0.01372,
    0.00491,
    0.00158,
    0.00018,
    1e-05
  ],
  "Ipswich": [
    0.0,
    0.0,
    0.0,
    0.0,
    1e-05,
    2e-05,
    0.0,
    3e-05,
    0.00022,
    0.00036,
    0.00138,
    0.00288,
    0.00675,
    0.01769,
    0.03841,
    0.07431,
    0.1356,
    0.24086,
    0.31582,
    0.16566
  ],
  "Liverpool": [
    0.71452,
    0.2124,
    0.05307,
    0.01353,
    0.00439,
    0.00134,
    0.00048,
    0.00018,
    7e-05,
    1e-05,
    1e-05,
    0.0,
    0.0,
    0.0,
    0.0,
    0.0,
    0.0,
    0.0,
    0.0,
    0.0
  ],
  "Arsenal": [
    0.04935,
    0.20091,
    0.34684,
    0.17832,
    0.0962,
    0.05482,
    0.03175,
    0.01829,
    0.01146,
    0.00613,
    0.00352,
    0.00152,
    0.00055,
    0.00023,
    7e-05,
    3e-05,
    1e-05,
    0.0,
    0.0,
    0.0
  ],
  "Wolves": [
    0.0,
    0.0,
    0.0,
    0.0,
    2e-05,
    0.0,
    2e-05,
    0.0001,
    0.00025,
    0.00062,
    0.00179,
    0.0045,
    0.00951,
    0.02263,
    0.04843,
    0.09113,
    0.15408,
    0.25371,
    0.27577,
    0.13744
  ],
  "Everton": [
    0.0,
    1e-05,
    3e-05,
    0.00011,
    0.00033,
    0.00059,
    0.00123,
    0.00301,
    0.00584,
    0.01024,
    0.01937,
    0.03587,
    0.06395,
    0.11373,
    0.17618,
    0.19723,
    0.18446,
    0.11827,
    0.05622,
    0.01333
  ],
  "Brighton": [
    0.00101,
    0.01089,
    0.04165,
    0.08396,
    0.11047,
    0.1181,
    0.11797,
    0.11547,
    0.10385,
    0.08825,
    0.07663,
    0.05626,
    0.03811,
    0.0229,
    0.00966,
    0.00353,
    0.00103,
    0.00024,
    1e-05,
    1e-05
  ],
  "Newcastle": [
    6e-05,
    0.00073,
    0.00516,
    0.01493,
    0.0277,
    0.04116,
    0.05656,
    0.07316,
    0.08862,
    0.10598,
    0.12178,
    0.13296,
    0.13527,
    0.09543,
    0.05496,
    0.02854,
    0.01242,
    0.00373,
    0.00079,
    6e-05
  ],
  "Southampton": [
    0.0,
    0.0,
    0.0,
    0.0,
    0.0,
    0.0,
    0.0,
    0.0,
    0.0,
    2e-05,
    7e-05,
    0.00014,
    0.00063,
    0.00181,
    0.00557,
    0.01361,
    0.03373,
    0.08648,
    0.21112,
    0.64682
  ],
  "Nott'm Forest": [
    0.00064,
    0.00718,
    0.03001,
    0.06659,
    0.09103,
    0.10617,
    0.11397,
    0.11424,
    0.11075,
    0.09988,
    0.09155,
    0.07244,
    0.05067,
    0.02617,
    0.01221,
    0.00487,
    0.00121,
    0.00038,
    4e-05,
    0.0
  ],
  "Bournemouth": [
    0.00088,
    0.01048,
    0.04204,
    0.08587,
    0.11093,
    0.11863,
    0.11882,
    0.11009,
    0.09976,
    0.09233,
    0.07721,
    0.05807,
    0.04007,
    0.02084,
    0.00921,
    0.0034,
    0.00115,
    0.00018,
    4e-05,
    0.0
  ],
  "West Ham": [
    0.0,
    1e-05,
    0.00023,
    0.00092,
    0.00257,
    0.00491,
    0.00878,
    0.01498,
    0.02349,
    0.03556,
    0.05494,
    0.08664,
    0.13116,
    0.18707,
    0.1713,
    0.13377,
    0.08549,
    0.04168,
    0.01389,
    0.00261
  ],
  "Aston Villa": [
    0.00045,
    0.00571,
    0.02421,
    0.05496,
    0.0794,
    0.09488,
    0.10452,
    0.11027,
    0.11104,
    0.10657,
    0.09883,
    0.08301,
    0.06278,
    0.03638,
    0.01714,
    0.00682,
    0.00248,
    0.00046,
    9e-05,
    0.0
  ],
  "Brentford": [
    0.00023,
    0.00313,
    0.01448,
    0.03479,
    0.05553,
    0.07365,
    0.08917,
    0.09788,
    0.10573,
    0.11135,
    0.11165,
    0.10491,
    0.08917,
    0.05788,
    0.03071,
    0.01308,
    0.00509,
    0.00135,
    0.0002,
    2e-05
  ],
  "Crystal Palace": [
    0.0,
    0.0,
    2e-05,
    0.00017,
    0.00057,
    0.00128,
    0.00262,
    0.0045,
    0.00801,
    0.0138,
    0.02264,
    0.03796,
    0.06579,
    0.11509,
    0.16511,
    0.18988,
    0.17726,
    0.11803,
    0.06045,
    0.01682
  ],
  "Chelsea": [
    0.21892,
    0.46007,
    0.19162,
    0.07242,
    0.02956,
    0.01452,
    0.00686,
    0.00328,
    0.00147,
    0.00077,
    0.00032,
    0.00015,
    4e-05,
    0.0,
    0.0,
    0.0,
    0.0,
    0.0,
    0.0,
    0.0
  ],
  "Man City": [
    0.01053,
    0.06102,
    0.15336,
    0.20254,
    0.16174,
    0.12193,
    0.08879,
    0.0645,
    0.04761,
    0.03406,
    0.02379,
    0.01582,
    0.0082,
    0.00391,
    0.00164,
    0.00047,
    8e-05,
    1e-05,
    0.0,
    0.0
  ],
  "Leicester": [
    0.0,
    0.0,
    0.0,
    0.0001,
    0.00021,
    0.00071,
    0.0013,
    0.00274,
    0.00518,
    0.00919,
    0.01676,
    0.03251,
    0.06021,
    0.1124,
    0.16678,
    0.19535,
    0.18732,
    0.12797,
    0.06428,
    0.01699
  ],
  "Tottenham": [
    0.00303,
    0.02352,
    0.07756,
    0.13883,
    0.14552,
    0.13263,
    0.11163,
    0.09625,
    0.08012,
    0.06402,
    0.04937,
    0.0371,
    0.02182,
    0.01171,
    0.00471,
    0.00164,
    0.00045,
    4e-05,
    3e-05,
    2e-05
  ]
}