{
  "Palmeiras / SP": [
    0.47163,
    0.31502,
    0.15108,
    0.04851,
    0.01227,
    0.00149,
    0.0,
    0.0,
    0.0,
    0.0,
    0.0,
    0.0,
    0.0,
    0.0,
    0.0,
    0.0,
    0.0,
    0.0,
    0.0,
    0.0
  ],
  "Cuiabá / MT": [
    0.0,
    0.0,
    0.0,
    0.0,
    2e-05,
    0.00089,
    0.02512,
    0.08282,
    0.15078,
    0.1793,
    0.1909,
    0.1844,
    0.09953,
    0.0518,
    0.02434,
    0.00865,
    0.00143,
    2e-05,
    0.0,
    0.0
  ],
  "América / MG": [
    0.0,
    0.0,
    0.0,
    0.0,
    0.0,
    0.0,
    0.0,
    0.0,
    0.0,
    0.0,
    0.0,
    0.0,
    0.0,
    0.0,
    0.0,
    0.0,
    0.0,
    5e-05,
    0.02085,
    0.9791
  ],
  "Fluminense / RJ": [
    0.0,
    0.0,
    0.0,
    0.00017,
    0.0019,
    0.02076,
    0.16668,
    0.33733,
    0.21875,
    0.1334,
    0.07363,
    0.03459,
    0.00956,
    0.00259,
    0.00059,
    4e-05,
    1e-05,
    0.0,
    0.0,
    0.0
  ],
  "Botafogo / RJ": [
    0.35531,
    0.31172,
    0.20179,
    0.08902,
    0.03477,
    0.00696,
    0.00042,
    1e-05,
    0.0,
    0.0,
    0.0,
    0.0,
    0.0,
    0.0,
    0.0,
    0.0,
    0.0,
    0.0,
    0.0,
    0.0
  ],
  "São Paulo / SP": [
    0.0,
    0.0,
    1e-05,
    8e-05,
    0.00089,
    0.00949,
    0.0646,
    0.17236,
    0.20873,
    0.197,
    0.15527,
    0.11403,
    0.04888,
    0.018,
    0.00831,
    0.00217,
    0.00018,
    0.0,
    0.0,
    0.0
  ],
  "Red Bull Bragantino / SP": [
    0.13026,
    0.22624,
    0.29136,
    0.19409,
    0.1182,
    0.03682,
    0.003,
    3e-05,
    0.0,
    0.0,
    0.0,
    0.0,
    0.0,
    0.0,
    0.0,
    0.0,
    0.0,
    0.0,
    0.0,
    0.0
  ],
  "Bahia / BA": [
    0.0,
    0.0,
    0.0,
    0.0,
    0.0,
    0.0,
    0.0,
    3e-05,
    0.00088,
    0.00342,
    0.01,
    0.02195,
    0.04654,
    0.10586,
    0.17549,
    0.25266,
    0.26047,
    0.12236,
    0.00034,
    0.0
  ],
  "Athletico Paranaense / PR": [
    0.0,
    1e-05,
    0.00028,
    0.00361,
    0.0194,
    0.11031,
    0.53853,
    0.20914,
    0.07743,
    0.02854,
    0.0095,
    0.00277,
    0.00044,
    4e-05,
    0.0,
    0.0,
    0.0,
    0.0,
    0.0,
    0.0
  ],
  "Goiás / GO": [
    0.0,
    0.0,
    0.0,
    0.0,
    0.0,
    0.0,
    0.0,
    0.0,
    1e-05,
    0.00012,
    0.00061,
    0.00214,
    0.00929,
    0.01871,
    0.03712,
    0.08033,
    0.19013,
    0.65244,
    0.0091,
    0.0
  ],
  "Fortaleza / CE": [
    0.0,
    0.0,
    1e-05,
    6e-05,
    0.00032,
    0.00392,
    0.04873,
    0.11754,
    0.18048,
    0.18034,
    0.16999,
    0.14765,
    0.08278,
    0.04244,
    0.01758,
    0.00652,
    0.00154,
    0.0001,
    0.0,
    0.0
  ],
  "Internacional / RS": [
    0.0,
    0.0,
    0.0,
    0.0,
    0.0,
    0.0,
    0.00031,
    0.00347,
    0.0162,
    0.03909,
    0.07742,
    0.12998,
    0.22109,
    0.24222,
    0.16552,
    0.08248,
    0.02102,
    0.0012,
    0.0,
    0.0
  ],
  "Atlético Mineiro / MG": [
    0.00169,
    0.01361,
    0.0506,
    0.13913,
    0.2268,
    0.44729,
    0.09996,
    0.01807,
    0.00261,
    0.0002,
    4e-05,
    0.0,
    0.0,
    0.0,
    0.0,
    0.0,
    0.0,
    0.0,
    0.0,
    0.0
  ],
  "Vasco da Gama / RJ": [
    0.0,
    0.0,
    0.0,
    0.0,
    0.0,
    0.0,
    5e-05,
    0.00045,
    0.00233,
    0.00651,
    0.01764,
    0.03719,
    0.08473,
    0.11443,
    0.17608,
    0.21753,
    0.24445,
    0.09843,
    0.00018,
    0.0
  ],
  "Flamengo / RJ": [
    0.02833,
    0.08103,
    0.16818,
    0.25492,
    0.27502,
    0.16471,
    0.02576,
    0.002,
    4e-05,
    1e-05,
    0.0,
    0.0,
    0.0,
    0.0,
    0.0,
    0.0,
    0.0,
    0.0,
    0.0,
    0.0
  ],
  "Coritiba / PR": [
    0.0,
    0.0,
    0.0,
    0.0,
    0.0,
    0.0,
    0.0,
    0.0,
    0.0,
    0.0,
    0.0,
    0.0,
    0.0,
    0.0,
    0.0,
    4e-05,
    0.00035,
    0.00941,
    0.9693,
    0.0209
  ],
  "Corinthians / SP": [
    0.0,
    0.0,
    0.0,
    0.0,
    0.0,
    7e-05,
    0.00757,
    0.05227,
    0.12871,
    0.19466,
    0.21972,
    0.18281,
    0.10371,
    0.0599,
    0.03262,
    0.01428,
    0.00358,
    0.0001,
    0.0,
    0.0
  ],
  "Cruzeiro / MG": [
    0.0,
    0.0,
    0.0,
    0.0,
    0.0,
    0.0,
    0.00013,
    0.00106,
    0.0051,
    0.01284,
    0.02729,
    0.05207,
    0.09924,
    0.1254,
    0.16376,
    0.20253,
    0.2114,
    0.09895,
    0.00023,
    0.0
  ],
  "Grêmio / RS": [
    0.01278,
    0.05237,
    0.13669,
    0.27041,
    0.31041,
    0.19729,
    0.01886,
    0.00117,
    2e-05,
    0.0,
    0.0,
    0.0,
    0.0,
    0.0,
    0.0,
    0.0,
    0.0,
    0.0,
    0.0,
    0.0
  ],
  "Santos / SP": [
    0.0,
    0.0,
    0.0,
    0.0,
    0.0,
    0.0,
    0.00028,
    0.00225,
    0.00793,
    0.02457,
    0.04799,
    0.09042,
    0.19421,
    0.21861,
    0.19859,
    0.13277,
    0.06544,
    0.01694,
    0.0,
    0.0
  ]
}