{
  "Bayern Munich": [
    0.99446,
    0.00554,
    0.0,
    0.0,
    0.0,
    0.0,
    0.0,
    0.0,
    0.0,
    0.0,
    0.0,
    0.0,
    0.0,
    0.0,
    0.0,
    0.0,
    0.0,
    0.0
  ],
  "Schalke 04": [
    0.0,
    0.0,
    0.0,
    0.0,
    0.0,
    0.0,
    0.0,
    0.0,
    0.0,
    0.0,
    0.0,
    0.0,
    0.0,
    0.0,
    0.0,
    0.0,
    0.0,
    1.0
  ],
  "Ein Frankfurt": [
    0.0,
    0.00491,
    0.31233,
    0.35351,
    0.31947,
    0.00978,
    0.0,
    0.0,
    0.0,
    0.0,
    0.0,
    0.0,
    0.0,
    0.0,
    0.0,
    0.0,
    0.0,
    0.0
  ],
  "Bielefeld": [
    0.0,
    0.0,
    0.0,
    0.0,
    0.0,
    0.0,
    0.0,
    0.0,
    0.0,
    0.0,
    0.00876,
    0.0331,
    0.0854,
    0.1359,
    0.20297,
    0.25496,
    0.27891,
    0.0
  ],
  "FC Koln": [
    0.0,
    0.0,
    0.0,
    0.0,
    0.0,
    0.0,
    0.0,
    0.0,
    0.0,
    0.0,
    0.00152,
    0.01644,
    0.04724,
    0.09823,
    0.16579,
    0.25449,
    0.41629,
    0.0
  ],
  "Hoffenheim": [
    0.0,
    0.0,
    0.0,
    0.0,
    0.0,
    0.0,
    0.0,
    0.0,
    0.00893,
    0.0462,
    0.54484,
    0.24639,
    0.10204,
    0.04255,
    0.00828,
    0.00077,
    0.0,
    0.0
  ],
  "Stuttgart": [
    0.0,
    0.0,
    0.0,
    0.0,
    0.0,
    0.0,
    0.00836,
    0.04625,
    0.34285,
    0.56427,
    0.03719,
    0.00108,
    0.0,
    0.0,
    0.0,
    0.0,
    0.0,
    0.0
  ],
  "Freiburg": [
    0.0,
    0.0,
    0.0,
    0.0,
    0.0,
    0.00019,
    0.01462,
    0.07823,
    0.51271,
    0.35225,
    0.03982,
    0.00218,
    0.0,
    0.0,
    0.0,
    0.0,
    0.0,
    0.0
  ],
  "Union Berlin": [
    0.0,
    0.0,
    0.0,
    0.0,
    0.0,
    0.0984,
    0.3349,
    0.47651,
    0.08088,
    0.00931,
    0.0,
    0.0,
    0.0,
    0.0,
    0.0,
    0.0,
    0.0,
    0.0
  ],
  "Augsburg": [
    0.0,
    0.0,
    0.0,
    0.0,
    0.0,
    0.0,
    0.0,
    0.0,
    0.0,
    0.0,
    0.02814,
    0.1114,
    0.24183,
    0.24833,
    0.21713,
    0.1256,
    0.02757,
    0.0
  ],
  "Werder Bremen": [
    0.0,
    0.0,
    0.0,
    0.0,
    0.0,
    0.0,
    0.0,
    0.0,
    0.0,
    0.0,
    0.00968,
    0.04775,
    0.13277,
    0.18337,
    0.21825,
    0.23616,
    0.17202,
    0.0
  ],
  "Hertha": [
    0.0,
    0.0,
    0.0,
    0.0,
    0.0,
    0.0,
    0.0,
    0.0,
    0.00018,
    0.00274,
    0.07228,
    0.12601,
    0.2135,
    0.20009,
    0.15711,
    0.12315,
    0.10494,
    0.0
  ],
  "Dortmund": [
    0.0,
    0.00325,
    0.20415,
    0.31389,
    0.42022,
    0.05843,
    6e-05,
    0.0,
    0.0,
    0.0,
    0.0,
    0.0,
    0.0,
    0.0,
    0.0,
    0.0,
    0.0,
    0.0
  ],
  "M'gladbach": [
    0.0,
    0.0,
    0.0,
    0.0,
    0.00033,
    0.05471,
    0.52668,
    0.36141,
    0.05071,
    0.00616,
    0.0,
    0.0,
    0.0,
    0.0,
    0.0,
    0.0,
    0.0,
    0.0
  ],
  "RB Leipzig": [
    0.00554,
    0.97256,
    0.02102,
    0.00088,
    0.0,
    0.0,
    0.0,
    0.0,
    0.0,
    0.0,
    0.0,
    0.0,
    0.0,
    0.0,
    0.0,
    0.0,
    0.0,
    0.0
  ],
  "Mainz": [
    0.0,
    0.0,
    0.0,
    0.0,
    0.0,
    0.0,
    0.0,
    0.0,
    0.00315,
    0.01907,
    0.25777,
    0.41565,
    0.17722,
    0.09153,
    0.03047,
    0.00487,
    0.00027,
    0.0
  ],
  "Wolfsburg": [
    0.0,
    0.01374,
    0.46171,
    0.32194,
    0.20025,
    0.00236,
    0.0,
    0.0,
    0.0,
    0.0,
    0.0,
    0.0,
    0.0,
    0.0,
    0.0,
    0.0,
    0.0,
    0.0
  ],
  "Leverkusen": [
    0.0,
    0.0,
    0.00079,
    0.00978,
    0.05973,
    0.77613,
    0.11538,
    0.0376,
    0.00059,
    0.0,
    0.0,
    0.0,
    0.0,
    0.0,
    0.0,
    0.0,
    0.0,
    0.0
  ]
}