{
  "Burnley": [
    0.0,
    0.0,
    0.0,
    0.0,
    0.0,
    0.0,
    1e-05,
    0.0001,
    0.00047,
    0.00073,
    0.00229,
    0.00423,
    0.00756,
    0.01368,
    0.02615,
    0.05448,
    0.11532,
    0.21284,
    0.32854,
    0.2336
  ],
  "Man City": [
    0.23288,
    0.21567,
    0.18526,
    0.14824,
    0.1132,
    0.07438,
    0.02296,
    0.00544,
    0.00139,
    0.00042,
    0.0001,
    5e-05,
    1e-05,
    0.0,
    0.0,
    0.0,
    0.0,
    0.0,
    0.0,
    0.0
  ],
  "Arsenal": [
    0.07857,
    0.11431,
    0.14494,
    0.17166,
    0.19024,
    0.18364,
    0.07925,
    0.02424,
    0.00804,
    0.00296,
    0.00132,
    0.00043,
    0.00021,
    0.00014,
    5e-05,
    0.0,
    0.0,
    0.0,
    0.0,
    0.0
  ],
  "Nott'm Forest": [
    0.0,
    1e-05,
    3e-05,
    9e-05,
    0.00041,
    0.00159,
    0.0106,
    0.02616,
    0.04432,
    0.06061,
    0.07833,
    0.09736,
    0.11291,
    0.12981,
    0.13347,
    0.13027,
    0.09708,
    0.0522,
    0.02057,
    0.00418
  ],
  "Bournemouth": [
    0.0,
    0.0,
    0.0,
    0.0,
    0.0,
    3e-05,
    0.00016,
    0.00081,
    0.00216,
    0.0048,
    0.00864,
    0.01513,
    0.02568,
    0.04453,
    0.07039,
    0.11934,
    0.21245,
    0.2399,
    0.17939,
    0.07659
  ],
  "West Ham": [
    4e-05,
    0.00032,
    0.00136,
    0.00389,
    0.01107,
    0.03237,
    0.10854,
    0.17239,
    0.1585,
    0.13253,
    0.11082,
    0.08772,
    0.06936,
    0.04643,
    0.03305,
    0.01981,
    0.00841,
    0.00282,
    0.00053,
    4e-05
  ],
  "Brighton": [
    0.00263,
    0.00768,
    0.01673,
    0.03572,
    0.0696,
    0.14495,
    0.31353,
    0.17236,
    0.09644,
    0.05669,
    0.0353,
    0.02141,
    0.0135,
    0.00767,
    0.00375,
    0.00151,
    0.0004,
    0.0001,
    1e-05,
    2e-05
  ],
  "Luton": [
    0.0,
    0.0,
    0.0,
    0.0,
    0.0,
    0.0,
    0.00023,
    0.00073,
    0.00247,
    0.00478,
    0.00828,
    0.01344,
    0.02313,
    0.04403,
    0.07257,
    0.12238,
    0.20513,
    0.24003,
    0.18492,
    0.07788
  ],
  "Everton": [
    0.0,
    1e-05,
    0.0,
    0.0001,
    0.00035,
    0.00158,
    0.0099,
    0.02592,
    0.04065,
    0.05956,
    0.07543,
    0.09142,
    0.11336,
    0.13231,
    0.14305,
    0.13493,
    0.09407,
    0.05276,
    0.02077,
    0.00383
  ],
  "Fulham": [
    0.0,
    1e-05,
    0.0001,
    0.00018,
    0.00081,
    0.00388,
    0.01956,
    0.04677,
    0.06858,
    0.08407,
    0.09978,
    0.11164,
    0.119,
    0.12029,
    0.11777,
    0.10485,
    0.06017,
    0.0289,
    0.01172,
    0.00192
  ],
  "Sheffield United": [
    0.0,
    0.0,
    0.0,
    0.0,
    0.0,
    0.0,
    0.0,
    0.0,
    1e-05,
    6e-05,
    0.00014,
    0.0004,
    0.00107,
    0.00248,
    0.00569,
    0.01483,
    0.04285,
    0.10161,
    0.23213,
    0.59873
  ],
  "Crystal Palace": [
    2e-05,
    3e-05,
    8e-05,
    0.00022,
    0.00108,
    0.00486,
    0.02557,
    0.05748,
    0.08011,
    0.0981,
    0.11083,
    0.11852,
    0.11783,
    0.1107,
    0.10434,
    0.08401,
    0.05173,
    0.02483,
    0.0082,
    0.00146
  ],
  "Newcastle": [
    0.07624,
    0.1201,
    0.15522,
    0.17892,
    0.18965,
    0.17695,
    0.07084,
    0.02081,
    0.00708,
    0.0026,
    0.00096,
    0.00038,
    0.00015,
    8e-05,
    1e-05,
    1e-05,
    0.0,
    0.0,
    0.0,
    0.0
  ],
  "Aston Villa": [
    0.10925,
    0.14551,
    0.16539,
    0.17633,
    0.17171,
    0.14724,
    0.05896,
    0.0165,
    0.00569,
    0.00198,
    0.00096,
    0.00032,
    8e-05,
    6e-05,
    0.0,
    2e-05,
    0.0,
    0.0,
    0.0,
    0.0
  ],
  "Brentford": [
    5e-05,
    0.00028,
    0.00093,
    0.00288,
    0.0089,
    0.02529,
    0.08767,
    0.14877,
    0.1495,
    0.13489,
    0.11497,
    0.09338,
    0.07605,
    0.06011,
    0.04522,
    0.02914,
    0.01488,
    0.0055,
    0.00143,
    0.00016
  ],
  "Tottenham": [
    0.12591,
    0.16451,
    0.17364,
    0.17085,
    0.16146,
    0.13004,
    0.05176,
    0.01497,
    0.00447,
    0.00149,
    0.00057,
    0.00021,
    0.0001,
    0.0,
    2e-05,
    0.0,
    0.0,
    0.0,
    0.0,
    0.0
  ],
  "Chelsea": [
    2e-05,
    0.00011,
    0.00024,
    0.00108,
    0.00396,
    0.01414,
    0.05386,
    0.10593,
    0.12604,
    0.1279,
    0.11758,
    0.10752,
    0.09537,
    0.08297,
    0.07119,
    0.05241,
    0.02667,
    0.00969,
    0.00293,
    0.00039
  ],
  "Liverpool": [
    0.37438,
    0.23135,
    0.15581,
    0.10871,
    0.07325,
    0.04185,
    0.01154,
    0.00238,
    0.00057,
    0.00011,
    2e-05,
    2e-05,
    1e-05,
    0.0,
    0.0,
    0.0,
    0.0,
    0.0,
    0.0,
    0.0
  ],
  "Man United": [
    0.0,
    5e-05,
    8e-05,
    0.00026,
    0.00102,
    0.00515,
    0.02418,
    0.05663,
    0.08147,
    0.1024,
    0.11085,
    0.12391,
    0.12192,
    0.11675,
    0.1036,
    0.08009,
    0.04627,
    0.01922,
    0.00556,
    0.00059
  ],
  "Wolves": [
    1e-05,
    5e-05,
    0.00019,
    0.00087,
    0.00329,
    0.01206,
    0.05088,
    0.10161,
    0.12204,
    0.12332,
    0.12283,
    0.11251,
    0.1027,
    0.08796,
    0.06968,
    0.05192,
    0.02457,
    0.0096,
    0.0033,
    0.00061
  ]
}