{
  "São Paulo / SP": [
    0.0,
    0.0,
    0.0,
    0.00046,
    0.00693,
    0.03201,
    0.12883,
    0.15188,
    0.14581,
    0.12881,
    0.11459,
    0.0885,
    0.07413,
    0.05683,
    0.04023,
    0.0208,
    0.00914,
    0.00097,
    8e-05,
    0.0
  ],
  "Sport / PE": [
    0.0,
    0.0,
    0.0,
    0.0,
    0.0,
    0.0,
    0.0,
    0.0,
    0.0,
    0.0,
    0.0,
    0.0,
    0.0,
    0.0,
    0.00014,
    0.00067,
    0.00441,
    0.02653,
    0.10028,
    0.86797
  ],
  "Cruzeiro / MG": [
    0.01878,
    0.11689,
    0.65688,
    0.16288,
    0.03678,
    0.00734,
    0.00043,
    2e-05,
    0.0,
    0.0,
    0.0,
    0.0,
    0.0,
    0.0,
    0.0,
    0.0,
    0.0,
    0.0,
    0.0,
    0.0
  ],
  "Mirassol / SP": [
    0.00108,
    0.01208,
    0.14748,
    0.4933,
    0.23052,
    0.09811,
    0.01452,
    0.0025,
    0.00036,
    4e-05,
    1e-05,
    0.0,
    0.0,
    0.0,
    0.0,
    0.0,
    0.0,
    0.0,
    0.0,
    0.0
  ],
  "Grêmio / RS": [
    0.0,
    0.0,
    0.0,
    3e-05,
    0.0008,
    0.00719,
    0.03575,
    0.06446,
    0.08927,
    0.11098,
    0.12492,
    0.13291,
    0.13393,
    0.1259,
    0.09308,
    0.05456,
    0.02152,
    0.00415,
    0.00055,
    0.0
  ],
  "Atlético Mineiro / MG": [
    0.0,
    0.0,
    0.0,
    2e-05,
    0.00041,
    0.00335,
    0.02149,
    0.0437,
    0.06333,
    0.08283,
    0.10137,
    0.12264,
    0.1231,
    0.13231,
    0.13099,
    0.1037,
    0.05348,
    0.01449,
    0.00274,
    5e-05
  ],
  "Fortaleza / CE": [
    0.0,
    0.0,
    0.0,
    0.0,
    0.0,
    0.0,
    0.0,
    2e-05,
    4e-05,
    0.00016,
    0.00055,
    0.00118,
    0.00271,
    0.00657,
    0.01579,
    0.04122,
    0.10591,
    0.32767,
    0.42962,
    0.06856
  ],
  "Fluminense / RJ": [
    0.0,
    0.0,
    0.00059,
    0.00725,
    0.03435,
    0.1013,
    0.28281,
    0.19617,
    0.13497,
    0.0891,
    0.06146,
    0.04137,
    0.02566,
    0.01601,
    0.00712,
    0.00158,
    0.00025,
    1e-05,
    0.0,
    0.0
  ],
  "Juventude / RS": [
    0.0,
    0.0,
    0.0,
    0.0,
    0.0,
    0.0,
    0.0,
    0.0,
    6e-05,
    0.00011,
    0.00032,
    0.0007,
    0.0019,
    0.00507,
    0.0134,
    0.04247,
    0.11053,
    0.3715,
    0.39362,
    0.06032
  ],
  "Vitória / BA": [
    0.0,
    0.0,
    0.0,
    0.0,
    0.0,
    5e-05,
    0.00093,
    0.00286,
    0.00622,
    0.01128,
    0.01869,
    0.02744,
    0.04126,
    0.06465,
    0.11005,
    0.20806,
    0.33789,
    0.13194,
    0.0368,
    0.00188
  ],
  "Flamengo / RJ": [
    0.61414,
    0.34742,
    0.03552,
    0.0028,
    0.00012,
    0.0,
    0.0,
    0.0,
    0.0,
    0.0,
    0.0,
    0.0,
    0.0,
    0.0,
    0.0,
    0.0,
    0.0,
    0.0,
    0.0,
    0.0
  ],
  "Internacional / RS": [
    0.0,
    0.0,
    0.0,
    7e-05,
    0.00109,
    0.00731,
    0.0404,
    0.06516,
    0.08503,
    0.10401,
    0.11442,
    0.11795,
    0.12112,
    0.11777,
    0.11289,
    0.07233,
    0.03378,
    0.00603,
    0.00064,
    0.0
  ],
  "Palmeiras / SP": [
    0.36597,
    0.52208,
    0.10053,
    0.01059,
    0.00078,
    5e-05,
    0.0,
    0.0,
    0.0,
    0.0,
    0.0,
    0.0,
    0.0,
    0.0,
    0.0,
    0.0,
    0.0,
    0.0,
    0.0,
    0.0
  ],
  "Botafogo / RJ": [
    0.0,
    0.00043,
    0.01809,
    0.11201,
    0.27376,
    0.41844,
    0.11675,
    0.03868,
    0.01431,
    0.00481,
    0.0017,
    0.00061,
    0.00028,
    0.00013,
    0.0,
    0.0,
    0.0,
    0.0,
    0.0,
    0.0
  ],
  "Vasco da Gama / RJ": [
    0.0,
    0.0,
    6e-05,
    0.00138,
    0.0124,
    0.05098,
    0.15431,
    0.18736,
    0.15791,
    0.12764,
    0.09776,
    0.07427,
    0.05827,
    0.04104,
    0.02528,
    0.00908,
    0.00209,
    0.00016,
    1e-05,
    0.0
  ],
  "Santos / SP": [
    0.0,
    0.0,
    0.0,
    0.0,
    0.0,
    0.0002,
    0.00125,
    0.00389,
    0.00829,
    0.01494,
    0.02322,
    0.03669,
    0.05509,
    0.08536,
    0.14118,
    0.26103,
    0.23352,
    0.10044,
    0.03368,
    0.00122
  ],
  "Bahia / BA": [
    3e-05,
    0.0011,
    0.04083,
    0.20893,
    0.39824,
    0.24774,
    0.06999,
    0.02068,
    0.00753,
    0.00289,
    0.0013,
    0.00049,
    0.00016,
    8e-05,
    1e-05,
    0.0,
    0.0,
    0.0,
    0.0,
    0.0
  ],
  "Corinthians / SP": [
    0.0,
    0.0,
    0.0,
    0.00014,
    0.00217,
    0.01352,
    0.05703,
    0.09805,
    0.11917,
    0.12496,
    0.1152,
    0.10807,
    0.10503,
    0.09818,
    0.08393,
    0.05017,
    0.02013,
    0.00361,
    0.00064,
    0.0
  ],
  "Red Bull Bragantino / SP": [
    0.0,
    0.0,
    0.0,
    4e-05,
    0.00047,
    0.00364,
    0.02685,
    0.05374,
    0.08007,
    0.09981,
    0.11088,
    0.13143,
    0.13812,
    0.13303,
    0.11654,
    0.06888,
    0.03097,
    0.00512,
    0.00041,
    0.0
  ],
  "Ceará / CE": [
    0.0,
    0.0,
    2e-05,
    0.0001,
    0.00118,
    0.00877,
    0.04866,
    0.07083,
    0.08763,
    0.09763,
    0.11361,
    0.11575,
    0.11924,
    0.11707,
    0.10937,
    0.06545,
    0.03638,
    0.00738,
    0.00093,
    0.0
  ]
}