{
  "Heerenveen": [
    0.01173,
    0.03581,
    0.08194,
    0.1325,
    0.17937,
    0.20307,
    0.17421,
    0.11186,
    0.05099,
    0.01283,
    0.00383,
    0.0012,
    0.00046,
    0.00018,
    0.0,
    2e-05,
    0.0,
    0.0
  ],
  "Willem II": [
    0.0,
    0.0,
    1e-05,
    4e-05,
    0.00027,
    0.00116,
    0.00614,
    0.01918,
    0.05587,
    0.11895,
    0.13942,
    0.13841,
    0.13136,
    0.12,
    0.1029,
    0.08118,
    0.0549,
    0.03021
  ],
  "Zwolle": [
    0.0,
    0.0,
    1e-05,
    0.00012,
    0.00069,
    0.00262,
    0.00853,
    0.02843,
    0.07803,
    0.15269,
    0.15346,
    0.14071,
    0.12292,
    0.10355,
    0.08374,
    0.06373,
    0.04044,
    0.02033
  ],
  "Feyenoord": [
    0.06038,
    0.12391,
    0.20105,
    0.21748,
    0.17683,
    0.11722,
    0.06285,
    0.02941,
    0.00909,
    0.00137,
    0.00031,
    7e-05,
    3e-05,
    0.0,
    0.0,
    0.0,
    0.0,
    0.0
  ],
  "Twente": [
    0.02356,
    0.05945,
    0.11951,
    0.17564,
    0.21586,
    0.19021,
    0.11804,
    0.06718,
    0.02404,
    0.00476,
    0.00121,
    0.00043,
    7e-05,
    3e-05,
    1e-05,
    0.0,
    0.0,
    0.0
  ],
  "For Sittard": [
    0.0,
    0.0,
    0.0,
    0.0,
    1e-05,
    2e-05,
    0.00016,
    0.00097,
    0.0045,
    0.01559,
    0.02949,
    0.0437,
    0.0614,
    0.08448,
    0.11347,
    0.15504,
    0.21391,
    0.27726
  ],
  "FC Emmen": [
    0.0,
    0.0,
    0.0,
    0.0,
    2e-05,
    3e-05,
    0.00014,
    0.00075,
    0.00301,
    0.01052,
    0.02186,
    0.03226,
    0.04982,
    0.07162,
    0.10444,
    0.14971,
    0.22606,
    0.32976
  ],
  "VVV Venlo": [
    0.0,
    0.0,
    0.0,
    2e-05,
    0.00016,
    0.00059,
    0.00267,
    0.01085,
    0.03507,
    0.09338,
    0.11852,
    0.13121,
    0.13644,
    0.13483,
    0.12241,
    0.10268,
    0.07286,
    0.03831
  ],
  "Heracles": [
    0.0,
    1e-05,
    1e-05,
    9e-05,
    0.00054,
    0.00166,
    0.00625,
    0.01796,
    0.05598,
    0.11743,
    0.1378,
    0.14038,
    0.13578,
    0.12065,
    0.10309,
    0.0793,
    0.05419,
    0.02888
  ],
  "Den Haag": [
    0.0,
    0.0,
    0.0,
    0.0,
    1e-05,
    9e-05,
    0.0004,
    0.00234,
    0.0101,
    0.03181,
    0.05067,
    0.07094,
    0.09112,
    0.1139,
    0.13782,
    0.16368,
    0.17153,
    0.15559
  ],
  "Sparta Rotterdam": [
    0.0,
    0.0,
    0.0,
    5e-05,
    0.0005,
    0.00192,
    0.00659,
    0.02269,
    0.06934,
    0.1448,
    0.15131,
    0.14313,
    0.12395,
    0.10741,
    0.09041,
    0.06748,
    0.04611,
    0.02431
  ],
  "Ajax": [
    0.44427,
    0.28469,
    0.14696,
    0.07216,
    0.03243,
    0.0138,
    0.00433,
    0.00113,
    0.00023,
    0.0,
    0.0,
    0.0,
    0.0,
    0.0,
    0.0,
    0.0,
    0.0,
    0.0
  ],
  "Groningen": [
    0.00134,
    0.00569,
    0.01871,
    0.04487,
    0.08951,
    0.15278,
    0.22928,
    0.24151,
    0.1417,
    0.04593,
    0.0168,
    0.00683,
    0.0031,
    0.00132,
    0.00044,
    0.00015,
    4e-05,
    0.0
  ],
  "PSV Eindhoven": [
    0.09317,
    0.16837,
    0.23425,
    0.20683,
    0.14193,
    0.08829,
    0.04305,
    0.01856,
    0.00489,
    0.00059,
    6e-05,
    0.0,
    1e-05,
    0.0,
    0.0,
    0.0,
    0.0,
    0.0
  ],
  "Waalwijk": [
    0.0,
    0.0,
    0.0,
    1e-05,
    0.00011,
    0.00025,
    0.00116,
    0.00527,
    0.01981,
    0.05876,
    0.08372,
    0.10258,
    0.11841,
    0.12814,
    0.13395,
    0.1339,
    0.11891,
    0.09502
  ],
  "Vitesse": [
    0.36291,
    0.31164,
    0.16688,
    0.08711,
    0.04182,
    0.01921,
    0.00722,
    0.00268,
    0.0005,
    3e-05,
    0.0,
    0.0,
    0.0,
    0.0,
    0.0,
    0.0,
    0.0,
    0.0
  ],
  "Utrecht": [
    4e-05,
    0.00072,
    0.0031,
    0.00958,
    0.0235,
    0.05486,
    0.11316,
    0.20178,
    0.29577,
    0.14095,
    0.07177,
    0.0403,
    0.02138,
    0.01246,
    0.00654,
    0.00288,
    0.00091,
    0.0003
  ],
  "AZ Alkmaar": [
    0.0026,
    0.00971,
    0.02757,
    0.0535,
    0.09644,
    0.15222,
    0.21582,
    0.21745,
    0.14108,
    0.04961,
    0.01977,
    0.00785,
    0.00375,
    0.00143,
    0.00078,
    0.00025,
    0.00014,
    3e-05
  ]
}