{
  "Monaco": [
    0.0,
    0.03386,
    0.08597,
    0.15833,
    0.22988,
    0.23323,
    0.13678,
    0.07958,
    0.03199,
    0.00964,
    0.0007,
    4e-05,
    0.0,
    0.0,
    0.0,
    0.0,
    0.0,
    0.0,
    0.0,
    0.0
  ],
  "Nantes": [
    0.0,
    6e-05,
    0.00079,
    0.00452,
    0.01861,
    0.038,
    0.07789,
    0.14034,
    0.24758,
    0.33932,
    0.11087,
    0.02015,
    0.00183,
    4e-05,
    0.0,
    0.0,
    0.0,
    0.0,
    0.0,
    0.0
  ],
  "Lyon": [
    0.0,
    0.00273,
    0.0142,
    0.04469,
    0.1122,
    0.15497,
    0.22776,
    0.22056,
    0.13791,
    0.06736,
    0.01607,
    0.00151,
    4e-05,
    0.0,
    0.0,
    0.0,
    0.0,
    0.0,
    0.0,
    0.0
  ],
  "Brest": [
    0.0,
    0.0,
    0.0,
    0.0,
    0.0,
    2e-05,
    0.0002,
    0.00112,
    0.00732,
    0.03273,
    0.15934,
    0.41038,
    0.26858,
    0.09211,
    0.0242,
    0.00348,
    0.00051,
    1e-05,
    0.0,
    0.0
  ],
  "Troyes": [
    0.0,
    0.0,
    0.0,
    0.0,
    0.0,
    0.0,
    0.0,
    0.0,
    0.0,
    5e-05,
    0.00211,
    0.01931,
    0.06519,
    0.18719,
    0.29837,
    0.22422,
    0.13148,
    0.05902,
    0.0121,
    0.00096
  ],
  "Paris SG": [
    0.99997,
    3e-05,
    0.0,
    0.0,
    0.0,
    0.0,
    0.0,
    0.0,
    0.0,
    0.0,
    0.0,
    0.0,
    0.0,
    0.0,
    0.0,
    0.0,
    0.0,
    0.0,
    0.0,
    0.0
  ],
  "Rennes": [
    0.0,
    0.28305,
    0.318,
    0.21922,
    0.10237,
    0.05043,
    0.01979,
    0.00572,
    0.0012,
    0.00022,
    0.0,
    0.0,
    0.0,
    0.0,
    0.0,
    0.0,
    0.0,
    0.0,
    0.0,
    0.0
  ],
  "Lens": [
    0.0,
    0.00055,
    0.00623,
    0.02435,
    0.07409,
    0.12093,
    0.22084,
    0.26596,
    0.16702,
    0.09274,
    0.0255,
    0.00173,
    6e-05,
    0.0,
    0.0,
    0.0,
    0.0,
    0.0,
    0.0,
    0.0
  ],
  "Bordeaux": [
    0.0,
    0.0,
    0.0,
    0.0,
    0.0,
    0.0,
    0.0,
    0.0,
    0.0,
    0.0,
    0.0,
    5e-05,
    0.00048,
    0.00449,
    0.0152,
    0.04376,
    0.09465,
    0.18795,
    0.4287,
    0.22472
  ],
  "Clermont": [
    0.0,
    0.0,
    0.0,
    0.0,
    0.0,
    0.0,
    0.0,
    0.0,
    0.0,
    0.0,
    5e-05,
    0.00066,
    0.00438,
    0.02508,
    0.06008,
    0.12565,
    0.21278,
    0.31899,
    0.1932,
    0.05913
  ],
  "Nice": [
    0.0,
    0.11113,
    0.25134,
    0.28883,
    0.17754,
    0.10567,
    0.04569,
    0.0157,
    0.00359,
    0.0005,
    1e-05,
    0.0,
    0.0,
    0.0,
    0.0,
    0.0,
    0.0,
    0.0,
    0.0,
    0.0
  ],
  "Reims": [
    0.0,
    0.0,
    0.0,
    0.0,
    0.0,
    0.0,
    2e-05,
    0.00024,
    0.00269,
    0.01384,
    0.09363,
    0.2603,
    0.38036,
    0.16248,
    0.0615,
    0.01964,
    0.0047,
    0.0006,
    0.0,
    0.0
  ],
  "St Etienne": [
    0.0,
    0.0,
    0.0,
    0.0,
    0.0,
    0.0,
    0.0,
    0.0,
    0.0,
    0.0,
    7e-05,
    0.00167,
    0.01057,
    0.03623,
    0.09235,
    0.18707,
    0.28928,
    0.24136,
    0.11969,
    0.02171
  ],
  "Lorient": [
    0.0,
    0.0,
    0.0,
    0.0,
    0.0,
    0.0,
    0.0,
    0.0,
    0.0,
    2e-05,
    0.00064,
    0.00842,
    0.04057,
    0.11575,
    0.21108,
    0.2765,
    0.19554,
    0.10716,
    0.03796,
    0.00636
  ],
  "Strasbourg": [
    0.0,
    0.02371,
    0.07302,
    0.13344,
    0.21701,
    0.23292,
    0.17945,
    0.09277,
    0.03741,
    0.00972,
    0.00053,
    2e-05,
    0.0,
    0.0,
    0.0,
    0.0,
    0.0,
    0.0,
    0.0,
    0.0
  ],
  "Angers": [
    0.0,
    0.0,
    0.0,
    0.0,
    0.0,
    0.0,
    0.0,
    0.0,
    3e-05,
    0.00071,
    0.01423,
    0.05859,
    0.15651,
    0.36251,
    0.23367,
    0.11052,
    0.046,
    0.0149,
    0.00222,
    0.00011
  ],
  "Metz": [
    0.0,
    0.0,
    0.0,
    0.0,
    0.0,
    0.0,
    0.0,
    0.0,
    0.0,
    0.0,
    0.0,
    0.0,
    7e-05,
    0.00039,
    0.00221,
    0.00912,
    0.02506,
    0.07001,
    0.20613,
    0.68701
  ],
  "Lille": [
    0.0,
    0.00015,
    0.00147,
    0.00596,
    0.01788,
    0.03765,
    0.07783,
    0.15445,
    0.30507,
    0.28719,
    0.09605,
    0.01473,
    0.00156,
    1e-05,
    0.0,
    0.0,
    0.0,
    0.0,
    0.0,
    0.0
  ],
  "Montpellier": [
    0.0,
    0.0,
    0.0,
    0.0,
    0.00011,
    0.00069,
    0.0063,
    0.02146,
    0.05794,
    0.14596,
    0.4802,
    0.20244,
    0.0698,
    0.01372,
    0.00134,
    4e-05,
    0.0,
    0.0,
    0.0,
    0.0
  ],
  "Marseille": [
    3e-05,
    0.54473,
    0.24898,
    0.12066,
    0.05031,
    0.02549,
    0.00745,
    0.0021,
    0.00025,
    0.0,
    0.0,
    0.0,
    0.0,
    0.0,
    0.0,
    0.0,
    0.0,
    0.0,
    0.0,
    0.0
  ]
}