{
  "Fortaleza / CE": [
    0.00052,
    0.00216,
    0.00616,
    0.01211,
    0.02097,
    0.03237,
    0.04665,
    0.06192,
    0.0778,
    0.08924,
    0.09422,
    0.09498,
    0.09095,
    0.08657,
    0.08194,
    0.07452,
    0.06066,
    0.04049,
    0.02101,
    0.00476
  ],
  "Athletico Paranaense / PR": [
    0.00043,
    0.00153,
    0.00464,
    0.00819,
    0.01548,
    0.02453,
    0.03699,
    0.05181,
    0.06845,
    0.08251,
    0.09121,
    0.0916,
    0.09198,
    0.0924,
    0.08969,
    0.08191,
    0.07186,
    0.05458,
    0.03128,
    0.00893
  ],
  "Coritiba / PR": [
    0.0,
    0.0,
    4e-05,
    0.00016,
    0.0003,
    0.0008,
    0.00142,
    0.00322,
    0.00581,
    0.00965,
    0.01604,
    0.02259,
    0.032,
    0.0473,
    0.0671,
    0.08938,
    0.124,
    0.17618,
    0.22272,
    0.18129
  ],
  "Internacional / RS": [
    0.03974,
    0.07415,
    0.10054,
    0.11703,
    0.12337,
    0.12402,
    0.11058,
    0.09249,
    0.07072,
    0.04946,
    0.03592,
    0.02484,
    0.0158,
    0.01041,
    0.0059,
    0.00302,
    0.00139,
    0.00053,
    9e-05,
    0.0
  ],
  "Sport / PE": [
    6e-05,
    0.00026,
    0.00106,
    0.00238,
    0.00464,
    0.00859,
    0.01452,
    0.02375,
    0.03463,
    0.04613,
    0.0622,
    0.07571,
    0.08892,
    0.10476,
    0.108,
    0.11568,
    0.117,
    0.09664,
    0.0681,
    0.02697
  ],
  "Ceará / CE": [
    0.00071,
    0.00248,
    0.0061,
    0.01226,
    0.02017,
    0.03186,
    0.04586,
    0.06165,
    0.07926,
    0.09048,
    0.09741,
    0.10465,
    0.10304,
    0.08845,
    0.07972,
    0.07047,
    0.05131,
    0.03283,
    0.01657,
    0.00472
  ],
  "Flamengo / RJ": [
    0.18268,
    0.20871,
    0.17495,
    0.13495,
    0.09882,
    0.07334,
    0.05109,
    0.03241,
    0.02031,
    0.01151,
    0.00583,
    0.00276,
    0.00149,
    0.00074,
    0.00032,
    5e-05,
    4e-05,
    0.0,
    0.0,
    0.0
  ],
  "Atlético Mineiro / MG": [
    0.16132,
    0.19455,
    0.17567,
    0.14079,
    0.10653,
    0.07774,
    0.05699,
    0.03747,
    0.02155,
    0.01296,
    0.00772,
    0.00384,
    0.00168,
    0.00083,
    0.00028,
    6e-05,
    2e-05,
    0.0,
    0.0,
    0.0
  ],
  "Santos / SP": [
    0.02117,
    0.04882,
    0.07342,
    0.09914,
    0.11703,
    0.12461,
    0.12175,
    0.11137,
    0.08899,
    0.06781,
    0.0455,
    0.03141,
    0.02307,
    0.01308,
    0.00744,
    0.00342,
    0.0014,
    0.00045,
    0.0001,
    2e-05
  ],
  "Red Bull Bragantino / SP": [
    0.00024,
    0.00134,
    0.00374,
    0.00719,
    0.01331,
    0.02087,
    0.03232,
    0.04607,
    0.0616,
    0.07367,
    0.08133,
    0.08655,
    0.09115,
    0.09014,
    0.09371,
    0.08965,
    0.08321,
    0.06807,
    0.04164,
    0.0142
  ],
  "Grêmio / RS": [
    0.06225,
    0.09602,
    0.11596,
    0.12639,
    0.12424,
    0.11504,
    0.10115,
    0.08229,
    0.06022,
    0.04166,
    0.03043,
    0.01912,
    0.01186,
    0.00721,
    0.0039,
    0.00137,
    0.00062,
    0.00021,
    5e-05,
    1e-05
  ],
  "Fluminense / RJ": [
    0.02185,
    0.04629,
    0.069,
    0.08935,
    0.10824,
    0.11744,
    0.11772,
    0.10781,
    0.08752,
    0.07136,
    0.05512,
    0.04075,
    0.02828,
    0.01855,
    0.01101,
    0.00562,
    0.0028,
    0.00102,
    0.00023,
    4e-05
  ],
  "Botafogo / RJ": [
    0.0,
    1e-05,
    3e-05,
    7e-05,
    0.00021,
    0.00059,
    0.00099,
    0.00205,
    0.00397,
    0.00675,
    0.0118,
    0.01824,
    0.02938,
    0.04367,
    0.06215,
    0.08685,
    0.12594,
    0.18472,
    0.23758,
    0.185
  ],
  "Corinthians / SP": [
    0.00052,
    0.00205,
    0.00579,
    0.0111,
    0.02053,
    0.03217,
    0.04567,
    0.06103,
    0.0793,
    0.08975,
    0.09968,
    0.10633,
    0.10551,
    0.09669,
    0.0819,
    0.06672,
    0.04885,
    0.02978,
    0.01321,
    0.00342
  ],
  "Goiás / GO": [
    0.0,
    0.0,
    0.0,
    0.0,
    0.0,
    4e-05,
    8e-05,
    0.00021,
    0.00072,
    0.00126,
    0.00227,
    0.0043,
    0.00784,
    0.0129,
    0.02092,
    0.03534,
    0.06246,
    0.11515,
    0.21844,
    0.51807
  ],
  "Bahia / BA": [
    0.00034,
    0.00189,
    0.00446,
    0.00913,
    0.01592,
    0.02476,
    0.03669,
    0.0509,
    0.06574,
    0.07915,
    0.08805,
    0.09287,
    0.09679,
    0.09795,
    0.09484,
    0.08702,
    0.07007,
    0.04944,
    0.026,
    0.00799
  ],
  "Atlético Goianiense / GO": [
    0.0005,
    0.00184,
    0.00498,
    0.01,
    0.01796,
    0.02842,
    0.04018,
    0.05687,
    0.07292,
    0.08348,
    0.08851,
    0.08953,
    0.09078,
    0.09381,
    0.08902,
    0.08219,
    0.06811,
    0.04696,
    0.02544,
    0.0085
  ],
  "Palmeiras / SP": [
    0.05782,
    0.1007,
    0.12197,
    0.1334,
    0.134,
    0.11901,
    0.09952,
    0.0765,
    0.05367,
    0.03715,
    0.02396,
    0.01681,
    0.01112,
    0.00687,
    0.00393,
    0.00227,
    0.00089,
    0.00032,
    9e-05,
    0.0
  ],
  "São Paulo / SP": [
    0.4498,
    0.21655,
    0.12964,
    0.08239,
    0.05102,
    0.0317,
    0.01885,
    0.01063,
    0.00523,
    0.00239,
    0.0011,
    0.00046,
    0.00015,
    8e-05,
    1e-05,
    0.0,
    0.0,
    0.0,
    0.0,
    0.0
  ],
  "Vasco da Gama / RJ": [
    5e-05,
    0.00065,
    0.00185,
    0.00397,
    0.00726,
    0.0121,
    0.02098,
    0.02955,
    0.04159,
    0.05363,
    0.0617,
    0.07266,
    0.07821,
    0.08759,
    0.09822,
    0.10446,
    0.10937,
    0.10263,
    0.07745,
    0.03608
  ]
}