{
  "Portimonense": [
    0.00104,
    0.00331,
    0.00701,
    0.01168,
    0.01687,
    0.02265,
    0.02812,
    0.03663,
    0.04145,
    0.04969,
    0.05677,
    0.06383,
    0.07392,
    0.08712,
    0.10211,
    0.1169,
    0.13585,
    0.14505
  ],
  "Belenenses": [
    0.00481,
    0.01329,
    0.02437,
    0.0371,
    0.04598,
    0.0554,
    0.06071,
    0.06515,
    0.06733,
    0.0698,
    0.07217,
    0.07335,
    0.07747,
    0.07799,
    0.07532,
    0.07229,
    0.06285,
    0.04462
  ],
  "Santa Clara": [
    0.01105,
    0.02439,
    0.03984,
    0.05493,
    0.06627,
    0.07222,
    0.07493,
    0.07586,
    0.07698,
    0.0728,
    0.07132,
    0.07107,
    0.06709,
    0.06179,
    0.05482,
    0.04644,
    0.03624,
    0.02196
  ],
  "Famalicao": [
    0.19571,
    0.20004,
    0.16984,
    0.1226,
    0.08806,
    0.06368,
    0.04635,
    0.0335,
    0.0246,
    0.01831,
    0.01398,
    0.00897,
    0.00619,
    0.00381,
    0.00237,
    0.00132,
    0.0005,
    0.00017
  ],
  "Gil Vicente": [
    0.00213,
    0.00747,
    0.01382,
    0.0244,
    0.03304,
    0.04181,
    0.04832,
    0.059,
    0.06452,
    0.06993,
    0.07477,
    0.08075,
    0.08174,
    0.08335,
    0.08574,
    0.08549,
    0.08014,
    0.06358
  ],
  "Porto": [
    0.26142,
    0.2304,
    0.16593,
    0.10898,
    0.07523,
    0.05104,
    0.03555,
    0.02353,
    0.01697,
    0.01169,
    0.00768,
    0.00493,
    0.00301,
    0.002,
    0.0009,
    0.0005,
    0.00017,
    7e-05
  ],
  "Benfica": [
    0.37876,
    0.23084,
    0.14612,
    0.08887,
    0.05468,
    0.03579,
    0.02376,
    0.01544,
    0.0099,
    0.00659,
    0.00382,
    0.00257,
    0.00142,
    0.00083,
    0.00035,
    0.00019,
    7e-05,
    0.0
  ],
  "Pacos Ferreira": [
    0.00027,
    0.00107,
    0.00286,
    0.0058,
    0.00908,
    0.01383,
    0.01905,
    0.02429,
    0.0314,
    0.0386,
    0.04592,
    0.0617,
    0.07268,
    0.08609,
    0.09991,
    0.12524,
    0.15992,
    0.20229
  ],
  "Boavista": [
    0.02422,
    0.04551,
    0.06558,
    0.07814,
    0.08478,
    0.08612,
    0.08592,
    0.081,
    0.07301,
    0.07142,
    0.06222,
    0.0553,
    0.04885,
    0.04297,
    0.03543,
    0.02764,
    0.02042,
    0.01147
  ],
  "Aves": [
    7e-05,
    0.00053,
    0.00146,
    0.00307,
    0.00505,
    0.00811,
    0.01226,
    0.01569,
    0.02177,
    0.03043,
    0.03797,
    0.04591,
    0.05969,
    0.07619,
    0.09471,
    0.12464,
    0.17709,
    0.28536
  ],
  "Maritimo": [
    0.00313,
    0.00921,
    0.01652,
    0.0256,
    0.03598,
    0.04513,
    0.05158,
    0.05824,
    0.07053,
    0.07479,
    0.07986,
    0.08247,
    0.08154,
    0.08134,
    0.08243,
    0.0795,
    0.07022,
    0.05193
  ],
  "Sp Lisbon": [
    0.04199,
    0.07286,
    0.09559,
    0.10658,
    0.10422,
    0.09651,
    0.08485,
    0.08035,
    0.06937,
    0.05804,
    0.04932,
    0.03976,
    0.03194,
    0.02572,
    0.01812,
    0.01374,
    0.0078,
    0.00324
  ],
  "Sp Braga": [
    0.00697,
    0.01657,
    0.03083,
    0.04402,
    0.05394,
    0.06128,
    0.06964,
    0.07393,
    0.07787,
    0.0785,
    0.07633,
    0.0739,
    0.07177,
    0.06815,
    0.06439,
    0.05604,
    0.04583,
    0.03004
  ],
  "Moreirense": [
    0.00316,
    0.00929,
    0.01731,
    0.02717,
    0.037,
    0.04342,
    0.05274,
    0.06029,
    0.06538,
    0.06878,
    0.0741,
    0.07801,
    0.08144,
    0.08304,
    0.08476,
    0.08276,
    0.07254,
    0.05881
  ],
  "Setubal": [
    0.00584,
    0.01541,
    0.02826,
    0.04083,
    0.05225,
    0.05983,
    0.0661,
    0.0679,
    0.07147,
    0.07369,
    0.07596,
    0.07547,
    0.07485,
    0.07265,
    0.06891,
    0.06243,
    0.05201,
    0.03614
  ],
  "Tondela": [
    0.02108,
    0.0437,
    0.06409,
    0.07958,
    0.08683,
    0.08639,
    0.08433,
    0.07895,
    0.07308,
    0.06661,
    0.06293,
    0.05739,
    0.05156,
    0.04385,
    0.03855,
    0.0298,
    0.02059,
    0.01069
  ],
  "Rio Ave": [
    0.00649,
    0.01752,
    0.02994,
    0.04474,
    0.05506,
    0.06435,
    0.06932,
    0.07388,
    0.07487,
    0.07627,
    0.07983,
    0.07791,
    0.0751,
    0.0681,
    0.06327,
    0.05387,
    0.04273,
    0.02675
  ],
  "Guimaraes": [
    0.03186,
    0.05859,
    0.08063,
    0.09591,
    0.09568,
    0.09244,
    0.08647,
    0.07637,
    0.0695,
    0.06406,
    0.05505,
    0.04671,
    0.03974,
    0.03501,
    0.02791,
    0.02121,
    0.01503,
    0.00783
  ]
}