{
  "Groningen": [
    0.0,
    0.0,
    0.0,
    0.0,
    0.0,
    2e-05,
    0.00016,
    0.12426,
    0.13348,
    0.13419,
    0.1396,
    0.13792,
    0.13708,
    0.11561,
    0.06613,
    0.01148,
    7e-05,
    0.0
  ],
  "NAC Breda": [
    0.0,
    0.0,
    0.0,
    0.0,
    0.0,
    0.0,
    0.00012,
    0.07749,
    0.0811,
    0.09204,
    0.10841,
    0.12811,
    0.1516,
    0.16452,
    0.14004,
    0.05597,
    0.0006,
    0.0
  ],
  "Feyenoord": [
    4e-05,
    0.09392,
    0.58537,
    0.28456,
    0.03172,
    0.00395,
    0.00044,
    0.0,
    0.0,
    0.0,
    0.0,
    0.0,
    0.0,
    0.0,
    0.0,
    0.0,
    0.0,
    0.0
  ],
  "Willem II": [
    0.0,
    0.0,
    0.0,
    0.0,
    0.0,
    0.0,
    0.0,
    0.00136,
    0.00343,
    0.00595,
    0.01065,
    0.02082,
    0.03576,
    0.06863,
    0.14727,
    0.63058,
    0.06849,
    0.00706
  ],
  "Nijmegen": [
    0.0,
    0.0,
    0.0,
    0.0,
    0.0,
    0.0,
    0.00025,
    0.15385,
    0.139,
    0.14164,
    0.14368,
    0.12967,
    0.11395,
    0.09232,
    0.06807,
    0.01726,
    0.00031,
    0.0
  ],
  "Twente": [
    0.0,
    1e-05,
    0.00233,
    0.02473,
    0.21798,
    0.33635,
    0.41731,
    0.00128,
    1e-05,
    0.0,
    0.0,
    0.0,
    0.0,
    0.0,
    0.0,
    0.0,
    0.0,
    0.0
  ],
  "Almere City": [
    0.0,
    0.0,
    0.0,
    0.0,
    0.0,
    0.0,
    0.0,
    0.0,
    0.0,
    1e-05,
    1e-05,
    6e-05,
    0.00012,
    0.0006,
    0.00385,
    0.03936,
    0.45495,
    0.50104
  ],
  "AZ Alkmaar": [
    0.0,
    0.00012,
    0.01023,
    0.06137,
    0.39937,
    0.28853,
    0.24003,
    0.00035,
    0.0,
    0.0,
    0.0,
    0.0,
    0.0,
    0.0,
    0.0,
    0.0,
    0.0,
    0.0
  ],
  "PSV Eindhoven": [
    0.00832,
    0.87543,
    0.09931,
    0.01653,
    0.00039,
    2e-05,
    0.0,
    0.0,
    0.0,
    0.0,
    0.0,
    0.0,
    0.0,
    0.0,
    0.0,
    0.0,
    0.0,
    0.0
  ],
  "Waalwijk": [
    0.0,
    0.0,
    0.0,
    0.0,
    0.0,
    0.0,
    0.0,
    0.0,
    0.0,
    1e-05,
    1e-05,
    3e-05,
    0.0001,
    0.00045,
    0.00285,
    0.03593,
    0.46883,
    0.49179
  ],
  "Sparta Rotterdam": [
    0.0,
    0.0,
    0.0,
    0.0,
    0.0,
    0.0,
    0.0,
    0.00762,
    0.02231,
    0.04192,
    0.06364,
    0.09098,
    0.12904,
    0.19659,
    0.31953,
    0.12333,
    0.00495,
    9e-05
  ],
  "Heracles": [
    0.0,
    0.0,
    0.0,
    0.0,
    0.0,
    1e-05,
    0.00043,
    0.14316,
    0.18816,
    0.17194,
    0.14789,
    0.12602,
    0.10094,
    0.07157,
    0.04062,
    0.00917,
    9e-05,
    0.0
  ],
  "Go Ahead Eagles": [
    0.0,
    1e-05,
    0.00278,
    0.03327,
    0.27166,
    0.35447,
    0.33564,
    0.00206,
    9e-05,
    2e-05,
    0.0,
    0.0,
    0.0,
    0.0,
    0.0,
    0.0,
    0.0,
    0.0
  ],
  "For Sittard": [
    0.0,
    0.0,
    0.0,
    0.0,
    0.0,
    5e-05,
    0.00094,
    0.15153,
    0.17026,
    0.17246,
    0.15429,
    0.13082,
    0.10327,
    0.07224,
    0.0366,
    0.0075,
    4e-05,
    0.0
  ],
  "Utrecht": [
    1e-05,
    0.02217,
    0.29995,
    0.57954,
    0.07888,
    0.01654,
    0.00291,
    0.0,
    0.0,
    0.0,
    0.0,
    0.0,
    0.0,
    0.0,
    0.0,
    0.0,
    0.0,
    0.0
  ],
  "Zwolle": [
    0.0,
    0.0,
    0.0,
    0.0,
    0.0,
    0.0,
    0.00023,
    0.05976,
    0.07402,
    0.09428,
    0.11625,
    0.14071,
    0.15369,
    0.16007,
    0.13911,
    0.06034,
    0.00153,
    1e-05
  ],
  "Ajax": [
    0.99163,
    0.00834,
    3e-05,
    0.0,
    0.0,
    0.0,
    0.0,
    0.0,
    0.0,
    0.0,
    0.0,
    0.0,
    0.0,
    0.0,
    0.0,
    0.0,
    0.0,
    0.0
  ],
  "Heerenveen": [
    0.0,
    0.0,
    0.0,
    0.0,
    0.0,
    6e-05,
    0.00154,
    0.27728,
    0.18814,
    0.14554,
    0.11557,
    0.09486,
    0.07445,
    0.0574,
    0.03593,
    0.00908,
    0.00014,
    1e-05
  ]
}