{
  "Crystal Palace": [
    0.0,
    0.0,
    0.0,
    0.0,
    0.0,
    0.0,
    0.0,
    1e-05,
    0.00179,
    0.02157,
    0.30278,
    0.28589,
    0.21246,
    0.10408,
    0.05344,
    0.01339,
    0.00376,
    0.00077,
    6e-05,
    0.0
  ],
  "Arsenal": [
    0.43903,
    0.55817,
    0.00277,
    3e-05,
    0.0,
    0.0,
    0.0,
    0.0,
    0.0,
    0.0,
    0.0,
    0.0,
    0.0,
    0.0,
    0.0,
    0.0,
    0.0,
    0.0,
    0.0,
    0.0
  ],
  "Fulham": [
    0.0,
    0.0,
    0.0,
    1e-05,
    0.00086,
    0.00375,
    0.01492,
    0.0558,
    0.28419,
    0.57756,
    0.05373,
    0.00812,
    0.00102,
    4e-05,
    0.0,
    0.0,
    0.0,
    0.0,
    0.0,
    0.0
  ],
  "Liverpool": [
    0.0,
    0.0,
    0.00754,
    0.06215,
    0.44528,
    0.24796,
    0.14598,
    0.07045,
    0.0172,
    0.00344,
    0.0,
    0.0,
    0.0,
    0.0,
    0.0,
    0.0,
    0.0,
    0.0,
    0.0,
    0.0
  ],
  "Bournemouth": [
    0.0,
    0.0,
    0.0,
    0.0,
    0.0,
    0.0,
    0.0,
    0.0,
    3e-05,
    0.00075,
    0.05484,
    0.10626,
    0.13461,
    0.20881,
    0.27744,
    0.12575,
    0.05817,
    0.02504,
    0.00753,
    0.00077
  ],
  "Aston Villa": [
    0.0,
    0.0,
    0.00062,
    0.00986,
    0.10831,
    0.20678,
    0.27251,
    0.32781,
    0.06553,
    0.00857,
    1e-05,
    0.0,
    0.0,
    0.0,
    0.0,
    0.0,
    0.0,
    0.0,
    0.0,
    0.0
  ],
  "Leeds": [
    0.0,
    0.0,
    0.0,
    0.0,
    0.0,
    0.0,
    0.0,
    0.0,
    0.0,
    0.0,
    0.00051,
    0.00302,
    0.00968,
    0.03661,
    0.09131,
    0.19345,
    0.23072,
    0.22465,
    0.16743,
    0.04262
  ],
  "Wolves": [
    0.0,
    0.0,
    0.0,
    0.0,
    0.0,
    0.0,
    0.0,
    0.0,
    0.00016,
    0.00307,
    0.11543,
    0.19905,
    0.29019,
    0.23774,
    0.12068,
    0.02791,
    0.00513,
    0.00061,
    3e-05,
    0.0
  ],
  "Newcastle": [
    3e-05,
    0.00261,
    0.53551,
    0.40322,
    0.04693,
    0.00972,
    0.00182,
    0.00016,
    0.0,
    0.0,
    0.0,
    0.0,
    0.0,
    0.0,
    0.0,
    0.0,
    0.0,
    0.0,
    0.0,
    0.0
  ],
  "Nott'm Forest": [
    0.0,
    0.0,
    0.0,
    0.0,
    0.0,
    0.0,
    0.0,
    0.0,
    0.0,
    0.0,
    0.00091,
    0.00282,
    0.00823,
    0.02017,
    0.05362,
    0.15549,
    0.21205,
    0.2404,
    0.20474,
    0.10157
  ],
  "Tottenham": [
    0.0,
    0.0,
    0.002,
    0.02047,
    0.16352,
    0.25648,
    0.28143,
    0.21225,
    0.05433,
    0.00951,
    1e-05,
    0.0,
    0.0,
    0.0,
    0.0,
    0.0,
    0.0,
    0.0,
    0.0,
    0.0
  ],
  "Southampton": [
    0.0,
    0.0,
    0.0,
    0.0,
    0.0,
    0.0,
    0.0,
    0.0,
    0.0,
    0.0,
    0.0,
    0.0,
    0.0002,
    0.00089,
    0.00483,
    0.0237,
    0.05042,
    0.08848,
    0.17575,
    0.65573
  ],
  "Everton": [
    0.0,
    0.0,
    0.0,
    0.0,
    0.0,
    0.0,
    0.0,
    0.0,
    0.0,
    0.0,
    0.00036,
    0.00258,
    0.00902,
    0.02223,
    0.05398,
    0.15866,
    0.18316,
    0.19926,
    0.24425,
    0.1265
  ],
  "Chelsea": [
    0.0,
    0.0,
    0.0,
    0.0,
    0.0,
    0.0,
    1e-05,
    0.00011,
    0.00463,
    0.04469,
    0.40975,
    0.26492,
    0.15082,
    0.08542,
    0.03515,
    0.00406,
    0.00041,
    3e-05,
    0.0,
    0.0
  ],
  "Leicester": [
    0.0,
    0.0,
    0.0,
    0.0,
    0.0,
    0.0,
    0.0,
    0.0,
    0.0,
    0.0,
    0.00033,
    0.00182,
    0.00754,
    0.02668,
    0.07225,
    0.20123,
    0.21555,
    0.20476,
    0.19724,
    0.0726
  ],
  "Brentford": [
    0.0,
    0.0,
    0.0,
    0.0,
    0.00135,
    0.00735,
    0.02959,
    0.10124,
    0.52478,
    0.32025,
    0.01409,
    0.00133,
    2e-05,
    0.0,
    0.0,
    0.0,
    0.0,
    0.0,
    0.0,
    0.0
  ],
  "Man United": [
    2e-05,
    0.0028,
    0.44353,
    0.47421,
    0.05938,
    0.01553,
    0.00375,
    0.00078,
    0.0,
    0.0,
    0.0,
    0.0,
    0.0,
    0.0,
    0.0,
    0.0,
    0.0,
    0.0,
    0.0,
    0.0
  ],
  "Brighton": [
    0.0,
    0.0,
    0.0055,
    0.02992,
    0.17437,
    0.25243,
    0.24999,
    0.23139,
    0.04727,
    0.00902,
    0.00011,
    0.0,
    0.0,
    0.0,
    0.0,
    0.0,
    0.0,
    0.0,
    0.0,
    0.0
  ],
  "West Ham": [
    0.0,
    0.0,
    0.0,
    0.0,
    0.0,
    0.0,
    0.0,
    0.0,
    9e-05,
    0.00157,
    0.04714,
    0.12419,
    0.17621,
    0.25733,
    0.2373,
    0.09636,
    0.04063,
    0.016,
    0.00297,
    0.00021
  ],
  "Man City": [
    0.56092,
    0.43642,
    0.00253,
    0.00013,
    0.0,
    0.0,
    0.0,
    0.0,
    0.0,
    0.0,
    0.0,
    0.0,
    0.0,
    0.0,
    0.0,
    0.0,
    0.0,
    0.0,
    0.0,
    0.0
  ]
}