{
  "Fulham": [
    0.0,
    0.0,
    0.0,
    0.0,
    0.0,
    0.0,
    0.0,
    0.0,
    0.0,
    0.0,
    0.0,
    0.0,
    7e-05,
    0.00083,
    0.00322,
    0.01137,
    0.04843,
    0.58375,
    0.3469,
    0.00543
  ],
  "Arsenal": [
    0.0,
    0.0,
    0.0,
    0.00021,
    0.00122,
    0.00489,
    0.01604,
    0.05003,
    0.23476,
    0.29677,
    0.29172,
    0.08174,
    0.01854,
    0.00366,
    0.0004,
    2e-05,
    0.0,
    0.0,
    0.0,
    0.0
  ],
  "Crystal Palace": [
    0.0,
    0.0,
    0.0,
    0.0,
    0.0,
    0.0,
    0.0,
    1e-05,
    0.00188,
    0.01107,
    0.03612,
    0.14703,
    0.25496,
    0.21112,
    0.16841,
    0.11639,
    0.05236,
    0.00065,
    0.0,
    0.0
  ],
  "Southampton": [
    0.0,
    0.0,
    0.0,
    0.0,
    0.0,
    0.0,
    0.0,
    0.0,
    0.00026,
    0.00203,
    0.01008,
    0.07684,
    0.17943,
    0.2014,
    0.2048,
    0.1908,
    0.12875,
    0.00557,
    4e-05,
    0.0
  ],
  "Liverpool": [
    0.0,
    0.00013,
    0.01148,
    0.07519,
    0.15954,
    0.228,
    0.24423,
    0.21752,
    0.05136,
    0.01118,
    0.00135,
    2e-05,
    0.0,
    0.0,
    0.0,
    0.0,
    0.0,
    0.0,
    0.0,
    0.0
  ],
  "Leeds": [
    0.0,
    0.0,
    0.0,
    9e-05,
    0.00153,
    0.00826,
    0.02486,
    0.06806,
    0.29197,
    0.29972,
    0.23888,
    0.05795,
    0.00772,
    0.00085,
    0.00011,
    0.0,
    0.0,
    0.0,
    0.0,
    0.0
  ],
  "West Ham": [
    0.0,
    0.00024,
    0.02537,
    0.13641,
    0.25995,
    0.23037,
    0.18894,
    0.13456,
    0.02121,
    0.00277,
    0.00018,
    0.0,
    0.0,
    0.0,
    0.0,
    0.0,
    0.0,
    0.0,
    0.0,
    0.0
  ],
  "Newcastle": [
    0.0,
    0.0,
    0.0,
    0.0,
    0.0,
    0.0,
    0.0,
    0.0,
    6e-05,
    0.00097,
    0.0056,
    0.03992,
    0.11967,
    0.18388,
    0.2128,
    0.22631,
    0.19514,
    0.01547,
    0.00018,
    0.0
  ],
  "West Brom": [
    0.0,
    0.0,
    0.0,
    0.0,
    0.0,
    0.0,
    0.0,
    0.0,
    0.0,
    0.0,
    0.0,
    0.0,
    0.0,
    2e-05,
    0.00016,
    0.00118,
    0.01363,
    0.33768,
    0.6198,
    0.02753
  ],
  "Leicester": [
    0.0,
    0.07916,
    0.64918,
    0.20762,
    0.05217,
    0.01038,
    0.00146,
    3e-05,
    0.0,
    0.0,
    0.0,
    0.0,
    0.0,
    0.0,
    0.0,
    0.0,
    0.0,
    0.0,
    0.0,
    0.0
  ],
  "Tottenham": [
    0.0,
    1e-05,
    0.00802,
    0.04599,
    0.13549,
    0.21144,
    0.24761,
    0.2496,
    0.07515,
    0.022,
    0.00454,
    0.00015,
    0.0,
    0.0,
    0.0,
    0.0,
    0.0,
    0.0,
    0.0,
    0.0
  ],
  "Everton": [
    0.0,
    6e-05,
    0.01139,
    0.07287,
    0.18605,
    0.212,
    0.2188,
    0.20878,
    0.06514,
    0.01986,
    0.00479,
    0.00026,
    0.0,
    0.0,
    0.0,
    0.0,
    0.0,
    0.0,
    0.0,
    0.0
  ],
  "Brighton": [
    0.0,
    0.0,
    0.0,
    0.0,
    0.0,
    0.0,
    0.0,
    0.0,
    1e-05,
    0.00014,
    0.00105,
    0.01762,
    0.0473,
    0.09246,
    0.14928,
    0.2319,
    0.41159,
    0.04751,
    0.00114,
    0.0
  ],
  "Chelsea": [
    0.0,
    0.00647,
    0.21351,
    0.45619,
    0.20006,
    0.08391,
    0.03101,
    0.00829,
    0.00055,
    1e-05,
    0.0,
    0.0,
    0.0,
    0.0,
    0.0,
    0.0,
    0.0,
    0.0,
    0.0,
    0.0
  ],
  "Sheffield United": [
    0.0,
    0.0,
    0.0,
    0.0,
    0.0,
    0.0,
    0.0,
    0.0,
    0.0,
    0.0,
    0.0,
    0.0,
    0.0,
    0.0,
    0.0,
    0.0,
    0.0,
    0.00126,
    0.0317,
    0.96704
  ],
  "Wolves": [
    0.0,
    0.0,
    0.0,
    0.0,
    0.0,
    1e-05,
    8e-05,
    0.00103,
    0.01398,
    0.04725,
    0.12566,
    0.44321,
    0.21097,
    0.09513,
    0.04259,
    0.01629,
    0.00379,
    1e-05,
    0.0,
    0.0
  ],
  "Man United": [
    0.00031,
    0.91362,
    0.08104,
    0.0049,
    0.00013,
    0.0,
    0.0,
    0.0,
    0.0,
    0.0,
    0.0,
    0.0,
    0.0,
    0.0,
    0.0,
    0.0,
    0.0,
    0.0,
    0.0,
    0.0
  ],
  "Burnley": [
    0.0,
    0.0,
    0.0,
    0.0,
    0.0,
    0.0,
    0.0,
    0.0,
    0.00019,
    0.00159,
    0.00836,
    0.05948,
    0.14436,
    0.20776,
    0.21789,
    0.20572,
    0.14631,
    0.0081,
    0.00024,
    0.0
  ],
  "Aston Villa": [
    0.0,
    0.0,
    1e-05,
    0.00053,
    0.00386,
    0.01074,
    0.02697,
    0.06209,
    0.24348,
    0.28464,
    0.27167,
    0.07578,
    0.01698,
    0.00289,
    0.00034,
    2e-05,
    0.0,
    0.0,
    0.0,
    0.0
  ],
  "Man City": [
    0.99969,
    0.00031,
    0.0,
    0.0,
    0.0,
    0.0,
    0.0,
    0.0,
    0.0,
    0.0,
    0.0,
    0.0,
    0.0,
    0.0,
    0.0,
    0.0,
    0.0,
    0.0,
    0.0,
    0.0
  ]
}