{
  "Werder Bremen": [
    0.0,
    0.0,
    0.0,
    0.0,
    0.00066,
    0.03168,
    0.08163,
    0.13171,
    0.1924,
    0.21962,
    0.15543,
    0.10062,
    0.05368,
    0.0243,
    0.00787,
    0.00039,
    1e-05,
    0.0
  ],
  "Bayern Munich": [
    0.02252,
    0.56111,
    0.37038,
    0.04455,
    0.00144,
    0.0,
    0.0,
    0.0,
    0.0,
    0.0,
    0.0,
    0.0,
    0.0,
    0.0,
    0.0,
    0.0,
    0.0,
    0.0
  ],
  "Augsburg": [
    0.0,
    0.0,
    0.0,
    0.00049,
    0.01242,
    0.20307,
    0.25459,
    0.1941,
    0.13495,
    0.09324,
    0.05854,
    0.03238,
    0.01263,
    0.00315,
    0.00043,
    1e-05,
    0.0,
    0.0
  ],
  "M'gladbach": [
    0.0,
    0.0,
    0.0,
    0.0,
    0.0,
    0.00097,
    0.00532,
    0.01329,
    0.02989,
    0.05287,
    0.08694,
    0.14198,
    0.20874,
    0.23823,
    0.18891,
    0.03084,
    0.002,
    2e-05
  ],
  "Hoffenheim": [
    0.0,
    0.0,
    0.0,
    3e-05,
    0.00262,
    0.06034,
    0.13763,
    0.17951,
    0.20335,
    0.16722,
    0.12,
    0.07525,
    0.0359,
    0.01394,
    0.00407,
    0.00014,
    0.0,
    0.0
  ],
  "Freiburg": [
    0.0,
    0.0,
    0.0,
    7e-05,
    0.00608,
    0.12154,
    0.23345,
    0.24599,
    0.17786,
    0.10505,
    0.06248,
    0.02948,
    0.01289,
    0.00424,
    0.00086,
    1e-05,
    0.0,
    0.0
  ],
  "Leverkusen": [
    0.96265,
    0.03451,
    0.00283,
    1e-05,
    0.0,
    0.0,
    0.0,
    0.0,
    0.0,
    0.0,
    0.0,
    0.0,
    0.0,
    0.0,
    0.0,
    0.0,
    0.0,
    0.0
  ],
  "RB Leipzig": [
    0.0,
    0.00135,
    0.01394,
    0.21121,
    0.69694,
    0.06731,
    0.00835,
    0.00087,
    3e-05,
    0.0,
    0.0,
    0.0,
    0.0,
    0.0,
    0.0,
    0.0,
    0.0,
    0.0
  ],
  "Stuttgart": [
    0.01476,
    0.37952,
    0.50419,
    0.09544,
    0.00602,
    7e-05,
    0.0,
    0.0,
    0.0,
    0.0,
    0.0,
    0.0,
    0.0,
    0.0,
    0.0,
    0.0,
    0.0,
    0.0
  ],
  "Bochum": [
    0.0,
    0.0,
    0.0,
    0.0,
    0.0,
    3e-05,
    0.00038,
    0.00199,
    0.00647,
    0.01978,
    0.04689,
    0.09085,
    0.16285,
    0.25297,
    0.32355,
    0.08033,
    0.01284,
    0.00107
  ],
  "Wolfsburg": [
    0.0,
    0.0,
    0.0,
    0.0,
    0.0,
    5e-05,
    0.00082,
    0.00311,
    0.01098,
    0.02957,
    0.06991,
    0.12747,
    0.20956,
    0.24509,
    0.24848,
    0.04737,
    0.0067,
    0.00089
  ],
  "Heidenheim": [
    0.0,
    0.0,
    0.0,
    0.0,
    5e-05,
    0.00551,
    0.02216,
    0.05352,
    0.09901,
    0.1606,
    0.21273,
    0.19586,
    0.13757,
    0.07613,
    0.03315,
    0.00348,
    0.00023,
    0.0
  ],
  "Dortmund": [
    7e-05,
    0.0235,
    0.10856,
    0.64474,
    0.21368,
    0.00891,
    0.00051,
    3e-05,
    0.0,
    0.0,
    0.0,
    0.0,
    0.0,
    0.0,
    0.0,
    0.0,
    0.0,
    0.0
  ],
  "FC Koln": [
    0.0,
    0.0,
    0.0,
    0.0,
    0.0,
    0.0,
    0.0,
    1e-05,
    2e-05,
    0.0001,
    0.00055,
    0.00245,
    0.00819,
    0.02692,
    0.08886,
    0.4576,
    0.28289,
    0.13241
  ],
  "Union Berlin": [
    0.0,
    0.0,
    0.0,
    0.0,
    3e-05,
    0.00815,
    0.02798,
    0.05352,
    0.08741,
    0.12681,
    0.1766,
    0.20144,
    0.15545,
    0.10397,
    0.05223,
    0.00617,
    0.00024,
    0.0
  ],
  "Mainz": [
    0.0,
    0.0,
    0.0,
    0.0,
    0.0,
    0.0,
    0.0,
    1e-05,
    0.0,
    2e-05,
    0.00013,
    0.00043,
    0.00185,
    0.00766,
    0.03376,
    0.24262,
    0.4275,
    0.28602
  ],
  "Ein Frankfurt": [
    0.0,
    1e-05,
    0.0001,
    0.00346,
    0.06006,
    0.49237,
    0.22718,
    0.12234,
    0.05763,
    0.02512,
    0.00978,
    0.00175,
    0.00017,
    3e-05,
    0.0,
    0.0,
    0.0,
    0.0
  ],
  "Darmstadt": [
    0.0,
    0.0,
    0.0,
    0.0,
    0.0,
    0.0,
    0.0,
    0.0,
    0.0,
    0.0,
    2e-05,
    4e-05,
    0.00052,
    0.00337,
    0.01783,
    0.13104,
    0.26759,
    0.57959
  ]
}