{
  "Palmeiras / SP": [
    0.21621,
    0.43212,
    0.17458,
    0.08096,
    0.04307,
    0.02418,
    0.01317,
    0.00719,
    0.00404,
    0.00216,
    0.00132,
    0.00059,
    0.00024,
    0.0001,
    3e-05,
    3e-05,
    0.0,
    1e-05,
    0.0,
    0.0
  ],
  "Cuiabá / MT": [
    0.0,
    3e-05,
    0.00012,
    0.00046,
    0.00119,
    0.0023,
    0.0046,
    0.00678,
    0.01065,
    0.01621,
    0.02213,
    0.03245,
    0.04527,
    0.06365,
    0.08855,
    0.1241,
    0.16593,
    0.17761,
    0.15399,
    0.08398
  ],
  "América / MG": [
    0.0,
    0.0,
    0.0,
    1e-05,
    1e-05,
    2e-05,
    8e-05,
    0.00015,
    0.00027,
    0.00074,
    0.0015,
    0.00253,
    0.00454,
    0.00778,
    0.0148,
    0.02988,
    0.05945,
    0.11735,
    0.23105,
    0.52984
  ],
  "Fluminense / RJ": [
    0.04062,
    0.1474,
    0.23934,
    0.17423,
    0.12459,
    0.08691,
    0.06102,
    0.04211,
    0.03,
    0.01975,
    0.01293,
    0.00905,
    0.00564,
    0.00349,
    0.0015,
    0.00082,
    0.00039,
    0.00017,
    3e-05,
    1e-05
  ],
  "Botafogo / RJ": [
    0.70812,
    0.20678,
    0.05569,
    0.01783,
    0.00656,
    0.00284,
    0.00128,
    0.00054,
    0.00025,
    5e-05,
    2e-05,
    3e-05,
    1e-05,
    0.0,
    0.0,
    0.0,
    0.0,
    0.0,
    0.0,
    0.0
  ],
  "São Paulo / SP": [
    0.00507,
    0.03412,
    0.08476,
    0.11079,
    0.12136,
    0.11683,
    0.10694,
    0.0938,
    0.07859,
    0.06519,
    0.05287,
    0.04212,
    0.03253,
    0.02229,
    0.01619,
    0.0095,
    0.00439,
    0.00198,
    0.0006,
    8e-05
  ],
  "Red Bull Bragantino / SP": [
    9e-05,
    0.00099,
    0.00411,
    0.0103,
    0.01746,
    0.02535,
    0.03547,
    0.04558,
    0.05947,
    0.07043,
    0.08181,
    0.09357,
    0.10064,
    0.10657,
    0.10992,
    0.09541,
    0.07084,
    0.04368,
    0.02204,
    0.00627
  ],
  "Bahia / BA": [
    0.00012,
    0.0014,
    0.0062,
    0.01385,
    0.02202,
    0.0315,
    0.04193,
    0.05356,
    0.0664,
    0.07964,
    0.09072,
    0.09449,
    0.10059,
    0.10634,
    0.09611,
    0.08165,
    0.0578,
    0.03525,
    0.01589,
    0.00454
  ],
  "Athletico Paranaense / PR": [
    0.00698,
    0.04302,
    0.09829,
    0.12434,
    0.1276,
    0.1188,
    0.10657,
    0.09108,
    0.0735,
    0.05959,
    0.04734,
    0.03611,
    0.02697,
    0.01745,
    0.01143,
    0.00627,
    0.00319,
    0.00112,
    0.00032,
    3e-05
  ],
  "Goiás / GO": [
    2e-05,
    3e-05,
    7e-05,
    0.00026,
    0.00036,
    0.00101,
    0.00189,
    0.00376,
    0.006,
    0.00952,
    0.01477,
    0.02192,
    0.03249,
    0.04914,
    0.06944,
    0.1026,
    0.14956,
    0.19889,
    0.20169,
    0.13658
  ],
  "Fortaleza / CE": [
    0.01416,
    0.07029,
    0.14521,
    0.15595,
    0.13778,
    0.11594,
    0.09371,
    0.07284,
    0.05693,
    0.04389,
    0.0332,
    0.02374,
    0.01509,
    0.01009,
    0.00623,
    0.003,
    0.00132,
    0.00048,
    0.00015,
    0.0
  ],
  "Internacional / RS": [
    0.00044,
    0.00478,
    0.01605,
    0.0295,
    0.04339,
    0.05701,
    0.06977,
    0.07967,
    0.08817,
    0.09717,
    0.09642,
    0.09279,
    0.08595,
    0.07632,
    0.0622,
    0.04717,
    0.03035,
    0.01534,
    0.00606,
    0.00145
  ],
  "Atlético Mineiro / MG": [
    0.00119,
    0.01087,
    0.03554,
    0.05831,
    0.0747,
    0.0866,
    0.09462,
    0.09761,
    0.09796,
    0.09132,
    0.0827,
    0.07363,
    0.06145,
    0.04911,
    0.03575,
    0.02566,
    0.01387,
    0.00604,
    0.0025,
    0.00057
  ],
  "Vasco da Gama / RJ": [
    0.00113,
    0.00794,
    0.02781,
    0.04863,
    0.06445,
    0.07803,
    0.08784,
    0.09489,
    0.09458,
    0.09337,
    0.08715,
    0.07939,
    0.06917,
    0.05783,
    0.0449,
    0.03169,
    0.01866,
    0.00872,
    0.00312,
    0.0007
  ],
  "Flamengo / RJ": [
    1e-05,
    0.00058,
    0.00262,
    0.00695,
    0.012,
    0.0199,
    0.02837,
    0.03767,
    0.04825,
    0.06079,
    0.06997,
    0.08389,
    0.098,
    0.10737,
    0.11716,
    0.11403,
    0.09238,
    0.05985,
    0.03053,
    0.00968
  ],
  "Coritiba / PR": [
    0.0,
    2e-05,
    1e-05,
    0.00012,
    0.00011,
    0.0004,
    0.00081,
    0.00148,
    0.00233,
    0.00428,
    0.0079,
    0.01188,
    0.01827,
    0.0302,
    0.04887,
    0.0807,
    0.13368,
    0.1996,
    0.25755,
    0.20179
  ],
  "Corinthians / SP": [
    4e-05,
    0.00045,
    0.00202,
    0.00515,
    0.00939,
    0.0161,
    0.02228,
    0.03222,
    0.04097,
    0.05132,
    0.06369,
    0.07636,
    0.08952,
    0.10396,
    0.11744,
    0.12306,
    0.10739,
    0.0767,
    0.04566,
    0.01628
  ],
  "Cruzeiro / MG": [
    0.00461,
    0.02921,
    0.07434,
    0.10551,
    0.11318,
    0.11252,
    0.10465,
    0.09514,
    0.08283,
    0.07007,
    0.05697,
    0.0467,
    0.03694,
    0.02696,
    0.01905,
    0.01143,
    0.00637,
    0.00253,
    0.00084,
    0.00015
  ],
  "Grêmio / RS": [
    0.00101,
    0.00855,
    0.02821,
    0.04642,
    0.06284,
    0.0771,
    0.08708,
    0.09357,
    0.09599,
    0.09095,
    0.08962,
    0.08449,
    0.07107,
    0.05806,
    0.04517,
    0.03001,
    0.01747,
    0.00845,
    0.00332,
    0.00062
  ],
  "Santos / SP": [
    0.00018,
    0.00142,
    0.00503,
    0.01043,
    0.01794,
    0.02666,
    0.03792,
    0.05036,
    0.06282,
    0.07356,
    0.08697,
    0.09427,
    0.10562,
    0.10329,
    0.09526,
    0.08299,
    0.06696,
    0.04623,
    0.02466,
    0.00743
  ]
}