{
  "São Paulo / SP": [
    0.01752,
    0.06161,
    0.10424,
    0.14991,
    0.15516,
    0.1494,
    0.12481,
    0.09252,
    0.06078,
    0.04175,
    0.02309,
    0.01125,
    0.0048,
    0.00197,
    0.00083,
    0.00027,
    8e-05,
    1e-05,
    0.0,
    0.0
  ],
  "Botafogo / RJ": [
    0.00024,
    0.00176,
    0.00622,
    0.01597,
    0.0311,
    0.04757,
    0.06763,
    0.08954,
    0.11948,
    0.14151,
    0.14715,
    0.12673,
    0.08923,
    0.05653,
    0.03162,
    0.01622,
    0.00777,
    0.00278,
    0.0008,
    0.00015
  ],
  "Atlético Mineiro / MG": [
    0.00067,
    0.00556,
    0.01517,
    0.03599,
    0.05877,
    0.07932,
    0.10387,
    0.12509,
    0.14007,
    0.1361,
    0.11529,
    0.08189,
    0.0509,
    0.028,
    0.01367,
    0.00633,
    0.00231,
    0.00082,
    0.00014,
    4e-05
  ],
  "Avaí / SC": [
    0.0,
    0.0,
    0.0,
    0.0,
    0.0,
    0.0,
    0.0,
    1e-05,
    6e-05,
    0.00018,
    0.00034,
    0.0012,
    0.00359,
    0.00784,
    0.0156,
    0.03085,
    0.05921,
    0.10761,
    0.20878,
    0.56473
  ],
  "Chapecoense / SC": [
    0.0,
    0.0,
    0.0,
    0.0,
    0.0,
    3e-05,
    0.00011,
    0.00026,
    0.00088,
    0.00183,
    0.00502,
    0.01188,
    0.02334,
    0.04264,
    0.07029,
    0.10777,
    0.15294,
    0.20165,
    0.23522,
    0.14614
  ],
  "Internacional / RS": [
    0.006,
    0.02599,
    0.05834,
    0.10093,
    0.1305,
    0.14374,
    0.13871,
    0.12476,
    0.10055,
    0.07404,
    0.04693,
    0.02722,
    0.01347,
    0.00564,
    0.00215,
    0.00073,
    0.00024,
    5e-05,
    1e-05,
    0.0
  ],
  "Flamengo / RJ": [
    0.62516,
    0.21606,
    0.0953,
    0.03808,
    0.01547,
    0.00623,
    0.0022,
    0.00099,
    0.00037,
    0.00011,
    3e-05,
    0.0,
    0.0,
    0.0,
    0.0,
    0.0,
    0.0,
    0.0,
    0.0,
    0.0
  ],
  "Cruzeiro / MG": [
    0.0,
    0.0,
    1e-05,
    7e-05,
    0.00013,
    0.0003,
    0.00092,
    0.00247,
    0.00551,
    0.01181,
    0.02355,
    0.04466,
    0.07414,
    0.1115,
    0.14451,
    0.16315,
    0.15967,
    0.13143,
    0.09073,
    0.03544
  ],
  "Grêmio / RS": [
    0.0003,
    0.00239,
    0.0073,
    0.01993,
    0.03819,
    0.05924,
    0.08485,
    0.11013,
    0.13508,
    0.14588,
    0.1369,
    0.10439,
    0.0713,
    0.04244,
    0.02372,
    0.01138,
    0.00453,
    0.0016,
    0.00042,
    3e-05
  ],
  "Santos / SP": [
    0.13371,
    0.24998,
    0.24121,
    0.15259,
    0.09157,
    0.05651,
    0.03646,
    0.02001,
    0.01006,
    0.00489,
    0.00211,
    0.00068,
    0.00018,
    3e-05,
    1e-05,
    0.0,
    0.0,
    0.0,
    0.0,
    0.0
  ],
  "Ceará / CE": [
    0.0,
    0.00017,
    0.00084,
    0.00301,
    0.00801,
    0.01561,
    0.02797,
    0.04659,
    0.07301,
    0.10285,
    0.13875,
    0.15736,
    0.14458,
    0.11096,
    0.07595,
    0.04776,
    0.02703,
    0.0136,
    0.00486,
    0.00109
  ],
  "CSA / AL": [
    0.0,
    0.0,
    0.0,
    0.0,
    1e-05,
    5e-05,
    7e-05,
    0.00023,
    0.00074,
    0.00193,
    0.00473,
    0.01075,
    0.02231,
    0.04135,
    0.06993,
    0.10772,
    0.15431,
    0.20464,
    0.2288,
    0.15243
  ],
  "Bahia / BA": [
    0.0058,
    0.02761,
    0.06277,
    0.10465,
    0.14006,
    0.1567,
    0.14025,
    0.12267,
    0.09483,
    0.06541,
    0.04049,
    0.02158,
    0.01039,
    0.00428,
    0.00182,
    0.00051,
    0.00014,
    4e-05,
    0.0,
    0.0
  ],
  "Corinthians / SP": [
    0.02915,
    0.08947,
    0.15537,
    0.19402,
    0.16846,
    0.12487,
    0.09091,
    0.0657,
    0.04057,
    0.02293,
    0.0109,
    0.00493,
    0.00187,
    0.0006,
    0.00021,
    4e-05,
    0.0,
    0.0,
    0.0,
    0.0
  ],
  "Athletico Paranaense / PR": [
    0.00145,
    0.00963,
    0.02717,
    0.05521,
    0.08398,
    0.10973,
    0.13765,
    0.14507,
    0.13441,
    0.11035,
    0.08064,
    0.05149,
    0.02794,
    0.01467,
    0.00652,
    0.00297,
    0.00082,
    0.00024,
    5e-05,
    1e-05
  ],
  "Vasco da Gama / RJ": [
    0.0,
    2e-05,
    9e-05,
    0.00035,
    0.00091,
    0.00253,
    0.00538,
    0.01066,
    0.02142,
    0.03912,
    0.06516,
    0.10296,
    0.1407,
    0.15667,
    0.14859,
    0.12322,
    0.08858,
    0.05657,
    0.02837,
    0.0087
  ],
  "Palmeiras / SP": [
    0.18,
    0.30973,
    0.22567,
    0.1281,
    0.07426,
    0.04035,
    0.02214,
    0.01132,
    0.00504,
    0.00208,
    0.00094,
    0.00025,
    9e-05,
    2e-05,
    1e-05,
    0.0,
    0.0,
    0.0,
    0.0,
    0.0
  ],
  "Fortaleza / CE": [
    0.0,
    2e-05,
    0.00023,
    0.00105,
    0.00281,
    0.00621,
    0.01224,
    0.02327,
    0.03993,
    0.06302,
    0.0971,
    0.13239,
    0.15646,
    0.14944,
    0.12072,
    0.0871,
    0.05773,
    0.03216,
    0.01463,
    0.00349
  ],
  "Fluminense / RJ": [
    0.0,
    0.0,
    0.0,
    1e-05,
    0.0,
    0.00017,
    0.00035,
    0.00099,
    0.00265,
    0.00635,
    0.01268,
    0.0268,
    0.04771,
    0.07693,
    0.11098,
    0.14991,
    0.17215,
    0.17182,
    0.14528,
    0.07522
  ],
  "Goiás / GO": [
    0.0,
    0.0,
    7e-05,
    0.00013,
    0.00061,
    0.00144,
    0.00348,
    0.00772,
    0.01456,
    0.02786,
    0.0482,
    0.08159,
    0.117,
    0.14849,
    0.16287,
    0.14407,
    0.11249,
    0.07498,
    0.04191,
    0.01253
  ]
}