{
  "Man United": [
    0.0,
    0.0,
    0.0,
    0.0,
    0.0,
    3e-05,
    0.00039,
    0.00177,
    0.0076,
    0.031,
    0.09239,
    0.16713,
    0.25958,
    0.19746,
    0.13901,
    0.08072,
    0.02291,
    1e-05,
    0.0,
    0.0
  ],
  "Fulham": [
    0.0,
    0.0,
    9e-05,
    0.00327,
    0.01186,
    0.03248,
    0.07626,
    0.15069,
    0.26633,
    0.25677,
    0.13529,
    0.05329,
    0.01163,
    0.0018,
    0.00024,
    0.0,
    0.0,
    0.0,
    0.0,
    0.0
  ],
  "Ipswich": [
    0.0,
    0.0,
    0.0,
    0.0,
    0.0,
    0.0,
    0.0,
    0.0,
    0.0,
    0.0,
    0.0,
    0.0,
    0.0,
    0.0,
    5e-05,
    0.00037,
    0.00782,
    0.78461,
    0.20673,
    0.00042
  ],
  "Liverpool": [
    0.99939,
    0.0006,
    1e-05,
    0.0,
    0.0,
    0.0,
    0.0,
    0.0,
    0.0,
    0.0,
    0.0,
    0.0,
    0.0,
    0.0,
    0.0,
    0.0,
    0.0,
    0.0,
    0.0,
    0.0
  ],
  "Arsenal": [
    0.00057,
    0.7618,
    0.2159,
    0.0184,
    0.00305,
    0.00024,
    4e-05,
    0.0,
    0.0,
    0.0,
    0.0,
    0.0,
    0.0,
    0.0,
    0.0,
    0.0,
    0.0,
    0.0,
    0.0,
    0.0
  ],
  "Wolves": [
    0.0,
    0.0,
    0.0,
    0.0,
    0.0,
    0.0,
    0.0,
    0.0,
    0.0,
    8e-05,
    0.00102,
    0.00447,
    0.01502,
    0.03935,
    0.07778,
    0.20028,
    0.65398,
    0.008,
    2e-05,
    0.0
  ],
  "Everton": [
    0.0,
    0.0,
    0.0,
    0.0,
    0.0,
    0.0,
    0.0,
    2e-05,
    0.00029,
    0.00211,
    0.01397,
    0.04847,
    0.13501,
    0.23289,
    0.29423,
    0.19847,
    0.0745,
    4e-05,
    0.0,
    0.0
  ],
  "Brighton": [
    0.0,
    2e-05,
    0.00162,
    0.02666,
    0.06794,
    0.13134,
    0.21902,
    0.27198,
    0.1707,
    0.07725,
    0.02533,
    0.00724,
    0.00078,
    0.0001,
    2e-05,
    0.0,
    0.0,
    0.0,
    0.0,
    0.0
  ],
  "Newcastle": [
    0.0,
    0.00693,
    0.04902,
    0.24503,
    0.24502,
    0.20641,
    0.13325,
    0.07548,
    0.0293,
    0.00792,
    0.00147,
    0.00016,
    1e-05,
    0.0,
    0.0,
    0.0,
    0.0,
    0.0,
    0.0,
    0.0
  ],
  "Southampton": [
    0.0,
    0.0,
    0.0,
    0.0,
    0.0,
    0.0,
    0.0,
    0.0,
    0.0,
    0.0,
    0.0,
    0.0,
    0.0,
    0.0,
    0.0,
    0.0,
    0.0,
    0.00037,
    0.01779,
    0.98184
  ],
  "Nott'm Forest": [
    4e-05,
    0.22205,
    0.60121,
    0.12141,
    0.03899,
    0.01267,
    0.00304,
    0.00057,
    2e-05,
    0.0,
    0.0,
    0.0,
    0.0,
    0.0,
    0.0,
    0.0,
    0.0,
    0.0,
    0.0,
    0.0
  ],
  "Bournemouth": [
    0.0,
    0.0,
    4e-05,
    0.00202,
    0.0075,
    0.02227,
    0.06032,
    0.13026,
    0.24356,
    0.27782,
    0.15459,
    0.07309,
    0.02301,
    0.0047,
    0.00073,
    9e-05,
    0.0,
    0.0,
    0.0,
    0.0
  ],
  "West Ham": [
    0.0,
    0.0,
    0.0,
    0.0,
    0.0,
    0.0,
    0.0,
    6e-05,
    0.0008,
    0.00466,
    0.01884,
    0.05907,
    0.15612,
    0.2298,
    0.2067,
    0.22597,
    0.09769,
    0.00029,
    0.0,
    0.0
  ],
  "Aston Villa": [
    0.0,
    0.00021,
    0.00768,
    0.0517,
    0.10304,
    0.17166,
    0.26059,
    0.21343,
    0.12259,
    0.05163,
    0.01424,
    0.00294,
    0.00025,
    4e-05,
    0.0,
    0.0,
    0.0,
    0.0,
    0.0,
    0.0
  ],
  "Brentford": [
    0.0,
    0.0,
    0.0,
    2e-05,
    0.00024,
    0.00168,
    0.00754,
    0.02502,
    0.06865,
    0.15389,
    0.28008,
    0.25864,
    0.13609,
    0.04642,
    0.01606,
    0.00502,
    0.00065,
    0.0,
    0.0,
    0.0
  ],
  "Crystal Palace": [
    0.0,
    0.0,
    0.0,
    7e-05,
    0.00029,
    0.00134,
    0.0056,
    0.01882,
    0.05207,
    0.1259,
    0.24764,
    0.27935,
    0.15616,
    0.06632,
    0.02982,
    0.01378,
    0.00284,
    0.0,
    0.0,
    0.0
  ],
  "Chelsea": [
    0.0,
    0.00348,
    0.05298,
    0.20691,
    0.25079,
    0.24756,
    0.1409,
    0.06825,
    0.02294,
    0.00551,
    0.00062,
    6e-05,
    0.0,
    0.0,
    0.0,
    0.0,
    0.0,
    0.0,
    0.0,
    0.0
  ],
  "Man City": [
    0.0,
    0.00491,
    0.07145,
    0.32451,
    0.27128,
    0.17232,
    0.09305,
    0.04361,
    0.0148,
    0.00355,
    0.00049,
    3e-05,
    0.0,
    0.0,
    0.0,
    0.0,
    0.0,
    0.0,
    0.0,
    0.0
  ],
  "Leicester": [
    0.0,
    0.0,
    0.0,
    0.0,
    0.0,
    0.0,
    0.0,
    0.0,
    0.0,
    0.0,
    0.0,
    0.0,
    0.0,
    0.0,
    0.0,
    0.0,
    0.00044,
    0.20636,
    0.77546,
    0.01774
  ],
  "Tottenham": [
    0.0,
    0.0,
    0.0,
    0.0,
    0.0,
    0.0,
    0.0,
    4e-05,
    0.00035,
    0.00191,
    0.01403,
    0.04606,
    0.10634,
    0.18112,
    0.23536,
    0.2753,
    0.13917,
    0.00032,
    0.0,
    0.0
  ]
}