{
  "Go Ahead Eagles": [
    0.0,
    0.0,
    0.0,
    0.0,
    0.0,
    0.00081,
    0.0073,
    0.06149,
    0.16171,
    0.21284,
    0.19264,
    0.15117,
    0.11218,
    0.06076,
    0.02814,
    0.00862,
    0.00211,
    0.00023
  ],
  "Heerenveen": [
    0.0,
    0.0,
    0.0,
    0.0,
    0.0,
    0.00068,
    0.00724,
    0.06447,
    0.14742,
    0.18405,
    0.18822,
    0.1611,
    0.12199,
    0.07445,
    0.03538,
    0.01239,
    0.00248,
    0.00013
  ],
  "Waalwijk": [
    0.0,
    0.0,
    0.0,
    0.0,
    0.0,
    0.0,
    0.0002,
    0.0038,
    0.01549,
    0.0334,
    0.06189,
    0.09695,
    0.14265,
    0.21326,
    0.20669,
    0.13806,
    0.06749,
    0.02012
  ],
  "AZ Alkmaar": [
    0.0,
    0.00048,
    0.09669,
    0.25496,
    0.55837,
    0.07748,
    0.01196,
    6e-05,
    0.0,
    0.0,
    0.0,
    0.0,
    0.0,
    0.0,
    0.0,
    0.0,
    0.0,
    0.0
  ],
  "Heracles": [
    0.0,
    0.0,
    0.0,
    0.0,
    0.0,
    1e-05,
    0.00029,
    0.00684,
    0.03679,
    0.0777,
    0.12959,
    0.17814,
    0.20147,
    0.16557,
    0.11435,
    0.06114,
    0.02406,
    0.00405
  ],
  "PSV Eindhoven": [
    0.1438,
    0.83496,
    0.02051,
    0.00069,
    4e-05,
    0.0,
    0.0,
    0.0,
    0.0,
    0.0,
    0.0,
    0.0,
    0.0,
    0.0,
    0.0,
    0.0,
    0.0,
    0.0
  ],
  "For Sittard": [
    0.0,
    0.0,
    0.0,
    0.0,
    0.0,
    0.0,
    4e-05,
    0.00057,
    0.00441,
    0.01499,
    0.03346,
    0.05992,
    0.09692,
    0.1562,
    0.20294,
    0.20921,
    0.15047,
    0.07087
  ],
  "Twente": [
    0.0,
    0.00289,
    0.29729,
    0.45851,
    0.23086,
    0.01006,
    0.00039,
    0.0,
    0.0,
    0.0,
    0.0,
    0.0,
    0.0,
    0.0,
    0.0,
    0.0,
    0.0,
    0.0
  ],
  "Ajax": [
    0.85564,
    0.14371,
    0.00065,
    0.0,
    0.0,
    0.0,
    0.0,
    0.0,
    0.0,
    0.0,
    0.0,
    0.0,
    0.0,
    0.0,
    0.0,
    0.0,
    0.0,
    0.0
  ],
  "Nijmegen": [
    0.0,
    0.0,
    0.0,
    0.0,
    0.0,
    0.00042,
    0.00333,
    0.02605,
    0.07576,
    0.14074,
    0.19132,
    0.20951,
    0.17982,
    0.10782,
    0.04913,
    0.0142,
    0.00184,
    6e-05
  ],
  "Cambuur": [
    0.0,
    0.0,
    0.0,
    0.0,
    0.00016,
    0.03399,
    0.13571,
    0.42856,
    0.21378,
    0.10289,
    0.04899,
    0.02226,
    0.0092,
    0.00354,
    0.00076,
    0.00014,
    2e-05,
    0.0
  ],
  "Groningen": [
    0.0,
    0.0,
    0.0,
    0.0,
    2e-05,
    0.00432,
    0.03328,
    0.21955,
    0.30688,
    0.21342,
    0.12233,
    0.06277,
    0.02754,
    0.00824,
    0.00159,
    6e-05,
    0.0,
    0.0
  ],
  "Utrecht": [
    0.0,
    0.0,
    0.00022,
    0.0051,
    0.04296,
    0.46586,
    0.39671,
    0.07431,
    0.01214,
    0.00223,
    0.00044,
    3e-05,
    0.0,
    0.0,
    0.0,
    0.0,
    0.0,
    0.0
  ],
  "Sparta Rotterdam": [
    0.0,
    0.0,
    0.0,
    0.0,
    0.0,
    0.0,
    4e-05,
    0.0008,
    0.00489,
    0.01255,
    0.02656,
    0.04718,
    0.08113,
    0.13781,
    0.19844,
    0.22584,
    0.16666,
    0.0981
  ],
  "Zwolle": [
    0.0,
    0.0,
    0.0,
    0.0,
    0.0,
    0.0,
    0.0,
    0.0,
    1e-05,
    0.00012,
    0.00059,
    0.00207,
    0.00613,
    0.02077,
    0.05277,
    0.1203,
    0.24277,
    0.55447
  ],
  "Vitesse": [
    0.0,
    0.0,
    0.00026,
    0.0053,
    0.05018,
    0.40218,
    0.40345,
    0.11347,
    0.02042,
    0.00404,
    0.00063,
    7e-05,
    0.0,
    0.0,
    0.0,
    0.0,
    0.0,
    0.0
  ],
  "Willem II": [
    0.0,
    0.0,
    0.0,
    0.0,
    0.0,
    0.0,
    0.0,
    3e-05,
    0.0003,
    0.00103,
    0.00334,
    0.00883,
    0.02097,
    0.05158,
    0.10981,
    0.21004,
    0.3421,
    0.25197
  ],
  "Feyenoord": [
    0.00056,
    0.01796,
    0.58438,
    0.27544,
    0.11741,
    0.00419,
    6e-05,
    0.0,
    0.0,
    0.0,
    0.0,
    0.0,
    0.0,
    0.0,
    0.0,
    0.0,
    0.0,
    0.0
  ]
}