{
  "Sp Lisbon": [
    0.10532,
    0.82488,
    0.0695,
    0.0003,
    0.0,
    0.0,
    0.0,
    0.0,
    0.0,
    0.0,
    0.0,
    0.0,
    0.0,
    0.0,
    0.0,
    0.0,
    0.0,
    0.0
  ],
  "Vizela": [
    0.0,
    0.0,
    0.0,
    0.0,
    2e-05,
    0.00542,
    0.01343,
    0.02699,
    0.04747,
    0.07422,
    0.09936,
    0.11996,
    0.13081,
    0.13808,
    0.13376,
    0.11745,
    0.07994,
    0.01309
  ],
  "Arouca": [
    0.0,
    0.0,
    0.0,
    0.0,
    1e-05,
    0.00144,
    0.00442,
    0.01139,
    0.02529,
    0.04486,
    0.06875,
    0.09032,
    0.1103,
    0.13141,
    0.14968,
    0.16444,
    0.16001,
    0.03768
  ],
  "Estoril": [
    0.0,
    0.0,
    0.0,
    0.00028,
    0.0154,
    0.34072,
    0.24156,
    0.16986,
    0.10796,
    0.06017,
    0.03315,
    0.01738,
    0.00819,
    0.00345,
    0.00142,
    0.00037,
    9e-05,
    0.0
  ],
  "Moreirense": [
    0.0,
    0.0,
    0.0,
    0.0,
    0.0,
    0.00059,
    0.00235,
    0.00516,
    0.01149,
    0.02244,
    0.03782,
    0.05647,
    0.07947,
    0.1061,
    0.14046,
    0.18985,
    0.27591,
    0.07189
  ],
  "Benfica": [
    0.00203,
    0.07036,
    0.88481,
    0.04217,
    0.00063,
    0.0,
    0.0,
    0.0,
    0.0,
    0.0,
    0.0,
    0.0,
    0.0,
    0.0,
    0.0,
    0.0,
    0.0,
    0.0
  ],
  "Maritimo": [
    0.0,
    0.0,
    0.0,
    5e-05,
    0.00618,
    0.16911,
    0.21698,
    0.20269,
    0.15721,
    0.10234,
    0.06354,
    0.03714,
    0.02246,
    0.01222,
    0.00707,
    0.00245,
    0.00055,
    1e-05
  ],
  "Sp Braga": [
    0.0,
    0.00014,
    0.04196,
    0.82894,
    0.12779,
    0.00114,
    3e-05,
    0.0,
    0.0,
    0.0,
    0.0,
    0.0,
    0.0,
    0.0,
    0.0,
    0.0,
    0.0,
    0.0
  ],
  "Guimaraes": [
    0.0,
    0.0,
    0.0,
    7e-05,
    0.01327,
    0.29538,
    0.2556,
    0.19132,
    0.12249,
    0.05612,
    0.03095,
    0.017,
    0.00988,
    0.00488,
    0.00211,
    0.00075,
    0.00018,
    0.0
  ],
  "Portimonense": [
    0.0,
    0.0,
    0.0,
    2e-05,
    0.00236,
    0.11227,
    0.15746,
    0.19306,
    0.19031,
    0.14031,
    0.08835,
    0.0545,
    0.03113,
    0.01784,
    0.00822,
    0.00335,
    0.00079,
    3e-05
  ],
  "Tondela": [
    0.0,
    0.0,
    0.0,
    0.0,
    1e-05,
    0.00073,
    0.00303,
    0.00873,
    0.0204,
    0.04169,
    0.06167,
    0.08194,
    0.1038,
    0.12644,
    0.15174,
    0.18044,
    0.17969,
    0.03969
  ],
  "Santa Clara": [
    0.0,
    0.0,
    0.0,
    0.0,
    7e-05,
    0.01082,
    0.02898,
    0.05898,
    0.09801,
    0.13711,
    0.14682,
    0.1385,
    0.1216,
    0.10273,
    0.0795,
    0.05269,
    0.02197,
    0.00222
  ],
  "Porto": [
    0.89265,
    0.10462,
    0.00273,
    0.0,
    0.0,
    0.0,
    0.0,
    0.0,
    0.0,
    0.0,
    0.0,
    0.0,
    0.0,
    0.0,
    0.0,
    0.0,
    0.0,
    0.0
  ],
  "Belenenses": [
    0.0,
    0.0,
    0.0,
    0.0,
    0.0,
    0.0,
    0.0,
    1e-05,
    4e-05,
    0.00032,
    0.00086,
    0.00166,
    0.00403,
    0.00775,
    0.01657,
    0.03911,
    0.12005,
    0.8096
  ],
  "Pacos Ferreira": [
    0.0,
    0.0,
    0.0,
    0.0,
    2e-05,
    0.00522,
    0.01594,
    0.03517,
    0.06393,
    0.10563,
    0.13056,
    0.14185,
    0.14002,
    0.12608,
    0.10825,
    0.07822,
    0.04319,
    0.00592
  ],
  "Famalicao": [
    0.0,
    0.0,
    0.0,
    0.0,
    0.00023,
    0.02166,
    0.04275,
    0.06999,
    0.10821,
    0.14224,
    0.14294,
    0.1287,
    0.11017,
    0.08973,
    0.06782,
    0.04858,
    0.02346,
    0.00352
  ],
  "Gil Vicente": [
    0.0,
    0.0,
    0.001,
    0.12817,
    0.83399,
    0.031,
    0.00491,
    0.00081,
    0.00011,
    1e-05,
    0.0,
    0.0,
    0.0,
    0.0,
    0.0,
    0.0,
    0.0,
    0.0
  ],
  "Boavista": [
    0.0,
    0.0,
    0.0,
    0.0,
    2e-05,
    0.0045,
    0.01256,
    0.02584,
    0.04708,
    0.07254,
    0.09523,
    0.11458,
    0.12814,
    0.13329,
    0.1334,
    0.1223,
    0.09417,
    0.01635
  ]
}