{
  "Heerenveen": [
    0.0,
    3e-05,
    0.00025,
    0.00131,
    0.00722,
    0.0315,
    0.07176,
    0.13485,
    0.17154,
    0.17304,
    0.15052,
    0.12006,
    0.08503,
    0.04114,
    0.01017,
    0.0015,
    8e-05,
    0.0
  ],
  "Willem II": [
    0.0,
    0.0,
    0.0,
    0.0,
    0.0,
    0.0,
    3e-05,
    0.00018,
    0.00049,
    0.00104,
    0.00282,
    0.00753,
    0.01998,
    0.06044,
    0.2103,
    0.39528,
    0.25682,
    0.04509
  ],
  "Zwolle": [
    0.0,
    0.0,
    0.0,
    2e-05,
    0.00034,
    0.00301,
    0.01257,
    0.03172,
    0.06007,
    0.08832,
    0.11944,
    0.16857,
    0.21689,
    0.19515,
    0.08255,
    0.0192,
    0.00206,
    9e-05
  ],
  "Feyenoord": [
    0.0008,
    0.11381,
    0.22417,
    0.29879,
    0.22729,
    0.0937,
    0.03175,
    0.00745,
    0.00177,
    0.00034,
    0.0001,
    3e-05,
    0.0,
    0.0,
    0.0,
    0.0,
    0.0,
    0.0
  ],
  "Twente": [
    0.0,
    0.0013,
    0.00832,
    0.0282,
    0.08079,
    0.19543,
    0.29098,
    0.18441,
    0.09869,
    0.05723,
    0.03183,
    0.01549,
    0.00574,
    0.00145,
    0.00013,
    1e-05,
    0.0,
    0.0
  ],
  "For Sittard": [
    0.0,
    1e-05,
    0.0001,
    0.00066,
    0.00389,
    0.02011,
    0.05556,
    0.11422,
    0.16347,
    0.17049,
    0.16267,
    0.14345,
    0.09895,
    0.05276,
    0.01181,
    0.00175,
    0.0001,
    0.0
  ],
  "FC Emmen": [
    0.0,
    0.0,
    0.0,
    0.0,
    0.0,
    0.0,
    0.0,
    0.0,
    0.0,
    0.0,
    0.0,
    3e-05,
    0.00014,
    0.00085,
    0.00802,
    0.03369,
    0.14183,
    0.81544
  ],
  "VVV Venlo": [
    0.0,
    0.0,
    0.0,
    0.0,
    3e-05,
    0.00047,
    0.00291,
    0.0114,
    0.02668,
    0.04609,
    0.07996,
    0.13514,
    0.21008,
    0.29844,
    0.1439,
    0.03982,
    0.0049,
    0.00018
  ],
  "Heracles": [
    0.0,
    0.0,
    3e-05,
    0.00037,
    0.00207,
    0.01218,
    0.03554,
    0.08122,
    0.12974,
    0.15851,
    0.16838,
    0.16403,
    0.13506,
    0.08193,
    0.02566,
    0.00504,
    0.00024,
    0.0
  ],
  "Den Haag": [
    0.0,
    0.0,
    0.0,
    0.0,
    0.0,
    0.0,
    0.0,
    2e-05,
    2e-05,
    7e-05,
    0.00042,
    0.00118,
    0.00501,
    0.02056,
    0.09913,
    0.25261,
    0.49764,
    0.12334
  ],
  "Sparta Rotterdam": [
    0.0,
    0.0,
    2e-05,
    0.00025,
    0.00153,
    0.01069,
    0.03488,
    0.0797,
    0.12102,
    0.15556,
    0.17637,
    0.16711,
    0.13571,
    0.08738,
    0.0253,
    0.00414,
    0.00033,
    1e-05
  ],
  "Ajax": [
    0.98146,
    0.01718,
    0.00124,
    0.00011,
    1e-05,
    0.0,
    0.0,
    0.0,
    0.0,
    0.0,
    0.0,
    0.0,
    0.0,
    0.0,
    0.0,
    0.0,
    0.0,
    0.0
  ],
  "Groningen": [
    0.0,
    0.00595,
    0.02726,
    0.07938,
    0.1834,
    0.33617,
    0.20885,
    0.09041,
    0.03993,
    0.01758,
    0.00799,
    0.00231,
    0.00065,
    0.00012,
    0.0,
    0.0,
    0.0,
    0.0
  ],
  "PSV Eindhoven": [
    0.01441,
    0.54648,
    0.25548,
    0.12247,
    0.04731,
    0.01136,
    0.00209,
    0.00035,
    5e-05,
    0.0,
    0.0,
    0.0,
    0.0,
    0.0,
    0.0,
    0.0,
    0.0,
    0.0
  ],
  "Waalwijk": [
    0.0,
    0.0,
    0.0,
    0.0,
    0.0,
    1e-05,
    0.00014,
    0.00048,
    0.00148,
    0.00447,
    0.0111,
    0.02644,
    0.06387,
    0.15175,
    0.38158,
    0.24684,
    0.09599,
    0.01585
  ],
  "Vitesse": [
    0.00309,
    0.26064,
    0.3395,
    0.22334,
    0.12074,
    0.03873,
    0.01109,
    0.00235,
    0.00043,
    7e-05,
    2e-05,
    0.0,
    0.0,
    0.0,
    0.0,
    0.0,
    0.0,
    0.0
  ],
  "Utrecht": [
    0.0,
    8e-05,
    0.00132,
    0.00572,
    0.02334,
    0.0812,
    0.17482,
    0.24094,
    0.17889,
    0.12506,
    0.0877,
    0.04846,
    0.02286,
    0.00803,
    0.00145,
    0.00012,
    1e-05,
    0.0
  ],
  "AZ Alkmaar": [
    0.00024,
    0.05452,
    0.14231,
    0.23938,
    0.30204,
    0.16544,
    0.06703,
    0.0203,
    0.00573,
    0.00213,
    0.00068,
    0.00017,
    3e-05,
    0.0,
    0.0,
    0.0,
    0.0,
    0.0
  ]
}