{
  "Cuiabá / MT": [
    0.0,
    0.0,
    1e-05,
    0.0,
    1e-05,
    9e-05,
    0.00041,
    0.00125,
    0.00265,
    0.00604,
    0.01352,
    0.02563,
    0.04797,
    0.07948,
    0.11759,
    0.15855,
    0.15999,
    0.14752,
    0.13401,
    0.10528
  ],
  "Juventude / RS": [
    0.0,
    0.0,
    7e-05,
    9e-05,
    0.00045,
    0.00143,
    0.00347,
    0.00832,
    0.01678,
    0.02981,
    0.05077,
    0.08464,
    0.12854,
    0.16568,
    0.1708,
    0.13552,
    0.09632,
    0.06071,
    0.03324,
    0.01336
  ],
  "Bahia / BA": [
    0.02968,
    0.06752,
    0.10866,
    0.15029,
    0.17462,
    0.15953,
    0.11685,
    0.0796,
    0.05115,
    0.03111,
    0.01729,
    0.00836,
    0.0034,
    0.00144,
    0.00037,
    0.00013,
    0.0,
    0.0,
    0.0,
    0.0
  ],
  "Santos / SP": [
    0.00027,
    0.00166,
    0.00477,
    0.01124,
    0.02416,
    0.04552,
    0.07449,
    0.10279,
    0.12871,
    0.14254,
    0.14428,
    0.12334,
    0.09025,
    0.05577,
    0.02812,
    0.01325,
    0.00608,
    0.00209,
    0.00054,
    0.00013
  ],
  "São Paulo / SP": [
    0.0,
    0.0,
    0.0,
    0.0,
    0.0,
    3e-05,
    4e-05,
    0.00017,
    0.00046,
    0.00121,
    0.00337,
    0.00793,
    0.01806,
    0.03889,
    0.06637,
    0.10446,
    0.15965,
    0.19776,
    0.20856,
    0.19304
  ],
  "Fluminense / RJ": [
    0.00097,
    0.00395,
    0.01092,
    0.02393,
    0.04876,
    0.07939,
    0.11347,
    0.13886,
    0.14117,
    0.13397,
    0.10984,
    0.08566,
    0.05559,
    0.02942,
    0.0146,
    0.00658,
    0.00212,
    0.00066,
    0.00013,
    1e-05
  ],
  "Atlético Mineiro / MG": [
    0.00468,
    0.01314,
    0.029,
    0.05499,
    0.08862,
    0.12283,
    0.15128,
    0.14733,
    0.12572,
    0.09885,
    0.07014,
    0.04764,
    0.0256,
    0.01249,
    0.00548,
    0.00166,
    0.00039,
    0.00013,
    3e-05,
    0.0
  ],
  "Fortaleza / CE": [
    0.12688,
    0.17935,
    0.19533,
    0.17887,
    0.13385,
    0.08688,
    0.04767,
    0.02577,
    0.01367,
    0.00674,
    0.00319,
    0.00129,
    0.00033,
    0.00015,
    1e-05,
    1e-05,
    1e-05,
    0.0,
    0.0,
    0.0
  ],
  "Flamengo / RJ": [
    0.02272,
    0.05351,
    0.08849,
    0.12518,
    0.15966,
    0.16132,
    0.12814,
    0.09684,
    0.0666,
    0.04361,
    0.02733,
    0.01513,
    0.00724,
    0.00283,
    0.00102,
    0.00026,
    9e-05,
    3e-05,
    0.0,
    0.0
  ],
  "Palmeiras / SP": [
    0.14634,
    0.18836,
    0.19297,
    0.16984,
    0.12409,
    0.08062,
    0.0461,
    0.02597,
    0.01395,
    0.00672,
    0.00313,
    0.00134,
    0.00044,
    0.00011,
    1e-05,
    1e-05,
    0.0,
    0.0,
    0.0,
    0.0
  ],
  "Ceará / CE": [
    0.00025,
    0.00122,
    0.0041,
    0.01039,
    0.02203,
    0.04158,
    0.06956,
    0.09442,
    0.11914,
    0.13695,
    0.1454,
    0.13216,
    0.09794,
    0.06291,
    0.03512,
    0.01646,
    0.0068,
    0.00275,
    0.00067,
    0.00015
  ],
  "Grêmio / RS": [
    0.0,
    0.0,
    0.0,
    0.0,
    1e-05,
    1e-05,
    5e-05,
    6e-05,
    0.00016,
    0.0005,
    0.0015,
    0.00389,
    0.00911,
    0.01955,
    0.03768,
    0.06844,
    0.10995,
    0.1529,
    0.22282,
    0.37337
  ],
  "Corinthians / SP": [
    8e-05,
    0.00072,
    0.00196,
    0.00571,
    0.01426,
    0.02884,
    0.05116,
    0.0772,
    0.10559,
    0.13427,
    0.15092,
    0.14657,
    0.11662,
    0.07941,
    0.04731,
    0.02314,
    0.01044,
    0.0041,
    0.00138,
    0.00032
  ],
  "Atlético Goianiense / GO": [
    0.00194,
    0.00754,
    0.01884,
    0.03972,
    0.06755,
    0.1074,
    0.14005,
    0.14587,
    0.13826,
    0.11537,
    0.08785,
    0.05957,
    0.03693,
    0.01935,
    0.00864,
    0.00338,
    0.00125,
    0.00045,
    1e-05,
    3e-05
  ],
  "Athletico Paranaense / PR": [
    0.23953,
    0.24091,
    0.19423,
    0.13954,
    0.08854,
    0.05073,
    0.02537,
    0.01129,
    0.00553,
    0.00264,
    0.0011,
    0.00047,
    8e-05,
    3e-05,
    1e-05,
    0.0,
    0.0,
    0.0,
    0.0,
    0.0
  ],
  "América / MG": [
    1e-05,
    1e-05,
    3e-05,
    0.0002,
    0.00078,
    0.00242,
    0.00543,
    0.01094,
    0.02167,
    0.03563,
    0.05837,
    0.09029,
    0.13006,
    0.16022,
    0.16194,
    0.12751,
    0.08863,
    0.0583,
    0.03297,
    0.01459
  ],
  "Chapecoense / SC": [
    0.0,
    0.0,
    2e-05,
    0.0,
    4e-05,
    0.00016,
    0.00052,
    0.00093,
    0.00275,
    0.00676,
    0.01276,
    0.02486,
    0.04671,
    0.07781,
    0.11129,
    0.14588,
    0.16243,
    0.16087,
    0.14069,
    0.10552
  ],
  "Red Bull Bragantino / SP": [
    0.42664,
    0.24202,
    0.15031,
    0.08903,
    0.04983,
    0.0245,
    0.01045,
    0.00439,
    0.00185,
    0.00066,
    0.00024,
    8e-05,
    0.0,
    0.0,
    0.0,
    0.0,
    0.0,
    0.0,
    0.0,
    0.0
  ],
  "Internacional / RS": [
    1e-05,
    9e-05,
    0.00029,
    0.00097,
    0.00274,
    0.00672,
    0.01546,
    0.0279,
    0.04381,
    0.06564,
    0.09599,
    0.13358,
    0.16639,
    0.1558,
    0.12306,
    0.07822,
    0.04364,
    0.02399,
    0.0117,
    0.004
  ],
  "Sport / PE": [
    0.0,
    0.0,
    0.0,
    1e-05,
    0.0,
    0.0,
    3e-05,
    0.0001,
    0.00038,
    0.00098,
    0.00301,
    0.00757,
    0.01874,
    0.03866,
    0.07058,
    0.11654,
    0.15221,
    0.18774,
    0.21325,
    0.1902
  ]
}