{
  "Man United": [
    0.0,
    0.0,
    0.0,
    8e-05,
    0.00047,
    0.00192,
    0.00665,
    0.01354,
    0.02772,
    0.05417,
    0.08174,
    0.11929,
    0.14498,
    0.15394,
    0.14694,
    0.11224,
    0.07673,
    0.0426,
    0.01586,
    0.00113
  ],
  "Fulham": [
    0.00041,
    0.00215,
    0.00751,
    0.02698,
    0.08465,
    0.1958,
    0.1968,
    0.16399,
    0.12657,
    0.08393,
    0.05233,
    0.03092,
    0.01543,
    0.00767,
    0.00311,
    0.00121,
    0.00041,
    0.0001,
    3e-05,
    0.0
  ],
  "Ipswich": [
    0.0,
    0.0,
    0.0,
    0.0,
    2e-05,
    0.00035,
    0.0013,
    0.0037,
    0.00868,
    0.01865,
    0.03562,
    0.05971,
    0.09211,
    0.12911,
    0.1563,
    0.16753,
    0.14958,
    0.10933,
    0.06442,
    0.00359
  ],
  "Liverpool": [
    0.34445,
    0.29221,
    0.19792,
    0.11043,
    0.04318,
    0.00912,
    0.00209,
    0.00045,
    0.00011,
    4e-05,
    0.0,
    0.0,
    0.0,
    0.0,
    0.0,
    0.0,
    0.0,
    0.0,
    0.0,
    0.0
  ],
  "Arsenal": [
    0.15249,
    0.22412,
    0.26626,
    0.20964,
    0.10717,
    0.02869,
    0.00789,
    0.00274,
    0.0008,
    0.00015,
    4e-05,
    1e-05,
    0.0,
    0.0,
    0.0,
    0.0,
    0.0,
    0.0,
    0.0,
    0.0
  ],
  "Wolves": [
    0.0,
    0.0,
    0.0,
    0.0,
    2e-05,
    6e-05,
    0.00047,
    0.00118,
    0.00314,
    0.00697,
    0.01485,
    0.02978,
    0.04946,
    0.07968,
    0.11589,
    0.16133,
    0.18742,
    0.18161,
    0.15023,
    0.01791
  ],
  "Everton": [
    0.0,
    0.0,
    0.0,
    0.0,
    0.0,
    2e-05,
    1e-05,
    8e-05,
    0.00034,
    0.00091,
    0.00264,
    0.00702,
    0.01409,
    0.02951,
    0.05553,
    0.09827,
    0.15732,
    0.24439,
    0.33651,
    0.05336
  ],
  "Brighton": [
    0.00047,
    0.00208,
    0.00842,
    0.02701,
    0.08217,
    0.18505,
    0.18675,
    0.16255,
    0.12703,
    0.09111,
    0.05986,
    0.03392,
    0.01902,
    0.00878,
    0.00395,
    0.00136,
    0.00036,
    0.0001,
    1e-05,
    0.0
  ],
  "Newcastle": [
    0.00011,
    0.00084,
    0.00348,
    0.01461,
    0.04845,
    0.13419,
    0.16243,
    0.16556,
    0.15217,
    0.11998,
    0.08541,
    0.05447,
    0.0318,
    0.01615,
    0.00653,
    0.00261,
    0.00092,
    0.00029,
    0.0,
    0.0
  ],
  "Southampton": [
    0.0,
    0.0,
    0.0,
    0.0,
    0.0,
    0.0,
    0.0,
    0.0,
    0.0,
    0.0,
    0.0,
    1e-05,
    5e-05,
    8e-05,
    0.00041,
    0.0016,
    0.0052,
    0.02113,
    0.0855,
    0.88602
  ],
  "Nott'm Forest": [
    1e-05,
    7e-05,
    0.00064,
    0.00327,
    0.01496,
    0.05045,
    0.08604,
    0.11902,
    0.14499,
    0.15916,
    0.14605,
    0.11418,
    0.07649,
    0.0439,
    0.02346,
    0.01133,
    0.00411,
    0.00153,
    0.00034,
    0.0
  ],
  "Bournemouth": [
    0.0,
    0.0,
    9e-05,
    0.00061,
    0.00403,
    0.01786,
    0.03547,
    0.05823,
    0.08706,
    0.12001,
    0.14425,
    0.15128,
    0.13536,
    0.09993,
    0.06846,
    0.0421,
    0.02264,
    0.00954,
    0.00302,
    6e-05
  ],
  "West Ham": [
    0.0,
    0.0,
    0.0,
    8e-05,
    0.00064,
    0.00375,
    0.0109,
    0.02187,
    0.03895,
    0.06396,
    0.09887,
    0.13142,
    0.15323,
    0.14997,
    0.12424,
    0.0949,
    0.06104,
    0.0323,
    0.0134,
    0.00048
  ],
  "Aston Villa": [
    0.00016,
    0.00089,
    0.00386,
    0.01451,
    0.05191,
    0.13706,
    0.16549,
    0.16583,
    0.14998,
    0.11746,
    0.08358,
    0.05118,
    0.0306,
    0.01557,
    0.00777,
    0.00279,
    0.00105,
    0.00022,
    9e-05,
    0.0
  ],
  "Brentford": [
    1e-05,
    5e-05,
    0.00015,
    0.00117,
    0.00594,
    0.02635,
    0.04826,
    0.07719,
    0.10421,
    0.13214,
    0.14798,
    0.13777,
    0.11153,
    0.08486,
    0.05916,
    0.0348,
    0.01863,
    0.00757,
    0.00219,
    4e-05
  ],
  "Crystal Palace": [
    0.0,
    0.0,
    0.0,
    0.0,
    0.0,
    0.0,
    0.00011,
    0.00018,
    0.0007,
    0.00204,
    0.00505,
    0.01084,
    0.0211,
    0.03874,
    0.0668,
    0.11065,
    0.17908,
    0.25513,
    0.27628,
    0.0333
  ],
  "Chelsea": [
    0.07159,
    0.13592,
    0.21325,
    0.27824,
    0.19907,
    0.06513,
    0.02306,
    0.0091,
    0.00313,
    0.00105,
    0.00029,
    0.00015,
    2e-05,
    0.0,
    0.0,
    0.0,
    0.0,
    0.0,
    0.0,
    0.0
  ],
  "Man City": [
    0.40632,
    0.28142,
    0.17548,
    0.09095,
    0.03651,
    0.00718,
    0.00162,
    0.00047,
    4e-05,
    1e-05,
    0.0,
    0.0,
    0.0,
    0.0,
    0.0,
    0.0,
    0.0,
    0.0,
    0.0,
    0.0
  ],
  "Leicester": [
    0.0,
    0.0,
    1e-05,
    1e-05,
    8e-05,
    0.00067,
    0.00225,
    0.00508,
    0.0115,
    0.02271,
    0.03916,
    0.06732,
    0.10455,
    0.14203,
    0.16145,
    0.15728,
    0.13551,
    0.09416,
    0.05212,
    0.00411
  ],
  "Tottenham": [
    0.02398,
    0.06025,
    0.12293,
    0.22241,
    0.32073,
    0.13635,
    0.06241,
    0.02924,
    0.01288,
    0.00555,
    0.00228,
    0.00073,
    0.00018,
    8e-05,
    0.0,
    0.0,
    0.0,
    0.0,
    0.0,
    0.0
  ]
}