{
  "Nice": [
    0.13657,
    0.11187,
    0.0942,
    0.08158,
    0.07518,
    0.06648,
    0.06202,
    0.0567,
    0.05161,
    0.04751,
    0.0432,
    0.03847,
    0.03359,
    0.02937,
    0.02538,
    0.01983,
    0.01541,
    0.01103
  ],
  "Lille": [
    0.04415,
    0.05166,
    0.055,
    0.05552,
    0.05953,
    0.05993,
    0.06094,
    0.06037,
    0.05981,
    0.05954,
    0.05897,
    0.0589,
    0.0581,
    0.05795,
    0.05671,
    0.05471,
    0.05028,
    0.03793
  ],
  "Marseille": [
    0.0562,
    0.06274,
    0.06217,
    0.0653,
    0.06428,
    0.06388,
    0.06361,
    0.06171,
    0.06074,
    0.06128,
    0.05708,
    0.05753,
    0.05468,
    0.05248,
    0.04793,
    0.04411,
    0.03816,
    0.02612
  ],
  "Reims": [
    0.07141,
    0.0733,
    0.07299,
    0.07073,
    0.06829,
    0.06728,
    0.06428,
    0.06234,
    0.06135,
    0.06012,
    0.05557,
    0.05272,
    0.05153,
    0.04458,
    0.04048,
    0.03727,
    0.02797,
    0.01779
  ],
  "Paris SG": [
    0.09299,
    0.08519,
    0.08045,
    0.0775,
    0.0733,
    0.06921,
    0.06656,
    0.06229,
    0.05976,
    0.05553,
    0.05293,
    0.04918,
    0.04176,
    0.03772,
    0.03502,
    0.02894,
    0.02019,
    0.01148
  ],
  "Lorient": [
    0.02157,
    0.02868,
    0.03494,
    0.03999,
    0.04209,
    0.04749,
    0.05155,
    0.05518,
    0.05786,
    0.06032,
    0.06547,
    0.06442,
    0.06913,
    0.07606,
    0.07574,
    0.07641,
    0.07133,
    0.06177
  ],
  "Brest": [
    0.14969,
    0.11544,
    0.09994,
    0.08689,
    0.07756,
    0.07044,
    0.0627,
    0.05663,
    0.05065,
    0.04496,
    0.03859,
    0.03459,
    0.03266,
    0.02678,
    0.0213,
    0.0156,
    0.01034,
    0.00524
  ],
  "Lens": [
    0.01126,
    0.01639,
    0.02162,
    0.026,
    0.02947,
    0.0357,
    0.03951,
    0.044,
    0.05012,
    0.05214,
    0.05788,
    0.06855,
    0.07375,
    0.0818,
    0.08643,
    0.09459,
    0.10596,
    0.10483
  ],
  "Clermont": [
    0.00467,
    0.00763,
    0.01016,
    0.01311,
    0.0161,
    0.01958,
    0.02353,
    0.02792,
    0.03283,
    0.0384,
    0.04444,
    0.05092,
    0.06001,
    0.06976,
    0.08362,
    0.10514,
    0.14422,
    0.24796
  ],
  "Monaco": [
    0.09416,
    0.0855,
    0.08158,
    0.07726,
    0.07354,
    0.07029,
    0.06529,
    0.06143,
    0.05911,
    0.05749,
    0.05189,
    0.04844,
    0.04303,
    0.03827,
    0.03317,
    0.02737,
    0.02014,
    0.01204
  ],
  "Montpellier": [
    0.0236,
    0.02999,
    0.03536,
    0.04041,
    0.04458,
    0.04667,
    0.05041,
    0.0531,
    0.0583,
    0.06326,
    0.06498,
    0.06756,
    0.06802,
    0.07185,
    0.07451,
    0.07406,
    0.07158,
    0.06176
  ],
  "Le Havre": [
    0.05618,
    0.06031,
    0.0628,
    0.06369,
    0.06504,
    0.06403,
    0.06345,
    0.06326,
    0.06291,
    0.05976,
    0.0596,
    0.05768,
    0.05396,
    0.05136,
    0.04985,
    0.04484,
    0.03847,
    0.02281
  ],
  "Nantes": [
    0.0441,
    0.04994,
    0.05351,
    0.05683,
    0.05787,
    0.059,
    0.06111,
    0.06208,
    0.06058,
    0.06074,
    0.06196,
    0.06102,
    0.06016,
    0.05909,
    0.05624,
    0.05332,
    0.04966,
    0.03279
  ],
  "Toulouse": [
    0.02453,
    0.03167,
    0.03758,
    0.04118,
    0.04636,
    0.04854,
    0.05076,
    0.05481,
    0.05608,
    0.05905,
    0.06146,
    0.06316,
    0.06623,
    0.06788,
    0.07269,
    0.07511,
    0.07779,
    0.06512
  ],
  "Rennes": [
    0.04582,
    0.05201,
    0.05446,
    0.0573,
    0.05801,
    0.05971,
    0.05986,
    0.06098,
    0.05919,
    0.05977,
    0.06024,
    0.05879,
    0.05951,
    0.05824,
    0.0559,
    0.05462,
    0.05023,
    0.03536
  ],
  "Metz": [
    0.04596,
    0.05525,
    0.05723,
    0.05828,
    0.05886,
    0.05994,
    0.05956,
    0.05886,
    0.05824,
    0.05871,
    0.05728,
    0.05783,
    0.0566,
    0.05625,
    0.05827,
    0.0569,
    0.05084,
    0.03514
  ],
  "Strasbourg": [
    0.06996,
    0.07148,
    0.07139,
    0.07075,
    0.06937,
    0.06739,
    0.06597,
    0.06539,
    0.06205,
    0.05834,
    0.05852,
    0.05406,
    0.05083,
    0.04553,
    0.04026,
    0.03495,
    0.02727,
    0.01649
  ],
  "Lyon": [
    0.00718,
    0.01095,
    0.01462,
    0.01768,
    0.02057,
    0.02444,
    0.02889,
    0.03295,
    0.03881,
    0.04308,
    0.04994,
    0.05618,
    0.06645,
    0.07503,
    0.0865,
    0.10223,
    0.13016,
    0.19434
  ]
}