{
  "Sp Lisbon": [
    0.12858,
    0.21219,
    0.20829,
    0.16921,
    0.11056,
    0.07111,
    0.04247,
    0.02655,
    0.01501,
    0.00802,
    0.00416,
    0.00219,
    0.00101,
    0.00041,
    0.00013,
    6e-05,
    5e-05,
    0.0
  ],
  "Vizela": [
    0.0,
    2e-05,
    0.00023,
    0.00094,
    0.0026,
    0.00641,
    0.01179,
    0.01961,
    0.03138,
    0.04527,
    0.06438,
    0.08312,
    0.10052,
    0.11652,
    0.12768,
    0.13605,
    0.13639,
    0.11709
  ],
  "Arouca": [
    1e-05,
    0.00014,
    0.00058,
    0.00214,
    0.00616,
    0.01196,
    0.01988,
    0.03063,
    0.04754,
    0.06513,
    0.08305,
    0.09907,
    0.10937,
    0.11709,
    0.11747,
    0.11254,
    0.09975,
    0.07749
  ],
  "Estoril": [
    0.18675,
    0.25887,
    0.21473,
    0.15231,
    0.08363,
    0.04741,
    0.02669,
    0.01435,
    0.00761,
    0.00409,
    0.00197,
    0.0009,
    0.00044,
    0.00019,
    4e-05,
    1e-05,
    1e-05,
    0.0
  ],
  "Moreirense": [
    0.0,
    9e-05,
    0.00033,
    0.00128,
    0.00386,
    0.00915,
    0.01554,
    0.02596,
    0.03921,
    0.05514,
    0.07466,
    0.0922,
    0.10615,
    0.11955,
    0.12483,
    0.12267,
    0.11706,
    0.09232
  ],
  "Benfica": [
    0.55164,
    0.2282,
    0.11748,
    0.05895,
    0.02501,
    0.01067,
    0.00474,
    0.00188,
    0.00092,
    0.00032,
    0.00012,
    5e-05,
    2e-05,
    0.0,
    0.0,
    0.0,
    0.0,
    0.0
  ],
  "Maritimo": [
    0.00021,
    0.00128,
    0.00498,
    0.0131,
    0.02794,
    0.0463,
    0.06951,
    0.08907,
    0.1066,
    0.11609,
    0.11565,
    0.10447,
    0.08965,
    0.07278,
    0.05638,
    0.04285,
    0.02781,
    0.01533
  ],
  "Sp Braga": [
    0.01262,
    0.0413,
    0.08131,
    0.12521,
    0.16644,
    0.15358,
    0.12918,
    0.09859,
    0.06963,
    0.0466,
    0.03167,
    0.01933,
    0.01128,
    0.00656,
    0.00374,
    0.00188,
    0.00075,
    0.00033
  ],
  "Guimaraes": [
    0.01315,
    0.0393,
    0.07027,
    0.10469,
    0.14186,
    0.15129,
    0.12943,
    0.10488,
    0.08082,
    0.05808,
    0.04077,
    0.02565,
    0.01668,
    0.01113,
    0.00614,
    0.00363,
    0.00169,
    0.00054
  ],
  "Portimonense": [
    0.00611,
    0.0218,
    0.04717,
    0.083,
    0.12923,
    0.14508,
    0.14121,
    0.12086,
    0.09559,
    0.073,
    0.04941,
    0.03451,
    0.02219,
    0.01449,
    0.00838,
    0.00464,
    0.00232,
    0.00101
  ],
  "Tondela": [
    1e-05,
    8e-05,
    0.00072,
    0.00234,
    0.00617,
    0.01309,
    0.02385,
    0.03677,
    0.05464,
    0.07388,
    0.08937,
    0.10306,
    0.11161,
    0.11359,
    0.11253,
    0.10343,
    0.08941,
    0.06545
  ],
  "Santa Clara": [
    0.0,
    0.0,
    0.0,
    3e-05,
    0.00021,
    0.00062,
    0.00115,
    0.00316,
    0.00638,
    0.01204,
    0.02,
    0.032,
    0.04771,
    0.06863,
    0.09884,
    0.1415,
    0.21185,
    0.35588
  ],
  "Porto": [
    0.0975,
    0.18089,
    0.21142,
    0.19558,
    0.12738,
    0.07795,
    0.04975,
    0.02787,
    0.01577,
    0.00826,
    0.00429,
    0.00165,
    0.00099,
    0.00046,
    0.00014,
    6e-05,
    3e-05,
    1e-05
  ],
  "Belenenses": [
    0.0,
    5e-05,
    0.0002,
    0.00096,
    0.00257,
    0.00723,
    0.01372,
    0.02322,
    0.03698,
    0.05259,
    0.07065,
    0.08952,
    0.10389,
    0.11379,
    0.12278,
    0.12638,
    0.12474,
    0.11073
  ],
  "Pacos Ferreira": [
    0.00065,
    0.00288,
    0.00909,
    0.02127,
    0.04037,
    0.06545,
    0.0892,
    0.11092,
    0.12228,
    0.12197,
    0.10872,
    0.0908,
    0.0719,
    0.05374,
    0.0407,
    0.02659,
    0.01606,
    0.00741
  ],
  "Famalicao": [
    0.0,
    3e-05,
    0.00022,
    0.00079,
    0.00188,
    0.00459,
    0.00951,
    0.01652,
    0.02675,
    0.04022,
    0.05719,
    0.07503,
    0.09423,
    0.11023,
    0.12446,
    0.14036,
    0.15068,
    0.14731
  ],
  "Gil Vicente": [
    0.00118,
    0.00654,
    0.01751,
    0.0376,
    0.06836,
    0.09522,
    0.11895,
    0.13182,
    0.1205,
    0.10713,
    0.08838,
    0.06803,
    0.0515,
    0.03518,
    0.02447,
    0.01502,
    0.00868,
    0.00393
  ],
  "Boavista": [
    0.00159,
    0.00634,
    0.01547,
    0.0306,
    0.05577,
    0.08289,
    0.10343,
    0.11734,
    0.12239,
    0.11217,
    0.09556,
    0.07842,
    0.06086,
    0.04566,
    0.03129,
    0.02233,
    0.01272,
    0.00517
  ]
}