{
  "Monaco": [
    0.0,
    0.002,
    0.01026,
    0.03095,
    0.06407,
    0.09949,
    0.13099,
    0.13844,
    0.13139,
    0.11401,
    0.09812,
    0.06994,
    0.0481,
    0.02909,
    0.01728,
    0.00891,
    0.00422,
    0.00187,
    0.00069,
    0.00018
  ],
  "Nantes": [
    0.0,
    0.00029,
    0.00214,
    0.0092,
    0.02167,
    0.03973,
    0.05872,
    0.07653,
    0.09313,
    0.10438,
    0.11167,
    0.11511,
    0.10889,
    0.09041,
    0.06981,
    0.045,
    0.02816,
    0.01549,
    0.0072,
    0.00247
  ],
  "Lyon": [
    5e-05,
    0.0253,
    0.08281,
    0.15505,
    0.18802,
    0.16644,
    0.12216,
    0.08758,
    0.06111,
    0.04268,
    0.02897,
    0.01804,
    0.01106,
    0.00611,
    0.00267,
    0.00132,
    0.00043,
    0.00015,
    5e-05,
    0.0
  ],
  "Brest": [
    0.0,
    0.00033,
    0.0021,
    0.00834,
    0.01938,
    0.03773,
    0.05809,
    0.07711,
    0.09404,
    0.11083,
    0.11772,
    0.11747,
    0.10794,
    0.08833,
    0.06444,
    0.04328,
    0.02712,
    0.01547,
    0.00739,
    0.00289
  ],
  "Troyes": [
    0.0,
    0.0,
    1e-05,
    1e-05,
    0.00018,
    0.00061,
    0.00141,
    0.00301,
    0.00616,
    0.01124,
    0.01934,
    0.03078,
    0.04537,
    0.0705,
    0.09618,
    0.12562,
    0.14627,
    0.15441,
    0.15304,
    0.13586
  ],
  "Paris SG": [
    0.98517,
    0.01433,
    0.00045,
    5e-05,
    0.0,
    0.0,
    0.0,
    0.0,
    0.0,
    0.0,
    0.0,
    0.0,
    0.0,
    0.0,
    0.0,
    0.0,
    0.0,
    0.0,
    0.0,
    0.0
  ],
  "Rennes": [
    0.00158,
    0.23734,
    0.37898,
    0.19345,
    0.0977,
    0.04801,
    0.02338,
    0.01023,
    0.00489,
    0.0027,
    0.00105,
    0.00048,
    0.00016,
    5e-05,
    0.0,
    0.0,
    0.0,
    0.0,
    0.0,
    0.0
  ],
  "Lens": [
    8e-05,
    0.02786,
    0.09356,
    0.18101,
    0.19561,
    0.16966,
    0.12201,
    0.08221,
    0.05361,
    0.0339,
    0.01865,
    0.01079,
    0.00616,
    0.00306,
    0.00132,
    0.00034,
    8e-05,
    7e-05,
    2e-05,
    0.0
  ],
  "Bordeaux": [
    0.0,
    0.0,
    1e-05,
    6e-05,
    0.00022,
    0.00074,
    0.00226,
    0.00436,
    0.00821,
    0.01402,
    0.02161,
    0.03575,
    0.05519,
    0.08089,
    0.11054,
    0.1372,
    0.14734,
    0.14423,
    0.13043,
    0.10694
  ],
  "Clermont": [
    0.0,
    0.0,
    1e-05,
    3e-05,
    5e-05,
    0.00031,
    0.00069,
    0.00164,
    0.00309,
    0.00623,
    0.01008,
    0.01751,
    0.02928,
    0.04692,
    0.07344,
    0.10277,
    0.13734,
    0.1673,
    0.19053,
    0.21278
  ],
  "Nice": [
    0.00025,
    0.05824,
    0.16673,
    0.24504,
    0.19371,
    0.13445,
    0.08438,
    0.04998,
    0.03065,
    0.01726,
    0.00999,
    0.00557,
    0.00217,
    0.00104,
    0.00039,
    0.00011,
    4e-05,
    0.0,
    0.0,
    0.0
  ],
  "Reims": [
    0.0,
    0.0,
    0.0002,
    0.00111,
    0.00321,
    0.00779,
    0.01462,
    0.02443,
    0.0371,
    0.05821,
    0.07775,
    0.09881,
    0.11917,
    0.13415,
    0.12834,
    0.10779,
    0.07947,
    0.05497,
    0.03497,
    0.01791
  ],
  "St Etienne": [
    0.0,
    0.0,
    0.0,
    0.0,
    4e-05,
    0.00019,
    0.00047,
    0.00085,
    0.00232,
    0.00426,
    0.00884,
    0.01571,
    0.02508,
    0.0415,
    0.06618,
    0.09563,
    0.12911,
    0.16493,
    0.20089,
    0.244
  ],
  "Lorient": [
    0.0,
    1e-05,
    7e-05,
    0.00043,
    0.00128,
    0.00302,
    0.007,
    0.0139,
    0.02432,
    0.03748,
    0.0562,
    0.077,
    0.09867,
    0.12336,
    0.1359,
    0.12896,
    0.10879,
    0.08513,
    0.06195,
    0.03653
  ],
  "Strasbourg": [
    0.0,
    0.00097,
    0.00574,
    0.01932,
    0.03929,
    0.06353,
    0.08928,
    0.11457,
    0.12446,
    0.12632,
    0.11238,
    0.0945,
    0.07591,
    0.05521,
    0.03645,
    0.02193,
    0.01197,
    0.00559,
    0.0021,
    0.00048
  ],
  "Angers": [
    1e-05,
    0.00362,
    0.02078,
    0.05702,
    0.09603,
    0.1312,
    0.14563,
    0.13815,
    0.11569,
    0.09392,
    0.07026,
    0.05008,
    0.0349,
    0.02182,
    0.01157,
    0.0057,
    0.0025,
    0.00083,
    0.00022,
    7e-05
  ],
  "Metz": [
    0.0,
    0.0,
    0.0,
    2e-05,
    5e-05,
    0.00019,
    0.00048,
    0.00129,
    0.00273,
    0.00515,
    0.00903,
    0.01604,
    0.02675,
    0.04403,
    0.06729,
    0.09798,
    0.13184,
    0.16341,
    0.19788,
    0.23584
  ],
  "Lille": [
    0.0,
    0.00023,
    0.0021,
    0.0083,
    0.02019,
    0.03441,
    0.05316,
    0.07175,
    0.08751,
    0.10319,
    0.11272,
    0.1167,
    0.11235,
    0.09622,
    0.07113,
    0.04969,
    0.02967,
    0.0184,
    0.00928,
    0.003
  ],
  "Montpellier": [
    0.0,
    0.00042,
    0.00344,
    0.01354,
    0.0291,
    0.05063,
    0.08025,
    0.10191,
    0.11885,
    0.11396,
    0.11543,
    0.10969,
    0.09282,
    0.06731,
    0.04707,
    0.02777,
    0.01565,
    0.00775,
    0.00336,
    0.00105
  ],
  "Marseille": [
    0.01286,
    0.62906,
    0.23061,
    0.07707,
    0.0302,
    0.01187,
    0.00502,
    0.00206,
    0.00074,
    0.00026,
    0.00019,
    3e-05,
    3e-05,
    0.0,
    0.0,
    0.0,
    0.0,
    0.0,
    0.0,
    0.0
  ]
}