{
  "Osasuna": [
    0.0,
    4e-05,
    0.00025,
    0.00162,
    0.00556,
    0.01576,
    0.04421,
    0.10804,
    0.23163,
    0.18777,
    0.13728,
    0.099,
    0.0735,
    0.04554,
    0.02773,
    0.01487,
    0.00536,
    0.00142,
    0.00041,
    1e-05
  ],
  "Sevilla": [
    0.0,
    0.0,
    0.0,
    0.0001,
    0.00046,
    0.00199,
    0.00773,
    0.02841,
    0.08053,
    0.10096,
    0.11667,
    0.12566,
    0.12763,
    0.12446,
    0.11085,
    0.09099,
    0.05342,
    0.02255,
    0.00654,
    0.00105
  ],
  "Celta": [
    0.0,
    0.0,
    3e-05,
    0.00024,
    0.00133,
    0.00528,
    0.0176,
    0.05359,
    0.14185,
    0.15105,
    0.14371,
    0.12905,
    0.11069,
    0.09127,
    0.07111,
    0.04732,
    0.02452,
    0.00918,
    0.00194,
    0.00024
  ],
  "Espanol": [
    0.0,
    0.0,
    0.0,
    5e-05,
    0.00019,
    0.0009,
    0.00376,
    0.01719,
    0.05519,
    0.08647,
    0.10863,
    0.12262,
    0.13296,
    0.13365,
    0.12533,
    0.10304,
    0.06729,
    0.03187,
    0.00894,
    0.00192
  ],
  "Valladolid": [
    0.0,
    0.0,
    0.0,
    0.0,
    0.0,
    0.0,
    1e-05,
    0.00012,
    0.0006,
    0.0017,
    0.00399,
    0.00808,
    0.01581,
    0.03008,
    0.05381,
    0.10265,
    0.19451,
    0.30139,
    0.19565,
    0.0916
  ],
  "Villarreal": [
    0.00209,
    0.0173,
    0.08369,
    0.19204,
    0.23474,
    0.22147,
    0.15014,
    0.07312,
    0.01835,
    0.00464,
    0.00169,
    0.00058,
    0.00013,
    1e-05,
    1e-05,
    0.0,
    0.0,
    0.0,
    0.0,
    0.0
  ],
  "Barcelona": [
    0.27663,
    0.49757,
    0.16217,
    0.04468,
    0.01395,
    0.00399,
    0.00083,
    0.00018,
    0.0,
    0.0,
    0.0,
    0.0,
    0.0,
    0.0,
    0.0,
    0.0,
    0.0,
    0.0,
    0.0,
    0.0
  ],
  "Vallecano": [
    0.0,
    1e-05,
    6e-05,
    0.00017,
    0.0007,
    0.00308,
    0.0117,
    0.04047,
    0.11238,
    0.15535,
    0.14852,
    0.13945,
    0.11977,
    0.10363,
    0.07766,
    0.05022,
    0.0244,
    0.00955,
    0.00249,
    0.00039
  ],
  "Cadiz": [
    0.0,
    0.0,
    0.0,
    0.0,
    0.0,
    0.0,
    0.0,
    1e-05,
    0.0,
    6e-05,
    0.00017,
    0.00063,
    0.0013,
    0.00376,
    0.00896,
    0.02377,
    0.0638,
    0.15394,
    0.33894,
    0.40466
  ],
  "Sociedad": [
    0.00022,
    0.00197,
    0.01906,
    0.0567,
    0.10644,
    0.16918,
    0.25523,
    0.23141,
    0.08923,
    0.03879,
    0.01732,
    0.00804,
    0.00401,
    0.00157,
    0.0006,
    0.00017,
    5e-05,
    1e-05,
    0.0,
    0.0
  ],
  "Valencia": [
    0.0001,
    0.00124,
    0.01106,
    0.0396,
    0.08341,
    0.14346,
    0.23589,
    0.28276,
    0.11487,
    0.04661,
    0.02332,
    0.00998,
    0.00463,
    0.00198,
    0.00076,
    0.00023,
    9e-05,
    1e-05,
    0.0,
    0.0
  ],
  "Girona": [
    0.0,
    0.0,
    0.0,
    1e-05,
    5e-05,
    0.00035,
    0.00209,
    0.00831,
    0.02955,
    0.05983,
    0.08603,
    0.10679,
    0.12534,
    0.14025,
    0.14905,
    0.13456,
    0.09347,
    0.0459,
    0.01453,
    0.00389
  ],
  "Almeria": [
    0.0,
    0.0,
    0.0,
    0.0,
    0.0,
    1e-05,
    0.00012,
    0.00055,
    0.00261,
    0.00806,
    0.01622,
    0.02969,
    0.04753,
    0.07258,
    0.10876,
    0.16574,
    0.23343,
    0.18572,
    0.09382,
    0.03516
  ],
  "Real Madrid": [
    0.66934,
    0.25809,
    0.0579,
    0.01132,
    0.00259,
    0.00063,
    0.00011,
    2e-05,
    0.0,
    0.0,
    0.0,
    0.0,
    0.0,
    0.0,
    0.0,
    0.0,
    0.0,
    0.0,
    0.0,
    0.0
  ],
  "Ath Bilbao": [
    0.00515,
    0.03176,
    0.13066,
    0.25132,
    0.22876,
    0.17959,
    0.10893,
    0.04836,
    0.01185,
    0.00255,
    0.00074,
    0.00024,
    6e-05,
    3e-05,
    0.0,
    0.0,
    0.0,
    0.0,
    0.0,
    0.0
  ],
  "Mallorca": [
    0.0,
    0.0,
    0.0,
    8e-05,
    0.00041,
    0.00168,
    0.00723,
    0.028,
    0.0763,
    0.11569,
    0.13745,
    0.14243,
    0.1367,
    0.12269,
    0.10072,
    0.07082,
    0.03993,
    0.01577,
    0.0036,
    0.0005
  ],
  "Getafe": [
    0.0,
    0.0,
    0.0,
    0.0,
    2e-05,
    0.00015,
    0.00089,
    0.00435,
    0.01843,
    0.03672,
    0.0569,
    0.07663,
    0.09828,
    0.12432,
    0.15393,
    0.17132,
    0.13982,
    0.07963,
    0.03075,
    0.00786
  ],
  "Ath Madrid": [
    0.04386,
    0.17031,
    0.42839,
    0.19806,
    0.09278,
    0.0436,
    0.01719,
    0.00485,
    0.00084,
    0.00011,
    1e-05,
    0.0,
    0.0,
    0.0,
    0.0,
    0.0,
    0.0,
    0.0,
    0.0,
    0.0
  ],
  "Betis": [
    0.00261,
    0.02171,
    0.10673,
    0.20401,
    0.22861,
    0.20888,
    0.13634,
    0.07026,
    0.01575,
    0.00355,
    0.00107,
    0.00039,
    4e-05,
    4e-05,
    0.0,
    1e-05,
    0.0,
    0.0,
    0.0,
    0.0
  ],
  "Elche": [
    0.0,
    0.0,
    0.0,
    0.0,
    0.0,
    0.0,
    0.0,
    0.0,
    4e-05,
    9e-05,
    0.00028,
    0.00074,
    0.00162,
    0.00414,
    0.01072,
    0.02429,
    0.05991,
    0.14306,
    0.30239,
    0.45272
  ]
}