{
  "Burnley": [
    0.0,
    0.0,
    0.0,
    0.0,
    0.0,
    0.0,
    0.0,
    0.0,
    0.0,
    0.0,
    3e-05,
    0.00012,
    0.00034,
    0.00101,
    0.00296,
    0.00806,
    0.02515,
    0.08522,
    0.65022,
    0.22689
  ],
  "Man City": [
    0.39637,
    0.35662,
    0.17242,
    0.05812,
    0.01534,
    0.00099,
    0.00011,
    2e-05,
    1e-05,
    0.0,
    0.0,
    0.0,
    0.0,
    0.0,
    0.0,
    0.0,
    0.0,
    0.0,
    0.0,
    0.0
  ],
  "Arsenal": [
    0.09688,
    0.20844,
    0.36669,
    0.22012,
    0.09519,
    0.01039,
    0.00178,
    0.00038,
    0.00012,
    1e-05,
    0.0,
    0.0,
    0.0,
    0.0,
    0.0,
    0.0,
    0.0,
    0.0,
    0.0,
    0.0
  ],
  "Nott'm Forest": [
    0.0,
    0.0,
    0.0,
    0.0,
    1e-05,
    5e-05,
    0.00019,
    0.00095,
    0.00232,
    0.00606,
    0.01287,
    0.02679,
    0.04639,
    0.07556,
    0.12854,
    0.17272,
    0.22399,
    0.25505,
    0.04492,
    0.00359
  ],
  "Bournemouth": [
    0.0,
    0.0,
    0.0,
    1e-05,
    0.00025,
    0.00331,
    0.0083,
    0.01819,
    0.03347,
    0.05696,
    0.09396,
    0.1377,
    0.15988,
    0.1732,
    0.13316,
    0.09273,
    0.0605,
    0.02655,
    0.0018,
    3e-05
  ],
  "West Ham": [
    0.0,
    7e-05,
    0.00079,
    0.00645,
    0.03666,
    0.15543,
    0.18113,
    0.17632,
    0.15056,
    0.11868,
    0.08351,
    0.04859,
    0.02524,
    0.01069,
    0.00424,
    0.00129,
    0.00028,
    7e-05,
    0.0,
    0.0
  ],
  "Brighton": [
    2e-05,
    3e-05,
    0.00061,
    0.00547,
    0.03069,
    0.13151,
    0.16051,
    0.16648,
    0.1585,
    0.13273,
    0.09669,
    0.0572,
    0.0335,
    0.016,
    0.00743,
    0.00199,
    0.0006,
    4e-05,
    0.0,
    0.0
  ],
  "Luton": [
    0.0,
    0.0,
    0.0,
    0.0,
    1e-05,
    4e-05,
    0.00024,
    0.00061,
    0.00179,
    0.0053,
    0.01234,
    0.0253,
    0.046,
    0.08735,
    0.14005,
    0.18322,
    0.2129,
    0.24362,
    0.03893,
    0.0023
  ],
  "Everton": [
    0.0,
    0.0,
    0.0,
    2e-05,
    0.0004,
    0.00654,
    0.01712,
    0.03237,
    0.05631,
    0.08847,
    0.12898,
    0.16431,
    0.17409,
    0.14426,
    0.09372,
    0.05409,
    0.02765,
    0.01116,
    0.0005,
    1e-05
  ],
  "Fulham": [
    0.0,
    0.0,
    1e-05,
    3e-05,
    0.00058,
    0.00675,
    0.01489,
    0.02571,
    0.04333,
    0.0677,
    0.10187,
    0.15329,
    0.17204,
    0.15751,
    0.11571,
    0.07911,
    0.04387,
    0.0165,
    0.00108,
    2e-05
  ],
  "Sheffield United": [
    0.0,
    0.0,
    0.0,
    0.0,
    0.0,
    0.0,
    0.0,
    0.0,
    0.0,
    0.0,
    0.0,
    1e-05,
    0.0,
    4e-05,
    0.00016,
    0.00063,
    0.00277,
    0.01537,
    0.2167,
    0.76432
  ],
  "Crystal Palace": [
    0.0,
    0.0,
    0.0,
    0.0,
    2e-05,
    0.00021,
    0.00128,
    0.00316,
    0.00686,
    0.01458,
    0.02976,
    0.05416,
    0.08099,
    0.11887,
    0.16995,
    0.18846,
    0.17645,
    0.13824,
    0.01629,
    0.00072
  ],
  "Newcastle": [
    0.0,
    4e-05,
    0.00093,
    0.00703,
    0.04489,
    0.20257,
    0.19429,
    0.16308,
    0.13429,
    0.102,
    0.07085,
    0.03974,
    0.0219,
    0.01133,
    0.00479,
    0.00171,
    0.00041,
    0.00015,
    0.0,
    0.0
  ],
  "Aston Villa": [
    0.02248,
    0.07558,
    0.20007,
    0.36366,
    0.27234,
    0.04783,
    0.01218,
    0.00416,
    0.00126,
    0.00036,
    6e-05,
    1e-05,
    1e-05,
    0.0,
    0.0,
    0.0,
    0.0,
    0.0,
    0.0,
    0.0
  ],
  "Brentford": [
    0.0,
    0.0,
    0.0,
    1e-05,
    2e-05,
    0.00029,
    0.00085,
    0.00228,
    0.00503,
    0.0098,
    0.02195,
    0.03855,
    0.06165,
    0.08955,
    0.13704,
    0.18478,
    0.21236,
    0.20429,
    0.02943,
    0.00212
  ],
  "Tottenham": [
    0.00735,
    0.03437,
    0.11606,
    0.27844,
    0.41622,
    0.09726,
    0.03211,
    0.01159,
    0.0044,
    0.00157,
    0.00054,
    9e-05,
    0.0,
    0.0,
    0.0,
    0.0,
    0.0,
    0.0,
    0.0,
    0.0
  ],
  "Chelsea": [
    0.0,
    0.0,
    3e-05,
    0.00057,
    0.00558,
    0.03446,
    0.06121,
    0.0878,
    0.11748,
    0.14556,
    0.16195,
    0.13057,
    0.10125,
    0.07343,
    0.0432,
    0.02342,
    0.01021,
    0.00316,
    0.00012,
    0.0
  ],
  "Liverpool": [
    0.47688,
    0.32455,
    0.14073,
    0.04643,
    0.01065,
    0.00066,
    7e-05,
    2e-05,
    1e-05,
    0.0,
    0.0,
    0.0,
    0.0,
    0.0,
    0.0,
    0.0,
    0.0,
    0.0,
    0.0,
    0.0
  ],
  "Man United": [
    2e-05,
    0.0003,
    0.00156,
    0.0121,
    0.05905,
    0.23604,
    0.20851,
    0.1683,
    0.12505,
    0.0866,
    0.05228,
    0.02814,
    0.01457,
    0.00548,
    0.00163,
    0.0003,
    7e-05,
    0.0,
    0.0,
    0.0
  ],
  "Wolves": [
    0.0,
    0.0,
    0.0001,
    0.00154,
    0.0121,
    0.06567,
    0.10523,
    0.13858,
    0.15921,
    0.16362,
    0.13236,
    0.09543,
    0.06215,
    0.03572,
    0.01742,
    0.00749,
    0.00279,
    0.00058,
    1e-05,
    0.0
  ]
}