{
  "Eibar": [
    0.00686,
    0.01256,
    0.017,
    0.02041,
    0.02531,
    0.03032,
    0.03448,
    0.03943,
    0.0437,
    0.04804,
    0.05136,
    0.05687,
    0.0621,
    0.06665,
    0.06871,
    0.07462,
    0.07963,
    0.08408,
    0.08882,
    0.08905
  ],
  "Celta": [
    0.00221,
    0.0053,
    0.0095,
    0.01254,
    0.01664,
    0.0209,
    0.02336,
    0.02814,
    0.03142,
    0.03603,
    0.03982,
    0.04684,
    0.05074,
    0.05912,
    0.06775,
    0.07736,
    0.08755,
    0.10228,
    0.1241,
    0.1584
  ],
  "Granada": [
    0.05807,
    0.07327,
    0.07822,
    0.07983,
    0.07479,
    0.07101,
    0.06648,
    0.0621,
    0.05725,
    0.05429,
    0.05027,
    0.0469,
    0.04313,
    0.03821,
    0.03681,
    0.03204,
    0.02696,
    0.02274,
    0.01689,
    0.01074
  ],
  "Ath Bilbao": [
    0.01528,
    0.02589,
    0.03253,
    0.03902,
    0.04503,
    0.04737,
    0.05105,
    0.05203,
    0.05345,
    0.05627,
    0.05889,
    0.05743,
    0.06022,
    0.06137,
    0.06223,
    0.06106,
    0.05976,
    0.05869,
    0.05504,
    0.04739
  ],
  "Cadiz": [
    0.02434,
    0.03741,
    0.0473,
    0.05346,
    0.06065,
    0.06023,
    0.06202,
    0.06237,
    0.06256,
    0.06126,
    0.06183,
    0.05961,
    0.05885,
    0.0547,
    0.05013,
    0.04818,
    0.04264,
    0.03844,
    0.03157,
    0.02245
  ],
  "Osasuna": [
    0.01454,
    0.02444,
    0.0324,
    0.03787,
    0.04363,
    0.04846,
    0.05194,
    0.0539,
    0.05684,
    0.05951,
    0.06092,
    0.06318,
    0.06298,
    0.0601,
    0.06139,
    0.06191,
    0.05941,
    0.05479,
    0.05085,
    0.04094
  ],
  "Alaves": [
    0.00728,
    0.01377,
    0.01986,
    0.02545,
    0.03067,
    0.03521,
    0.03967,
    0.04417,
    0.04953,
    0.05198,
    0.05668,
    0.06091,
    0.06346,
    0.06609,
    0.07096,
    0.07261,
    0.07371,
    0.07467,
    0.07304,
    0.07028
  ],
  "Betis": [
    0.022,
    0.03569,
    0.04374,
    0.04946,
    0.05381,
    0.05744,
    0.06052,
    0.06194,
    0.06309,
    0.06382,
    0.06067,
    0.0588,
    0.05884,
    0.05782,
    0.05463,
    0.05076,
    0.04555,
    0.04083,
    0.03465,
    0.02594
  ],
  "Valladolid": [
    0.00263,
    0.0057,
    0.00834,
    0.01215,
    0.01553,
    0.02023,
    0.02353,
    0.02878,
    0.03414,
    0.03803,
    0.04147,
    0.04651,
    0.05602,
    0.06276,
    0.07065,
    0.07773,
    0.08872,
    0.102,
    0.11812,
    0.14696
  ],
  "Sociedad": [
    0.27166,
    0.17125,
    0.12398,
    0.09259,
    0.07055,
    0.05608,
    0.04472,
    0.03769,
    0.0301,
    0.02468,
    0.01987,
    0.01574,
    0.01228,
    0.00943,
    0.00696,
    0.0047,
    0.00346,
    0.00228,
    0.00137,
    0.00061
  ],
  "Villarreal": [
    0.09226,
    0.10171,
    0.09913,
    0.09355,
    0.08514,
    0.07764,
    0.06985,
    0.0623,
    0.05566,
    0.04815,
    0.04496,
    0.03779,
    0.0332,
    0.02701,
    0.02169,
    0.01735,
    0.01326,
    0.00979,
    0.00669,
    0.00287
  ],
  "Huesca": [
    0.00243,
    0.00491,
    0.0087,
    0.01248,
    0.01618,
    0.01944,
    0.02418,
    0.02994,
    0.03237,
    0.04026,
    0.04582,
    0.05212,
    0.05677,
    0.06339,
    0.0703,
    0.07797,
    0.08772,
    0.10214,
    0.11486,
    0.13802
  ],
  "Valencia": [
    0.01466,
    0.02499,
    0.03379,
    0.03968,
    0.04429,
    0.04778,
    0.05174,
    0.05592,
    0.06034,
    0.06119,
    0.06143,
    0.06309,
    0.06129,
    0.06096,
    0.06021,
    0.06028,
    0.05933,
    0.05364,
    0.04689,
    0.0385
  ],
  "Levante": [
    0.0044,
    0.00849,
    0.01307,
    0.01698,
    0.02156,
    0.02618,
    0.03072,
    0.03693,
    0.0413,
    0.04454,
    0.04992,
    0.05344,
    0.05924,
    0.06496,
    0.06887,
    0.07584,
    0.08321,
    0.0915,
    0.09986,
    0.10899
  ],
  "Getafe": [
    0.01995,
    0.0329,
    0.04168,
    0.04953,
    0.05147,
    0.05537,
    0.06016,
    0.05975,
    0.06111,
    0.05897,
    0.0608,
    0.05928,
    0.05782,
    0.0573,
    0.05428,
    0.05356,
    0.04978,
    0.04543,
    0.03988,
    0.03098
  ],
  "Real Madrid": [
    0.099,
    0.10711,
    0.10254,
    0.09297,
    0.0821,
    0.0771,
    0.06859,
    0.0585,
    0.05179,
    0.04727,
    0.04044,
    0.03552,
    0.03047,
    0.02675,
    0.02318,
    0.01917,
    0.01534,
    0.01103,
    0.00735,
    0.00378
  ],
  "Elche": [
    0.03575,
    0.0505,
    0.05698,
    0.06204,
    0.06328,
    0.06363,
    0.06268,
    0.0612,
    0.05907,
    0.05794,
    0.05542,
    0.05495,
    0.05146,
    0.04915,
    0.04835,
    0.04351,
    0.04099,
    0.03433,
    0.02888,
    0.01989
  ],
  "Ath Madrid": [
    0.23176,
    0.16605,
    0.12173,
    0.09409,
    0.07506,
    0.05964,
    0.04948,
    0.04072,
    0.03319,
    0.02757,
    0.02297,
    0.01947,
    0.01537,
    0.01324,
    0.00994,
    0.00767,
    0.0052,
    0.00367,
    0.00236,
    0.00082
  ],
  "Sevilla": [
    0.04505,
    0.05839,
    0.06375,
    0.06709,
    0.0705,
    0.06957,
    0.06881,
    0.06631,
    0.06425,
    0.05771,
    0.05599,
    0.05431,
    0.04877,
    0.045,
    0.0414,
    0.03501,
    0.03028,
    0.02594,
    0.01925,
    0.01262
  ],
  "Barcelona": [
    0.02987,
    0.03967,
    0.04576,
    0.04881,
    0.05381,
    0.0564,
    0.05602,
    0.05788,
    0.05884,
    0.06249,
    0.06047,
    0.05724,
    0.05699,
    0.05599,
    0.05156,
    0.04867,
    0.0475,
    0.04173,
    0.03953,
    0.03077
  ]
}