{
  "Portimonense": [
    0.0,
    0.0,
    0.0,
    0.0,
    0.0,
    0.0,
    0.0,
    0.0,
    1e-05,
    0.0001,
    0.00041,
    0.00167,
    0.00463,
    0.01249,
    0.02983,
    0.07907,
    0.83675,
    0.03504
  ],
  "Belenenses": [
    0.0,
    0.0,
    0.0,
    0.0,
    0.0,
    1e-05,
    0.00026,
    0.00704,
    0.01798,
    0.03697,
    0.06555,
    0.10467,
    0.14812,
    0.18454,
    0.2096,
    0.20907,
    0.01619,
    0.0
  ],
  "Santa Clara": [
    0.0,
    0.0,
    0.0,
    9e-05,
    0.00104,
    0.00623,
    0.02817,
    0.21448,
    0.24487,
    0.20585,
    0.14801,
    0.08628,
    0.04131,
    0.01758,
    0.00531,
    0.00077,
    1e-05,
    0.0
  ],
  "Famalicao": [
    0.0,
    0.0,
    0.0552,
    0.14265,
    0.31938,
    0.26869,
    0.18887,
    0.02193,
    0.00299,
    0.00028,
    1e-05,
    0.0,
    0.0,
    0.0,
    0.0,
    0.0,
    0.0,
    0.0
  ],
  "Gil Vicente": [
    0.0,
    0.0,
    0.0,
    0.0,
    3e-05,
    0.00031,
    0.00296,
    0.03865,
    0.08639,
    0.1696,
    0.20351,
    0.17192,
    0.13063,
    0.09155,
    0.0633,
    0.03876,
    0.00239,
    0.0
  ],
  "Porto": [
    0.45981,
    0.54014,
    5e-05,
    0.0,
    0.0,
    0.0,
    0.0,
    0.0,
    0.0,
    0.0,
    0.0,
    0.0,
    0.0,
    0.0,
    0.0,
    0.0,
    0.0,
    0.0
  ],
  "Benfica": [
    0.54019,
    0.45981,
    0.0,
    0.0,
    0.0,
    0.0,
    0.0,
    0.0,
    0.0,
    0.0,
    0.0,
    0.0,
    0.0,
    0.0,
    0.0,
    0.0,
    0.0,
    0.0
  ],
  "Pacos Ferreira": [
    0.0,
    0.0,
    0.0,
    0.0,
    0.0,
    0.0,
    4e-05,
    0.00326,
    0.01312,
    0.03042,
    0.064,
    0.11153,
    0.14587,
    0.17511,
    0.19555,
    0.21766,
    0.04341,
    3e-05
  ],
  "Boavista": [
    0.0,
    0.0,
    0.0,
    8e-05,
    0.00112,
    0.00538,
    0.02326,
    0.21566,
    0.25426,
    0.2336,
    0.15809,
    0.07067,
    0.02648,
    0.00954,
    0.00165,
    0.00021,
    0.0,
    0.0
  ],
  "Aves": [
    0.0,
    0.0,
    0.0,
    0.0,
    0.0,
    0.0,
    0.0,
    0.0,
    0.0,
    0.0,
    0.0,
    0.0,
    0.0,
    0.0,
    4e-05,
    0.00022,
    0.03487,
    0.96487
  ],
  "Maritimo": [
    0.0,
    0.0,
    0.0,
    0.0,
    0.0,
    0.0,
    9e-05,
    0.00201,
    0.00935,
    0.02802,
    0.05538,
    0.09515,
    0.14215,
    0.18891,
    0.21335,
    0.21912,
    0.04642,
    5e-05
  ],
  "Sp Lisbon": [
    0.0,
    5e-05,
    0.48397,
    0.35307,
    0.11649,
    0.03632,
    0.00974,
    0.00035,
    1e-05,
    0.0,
    0.0,
    0.0,
    0.0,
    0.0,
    0.0,
    0.0,
    0.0,
    0.0
  ],
  "Sp Braga": [
    0.0,
    0.0,
    0.41718,
    0.3506,
    0.14126,
    0.06545,
    0.02457,
    0.0009,
    3e-05,
    1e-05,
    0.0,
    0.0,
    0.0,
    0.0,
    0.0,
    0.0,
    0.0,
    0.0
  ],
  "Moreirense": [
    0.0,
    0.0,
    0.0,
    0.00032,
    0.00288,
    0.01425,
    0.0636,
    0.37194,
    0.28737,
    0.1444,
    0.06698,
    0.02919,
    0.01184,
    0.00499,
    0.00174,
    0.0005,
    0.0,
    0.0
  ],
  "Setubal": [
    0.0,
    0.0,
    0.0,
    0.0,
    3e-05,
    0.00021,
    0.00141,
    0.01678,
    0.04098,
    0.09742,
    0.15178,
    0.19655,
    0.17241,
    0.13984,
    0.10839,
    0.06955,
    0.00464,
    1e-05
  ],
  "Tondela": [
    0.0,
    0.0,
    0.0,
    0.0,
    0.0,
    1e-05,
    0.0003,
    0.0089,
    0.02163,
    0.04811,
    0.08523,
    0.13219,
    0.17655,
    0.17545,
    0.17124,
    0.16507,
    0.01532,
    0.0
  ],
  "Rio Ave": [
    0.0,
    0.0,
    0.02725,
    0.09001,
    0.22539,
    0.30222,
    0.30103,
    0.04283,
    0.009,
    0.00196,
    0.00029,
    2e-05,
    0.0,
    0.0,
    0.0,
    0.0,
    0.0,
    0.0
  ],
  "Guimaraes": [
    0.0,
    0.0,
    0.01635,
    0.06318,
    0.19238,
    0.30092,
    0.3557,
    0.05527,
    0.01201,
    0.00326,
    0.00076,
    0.00016,
    1e-05,
    0.0,
    0.0,
    0.0,
    0.0,
    0.0
  ]
}