{
  "M'gladbach": [
    0.01933,
    0.02957,
    0.03706,
    0.04433,
    0.05052,
    0.05748,
    0.05863,
    0.06465,
    0.06678,
    0.07082,
    0.07075,
    0.07137,
    0.07078,
    0.07016,
    0.06809,
    0.06342,
    0.05317,
    0.03309
  ],
  "Bayern Munich": [
    0.2713,
    0.17752,
    0.13113,
    0.10038,
    0.07481,
    0.05993,
    0.04564,
    0.03543,
    0.02784,
    0.02228,
    0.01629,
    0.01285,
    0.00899,
    0.00657,
    0.00499,
    0.0026,
    0.00112,
    0.00033
  ],
  "Augsburg": [
    0.00215,
    0.00529,
    0.00912,
    0.01369,
    0.01864,
    0.02403,
    0.02808,
    0.03426,
    0.04049,
    0.04763,
    0.0567,
    0.06428,
    0.07798,
    0.08774,
    0.10311,
    0.11953,
    0.13367,
    0.13361
  ],
  "Hoffenheim": [
    0.01464,
    0.0274,
    0.03625,
    0.04631,
    0.05419,
    0.05896,
    0.06314,
    0.06511,
    0.06923,
    0.07054,
    0.07344,
    0.07344,
    0.07145,
    0.06873,
    0.06644,
    0.06085,
    0.04855,
    0.03133
  ],
  "Bielefeld": [
    0.00101,
    0.00242,
    0.0048,
    0.00745,
    0.01098,
    0.01495,
    0.0203,
    0.025,
    0.03094,
    0.03901,
    0.04814,
    0.05776,
    0.06937,
    0.08441,
    0.10404,
    0.12841,
    0.16646,
    0.18455
  ],
  "Freiburg": [
    0.15432,
    0.14233,
    0.12536,
    0.10654,
    0.09047,
    0.07757,
    0.06518,
    0.05256,
    0.04524,
    0.03677,
    0.0301,
    0.02371,
    0.01789,
    0.01347,
    0.00859,
    0.00553,
    0.00323,
    0.00114
  ],
  "Stuttgart": [
    0.00885,
    0.0164,
    0.02328,
    0.03173,
    0.03921,
    0.04611,
    0.05281,
    0.06004,
    0.06498,
    0.06638,
    0.07152,
    0.07741,
    0.08474,
    0.08399,
    0.084,
    0.0766,
    0.06703,
    0.04492
  ],
  "Greuther Furth": [
    0.00015,
    0.00059,
    0.00122,
    0.00248,
    0.00362,
    0.00534,
    0.00801,
    0.01108,
    0.01574,
    0.01996,
    0.02531,
    0.03694,
    0.04813,
    0.064,
    0.08571,
    0.12436,
    0.18929,
    0.35807
  ],
  "Union Berlin": [
    0.07158,
    0.08325,
    0.08761,
    0.08411,
    0.08269,
    0.08024,
    0.0753,
    0.0691,
    0.06522,
    0.05871,
    0.05123,
    0.0461,
    0.04024,
    0.03427,
    0.02805,
    0.0211,
    0.01443,
    0.00677
  ],
  "Leverkusen": [
    0.09423,
    0.10714,
    0.10582,
    0.10286,
    0.09353,
    0.08221,
    0.07535,
    0.06465,
    0.05572,
    0.05296,
    0.04298,
    0.03666,
    0.02742,
    0.02209,
    0.01642,
    0.01073,
    0.00649,
    0.00274
  ],
  "Wolfsburg": [
    0.0244,
    0.03944,
    0.04914,
    0.05756,
    0.06478,
    0.06837,
    0.07054,
    0.07175,
    0.07728,
    0.07706,
    0.07273,
    0.06911,
    0.06238,
    0.05726,
    0.04965,
    0.0417,
    0.03083,
    0.01602
  ],
  "Bochum": [
    0.01138,
    0.02011,
    0.02789,
    0.03653,
    0.04429,
    0.05074,
    0.05515,
    0.0652,
    0.06863,
    0.07263,
    0.07527,
    0.07659,
    0.07568,
    0.07763,
    0.07457,
    0.06937,
    0.06007,
    0.03827
  ],
  "Dortmund": [
    0.21043,
    0.16837,
    0.13379,
    0.10547,
    0.08322,
    0.0672,
    0.05727,
    0.04485,
    0.03456,
    0.02703,
    0.021,
    0.0163,
    0.01209,
    0.0082,
    0.00553,
    0.00292,
    0.00138,
    0.00039
  ],
  "Ein Frankfurt": [
    0.00585,
    0.01148,
    0.01745,
    0.0232,
    0.02941,
    0.03586,
    0.04349,
    0.0489,
    0.05495,
    0.06165,
    0.06854,
    0.07564,
    0.08256,
    0.08729,
    0.09329,
    0.09584,
    0.09033,
    0.07427
  ],
  "Mainz": [
    0.02529,
    0.03931,
    0.05082,
    0.05794,
    0.06435,
    0.06712,
    0.06954,
    0.07191,
    0.07021,
    0.07015,
    0.06837,
    0.0668,
    0.06394,
    0.06052,
    0.05349,
    0.04582,
    0.03518,
    0.01924
  ],
  "RB Leipzig": [
    0.03536,
    0.05162,
    0.06225,
    0.06799,
    0.07079,
    0.07227,
    0.07102,
    0.06916,
    0.06961,
    0.06667,
    0.06485,
    0.06014,
    0.05917,
    0.05325,
    0.04568,
    0.03844,
    0.02738,
    0.01435
  ],
  "FC Koln": [
    0.02349,
    0.03788,
    0.04768,
    0.05729,
    0.0648,
    0.06817,
    0.07244,
    0.07573,
    0.07216,
    0.07061,
    0.07531,
    0.06893,
    0.06431,
    0.05823,
    0.05207,
    0.04288,
    0.03133,
    0.01669
  ],
  "Hertha": [
    0.02624,
    0.03988,
    0.04933,
    0.05414,
    0.0597,
    0.06345,
    0.06811,
    0.07062,
    0.07042,
    0.06914,
    0.06747,
    0.06597,
    0.06288,
    0.06219,
    0.05628,
    0.0499,
    0.04006,
    0.02422
  ]
}