{
  "Inter": [
    0.59037,
    0.24697,
    0.11615,
    0.0418,
    0.00414,
    0.00051,
    5e-05,
    1e-05,
    0.0,
    0.0,
    0.0,
    0.0,
    0.0,
    0.0,
    0.0,
    0.0,
    0.0,
    0.0,
    0.0,
    0.0
  ],
  "Genoa": [
    0.0,
    0.0,
    0.0,
    0.0,
    0.0,
    0.0,
    0.0,
    0.0,
    0.0,
    3e-05,
    3e-05,
    2e-05,
    0.00024,
    0.00119,
    0.0071,
    0.03798,
    0.18108,
    0.27074,
    0.32693,
    0.17466
  ],
  "Verona": [
    0.0,
    0.0,
    0.0,
    0.00013,
    0.00241,
    0.00806,
    0.01941,
    0.04113,
    0.07436,
    0.10597,
    0.13444,
    0.16103,
    0.17196,
    0.15467,
    0.08999,
    0.03251,
    0.00348,
    0.00041,
    4e-05,
    0.0
  ],
  "Sassuolo": [
    0.0,
    0.0,
    1e-05,
    0.00057,
    0.00714,
    0.01992,
    0.04391,
    0.08111,
    0.12318,
    0.14844,
    0.15603,
    0.14845,
    0.1246,
    0.08965,
    0.04361,
    0.01207,
    0.00122,
    7e-05,
    2e-05,
    0.0
  ],
  "Empoli": [
    0.0,
    2e-05,
    0.00017,
    0.00187,
    0.01899,
    0.04434,
    0.08245,
    0.13304,
    0.17311,
    0.16543,
    0.13785,
    0.10524,
    0.07269,
    0.04373,
    0.01655,
    0.00431,
    0.0002,
    1e-05,
    0.0,
    0.0
  ],
  "Lazio": [
    1e-05,
    0.00019,
    0.00156,
    0.01041,
    0.07241,
    0.12608,
    0.18081,
    0.20821,
    0.15142,
    0.10302,
    0.0678,
    0.04065,
    0.02298,
    0.01055,
    0.00327,
    0.0006,
    3e-05,
    0.0,
    0.0,
    0.0
  ],
  "Torino": [
    0.0,
    0.0,
    1e-05,
    0.00033,
    0.00494,
    0.01642,
    0.03707,
    0.07304,
    0.11739,
    0.14296,
    0.15375,
    0.15162,
    0.13373,
    0.10066,
    0.05085,
    0.01593,
    0.0012,
    0.0001,
    0.0,
    0.0
  ],
  "Atalanta": [
    0.03227,
    0.13165,
    0.25222,
    0.42453,
    0.11041,
    0.03454,
    0.01066,
    0.00288,
    0.00054,
    0.00028,
    2e-05,
    0.0,
    0.0,
    0.0,
    0.0,
    0.0,
    0.0,
    0.0,
    0.0,
    0.0
  ],
  "Bologna": [
    0.0,
    0.0,
    1e-05,
    0.00032,
    0.00524,
    0.01579,
    0.03659,
    0.06891,
    0.1093,
    0.13787,
    0.15436,
    0.15506,
    0.1408,
    0.10484,
    0.05378,
    0.01566,
    0.00137,
    8e-05,
    2e-05,
    0.0
  ],
  "Salernitana": [
    0.0,
    0.0,
    0.0,
    0.0,
    0.0,
    0.0,
    0.0,
    0.0,
    0.0,
    0.0,
    0.0,
    0.0,
    0.0,
    0.00013,
    0.00076,
    0.00611,
    0.03934,
    0.1027,
    0.22189,
    0.62907
  ],
  "Udinese": [
    0.0,
    0.0,
    0.0,
    1e-05,
    0.00064,
    0.00247,
    0.00751,
    0.02114,
    0.04221,
    0.06965,
    0.10112,
    0.13567,
    0.17913,
    0.21442,
    0.14633,
    0.06779,
    0.01033,
    0.00141,
    0.00013,
    4e-05
  ],
  "Juventus": [
    0.00023,
    0.00281,
    0.01628,
    0.08005,
    0.29084,
    0.24412,
    0.17405,
    0.10096,
    0.04879,
    0.02356,
    0.0109,
    0.00501,
    0.00183,
    0.00047,
    9e-05,
    1e-05,
    0.0,
    0.0,
    0.0,
    0.0
  ],
  "Napoli": [
    0.09761,
    0.27359,
    0.35263,
    0.22184,
    0.04094,
    0.01029,
    0.00235,
    0.00064,
    9e-05,
    1e-05,
    0.0,
    1e-05,
    0.0,
    0.0,
    0.0,
    0.0,
    0.0,
    0.0,
    0.0,
    0.0
  ],
  "Venezia": [
    0.0,
    0.0,
    0.0,
    0.0,
    0.0,
    1e-05,
    0.00018,
    0.00068,
    0.00199,
    0.00455,
    0.01108,
    0.02302,
    0.04765,
    0.10254,
    0.23397,
    0.39358,
    0.12982,
    0.04062,
    0.00934,
    0.00097
  ],
  "Roma": [
    8e-05,
    0.00179,
    0.01062,
    0.05304,
    0.22152,
    0.23727,
    0.19719,
    0.12959,
    0.07354,
    0.04024,
    0.0198,
    0.00956,
    0.00421,
    0.00124,
    0.00025,
    5e-05,
    1e-05,
    0.0,
    0.0,
    0.0
  ],
  "Fiorentina": [
    0.00014,
    0.00131,
    0.00932,
    0.04675,
    0.20382,
    0.23719,
    0.20671,
    0.13581,
    0.07613,
    0.04232,
    0.0223,
    0.01117,
    0.00507,
    0.00164,
    0.0003,
    2e-05,
    0.0,
    0.0,
    0.0,
    0.0
  ],
  "Cagliari": [
    0.0,
    0.0,
    0.0,
    0.0,
    0.0,
    0.0,
    0.0,
    0.0,
    0.0,
    1e-05,
    2e-05,
    4e-05,
    0.00038,
    0.00137,
    0.00804,
    0.04106,
    0.18457,
    0.31118,
    0.30023,
    0.1531
  ],
  "Spezia": [
    0.0,
    0.0,
    0.0,
    0.0,
    0.0,
    0.0,
    0.0,
    1e-05,
    2e-05,
    3e-05,
    0.00022,
    0.00064,
    0.00204,
    0.00809,
    0.03532,
    0.12402,
    0.38805,
    0.26001,
    0.13959,
    0.04196
  ],
  "Sampdoria": [
    0.0,
    0.0,
    0.0,
    1e-05,
    1e-05,
    0.00024,
    0.00075,
    0.00278,
    0.00792,
    0.01563,
    0.03028,
    0.05281,
    0.09269,
    0.16481,
    0.30979,
    0.2483,
    0.0593,
    0.01267,
    0.00181,
    0.0002
  ],
  "Milan": [
    0.27929,
    0.34167,
    0.24102,
    0.11834,
    0.01655,
    0.00275,
    0.00031,
    6e-05,
    1e-05,
    0.0,
    0.0,
    0.0,
    0.0,
    0.0,
    0.0,
    0.0,
    0.0,
    0.0,
    0.0,
    0.0
  ]
}