{
  "Valencia": [
    0.0,
    0.00239,
    0.02643,
    0.07654,
    0.12957,
    0.15772,
    0.16038,
    0.14421,
    0.11219,
    0.07704,
    0.05216,
    0.03132,
    0.01722,
    0.00804,
    0.0036,
    0.00096,
    0.0002,
    3e-05,
    0.0,
    0.0
  ],
  "Getafe": [
    0.0,
    0.0,
    0.0,
    0.0,
    0.0,
    0.0,
    1e-05,
    9e-05,
    0.00026,
    0.00088,
    0.00183,
    0.00406,
    0.00991,
    0.02031,
    0.04703,
    0.10329,
    0.19337,
    0.28387,
    0.21568,
    0.11941
  ],
  "Cadiz": [
    0.0,
    0.0,
    0.0,
    0.0,
    0.0,
    0.0,
    0.0,
    0.0,
    0.0,
    6e-05,
    0.00013,
    0.00048,
    0.00117,
    0.00401,
    0.01081,
    0.03153,
    0.0841,
    0.1859,
    0.32717,
    0.35464
  ],
  "Levante": [
    0.0,
    0.0,
    0.0,
    0.0,
    0.0,
    0.0,
    0.0,
    1e-05,
    0.0,
    1e-05,
    6e-05,
    0.00026,
    0.00083,
    0.00258,
    0.00705,
    0.02238,
    0.06157,
    0.14584,
    0.28633,
    0.47308
  ],
  "Mallorca": [
    0.0,
    0.0,
    1e-05,
    0.00039,
    0.00103,
    0.00314,
    0.00707,
    0.01519,
    0.03081,
    0.05152,
    0.07847,
    0.10664,
    0.14414,
    0.16919,
    0.17235,
    0.12482,
    0.06557,
    0.02338,
    0.00559,
    0.00069
  ],
  "Betis": [
    0.00503,
    0.14423,
    0.46221,
    0.2158,
    0.09535,
    0.04248,
    0.02091,
    0.00855,
    0.00372,
    0.0011,
    0.00042,
    0.00016,
    4e-05,
    0.0,
    0.0,
    0.0,
    0.0,
    0.0,
    0.0,
    0.0
  ],
  "Alaves": [
    0.0,
    0.0,
    0.0,
    0.0,
    0.0,
    3e-05,
    0.00011,
    0.00026,
    0.00079,
    0.00247,
    0.00565,
    0.01238,
    0.02515,
    0.04922,
    0.09791,
    0.17588,
    0.2704,
    0.2101,
    0.11131,
    0.03834
  ],
  "Real Madrid": [
    0.91746,
    0.07779,
    0.0045,
    0.00022,
    3e-05,
    0.0,
    0.0,
    0.0,
    0.0,
    0.0,
    0.0,
    0.0,
    0.0,
    0.0,
    0.0,
    0.0,
    0.0,
    0.0,
    0.0,
    0.0
  ],
  "Osasuna": [
    0.0,
    1e-05,
    0.00032,
    0.00204,
    0.0069,
    0.0167,
    0.03285,
    0.05695,
    0.09096,
    0.13152,
    0.15241,
    0.15442,
    0.13889,
    0.10134,
    0.0659,
    0.03349,
    0.01171,
    0.00293,
    0.0006,
    6e-05
  ],
  "Espanol": [
    0.0,
    4e-05,
    0.00085,
    0.00457,
    0.01346,
    0.02872,
    0.05053,
    0.07872,
    0.10513,
    0.13556,
    0.14896,
    0.14013,
    0.11501,
    0.08638,
    0.05572,
    0.02519,
    0.00865,
    0.00195,
    0.00036,
    7e-05
  ],
  "Celta": [
    0.0,
    0.0,
    3e-05,
    0.00026,
    0.00131,
    0.0035,
    0.00867,
    0.02036,
    0.03894,
    0.06607,
    0.11223,
    0.1481,
    0.17028,
    0.16371,
    0.1332,
    0.08208,
    0.03643,
    0.01182,
    0.00251,
    0.0005
  ],
  "Ath Madrid": [
    0.00086,
    0.04162,
    0.19547,
    0.28311,
    0.193,
    0.12334,
    0.07649,
    0.04563,
    0.02302,
    0.01121,
    0.00409,
    0.00152,
    0.00044,
    0.00019,
    1e-05,
    0.0,
    0.0,
    0.0,
    0.0,
    0.0
  ],
  "Barcelona": [
    0.0,
    0.00272,
    0.02605,
    0.07043,
    0.11821,
    0.15436,
    0.16175,
    0.14855,
    0.13045,
    0.08568,
    0.05056,
    0.02693,
    0.01378,
    0.00683,
    0.0026,
    0.00091,
    0.00016,
    3e-05,
    0.0,
    0.0
  ],
  "Sociedad": [
    0.0,
    0.00124,
    0.01797,
    0.05903,
    0.11189,
    0.15274,
    0.16704,
    0.16179,
    0.1356,
    0.09131,
    0.05304,
    0.0281,
    0.01288,
    0.00525,
    0.00158,
    0.00046,
    8e-05,
    0.0,
    0.0,
    0.0
  ],
  "Sevilla": [
    0.07658,
    0.71399,
    0.15523,
    0.03946,
    0.01031,
    0.00304,
    0.00091,
    0.00034,
    0.00013,
    1e-05,
    0.0,
    0.0,
    0.0,
    0.0,
    0.0,
    0.0,
    0.0,
    0.0,
    0.0,
    0.0
  ],
  "Vallecano": [
    7e-05,
    0.01509,
    0.09889,
    0.204,
    0.22473,
    0.16651,
    0.11898,
    0.07737,
    0.04792,
    0.02604,
    0.0128,
    0.00481,
    0.00201,
    0.00055,
    0.00017,
    5e-05,
    1e-05,
    0.0,
    0.0,
    0.0
  ],
  "Villarreal": [
    0.0,
    0.00084,
    0.01127,
    0.03992,
    0.08183,
    0.11942,
    0.14207,
    0.1495,
    0.14395,
    0.1241,
    0.08356,
    0.05116,
    0.02839,
    0.01511,
    0.0061,
    0.00225,
    0.00043,
    0.0001,
    0.0,
    0.0
  ],
  "Granada": [
    0.0,
    0.0,
    5e-05,
    0.00023,
    0.00086,
    0.00267,
    0.0055,
    0.01155,
    0.02166,
    0.03889,
    0.06695,
    0.10273,
    0.13303,
    0.16452,
    0.1713,
    0.14389,
    0.08721,
    0.03556,
    0.01113,
    0.00227
  ],
  "Elche": [
    0.0,
    0.0,
    0.0,
    2e-05,
    5e-05,
    0.00026,
    0.00065,
    0.00217,
    0.00508,
    0.01125,
    0.02424,
    0.04528,
    0.07419,
    0.11675,
    0.17223,
    0.22883,
    0.17218,
    0.0969,
    0.03899,
    0.01093
  ],
  "Ath Bilbao": [
    0.0,
    4e-05,
    0.00072,
    0.00398,
    0.01147,
    0.02537,
    0.04608,
    0.07876,
    0.10939,
    0.14528,
    0.15244,
    0.14152,
    0.11264,
    0.08602,
    0.05244,
    0.02399,
    0.00793,
    0.00159,
    0.00033,
    1e-05
  ]
}