{
  "Osasuna": [
    0.00143,
    0.00771,
    0.03536,
    0.08488,
    0.14838,
    0.1778,
    0.17441,
    0.14722,
    0.10968,
    0.06812,
    0.02886,
    0.01119,
    0.0037,
    0.00084,
    0.00033,
    8e-05,
    1e-05,
    0.0,
    0.0,
    0.0
  ],
  "Sevilla": [
    0.0,
    0.0,
    0.0,
    3e-05,
    0.00011,
    0.00032,
    0.00094,
    0.00275,
    0.00752,
    0.02159,
    0.05375,
    0.09629,
    0.14456,
    0.17828,
    0.17083,
    0.14455,
    0.10661,
    0.06917,
    0.00265,
    5e-05
  ],
  "Celta": [
    0.0,
    0.0,
    2e-05,
    0.00039,
    0.00138,
    0.00453,
    0.01144,
    0.0237,
    0.04847,
    0.09728,
    0.17819,
    0.20663,
    0.16896,
    0.11422,
    0.07436,
    0.04212,
    0.02066,
    0.0075,
    0.00015,
    0.0
  ],
  "Espanol": [
    0.0,
    0.0,
    1e-05,
    0.00011,
    0.00058,
    0.00191,
    0.00517,
    0.01277,
    0.03014,
    0.06648,
    0.1329,
    0.18742,
    0.19927,
    0.15229,
    0.09984,
    0.0617,
    0.03426,
    0.01477,
    0.00037,
    1e-05
  ],
  "Valladolid": [
    0.0,
    0.0,
    0.0,
    0.0,
    0.0,
    0.0,
    3e-05,
    0.00014,
    0.00054,
    0.00187,
    0.00674,
    0.01811,
    0.04103,
    0.08101,
    0.12272,
    0.1782,
    0.25773,
    0.27064,
    0.02016,
    0.00108
  ],
  "Villarreal": [
    0.0265,
    0.08951,
    0.22197,
    0.28708,
    0.17473,
    0.10058,
    0.05439,
    0.02726,
    0.01196,
    0.00462,
    0.00111,
    0.00024,
    5e-05,
    0.0,
    0.0,
    0.0,
    0.0,
    0.0,
    0.0,
    0.0
  ],
  "Barcelona": [
    0.35925,
    0.38633,
    0.1643,
    0.06249,
    0.01871,
    0.00617,
    0.00183,
    0.00067,
    0.00019,
    6e-05,
    0.0,
    0.0,
    0.0,
    0.0,
    0.0,
    0.0,
    0.0,
    0.0,
    0.0,
    0.0
  ],
  "Vallecano": [
    0.00019,
    0.00167,
    0.01015,
    0.03119,
    0.06789,
    0.10925,
    0.14742,
    0.17695,
    0.18022,
    0.14355,
    0.07531,
    0.03489,
    0.0142,
    0.00489,
    0.0017,
    0.0004,
    0.00012,
    1e-05,
    0.0,
    0.0
  ],
  "Cadiz": [
    0.0,
    0.0,
    0.0,
    0.0,
    0.0,
    0.0,
    0.0,
    0.0,
    0.0,
    0.0,
    0.0,
    0.0,
    0.0,
    1e-05,
    0.0,
    4e-05,
    0.00083,
    0.00897,
    0.26696,
    0.72319
  ],
  "Sociedad": [
    0.0,
    0.0,
    0.0,
    0.0,
    0.0,
    5e-05,
    0.00024,
    0.0007,
    0.00183,
    0.00765,
    0.02275,
    0.04938,
    0.08953,
    0.14023,
    0.18097,
    0.21113,
    0.17602,
    0.11304,
    0.0063,
    0.00018
  ],
  "Valencia": [
    9e-05,
    0.00099,
    0.00591,
    0.01833,
    0.04424,
    0.07938,
    0.11884,
    0.16041,
    0.18525,
    0.18343,
    0.1109,
    0.05413,
    0.0241,
    0.00943,
    0.00329,
    0.00102,
    0.00021,
    5e-05,
    0.0,
    0.0
  ],
  "Girona": [
    0.0,
    1e-05,
    0.00011,
    0.0007,
    0.00244,
    0.0072,
    0.01645,
    0.03453,
    0.06722,
    0.12787,
    0.21839,
    0.19968,
    0.14817,
    0.09083,
    0.04999,
    0.02369,
    0.01008,
    0.00261,
    3e-05,
    0.0
  ],
  "Almeria": [
    0.0,
    0.0,
    0.0,
    0.0,
    2e-05,
    7e-05,
    0.00026,
    0.00099,
    0.00314,
    0.01006,
    0.03011,
    0.06359,
    0.10791,
    0.15646,
    0.19282,
    0.18461,
    0.15182,
    0.0945,
    0.00355,
    9e-05
  ],
  "Real Madrid": [
    0.53977,
    0.30507,
    0.10446,
    0.03601,
    0.01047,
    0.00296,
    0.00085,
    0.00037,
    4e-05,
    0.0,
    0.0,
    0.0,
    0.0,
    0.0,
    0.0,
    0.0,
    0.0,
    0.0,
    0.0,
    0.0
  ],
  "Ath Bilbao": [
    0.00204,
    0.01131,
    0.04685,
    0.10122,
    0.16643,
    0.18731,
    0.16998,
    0.13637,
    0.09506,
    0.05291,
    0.02031,
    0.00707,
    0.00224,
    0.00068,
    0.00016,
    5e-05,
    1e-05,
    0.0,
    0.0,
    0.0
  ],
  "Mallorca": [
    9e-05,
    0.0008,
    0.00571,
    0.01962,
    0.0482,
    0.08169,
    0.1234,
    0.16046,
    0.18864,
    0.17769,
    0.10287,
    0.05265,
    0.02349,
    0.00949,
    0.0036,
    0.00117,
    0.00037,
    6e-05,
    0.0,
    0.0
  ],
  "Getafe": [
    0.0,
    0.0,
    0.0,
    0.0,
    0.0,
    1e-05,
    0.0,
    7e-05,
    0.00026,
    0.00132,
    0.00539,
    0.01451,
    0.03166,
    0.06082,
    0.09886,
    0.14902,
    0.23287,
    0.37228,
    0.03078,
    0.00215
  ],
  "Ath Madrid": [
    0.0042,
    0.02041,
    0.07128,
    0.14209,
    0.20682,
    0.18702,
    0.14846,
    0.10284,
    0.06506,
    0.03398,
    0.01217,
    0.00416,
    0.00111,
    0.00035,
    4e-05,
    1e-05,
    0.0,
    0.0,
    0.0,
    0.0
  ],
  "Betis": [
    0.06644,
    0.17619,
    0.33387,
    0.21586,
    0.1096,
    0.05375,
    0.02589,
    0.0118,
    0.00478,
    0.00152,
    0.00025,
    4e-05,
    1e-05,
    0.0,
    0.0,
    0.0,
    0.0,
    0.0,
    0.0,
    0.0
  ],
  "Elche": [
    0.0,
    0.0,
    0.0,
    0.0,
    0.0,
    0.0,
    0.0,
    0.0,
    0.0,
    0.0,
    0.0,
    2e-05,
    1e-05,
    0.00017,
    0.00049,
    0.00221,
    0.0084,
    0.0464,
    0.66905,
    0.27325
  ]
}