{
  "Le Havre": [
    0.0,
    0.0,
    0.0,
    0.0,
    0.0,
    0.0,
    2e-05,
    3e-05,
    0.00011,
    0.00049,
    0.00156,
    0.00351,
    0.00775,
    0.01762,
    0.04297,
    0.11843,
    0.30104,
    0.50647
  ],
  "Paris SG": [
    0.97747,
    0.021,
    0.00137,
    0.00013,
    3e-05,
    0.0,
    0.0,
    0.0,
    0.0,
    0.0,
    0.0,
    0.0,
    0.0,
    0.0,
    0.0,
    0.0,
    0.0,
    0.0
  ],
  "Brest": [
    0.0,
    0.00062,
    0.00367,
    0.01093,
    0.02459,
    0.05281,
    0.09975,
    0.16451,
    0.19614,
    0.16676,
    0.11263,
    0.07392,
    0.04795,
    0.02842,
    0.01265,
    0.00413,
    0.00045,
    7e-05
  ],
  "Marseille": [
    0.01939,
    0.6367,
    0.19604,
    0.08487,
    0.03926,
    0.01624,
    0.0057,
    0.00144,
    0.0003,
    5e-05,
    0.0,
    1e-05,
    0.0,
    0.0,
    0.0,
    0.0,
    0.0,
    0.0
  ],
  "Reims": [
    0.0,
    0.0,
    5e-05,
    0.00028,
    0.00117,
    0.00412,
    0.01105,
    0.02959,
    0.05927,
    0.09815,
    0.13423,
    0.15668,
    0.14623,
    0.14226,
    0.12424,
    0.06861,
    0.02074,
    0.00333
  ],
  "Lille": [
    0.00083,
    0.08621,
    0.19272,
    0.2177,
    0.1958,
    0.14454,
    0.09154,
    0.04328,
    0.01811,
    0.00643,
    0.00217,
    0.00054,
    0.00012,
    1e-05,
    0.0,
    0.0,
    0.0,
    0.0
  ],
  "Monaco": [
    0.00116,
    0.10011,
    0.20758,
    0.2083,
    0.18921,
    0.14123,
    0.08832,
    0.04033,
    0.01574,
    0.00584,
    0.0015,
    0.00051,
    0.00012,
    4e-05,
    1e-05,
    0.0,
    0.0,
    0.0
  ],
  "St Etienne": [
    0.0,
    0.0,
    0.0,
    0.0,
    2e-05,
    4e-05,
    0.00033,
    0.00136,
    0.00389,
    0.00868,
    0.01763,
    0.0363,
    0.06663,
    0.10649,
    0.17947,
    0.30965,
    0.18758,
    0.08193
  ],
  "Auxerre": [
    0.0,
    1e-05,
    8e-05,
    0.00044,
    0.00136,
    0.00496,
    0.01487,
    0.03784,
    0.06976,
    0.11319,
    0.14469,
    0.15607,
    0.15326,
    0.14136,
    0.09912,
    0.04548,
    0.01418,
    0.00333
  ],
  "Nice": [
    0.00103,
    0.11342,
    0.24855,
    0.22425,
    0.17421,
    0.1182,
    0.07013,
    0.03203,
    0.01189,
    0.00437,
    0.0014,
    0.00043,
    5e-05,
    3e-05,
    1e-05,
    0.0,
    0.0,
    0.0
  ],
  "Angers": [
    0.0,
    0.0,
    3e-05,
    0.00031,
    0.00122,
    0.00398,
    0.01155,
    0.02904,
    0.06117,
    0.10058,
    0.13949,
    0.15033,
    0.15357,
    0.14242,
    0.11657,
    0.06914,
    0.01765,
    0.00295
  ],
  "Lens": [
    0.00011,
    0.02735,
    0.08597,
    0.13091,
    0.17072,
    0.1994,
    0.17212,
    0.1109,
    0.05918,
    0.02707,
    0.00984,
    0.00421,
    0.00162,
    0.00046,
    0.00012,
    2e-05,
    0.0,
    0.0
  ],
  "Montpellier": [
    0.0,
    0.0,
    0.0,
    0.0,
    0.0,
    0.0,
    0.0,
    6e-05,
    0.00018,
    0.00091,
    0.00219,
    0.00502,
    0.01115,
    0.02505,
    0.05499,
    0.14417,
    0.37432,
    0.38196
  ],
  "Strasbourg": [
    0.0,
    0.00154,
    0.00921,
    0.02328,
    0.04908,
    0.09105,
    0.1486,
    0.20066,
    0.17786,
    0.12442,
    0.07642,
    0.04695,
    0.02732,
    0.01476,
    0.00676,
    0.00187,
    0.0002,
    2e-05
  ],
  "Toulouse": [
    0.0,
    0.00021,
    0.00115,
    0.00444,
    0.012,
    0.02927,
    0.06331,
    0.12196,
    0.16078,
    0.16362,
    0.1361,
    0.10799,
    0.08388,
    0.05976,
    0.03689,
    0.01563,
    0.00276,
    0.00025
  ],
  "Nantes": [
    0.0,
    0.0,
    6e-05,
    0.00025,
    0.00105,
    0.00345,
    0.0098,
    0.02798,
    0.05506,
    0.08333,
    0.10734,
    0.12526,
    0.14344,
    0.15522,
    0.15428,
    0.09401,
    0.03238,
    0.00709
  ],
  "Rennes": [
    0.0,
    0.0,
    1e-05,
    9e-05,
    0.0003,
    0.00109,
    0.00433,
    0.01349,
    0.03033,
    0.05481,
    0.09357,
    0.12327,
    0.15261,
    0.16449,
    0.17154,
    0.12879,
    0.04868,
    0.0126
  ],
  "Lyon": [
    1e-05,
    0.01283,
    0.05351,
    0.09382,
    0.13998,
    0.18962,
    0.20858,
    0.1455,
    0.08023,
    0.0413,
    0.01924,
    0.009,
    0.0043,
    0.00161,
    0.00038,
    7e-05,
    2e-05,
    0.0
  ]
}