{
  "Werder Bremen": [
    0.0,
    2e-05,
    0.0006,
    0.00583,
    0.02669,
    0.11358,
    0.16433,
    0.16568,
    0.14955,
    0.11712,
    0.08867,
    0.06694,
    0.04963,
    0.03071,
    0.01592,
    0.00395,
    0.00069,
    9e-05
  ],
  "Bayern Munich": [
    0.10166,
    0.57444,
    0.24681,
    0.06391,
    0.01227,
    0.00089,
    2e-05,
    0.0,
    0.0,
    0.0,
    0.0,
    0.0,
    0.0,
    0.0,
    0.0,
    0.0,
    0.0,
    0.0
  ],
  "Augsburg": [
    0.0,
    0.0,
    0.0,
    0.00014,
    0.00176,
    0.01432,
    0.03195,
    0.04732,
    0.05863,
    0.07239,
    0.08831,
    0.11117,
    0.13365,
    0.15379,
    0.15644,
    0.09095,
    0.03257,
    0.00661
  ],
  "M'gladbach": [
    0.0,
    0.0,
    0.0,
    5e-05,
    0.00105,
    0.00807,
    0.02159,
    0.03274,
    0.04504,
    0.06097,
    0.07871,
    0.10403,
    0.12938,
    0.15913,
    0.1807,
    0.11797,
    0.05052,
    0.01005
  ],
  "Hoffenheim": [
    0.0,
    0.0,
    0.00014,
    0.00251,
    0.01467,
    0.06586,
    0.1075,
    0.12345,
    0.12404,
    0.12503,
    0.1195,
    0.10761,
    0.08621,
    0.06562,
    0.04015,
    0.01403,
    0.00336,
    0.00032
  ],
  "Freiburg": [
    0.0,
    1e-05,
    0.00044,
    0.00573,
    0.03112,
    0.11733,
    0.17569,
    0.16092,
    0.13779,
    0.11123,
    0.0902,
    0.06615,
    0.04847,
    0.03245,
    0.01629,
    0.00516,
    0.00094,
    8e-05
  ],
  "Leverkusen": [
    0.86919,
    0.11554,
    0.01445,
    0.00081,
    1e-05,
    0.0,
    0.0,
    0.0,
    0.0,
    0.0,
    0.0,
    0.0,
    0.0,
    0.0,
    0.0,
    0.0,
    0.0,
    0.0
  ],
  "RB Leipzig": [
    0.00059,
    0.02429,
    0.10667,
    0.31335,
    0.37969,
    0.12,
    0.03688,
    0.01246,
    0.00432,
    0.00135,
    0.00028,
    0.0001,
    2e-05,
    0.0,
    0.0,
    0.0,
    0.0,
    0.0
  ],
  "Stuttgart": [
    0.02654,
    0.24769,
    0.46488,
    0.18838,
    0.06371,
    0.00762,
    0.00106,
    0.00011,
    1e-05,
    0.0,
    0.0,
    0.0,
    0.0,
    0.0,
    0.0,
    0.0,
    0.0,
    0.0
  ],
  "Bochum": [
    0.0,
    0.0,
    3e-05,
    0.00064,
    0.00472,
    0.03118,
    0.06016,
    0.08194,
    0.10003,
    0.12081,
    0.1284,
    0.12839,
    0.11982,
    0.10269,
    0.07475,
    0.03429,
    0.01042,
    0.00173
  ],
  "Wolfsburg": [
    0.0,
    0.0,
    3e-05,
    0.00028,
    0.00277,
    0.01985,
    0.0398,
    0.06074,
    0.08691,
    0.10465,
    0.12215,
    0.13223,
    0.13538,
    0.12491,
    0.10168,
    0.04931,
    0.01636,
    0.00295
  ],
  "Heidenheim": [
    0.0,
    0.0,
    0.00018,
    0.00157,
    0.01351,
    0.06248,
    0.10145,
    0.12991,
    0.13619,
    0.13289,
    0.12034,
    0.10277,
    0.08322,
    0.06097,
    0.03693,
    0.01405,
    0.00324,
    0.0003
  ],
  "Dortmund": [
    0.00202,
    0.03705,
    0.15807,
    0.37202,
    0.31208,
    0.0851,
    0.02452,
    0.00651,
    0.00204,
    0.00038,
    0.00016,
    5e-05,
    0.0,
    0.0,
    0.0,
    0.0,
    0.0,
    0.0
  ],
  "FC Koln": [
    0.0,
    0.0,
    0.0,
    0.0,
    0.0,
    5e-05,
    0.00056,
    0.00153,
    0.00368,
    0.00743,
    0.01355,
    0.02399,
    0.04142,
    0.07399,
    0.13409,
    0.27303,
    0.27208,
    0.1546
  ],
  "Union Berlin": [
    0.0,
    0.0,
    0.0,
    0.00031,
    0.00291,
    0.0205,
    0.04447,
    0.06209,
    0.07765,
    0.09529,
    0.11195,
    0.12432,
    0.13428,
    0.13318,
    0.11278,
    0.05883,
    0.01875,
    0.00269
  ],
  "Mainz": [
    0.0,
    0.0,
    0.0,
    0.0,
    0.0,
    1e-05,
    0.00031,
    0.0008,
    0.00175,
    0.00372,
    0.00727,
    0.0126,
    0.02374,
    0.04459,
    0.09337,
    0.23062,
    0.34914,
    0.23208
  ],
  "Ein Frankfurt": [
    0.0,
    0.00096,
    0.0077,
    0.04447,
    0.13304,
    0.33316,
    0.18968,
    0.11373,
    0.07219,
    0.04615,
    0.02906,
    0.01683,
    0.00854,
    0.00329,
    0.00108,
    0.00012,
    0.0,
    0.0
  ],
  "Darmstadt": [
    0.0,
    0.0,
    0.0,
    0.0,
    0.0,
    0.0,
    3e-05,
    7e-05,
    0.00018,
    0.00059,
    0.00145,
    0.00282,
    0.00624,
    0.01468,
    0.03582,
    0.10769,
    0.24193,
    0.5885
  ]
}