{
  "Le Havre": [
    1e-05,
    2e-05,
    0.00077,
    0.00273,
    0.00688,
    0.01293,
    0.02195,
    0.03498,
    0.05019,
    0.06883,
    0.0929,
    0.12053,
    0.14908,
    0.15624,
    0.12542,
    0.0838,
    0.05211,
    0.02063
  ],
  "Paris SG": [
    0.48434,
    0.43353,
    0.0608,
    0.0146,
    0.00448,
    0.00158,
    0.00044,
    0.00016,
    5e-05,
    0.0,
    0.0,
    2e-05,
    0.0,
    0.0,
    0.0,
    0.0,
    0.0,
    0.0
  ],
  "Brest": [
    8e-05,
    0.00097,
    0.01475,
    0.03182,
    0.05203,
    0.0715,
    0.08921,
    0.10668,
    0.11699,
    0.11768,
    0.11292,
    0.1014,
    0.08138,
    0.05326,
    0.02925,
    0.01327,
    0.00559,
    0.00122
  ],
  "Marseille": [
    0.49578,
    0.42923,
    0.05625,
    0.01322,
    0.00376,
    0.00121,
    0.00037,
    0.00011,
    6e-05,
    1e-05,
    0.0,
    0.0,
    0.0,
    0.0,
    0.0,
    0.0,
    0.0,
    0.0
  ],
  "Reims": [
    0.00571,
    0.03901,
    0.23048,
    0.20583,
    0.16272,
    0.12198,
    0.0853,
    0.05765,
    0.03702,
    0.02407,
    0.0145,
    0.00894,
    0.00396,
    0.0018,
    0.00079,
    0.00014,
    0.0001,
    0.0
  ],
  "Lille": [
    5e-05,
    0.00122,
    0.01637,
    0.03439,
    0.05533,
    0.07808,
    0.09975,
    0.1126,
    0.11932,
    0.11931,
    0.11121,
    0.0935,
    0.06954,
    0.05044,
    0.02548,
    0.00948,
    0.00334,
    0.00059
  ],
  "Monaco": [
    0.00864,
    0.04859,
    0.255,
    0.20953,
    0.1572,
    0.11247,
    0.07738,
    0.05163,
    0.03362,
    0.02097,
    0.01295,
    0.00696,
    0.00327,
    0.0013,
    0.00041,
    6e-05,
    1e-05,
    1e-05
  ],
  "St Etienne": [
    0.0,
    0.0,
    0.0,
    0.0,
    0.0,
    0.0,
    0.0,
    0.0001,
    0.00035,
    0.00086,
    0.00203,
    0.00465,
    0.01205,
    0.03105,
    0.07433,
    0.15026,
    0.25091,
    0.47341
  ],
  "Auxerre": [
    0.0,
    1e-05,
    2e-05,
    5e-05,
    0.00014,
    0.00038,
    0.00095,
    0.00204,
    0.00442,
    0.00858,
    0.01602,
    0.02813,
    0.05169,
    0.08593,
    0.14249,
    0.2038,
    0.2472,
    0.20815
  ],
  "Nice": [
    0.00308,
    0.02475,
    0.16925,
    0.17987,
    0.16283,
    0.13331,
    0.10266,
    0.07584,
    0.05433,
    0.03838,
    0.0246,
    0.01663,
    0.00882,
    0.00405,
    0.00123,
    0.0003,
    7e-05,
    0.0
  ],
  "Angers": [
    0.0,
    0.0,
    5e-05,
    0.0002,
    0.00049,
    0.00163,
    0.00284,
    0.00648,
    0.01169,
    0.02048,
    0.03351,
    0.05562,
    0.09015,
    0.14272,
    0.20669,
    0.18759,
    0.14624,
    0.09362
  ],
  "Lens": [
    0.00176,
    0.01582,
    0.11641,
    0.15124,
    0.15623,
    0.14356,
    0.11996,
    0.09303,
    0.06809,
    0.05119,
    0.03563,
    0.02347,
    0.01364,
    0.00631,
    0.00284,
    0.00066,
    0.00014,
    2e-05
  ],
  "Montpellier": [
    0.0,
    0.0,
    1e-05,
    2e-05,
    0.00013,
    0.00033,
    0.00089,
    0.00191,
    0.0039,
    0.00717,
    0.01513,
    0.0275,
    0.05246,
    0.09516,
    0.15564,
    0.22354,
    0.23435,
    0.18186
  ],
  "Strasbourg": [
    1e-05,
    0.00016,
    0.00367,
    0.01002,
    0.01885,
    0.031,
    0.04778,
    0.06518,
    0.08412,
    0.1047,
    0.12193,
    0.13176,
    0.1317,
    0.10974,
    0.07288,
    0.04188,
    0.01869,
    0.00593
  ],
  "Toulouse": [
    8e-05,
    0.00058,
    0.01124,
    0.02529,
    0.04324,
    0.06063,
    0.08227,
    0.10117,
    0.11209,
    0.11789,
    0.11648,
    0.10558,
    0.0867,
    0.06646,
    0.0397,
    0.02055,
    0.00804,
    0.00201
  ],
  "Nantes": [
    8e-05,
    0.00116,
    0.01717,
    0.03732,
    0.05848,
    0.08123,
    0.10023,
    0.11216,
    0.1187,
    0.11517,
    0.10305,
    0.08922,
    0.06934,
    0.05055,
    0.02874,
    0.0119,
    0.00456,
    0.00094
  ],
  "Rennes": [
    0.00038,
    0.0048,
    0.04589,
    0.07737,
    0.10301,
    0.12361,
    0.129,
    0.12172,
    0.10801,
    0.08816,
    0.07209,
    0.05417,
    0.03696,
    0.02134,
    0.00921,
    0.00316,
    0.00091,
    0.00021
  ],
  "Lyon": [
    0.0,
    0.00015,
    0.00187,
    0.0065,
    0.0142,
    0.02457,
    0.03902,
    0.05656,
    0.07705,
    0.09655,
    0.11505,
    0.13192,
    0.13926,
    0.12365,
    0.0849,
    0.04961,
    0.02774,
    0.0114
  ]
}