{
  "Heerenveen": [
    0.0,
    0.0,
    0.0,
    2e-05,
    0.00203,
    0.01598,
    0.06274,
    0.15397,
    0.23808,
    0.22075,
    0.17361,
    0.09391,
    0.03002,
    0.00745,
    0.00126,
    0.00017,
    1e-05,
    0.0
  ],
  "Sparta Rotterdam": [
    0.0,
    0.00031,
    0.00401,
    0.03408,
    0.30634,
    0.42272,
    0.17164,
    0.04809,
    0.01002,
    0.00232,
    0.00045,
    2e-05,
    0.0,
    0.0,
    0.0,
    0.0,
    0.0,
    0.0
  ],
  "For Sittard": [
    0.0,
    0.0,
    0.0,
    0.0,
    0.00013,
    0.0016,
    0.01357,
    0.05123,
    0.1238,
    0.20975,
    0.27283,
    0.19848,
    0.08685,
    0.03205,
    0.00802,
    0.00154,
    0.00013,
    2e-05
  ],
  "Ajax": [
    0.23242,
    0.42991,
    0.23208,
    0.0971,
    0.00798,
    0.0005,
    1e-05,
    0.0,
    0.0,
    0.0,
    0.0,
    0.0,
    0.0,
    0.0,
    0.0,
    0.0,
    0.0,
    0.0
  ],
  "Cambuur": [
    0.0,
    0.0,
    0.0,
    0.0,
    0.0,
    0.0,
    0.0,
    1e-05,
    0.0,
    0.00013,
    0.00089,
    0.00508,
    0.02338,
    0.05331,
    0.10757,
    0.17434,
    0.25102,
    0.38427
  ],
  "Excelsior": [
    0.0,
    0.0,
    0.0,
    0.0,
    0.0,
    0.0,
    0.0,
    3e-05,
    0.00027,
    0.0016,
    0.00803,
    0.02776,
    0.08462,
    0.1542,
    0.24207,
    0.22527,
    0.16546,
    0.09069
  ],
  "PSV Eindhoven": [
    0.06139,
    0.22423,
    0.4002,
    0.27979,
    0.03085,
    0.00342,
    0.00011,
    1e-05,
    0.0,
    0.0,
    0.0,
    0.0,
    0.0,
    0.0,
    0.0,
    0.0,
    0.0,
    0.0
  ],
  "FC Emmen": [
    0.0,
    0.0,
    0.0,
    0.0,
    0.0,
    0.0,
    0.0,
    1e-05,
    6e-05,
    0.00038,
    0.00145,
    0.00843,
    0.03648,
    0.08587,
    0.17936,
    0.23318,
    0.23955,
    0.21523
  ],
  "Waalwijk": [
    0.0,
    0.0,
    0.0,
    0.00016,
    0.00851,
    0.04727,
    0.15935,
    0.28168,
    0.2242,
    0.14169,
    0.08671,
    0.03757,
    0.00997,
    0.00263,
    0.00025,
    1e-05,
    0.0,
    0.0
  ],
  "Utrecht": [
    0.0,
    0.0,
    0.00011,
    0.00277,
    0.0618,
    0.18806,
    0.39834,
    0.2134,
    0.08762,
    0.03784,
    0.00873,
    0.0013,
    3e-05,
    0.0,
    0.0,
    0.0,
    0.0,
    0.0
  ],
  "Groningen": [
    0.0,
    0.0,
    0.0,
    0.0,
    0.0,
    0.0,
    0.0,
    0.0,
    2e-05,
    0.00034,
    0.00156,
    0.00769,
    0.02746,
    0.06367,
    0.1321,
    0.20512,
    0.27347,
    0.28857
  ],
  "Volendam": [
    0.0,
    0.0,
    0.0,
    0.0,
    0.0,
    1e-05,
    0.00015,
    0.00105,
    0.00346,
    0.01446,
    0.04673,
    0.11792,
    0.23226,
    0.26867,
    0.16992,
    0.09073,
    0.04151,
    0.01313
  ],
  "Nijmegen": [
    0.0,
    0.0,
    0.0,
    2e-05,
    0.00237,
    0.01862,
    0.09441,
    0.19313,
    0.22695,
    0.23352,
    0.14886,
    0.05911,
    0.01784,
    0.0044,
    0.00068,
    8e-05,
    1e-05,
    0.0
  ],
  "Twente": [
    5e-05,
    0.0017,
    0.01344,
    0.08312,
    0.49661,
    0.28865,
    0.09052,
    0.02089,
    0.00407,
    0.00084,
    0.00011,
    0.0,
    0.0,
    0.0,
    0.0,
    0.0,
    0.0,
    0.0
  ],
  "Vitesse": [
    0.0,
    0.0,
    0.0,
    0.0,
    0.0,
    4e-05,
    0.00037,
    0.00312,
    0.01076,
    0.02442,
    0.06601,
    0.16572,
    0.27432,
    0.23291,
    0.12741,
    0.06024,
    0.02686,
    0.00782
  ],
  "Feyenoord": [
    0.67928,
    0.22811,
    0.07528,
    0.01686,
    0.00045,
    2e-05,
    0.0,
    0.0,
    0.0,
    0.0,
    0.0,
    0.0,
    0.0,
    0.0,
    0.0,
    0.0,
    0.0,
    0.0
  ],
  "AZ Alkmaar": [
    0.02686,
    0.11574,
    0.27488,
    0.48608,
    0.08291,
    0.01242,
    0.00107,
    4e-05,
    0.0,
    0.0,
    0.0,
    0.0,
    0.0,
    0.0,
    0.0,
    0.0,
    0.0,
    0.0
  ],
  "Go Ahead Eagles": [
    0.0,
    0.0,
    0.0,
    0.0,
    2e-05,
    0.00069,
    0.00772,
    0.03334,
    0.07069,
    0.11196,
    0.18403,
    0.27701,
    0.17677,
    0.09484,
    0.03136,
    0.00932,
    0.00198,
    0.00027
  ]
}