{
  "Brentford": [
    0.0,
    0.0,
    0.0,
    0.0,
    0.0,
    0.0,
    0.0,
    0.00052,
    0.03221,
    0.09414,
    0.11225,
    0.13451,
    0.16476,
    0.17268,
    0.17458,
    0.09267,
    0.01963,
    0.00205,
    0.0,
    0.0
  ],
  "Arsenal": [
    0.0,
    0.0,
    0.06916,
    0.61685,
    0.28988,
    0.02222,
    0.00185,
    4e-05,
    0.0,
    0.0,
    0.0,
    0.0,
    0.0,
    0.0,
    0.0,
    0.0,
    0.0,
    0.0,
    0.0,
    0.0
  ],
  "Man United": [
    0.0,
    0.0,
    6e-05,
    0.00588,
    0.08544,
    0.52411,
    0.29531,
    0.08636,
    0.00281,
    2e-05,
    1e-05,
    0.0,
    0.0,
    0.0,
    0.0,
    0.0,
    0.0,
    0.0,
    0.0,
    0.0
  ],
  "Leeds": [
    0.0,
    0.0,
    0.0,
    0.0,
    0.0,
    0.0,
    0.0,
    5e-05,
    0.00324,
    0.01112,
    0.02477,
    0.03752,
    0.05167,
    0.08413,
    0.14633,
    0.32463,
    0.21475,
    0.10098,
    0.00081,
    0.0
  ],
  "Burnley": [
    0.0,
    0.0,
    0.0,
    0.0,
    0.0,
    0.0,
    0.0,
    0.0,
    2e-05,
    0.00017,
    0.00085,
    0.00286,
    0.00621,
    0.01823,
    0.04423,
    0.15551,
    0.35592,
    0.39862,
    0.01679,
    0.00059
  ],
  "Brighton": [
    0.0,
    0.0,
    0.0,
    0.0,
    0.0,
    0.0,
    0.00015,
    0.0072,
    0.07129,
    0.13313,
    0.18288,
    0.20107,
    0.17146,
    0.12849,
    0.07696,
    0.02497,
    0.00237,
    3e-05,
    0.0,
    0.0
  ],
  "Chelsea": [
    1e-05,
    0.00065,
    0.9126,
    0.08145,
    0.00525,
    4e-05,
    0.0,
    0.0,
    0.0,
    0.0,
    0.0,
    0.0,
    0.0,
    0.0,
    0.0,
    0.0,
    0.0,
    0.0,
    0.0,
    0.0
  ],
  "Crystal Palace": [
    0.0,
    0.0,
    0.0,
    0.0,
    0.0,
    0.0,
    0.00019,
    0.00366,
    0.0564,
    0.10406,
    0.11883,
    0.1328,
    0.14189,
    0.1633,
    0.15617,
    0.09037,
    0.02747,
    0.00486,
    0.0,
    0.0
  ],
  "Everton": [
    0.0,
    0.0,
    0.0,
    0.0,
    0.0,
    0.0,
    0.0,
    0.0,
    4e-05,
    0.00031,
    0.00087,
    0.00259,
    0.00682,
    0.01642,
    0.04046,
    0.13759,
    0.32342,
    0.44222,
    0.02767,
    0.00159
  ],
  "Southampton": [
    0.0,
    0.0,
    0.0,
    0.0,
    0.0,
    0.0,
    0.0,
    0.00076,
    0.04586,
    0.10546,
    0.12078,
    0.13949,
    0.16323,
    0.16008,
    0.17115,
    0.07815,
    0.01393,
    0.00111,
    0.0,
    0.0
  ],
  "Leicester": [
    0.0,
    0.0,
    0.0,
    0.0,
    3e-05,
    0.002,
    0.01393,
    0.06963,
    0.40633,
    0.20828,
    0.14299,
    0.08204,
    0.04524,
    0.02142,
    0.00716,
    0.00092,
    3e-05,
    0.0,
    0.0,
    0.0
  ],
  "Wolves": [
    0.0,
    0.0,
    0.0,
    0.00015,
    0.00803,
    0.09052,
    0.23343,
    0.56103,
    0.0874,
    0.01672,
    0.00245,
    0.00026,
    1e-05,
    0.0,
    0.0,
    0.0,
    0.0,
    0.0,
    0.0,
    0.0
  ],
  "Watford": [
    0.0,
    0.0,
    0.0,
    0.0,
    0.0,
    0.0,
    0.0,
    0.0,
    0.0,
    0.0,
    0.0,
    0.0,
    0.0,
    0.0,
    0.0,
    0.00034,
    0.00508,
    0.03276,
    0.60948,
    0.35234
  ],
  "Aston Villa": [
    0.0,
    0.0,
    0.0,
    0.0,
    0.0,
    0.0,
    0.00013,
    0.00371,
    0.04689,
    0.08158,
    0.11474,
    0.12615,
    0.14693,
    0.17742,
    0.16465,
    0.09239,
    0.03669,
    0.00872,
    0.0,
    0.0
  ],
  "Norwich": [
    0.0,
    0.0,
    0.0,
    0.0,
    0.0,
    0.0,
    0.0,
    0.0,
    0.0,
    0.0,
    0.0,
    0.0,
    0.0,
    0.0,
    0.0,
    3e-05,
    0.0006,
    0.00864,
    0.34525,
    0.64548
  ],
  "Liverpool": [
    0.35139,
    0.64806,
    0.00055,
    0.0,
    0.0,
    0.0,
    0.0,
    0.0,
    0.0,
    0.0,
    0.0,
    0.0,
    0.0,
    0.0,
    0.0,
    0.0,
    0.0,
    0.0,
    0.0,
    0.0
  ],
  "Newcastle": [
    0.0,
    0.0,
    0.0,
    0.0,
    0.0,
    3e-05,
    0.0013,
    0.02469,
    0.22968,
    0.24454,
    0.17858,
    0.14071,
    0.10178,
    0.05783,
    0.01831,
    0.00243,
    0.00011,
    1e-05,
    0.0,
    0.0
  ],
  "West Ham": [
    0.0,
    0.0,
    0.0,
    0.00235,
    0.02952,
    0.26876,
    0.4398,
    0.24128,
    0.01782,
    0.00047,
    0.0,
    0.0,
    0.0,
    0.0,
    0.0,
    0.0,
    0.0,
    0.0,
    0.0,
    0.0
  ],
  "Tottenham": [
    0.0,
    0.0,
    0.01752,
    0.29332,
    0.58185,
    0.09232,
    0.01391,
    0.00107,
    1e-05,
    0.0,
    0.0,
    0.0,
    0.0,
    0.0,
    0.0,
    0.0,
    0.0,
    0.0,
    0.0,
    0.0
  ],
  "Man City": [
    0.6486,
    0.35129,
    0.00011,
    0.0,
    0.0,
    0.0,
    0.0,
    0.0,
    0.0,
    0.0,
    0.0,
    0.0,
    0.0,
    0.0,
    0.0,
    0.0,
    0.0,
    0.0,
    0.0,
    0.0
  ]
}