{
  "Burnley": [
    0.0,
    0.0,
    0.0,
    0.0,
    0.0,
    0.0,
    0.0,
    0.0,
    0.0,
    0.0,
    1e-05,
    3e-05,
    0.00012,
    0.00052,
    0.00161,
    0.0061,
    0.02257,
    0.12281,
    0.68544,
    0.16079
  ],
  "Man City": [
    0.20079,
    0.38698,
    0.21762,
    0.12319,
    0.0564,
    0.01161,
    0.00259,
    0.00061,
    0.00015,
    4e-05,
    2e-05,
    0.0,
    0.0,
    0.0,
    0.0,
    0.0,
    0.0,
    0.0,
    0.0,
    0.0
  ],
  "Arsenal": [
    0.04494,
    0.15299,
    0.26146,
    0.27148,
    0.19201,
    0.05296,
    0.01676,
    0.00542,
    0.00154,
    0.00031,
    8e-05,
    5e-05,
    0.0,
    0.0,
    0.0,
    0.0,
    0.0,
    0.0,
    0.0,
    0.0
  ],
  "Nott'm Forest": [
    0.0,
    0.0,
    0.0,
    0.0,
    0.0,
    1e-05,
    0.00015,
    0.00049,
    0.00191,
    0.00495,
    0.01154,
    0.02478,
    0.04868,
    0.09147,
    0.16283,
    0.21191,
    0.26299,
    0.15758,
    0.02015,
    0.00056
  ],
  "Bournemouth": [
    0.0,
    0.0,
    2e-05,
    0.00014,
    0.0012,
    0.00871,
    0.02163,
    0.04245,
    0.07175,
    0.10877,
    0.1419,
    0.16592,
    0.15922,
    0.13419,
    0.07717,
    0.04257,
    0.01912,
    0.00513,
    0.00011,
    0.0
  ],
  "West Ham": [
    0.00011,
    0.00167,
    0.00823,
    0.02854,
    0.08593,
    0.23011,
    0.22362,
    0.17153,
    0.11289,
    0.06773,
    0.03811,
    0.01946,
    0.00832,
    0.00273,
    0.0008,
    0.00018,
    4e-05,
    0.0,
    0.0,
    0.0
  ],
  "Brighton": [
    6e-05,
    0.00077,
    0.00375,
    0.01591,
    0.05351,
    0.16165,
    0.20034,
    0.19236,
    0.14526,
    0.09881,
    0.06338,
    0.03506,
    0.0178,
    0.00764,
    0.00268,
    0.00085,
    0.00017,
    0.0,
    0.0,
    0.0
  ],
  "Luton": [
    0.0,
    0.0,
    0.0,
    0.0,
    0.0,
    0.0,
    0.0,
    2e-05,
    6e-05,
    0.0002,
    0.0009,
    0.00263,
    0.00718,
    0.01944,
    0.04767,
    0.1014,
    0.20015,
    0.49512,
    0.11735,
    0.00788
  ],
  "Everton": [
    0.0,
    0.0,
    2e-05,
    0.0001,
    0.00062,
    0.00578,
    0.01549,
    0.03115,
    0.05576,
    0.09056,
    0.13295,
    0.16508,
    0.18186,
    0.15151,
    0.09379,
    0.05008,
    0.02046,
    0.00466,
    0.00013,
    0.0
  ],
  "Fulham": [
    0.0,
    0.0,
    0.0,
    0.0,
    5e-05,
    0.00115,
    0.00364,
    0.01002,
    0.02106,
    0.04028,
    0.06979,
    0.11058,
    0.15884,
    0.19395,
    0.17113,
    0.12544,
    0.0743,
    0.01849,
    0.00126,
    2e-05
  ],
  "Sheffield United": [
    0.0,
    0.0,
    0.0,
    0.0,
    0.0,
    0.0,
    0.0,
    0.0,
    0.0,
    0.0,
    0.0,
    0.0,
    0.0,
    0.0,
    6e-05,
    0.0002,
    0.0011,
    0.01224,
    0.15621,
    0.83019
  ],
  "Crystal Palace": [
    0.0,
    0.0,
    0.0,
    0.0,
    2e-05,
    0.00012,
    0.00071,
    0.00235,
    0.00565,
    0.01396,
    0.02819,
    0.05212,
    0.08494,
    0.13205,
    0.19941,
    0.21674,
    0.17745,
    0.07851,
    0.00761,
    0.00017
  ],
  "Newcastle": [
    7e-05,
    0.00105,
    0.00747,
    0.02592,
    0.08358,
    0.2334,
    0.2187,
    0.17102,
    0.1147,
    0.06813,
    0.03955,
    0.02103,
    0.00879,
    0.0046,
    0.00156,
    0.00035,
    8e-05,
    0.0,
    0.0,
    0.0
  ],
  "Aston Villa": [
    0.05549,
    0.17251,
    0.26826,
    0.25738,
    0.17594,
    0.04865,
    0.01528,
    0.0047,
    0.00133,
    0.00032,
    0.00014,
    0.0,
    0.0,
    0.0,
    0.0,
    0.0,
    0.0,
    0.0,
    0.0,
    0.0
  ],
  "Brentford": [
    0.0,
    0.0,
    0.0,
    0.0,
    2e-05,
    0.00014,
    0.00071,
    0.002,
    0.00567,
    0.01355,
    0.02562,
    0.04644,
    0.07591,
    0.11584,
    0.17022,
    0.214,
    0.21333,
    0.10445,
    0.01171,
    0.00039
  ],
  "Tottenham": [
    0.01514,
    0.07339,
    0.15942,
    0.24525,
    0.31289,
    0.11663,
    0.04695,
    0.01926,
    0.00742,
    0.00274,
    0.00073,
    0.00012,
    5e-05,
    1e-05,
    0.0,
    0.0,
    0.0,
    0.0,
    0.0,
    0.0
  ],
  "Chelsea": [
    0.0,
    0.00012,
    0.00082,
    0.00423,
    0.0199,
    0.07281,
    0.11992,
    0.15761,
    0.18385,
    0.15958,
    0.11806,
    0.07779,
    0.04592,
    0.02397,
    0.01025,
    0.00412,
    0.00094,
    0.00011,
    0.0,
    0.0
  ],
  "Liverpool": [
    0.6834,
    0.21049,
    0.07266,
    0.02588,
    0.00672,
    0.00072,
    0.00012,
    1e-05,
    0.0,
    0.0,
    0.0,
    0.0,
    0.0,
    0.0,
    0.0,
    0.0,
    0.0,
    0.0,
    0.0,
    0.0
  ],
  "Man United": [
    0.0,
    0.0,
    8e-05,
    0.00091,
    0.00425,
    0.02365,
    0.05114,
    0.0885,
    0.13162,
    0.16605,
    0.16859,
    0.14732,
    0.10641,
    0.06569,
    0.03081,
    0.01165,
    0.00296,
    0.00037,
    0.0,
    0.0
  ],
  "Wolves": [
    0.0,
    3e-05,
    0.00019,
    0.00107,
    0.00696,
    0.0319,
    0.06225,
    0.1005,
    0.13938,
    0.16402,
    0.16044,
    0.13159,
    0.09596,
    0.05639,
    0.03001,
    0.01441,
    0.00434,
    0.00053,
    3e-05,
    0.0
  ]
}