{
  "Brentford": [
    0.0,
    0.0,
    0.0,
    0.0,
    0.0,
    0.0,
    4e-05,
    0.00161,
    0.04063,
    0.14496,
    0.17692,
    0.17569,
    0.15514,
    0.14328,
    0.1406,
    0.01905,
    0.00203,
    5e-05,
    0.0,
    0.0
  ],
  "Arsenal": [
    0.0,
    0.0,
    0.00966,
    0.5165,
    0.40862,
    0.05259,
    0.01168,
    0.00094,
    1e-05,
    0.0,
    0.0,
    0.0,
    0.0,
    0.0,
    0.0,
    0.0,
    0.0,
    0.0,
    0.0,
    0.0
  ],
  "Man United": [
    0.0,
    0.0,
    1e-05,
    0.01098,
    0.07638,
    0.5092,
    0.30146,
    0.09387,
    0.00796,
    0.00014,
    0.0,
    0.0,
    0.0,
    0.0,
    0.0,
    0.0,
    0.0,
    0.0,
    0.0,
    0.0
  ],
  "Leeds": [
    0.0,
    0.0,
    0.0,
    0.0,
    0.0,
    0.0,
    0.0,
    0.0,
    2e-05,
    0.00018,
    0.00085,
    0.00221,
    0.00447,
    0.01246,
    0.04063,
    0.49749,
    0.33325,
    0.10796,
    0.00047,
    1e-05
  ],
  "Burnley": [
    0.0,
    0.0,
    0.0,
    0.0,
    0.0,
    0.0,
    0.0,
    0.0,
    0.0,
    3e-05,
    6e-05,
    0.00023,
    0.00088,
    0.00284,
    0.00842,
    0.11586,
    0.21984,
    0.5619,
    0.08276,
    0.00718
  ],
  "Brighton": [
    0.0,
    0.0,
    0.0,
    0.0,
    0.0,
    0.0,
    0.00027,
    0.00536,
    0.05316,
    0.13592,
    0.19315,
    0.19953,
    0.17234,
    0.13645,
    0.09671,
    0.00684,
    0.00027,
    0.0,
    0.0,
    0.0
  ],
  "Chelsea": [
    0.0,
    0.00024,
    0.98517,
    0.0137,
    0.00088,
    1e-05,
    0.0,
    0.0,
    0.0,
    0.0,
    0.0,
    0.0,
    0.0,
    0.0,
    0.0,
    0.0,
    0.0,
    0.0,
    0.0,
    0.0
  ],
  "Crystal Palace": [
    0.0,
    0.0,
    0.0,
    0.0,
    0.0,
    3e-05,
    0.00088,
    0.01485,
    0.15106,
    0.29286,
    0.19172,
    0.13158,
    0.09351,
    0.06909,
    0.04781,
    0.00591,
    0.0007,
    0.0,
    0.0,
    0.0
  ],
  "Everton": [
    0.0,
    0.0,
    0.0,
    0.0,
    0.0,
    0.0,
    0.0,
    0.0,
    0.0,
    0.0001,
    0.0003,
    0.00074,
    0.00244,
    0.00649,
    0.02332,
    0.28817,
    0.42628,
    0.23898,
    0.01293,
    0.00025
  ],
  "Southampton": [
    0.0,
    0.0,
    0.0,
    0.0,
    0.0,
    0.0,
    7e-05,
    0.00177,
    0.0447,
    0.12639,
    0.14196,
    0.14863,
    0.14754,
    0.1604,
    0.20818,
    0.01926,
    0.00103,
    7e-05,
    0.0,
    0.0
  ],
  "Leicester": [
    0.0,
    0.0,
    0.0,
    0.0,
    0.00015,
    0.00635,
    0.02915,
    0.11649,
    0.50743,
    0.17428,
    0.09463,
    0.04213,
    0.01861,
    0.00803,
    0.00267,
    8e-05,
    0.0,
    0.0,
    0.0,
    0.0
  ],
  "Wolves": [
    0.0,
    0.0,
    0.0,
    0.00012,
    0.00368,
    0.07428,
    0.21262,
    0.56472,
    0.12609,
    0.01619,
    0.0021,
    0.0002,
    0.0,
    0.0,
    0.0,
    0.0,
    0.0,
    0.0,
    0.0,
    0.0
  ],
  "Watford": [
    0.0,
    0.0,
    0.0,
    0.0,
    0.0,
    0.0,
    0.0,
    0.0,
    0.0,
    0.0,
    0.0,
    0.0,
    0.0,
    0.0,
    0.0,
    0.0012,
    0.01063,
    0.07779,
    0.63873,
    0.27165
  ],
  "Aston Villa": [
    0.0,
    0.0,
    0.0,
    0.0,
    0.0,
    0.0,
    4e-05,
    0.0018,
    0.03352,
    0.06676,
    0.11119,
    0.15677,
    0.18838,
    0.19306,
    0.21469,
    0.02915,
    0.0042,
    0.00044,
    0.0,
    0.0
  ],
  "Norwich": [
    0.0,
    0.0,
    0.0,
    0.0,
    0.0,
    0.0,
    0.0,
    0.0,
    0.0,
    0.0,
    0.0,
    0.0,
    0.0,
    0.0,
    0.0,
    0.0001,
    0.00108,
    0.0128,
    0.26511,
    0.72091
  ],
  "Liverpool": [
    0.30738,
    0.69242,
    0.0002,
    0.0,
    0.0,
    0.0,
    0.0,
    0.0,
    0.0,
    0.0,
    0.0,
    0.0,
    0.0,
    0.0,
    0.0,
    0.0,
    0.0,
    0.0,
    0.0,
    0.0
  ],
  "Newcastle": [
    0.0,
    0.0,
    0.0,
    0.0,
    0.0,
    0.0,
    0.0,
    0.00034,
    0.00988,
    0.04127,
    0.08708,
    0.14228,
    0.21669,
    0.2679,
    0.21697,
    0.01689,
    0.00069,
    1e-05,
    0.0,
    0.0
  ],
  "West Ham": [
    0.0,
    0.0,
    0.0,
    0.00201,
    0.03199,
    0.30529,
    0.43668,
    0.19756,
    0.0255,
    0.00092,
    4e-05,
    1e-05,
    0.0,
    0.0,
    0.0,
    0.0,
    0.0,
    0.0,
    0.0,
    0.0
  ],
  "Tottenham": [
    0.0,
    0.0,
    0.00492,
    0.45669,
    0.4783,
    0.05225,
    0.00711,
    0.00069,
    4e-05,
    0.0,
    0.0,
    0.0,
    0.0,
    0.0,
    0.0,
    0.0,
    0.0,
    0.0,
    0.0,
    0.0
  ],
  "Man City": [
    0.69262,
    0.30734,
    4e-05,
    0.0,
    0.0,
    0.0,
    0.0,
    0.0,
    0.0,
    0.0,
    0.0,
    0.0,
    0.0,
    0.0,
    0.0,
    0.0,
    0.0,
    0.0,
    0.0,
    0.0
  ]
}