{
  "Le Havre": [
    0.0,
    0.0,
    0.0,
    1e-05,
    3e-05,
    0.00015,
    0.00032,
    0.00103,
    0.00271,
    0.00587,
    0.01084,
    0.01901,
    0.03427,
    0.06055,
    0.10517,
    0.18763,
    0.30361,
    0.2688
  ],
  "Paris SG": [
    0.95076,
    0.03914,
    0.00726,
    0.00196,
    0.00062,
    0.00017,
    5e-05,
    4e-05,
    0.0,
    0.0,
    0.0,
    0.0,
    0.0,
    0.0,
    0.0,
    0.0,
    0.0,
    0.0
  ],
  "Brest": [
    0.0,
    0.00037,
    0.00116,
    0.00328,
    0.00718,
    0.01418,
    0.02555,
    0.04205,
    0.06241,
    0.0866,
    0.10712,
    0.12533,
    0.13594,
    0.13497,
    0.11571,
    0.0827,
    0.04118,
    0.01427
  ],
  "Marseille": [
    0.01322,
    0.25549,
    0.21077,
    0.17091,
    0.12918,
    0.09032,
    0.0578,
    0.03453,
    0.01931,
    0.01021,
    0.00479,
    0.00209,
    0.00087,
    0.00033,
    0.00017,
    1e-05,
    0.0,
    0.0
  ],
  "Reims": [
    0.00048,
    0.02302,
    0.04468,
    0.07171,
    0.09747,
    0.12454,
    0.14136,
    0.1373,
    0.11778,
    0.08912,
    0.0622,
    0.04026,
    0.02521,
    0.01402,
    0.00739,
    0.00259,
    0.00075,
    0.00012
  ],
  "Lille": [
    0.00849,
    0.17486,
    0.1818,
    0.17356,
    0.15059,
    0.1143,
    0.08055,
    0.05193,
    0.03096,
    0.01675,
    0.00881,
    0.004,
    0.00216,
    0.00089,
    0.00024,
    9e-05,
    2e-05,
    0.0
  ],
  "Monaco": [
    0.01283,
    0.19459,
    0.19124,
    0.1716,
    0.14417,
    0.1071,
    0.07535,
    0.04811,
    0.02651,
    0.0147,
    0.00759,
    0.00368,
    0.00155,
    0.00071,
    0.00018,
    7e-05,
    2e-05,
    0.0
  ],
  "St Etienne": [
    0.0,
    0.0,
    1e-05,
    8e-05,
    0.0002,
    0.00061,
    0.00159,
    0.00375,
    0.00848,
    0.01455,
    0.02612,
    0.04851,
    0.07625,
    0.11353,
    0.16669,
    0.22343,
    0.19899,
    0.11721
  ],
  "Auxerre": [
    0.00014,
    0.00484,
    0.01341,
    0.02507,
    0.04269,
    0.06407,
    0.09203,
    0.11821,
    0.13392,
    0.13562,
    0.11663,
    0.09252,
    0.06885,
    0.04677,
    0.02736,
    0.01233,
    0.00456,
    0.00098
  ],
  "Nice": [
    0.0122,
    0.23345,
    0.21247,
    0.17219,
    0.13258,
    0.09436,
    0.06181,
    0.03809,
    0.02184,
    0.01173,
    0.00522,
    0.00254,
    0.00094,
    0.00041,
    0.00012,
    5e-05,
    0.0,
    0.0
  ],
  "Angers": [
    0.0,
    0.00023,
    0.00076,
    0.00222,
    0.00539,
    0.01159,
    0.02131,
    0.03698,
    0.06116,
    0.08599,
    0.11381,
    0.12973,
    0.1357,
    0.13207,
    0.11719,
    0.0849,
    0.04479,
    0.01618
  ],
  "Lens": [
    0.00116,
    0.04526,
    0.0757,
    0.1052,
    0.13121,
    0.14639,
    0.1365,
    0.11829,
    0.09107,
    0.06249,
    0.03902,
    0.02368,
    0.01379,
    0.00648,
    0.00255,
    0.00093,
    0.00022,
    6e-05
  ],
  "Montpellier": [
    0.0,
    0.0,
    0.0,
    0.0,
    0.0,
    1e-05,
    7e-05,
    0.00026,
    0.00054,
    0.00138,
    0.00345,
    0.00684,
    0.01461,
    0.02806,
    0.05646,
    0.11778,
    0.24582,
    0.52472
  ],
  "Strasbourg": [
    1e-05,
    0.0012,
    0.00417,
    0.00838,
    0.0179,
    0.03132,
    0.05236,
    0.07209,
    0.09824,
    0.11942,
    0.13223,
    0.12681,
    0.11169,
    0.09255,
    0.06813,
    0.04054,
    0.01769,
    0.00527
  ],
  "Toulouse": [
    8e-05,
    0.00412,
    0.01089,
    0.02252,
    0.03902,
    0.06145,
    0.08286,
    0.10822,
    0.12376,
    0.12743,
    0.11958,
    0.10128,
    0.08024,
    0.05637,
    0.03581,
    0.01819,
    0.00662,
    0.00156
  ],
  "Nantes": [
    0.0,
    0.00016,
    0.00062,
    0.00202,
    0.00465,
    0.00944,
    0.01849,
    0.03131,
    0.04829,
    0.07003,
    0.09,
    0.11301,
    0.13336,
    0.14671,
    0.14076,
    0.10586,
    0.06189,
    0.0234
  ],
  "Rennes": [
    0.0,
    5e-05,
    0.00034,
    0.00121,
    0.00273,
    0.00597,
    0.01182,
    0.0233,
    0.03743,
    0.05615,
    0.08843,
    0.11653,
    0.13769,
    0.15051,
    0.14805,
    0.11981,
    0.07272,
    0.02726
  ],
  "Lyon": [
    0.00063,
    0.02322,
    0.04472,
    0.06808,
    0.09439,
    0.12403,
    0.14018,
    0.13451,
    0.11559,
    0.09196,
    0.06416,
    0.04418,
    0.02688,
    0.01507,
    0.00802,
    0.00309,
    0.00112,
    0.00017
  ]
}