{
  "Parma": [
    0.00755,
    0.02221,
    0.04243,
    0.05921,
    0.06647,
    0.07474,
    0.07597,
    0.07739,
    0.07533,
    0.07078,
    0.06672,
    0.06392,
    0.05819,
    0.05197,
    0.04832,
    0.04003,
    0.03539,
    0.02792,
    0.02091,
    0.01455
  ],
  "Juventus": [
    0.50558,
    0.24687,
    0.11443,
    0.05997,
    0.03242,
    0.01812,
    0.00978,
    0.0058,
    0.00334,
    0.00188,
    0.00089,
    0.00039,
    0.00023,
    0.00016,
    0.00011,
    1e-05,
    2e-05,
    0.0,
    0.0,
    0.0
  ],
  "Fiorentina": [
    0.00377,
    0.01428,
    0.02958,
    0.04191,
    0.05414,
    0.06366,
    0.06909,
    0.07348,
    0.07433,
    0.07473,
    0.07185,
    0.06931,
    0.06534,
    0.06227,
    0.05698,
    0.05212,
    0.04292,
    0.03623,
    0.02761,
    0.0164
  ],
  "Napoli": [
    0.01275,
    0.03418,
    0.06074,
    0.07652,
    0.08567,
    0.08886,
    0.08775,
    0.08221,
    0.07708,
    0.0711,
    0.06316,
    0.05707,
    0.04861,
    0.04154,
    0.03446,
    0.02728,
    0.02082,
    0.01596,
    0.00986,
    0.00438
  ],
  "Udinese": [
    0.00193,
    0.00707,
    0.01624,
    0.02667,
    0.03616,
    0.04389,
    0.05032,
    0.058,
    0.06511,
    0.06948,
    0.0736,
    0.07715,
    0.07523,
    0.07282,
    0.06739,
    0.06487,
    0.06381,
    0.05451,
    0.04474,
    0.03101
  ],
  "Milan": [
    0.00096,
    0.00454,
    0.01221,
    0.01972,
    0.02769,
    0.035,
    0.04208,
    0.0498,
    0.05793,
    0.06293,
    0.06939,
    0.07615,
    0.07795,
    0.07475,
    0.07408,
    0.07875,
    0.07306,
    0.06541,
    0.05592,
    0.04168
  ],
  "Cagliari": [
    0.05748,
    0.10869,
    0.14563,
    0.13376,
    0.11705,
    0.09756,
    0.07825,
    0.06442,
    0.05021,
    0.04006,
    0.03129,
    0.02283,
    0.0174,
    0.01262,
    0.00941,
    0.00574,
    0.00372,
    0.00233,
    0.00121,
    0.00034
  ],
  "Brescia": [
    0.00018,
    0.0009,
    0.00237,
    0.00473,
    0.00701,
    0.01206,
    0.01583,
    0.01984,
    0.02642,
    0.03251,
    0.04219,
    0.04595,
    0.05365,
    0.07014,
    0.07691,
    0.08925,
    0.09828,
    0.11326,
    0.12997,
    0.15855
  ],
  "Roma": [
    0.03111,
    0.0704,
    0.1039,
    0.11462,
    0.11309,
    0.10136,
    0.08934,
    0.07756,
    0.06565,
    0.05566,
    0.04328,
    0.03591,
    0.03066,
    0.0222,
    0.0165,
    0.01198,
    0.00827,
    0.00498,
    0.00255,
    0.00098
  ],
  "Genoa": [
    0.00017,
    0.00134,
    0.00323,
    0.00626,
    0.01017,
    0.0144,
    0.01965,
    0.02512,
    0.03096,
    0.03565,
    0.04318,
    0.04986,
    0.05955,
    0.064,
    0.07524,
    0.08232,
    0.09093,
    0.10594,
    0.12464,
    0.15739
  ],
  "Sampdoria": [
    0.00026,
    0.00084,
    0.00266,
    0.00511,
    0.00839,
    0.013,
    0.01892,
    0.02353,
    0.0291,
    0.03587,
    0.04508,
    0.05397,
    0.0631,
    0.07156,
    0.08026,
    0.08771,
    0.09722,
    0.11253,
    0.1224,
    0.12849
  ],
  "Lazio": [
    0.05847,
    0.11191,
    0.14537,
    0.13366,
    0.11249,
    0.09441,
    0.07794,
    0.06362,
    0.05138,
    0.04054,
    0.03317,
    0.02399,
    0.01783,
    0.01267,
    0.00924,
    0.00628,
    0.00374,
    0.00194,
    0.00099,
    0.00036
  ],
  "Spal": [
    0.00014,
    0.00056,
    0.00179,
    0.00444,
    0.00658,
    0.0096,
    0.01375,
    0.01758,
    0.02482,
    0.03093,
    0.03802,
    0.04584,
    0.05373,
    0.0647,
    0.07417,
    0.0857,
    0.09952,
    0.11602,
    0.13919,
    0.17292
  ],
  "Atalanta": [
    0.01999,
    0.05324,
    0.08427,
    0.09873,
    0.10335,
    0.09744,
    0.09213,
    0.08373,
    0.07229,
    0.06476,
    0.05329,
    0.0447,
    0.03595,
    0.02983,
    0.02164,
    0.01752,
    0.01196,
    0.00864,
    0.00456,
    0.00198
  ],
  "Torino": [
    0.00196,
    0.00784,
    0.01661,
    0.02775,
    0.03539,
    0.04519,
    0.05144,
    0.05845,
    0.06286,
    0.06829,
    0.07046,
    0.0728,
    0.07361,
    0.07188,
    0.07079,
    0.0657,
    0.06159,
    0.05639,
    0.04702,
    0.03398
  ],
  "Sassuolo": [
    0.00246,
    0.00963,
    0.02038,
    0.02983,
    0.04019,
    0.04819,
    0.05512,
    0.06097,
    0.06556,
    0.06879,
    0.07016,
    0.07088,
    0.06881,
    0.06799,
    0.06714,
    0.06362,
    0.05972,
    0.05316,
    0.04511,
    0.03229
  ],
  "Verona": [
    0.00272,
    0.01087,
    0.02382,
    0.03699,
    0.04704,
    0.05513,
    0.06223,
    0.06645,
    0.06941,
    0.07049,
    0.0703,
    0.06767,
    0.06651,
    0.06594,
    0.06342,
    0.05834,
    0.05365,
    0.04734,
    0.03752,
    0.02416
  ],
  "Bologna": [
    0.00093,
    0.004,
    0.00937,
    0.01581,
    0.02372,
    0.0304,
    0.0393,
    0.04498,
    0.05013,
    0.05487,
    0.05921,
    0.06331,
    0.06689,
    0.07128,
    0.07602,
    0.07983,
    0.0852,
    0.08262,
    0.07975,
    0.06238
  ],
  "Inter": [
    0.29118,
    0.28888,
    0.15985,
    0.09488,
    0.05893,
    0.0381,
    0.02546,
    0.01635,
    0.0104,
    0.00614,
    0.00383,
    0.00271,
    0.00148,
    0.00089,
    0.0005,
    0.00023,
    0.00014,
    5e-05,
    0.0,
    0.0
  ],
  "Lecce": [
    0.00041,
    0.00175,
    0.00512,
    0.00943,
    0.01405,
    0.01889,
    0.02565,
    0.03072,
    0.03769,
    0.04454,
    0.05093,
    0.05559,
    0.06528,
    0.07079,
    0.07742,
    0.08272,
    0.09004,
    0.09477,
    0.10605,
    0.11816
  ]
}