{
  "Lyon": [
    0.01022,
    0.03561,
    0.0882,
    0.12322,
    0.14005,
    0.14297,
    0.12865,
    0.11119,
    0.07968,
    0.05421,
    0.0345,
    0.02144,
    0.01392,
    0.00756,
    0.00418,
    0.00215,
    0.00138,
    0.0006,
    0.00021,
    6e-05
  ],
  "Ajaccio": [
    1e-05,
    6e-05,
    0.00036,
    0.00103,
    0.00252,
    0.00529,
    0.01011,
    0.01953,
    0.03143,
    0.04618,
    0.06186,
    0.07244,
    0.08319,
    0.08992,
    0.0962,
    0.1018,
    0.10351,
    0.09987,
    0.09544,
    0.07925
  ],
  "Strasbourg": [
    1e-05,
    8e-05,
    0.00023,
    0.00091,
    0.00203,
    0.00424,
    0.00862,
    0.01503,
    0.02532,
    0.03768,
    0.05318,
    0.06742,
    0.07927,
    0.0906,
    0.09719,
    0.10396,
    0.10877,
    0.10959,
    0.10492,
    0.09095
  ],
  "Monaco": [
    0.45681,
    0.29837,
    0.12852,
    0.05918,
    0.02958,
    0.01471,
    0.00672,
    0.00357,
    0.00147,
    0.00064,
    0.00025,
    0.00013,
    3e-05,
    2e-05,
    0.0,
    0.0,
    0.0,
    0.0,
    0.0,
    0.0
  ],
  "Clermont": [
    0.00122,
    0.00559,
    0.01705,
    0.03252,
    0.05206,
    0.07095,
    0.09599,
    0.11559,
    0.12893,
    0.11668,
    0.0981,
    0.07746,
    0.05746,
    0.04284,
    0.03197,
    0.02227,
    0.01573,
    0.00965,
    0.00558,
    0.00236
  ],
  "Paris SG": [
    0.01146,
    0.03857,
    0.08703,
    0.1221,
    0.14176,
    0.14571,
    0.13922,
    0.11476,
    0.08182,
    0.05223,
    0.02962,
    0.01708,
    0.00936,
    0.00486,
    0.00249,
    0.00117,
    0.00044,
    0.00025,
    6e-05,
    1e-05
  ],
  "Toulouse": [
    4e-05,
    0.00037,
    0.00162,
    0.00431,
    0.00861,
    0.01554,
    0.02808,
    0.04528,
    0.06818,
    0.09175,
    0.10046,
    0.10554,
    0.10202,
    0.09547,
    0.08728,
    0.07393,
    0.06327,
    0.04997,
    0.0365,
    0.02178
  ],
  "Nice": [
    0.0,
    0.0,
    0.00035,
    0.0011,
    0.00252,
    0.00574,
    0.01188,
    0.02283,
    0.04036,
    0.06108,
    0.07584,
    0.08886,
    0.09881,
    0.10656,
    0.10812,
    0.10085,
    0.09107,
    0.08033,
    0.06423,
    0.03947
  ],
  "Angers": [
    0.0,
    1e-05,
    3e-05,
    0.0002,
    0.00041,
    0.00111,
    0.00217,
    0.00532,
    0.01055,
    0.01942,
    0.02782,
    0.03763,
    0.0544,
    0.0665,
    0.08165,
    0.09831,
    0.11486,
    0.1382,
    0.1618,
    0.17961
  ],
  "Nantes": [
    1e-05,
    0.00027,
    0.00128,
    0.00382,
    0.00722,
    0.01333,
    0.02395,
    0.03772,
    0.05462,
    0.07227,
    0.08876,
    0.09703,
    0.10079,
    0.09775,
    0.09079,
    0.08529,
    0.07575,
    0.06479,
    0.05056,
    0.034
  ],
  "Lens": [
    0.39251,
    0.33,
    0.14244,
    0.06763,
    0.03454,
    0.01758,
    0.00882,
    0.00395,
    0.00151,
    0.00051,
    0.00034,
    0.00014,
    3e-05,
    0.0,
    0.0,
    0.0,
    0.0,
    0.0,
    0.0,
    0.0
  ],
  "Brest": [
    0.0,
    0.0,
    2e-05,
    0.00022,
    0.00052,
    0.00147,
    0.00318,
    0.00676,
    0.01194,
    0.02529,
    0.03982,
    0.05347,
    0.06842,
    0.08147,
    0.09524,
    0.1082,
    0.11939,
    0.13161,
    0.13317,
    0.11981
  ],
  "Lille": [
    0.01265,
    0.03723,
    0.07927,
    0.10846,
    0.12518,
    0.13197,
    0.12565,
    0.11187,
    0.09293,
    0.06585,
    0.04272,
    0.02667,
    0.0161,
    0.00995,
    0.00603,
    0.00339,
    0.00215,
    0.00122,
    0.00048,
    0.00023
  ],
  "Auxerre": [
    0.0,
    5e-05,
    0.00019,
    0.00091,
    0.00196,
    0.00429,
    0.00773,
    0.01436,
    0.02591,
    0.04149,
    0.05821,
    0.07124,
    0.08081,
    0.09262,
    0.10134,
    0.10548,
    0.10633,
    0.1067,
    0.09979,
    0.08059
  ],
  "Montpellier": [
    0.0,
    0.0,
    3e-05,
    7e-05,
    0.00017,
    0.00041,
    0.00101,
    0.00232,
    0.0042,
    0.00793,
    0.01366,
    0.02097,
    0.03016,
    0.04066,
    0.05558,
    0.07492,
    0.10114,
    0.13269,
    0.19317,
    0.32091
  ],
  "Troyes": [
    9e-05,
    0.00045,
    0.00231,
    0.00553,
    0.01029,
    0.01821,
    0.03091,
    0.04742,
    0.06833,
    0.08658,
    0.10028,
    0.10553,
    0.10005,
    0.09357,
    0.08424,
    0.07306,
    0.06355,
    0.04978,
    0.03768,
    0.02214
  ],
  "Rennes": [
    0.00966,
    0.03101,
    0.07437,
    0.1092,
    0.12947,
    0.13312,
    0.13107,
    0.11364,
    0.08906,
    0.06342,
    0.04399,
    0.02927,
    0.01776,
    0.01085,
    0.00677,
    0.00371,
    0.00205,
    0.001,
    0.00046,
    0.00012
  ],
  "Lorient": [
    0.06687,
    0.12911,
    0.20244,
    0.17024,
    0.13085,
    0.10102,
    0.07216,
    0.04955,
    0.03262,
    0.01964,
    0.01185,
    0.00624,
    0.00369,
    0.00183,
    0.00094,
    0.00054,
    0.00023,
    0.00015,
    3e-05,
    0.0
  ],
  "Marseille": [
    0.03788,
    0.09014,
    0.1635,
    0.1681,
    0.14714,
    0.124,
    0.09866,
    0.07079,
    0.04556,
    0.02456,
    0.01428,
    0.00767,
    0.00387,
    0.00199,
    0.00092,
    0.00058,
    0.00028,
    6e-05,
    2e-05,
    0.0
  ],
  "Reims": [
    0.00056,
    0.00308,
    0.01076,
    0.02125,
    0.03312,
    0.04834,
    0.06542,
    0.08852,
    0.10558,
    0.11259,
    0.10446,
    0.09377,
    0.07986,
    0.06498,
    0.04907,
    0.04039,
    0.0301,
    0.02354,
    0.0159,
    0.00871
  ]
}