{
  "Sp Lisbon": [
    0.11805,
    0.10685,
    0.09629,
    0.08435,
    0.07814,
    0.07134,
    0.06511,
    0.05928,
    0.05366,
    0.04918,
    0.04284,
    0.03925,
    0.03333,
    0.02944,
    0.02525,
    0.02148,
    0.01563,
    0.01053
  ],
  "Vizela": [
    0.02077,
    0.03181,
    0.03897,
    0.04494,
    0.04863,
    0.05018,
    0.05412,
    0.05493,
    0.05852,
    0.0595,
    0.06121,
    0.06138,
    0.06538,
    0.0669,
    0.06883,
    0.07156,
    0.07309,
    0.06928
  ],
  "Arouca": [
    0.01476,
    0.02357,
    0.03171,
    0.03701,
    0.04074,
    0.04445,
    0.04734,
    0.0518,
    0.05543,
    0.05779,
    0.0602,
    0.06603,
    0.06861,
    0.07166,
    0.07594,
    0.07943,
    0.08538,
    0.08815
  ],
  "Estoril": [
    0.17015,
    0.13599,
    0.11613,
    0.09697,
    0.08174,
    0.06882,
    0.05933,
    0.05196,
    0.04284,
    0.03806,
    0.03275,
    0.02779,
    0.02251,
    0.01825,
    0.01505,
    0.01038,
    0.00759,
    0.00369
  ],
  "Moreirense": [
    0.01032,
    0.01889,
    0.02257,
    0.02956,
    0.03455,
    0.03907,
    0.04326,
    0.04705,
    0.05281,
    0.05629,
    0.06101,
    0.06644,
    0.07015,
    0.07618,
    0.08287,
    0.08895,
    0.09498,
    0.10505
  ],
  "Benfica": [
    0.25148,
    0.16399,
    0.1216,
    0.09427,
    0.07507,
    0.06053,
    0.04987,
    0.04115,
    0.03281,
    0.0275,
    0.02102,
    0.01769,
    0.01406,
    0.01063,
    0.00789,
    0.00548,
    0.00332,
    0.00164
  ],
  "Maritimo": [
    0.01923,
    0.02957,
    0.03698,
    0.04239,
    0.04799,
    0.05101,
    0.05795,
    0.05857,
    0.06221,
    0.06231,
    0.06305,
    0.06703,
    0.07065,
    0.06965,
    0.0698,
    0.06693,
    0.06442,
    0.06026
  ],
  "Sp Braga": [
    0.04915,
    0.06097,
    0.06532,
    0.06768,
    0.07008,
    0.07177,
    0.0689,
    0.0679,
    0.06564,
    0.05956,
    0.05855,
    0.05831,
    0.05369,
    0.04798,
    0.04204,
    0.03742,
    0.03174,
    0.0233
  ],
  "Guimaraes": [
    0.03235,
    0.04158,
    0.04682,
    0.04951,
    0.05159,
    0.05643,
    0.05726,
    0.05994,
    0.06109,
    0.0619,
    0.06165,
    0.06124,
    0.06274,
    0.06361,
    0.05985,
    0.05971,
    0.05778,
    0.05495
  ],
  "Portimonense": [
    0.03684,
    0.04851,
    0.05554,
    0.05983,
    0.0639,
    0.06542,
    0.0655,
    0.06508,
    0.06449,
    0.06675,
    0.06624,
    0.06068,
    0.05814,
    0.05537,
    0.05035,
    0.0464,
    0.04053,
    0.03043
  ],
  "Tondela": [
    0.01022,
    0.01806,
    0.0236,
    0.02805,
    0.03569,
    0.03954,
    0.04504,
    0.04616,
    0.05585,
    0.06022,
    0.06419,
    0.06747,
    0.07165,
    0.07667,
    0.08012,
    0.0871,
    0.09153,
    0.09884
  ],
  "Santa Clara": [
    0.01491,
    0.02415,
    0.02951,
    0.03611,
    0.04101,
    0.04591,
    0.04938,
    0.05599,
    0.05812,
    0.06323,
    0.06496,
    0.06692,
    0.06986,
    0.07295,
    0.07464,
    0.07681,
    0.07795,
    0.07759
  ],
  "Porto": [
    0.10453,
    0.10568,
    0.0977,
    0.09176,
    0.08118,
    0.07296,
    0.07011,
    0.06257,
    0.05627,
    0.04986,
    0.04409,
    0.03867,
    0.03249,
    0.02866,
    0.02379,
    0.01874,
    0.0128,
    0.00814
  ],
  "Belenenses": [
    0.00717,
    0.01391,
    0.0178,
    0.02391,
    0.02864,
    0.0338,
    0.03795,
    0.04259,
    0.04883,
    0.05315,
    0.05826,
    0.06234,
    0.07034,
    0.07704,
    0.08494,
    0.09709,
    0.10887,
    0.13337
  ],
  "Pacos Ferreira": [
    0.03813,
    0.05018,
    0.0583,
    0.06129,
    0.06318,
    0.06241,
    0.06267,
    0.06424,
    0.06163,
    0.06115,
    0.06164,
    0.05955,
    0.05892,
    0.05575,
    0.05319,
    0.05013,
    0.04332,
    0.03432
  ],
  "Famalicao": [
    0.00822,
    0.0136,
    0.01922,
    0.02495,
    0.02782,
    0.03219,
    0.03645,
    0.04008,
    0.04458,
    0.05105,
    0.05594,
    0.06224,
    0.06829,
    0.07628,
    0.0887,
    0.09677,
    0.11339,
    0.14023
  ],
  "Gil Vicente": [
    0.03628,
    0.04825,
    0.05572,
    0.06029,
    0.06448,
    0.06677,
    0.06608,
    0.06652,
    0.06314,
    0.06122,
    0.06551,
    0.06215,
    0.05936,
    0.05456,
    0.05176,
    0.04564,
    0.04081,
    0.03146
  ],
  "Boavista": [
    0.05744,
    0.06444,
    0.06622,
    0.06713,
    0.06557,
    0.0674,
    0.06368,
    0.06419,
    0.06208,
    0.06128,
    0.05689,
    0.05482,
    0.04983,
    0.04842,
    0.04499,
    0.03998,
    0.03687,
    0.02877
  ]
}