{
  "Inter": [
    0.17155,
    0.34096,
    0.36997,
    0.10662,
    0.0093,
    0.00131,
    0.00025,
    4e-05,
    0.0,
    0.0,
    0.0,
    0.0,
    0.0,
    0.0,
    0.0,
    0.0,
    0.0,
    0.0,
    0.0,
    0.0
  ],
  "Genoa": [
    0.0,
    0.0,
    0.0,
    0.0,
    0.0,
    0.0,
    3e-05,
    7e-05,
    0.0001,
    0.00047,
    0.00143,
    0.00398,
    0.00907,
    0.02239,
    0.04932,
    0.11562,
    0.27402,
    0.24597,
    0.1969,
    0.08063
  ],
  "Verona": [
    0.0,
    1e-05,
    9e-05,
    0.00235,
    0.01618,
    0.03306,
    0.05637,
    0.08682,
    0.12228,
    0.1547,
    0.15346,
    0.13092,
    0.10143,
    0.0724,
    0.04396,
    0.0203,
    0.0047,
    0.00084,
    0.00012,
    1e-05
  ],
  "Sassuolo": [
    0.0,
    0.0,
    3e-05,
    0.00072,
    0.00872,
    0.02016,
    0.0369,
    0.05929,
    0.09124,
    0.12835,
    0.15096,
    0.15089,
    0.13401,
    0.10224,
    0.06847,
    0.03537,
    0.00999,
    0.00219,
    0.00045,
    2e-05
  ],
  "Empoli": [
    0.0,
    0.0,
    1e-05,
    0.00045,
    0.0046,
    0.01222,
    0.02476,
    0.04418,
    0.07267,
    0.11765,
    0.14567,
    0.15458,
    0.14761,
    0.12285,
    0.08591,
    0.0491,
    0.01436,
    0.0029,
    0.00041,
    7e-05
  ],
  "Lazio": [
    0.0,
    0.0001,
    0.00099,
    0.01641,
    0.09591,
    0.13432,
    0.15654,
    0.16317,
    0.15446,
    0.1092,
    0.07323,
    0.0454,
    0.02638,
    0.01428,
    0.00674,
    0.00246,
    0.00034,
    7e-05,
    0.0,
    0.0
  ],
  "Torino": [
    0.0,
    0.0,
    0.0,
    0.00015,
    0.00187,
    0.00563,
    0.0121,
    0.02408,
    0.04386,
    0.07475,
    0.1074,
    0.13765,
    0.15469,
    0.1609,
    0.14132,
    0.09311,
    0.03142,
    0.00881,
    0.00207,
    0.00019
  ],
  "Atalanta": [
    0.00851,
    0.05582,
    0.1623,
    0.57658,
    0.12592,
    0.0437,
    0.01683,
    0.00656,
    0.00264,
    0.00083,
    0.00026,
    3e-05,
    2e-05,
    0.0,
    0.0,
    0.0,
    0.0,
    0.0,
    0.0,
    0.0
  ],
  "Bologna": [
    0.0,
    9e-05,
    0.00242,
    0.0353,
    0.16039,
    0.17343,
    0.16804,
    0.15362,
    0.12295,
    0.08094,
    0.04951,
    0.02755,
    0.01527,
    0.00706,
    0.00267,
    0.0007,
    5e-05,
    1e-05,
    0.0,
    0.0
  ],
  "Salernitana": [
    0.0,
    0.0,
    0.0,
    0.0,
    0.0,
    0.0,
    0.0,
    0.0,
    0.0,
    0.0,
    0.0,
    7e-05,
    0.00017,
    0.0006,
    0.00246,
    0.01021,
    0.04017,
    0.10118,
    0.21686,
    0.62828
  ],
  "Udinese": [
    0.0,
    0.0,
    0.0,
    0.00014,
    0.00149,
    0.00448,
    0.01095,
    0.02285,
    0.04329,
    0.0763,
    0.10965,
    0.13919,
    0.15786,
    0.1575,
    0.13611,
    0.09395,
    0.03252,
    0.01104,
    0.00253,
    0.00015
  ],
  "Juventus": [
    3e-05,
    0.00055,
    0.00541,
    0.06893,
    0.24159,
    0.20818,
    0.1646,
    0.12625,
    0.08495,
    0.05006,
    0.02691,
    0.01279,
    0.00617,
    0.00251,
    0.00079,
    0.00028,
    0.0,
    0.0,
    0.0,
    0.0
  ],
  "Napoli": [
    0.16446,
    0.37976,
    0.34831,
    0.09747,
    0.00836,
    0.00118,
    0.00033,
    0.00011,
    2e-05,
    0.0,
    0.0,
    0.0,
    0.0,
    0.0,
    0.0,
    0.0,
    0.0,
    0.0,
    0.0,
    0.0
  ],
  "Venezia": [
    0.0,
    0.0,
    0.0,
    0.0,
    0.00021,
    0.0008,
    0.00188,
    0.00467,
    0.01132,
    0.02371,
    0.04065,
    0.06856,
    0.10433,
    0.14928,
    0.19929,
    0.2205,
    0.10886,
    0.04718,
    0.01661,
    0.00215
  ],
  "Roma": [
    0.0,
    0.00028,
    0.00334,
    0.04164,
    0.1671,
    0.18295,
    0.17781,
    0.1525,
    0.11436,
    0.07554,
    0.0431,
    0.02261,
    0.01173,
    0.00475,
    0.00174,
    0.00048,
    7e-05,
    0.0,
    0.0,
    0.0
  ],
  "Fiorentina": [
    1e-05,
    0.00029,
    0.00284,
    0.03577,
    0.15748,
    0.17756,
    0.17012,
    0.15027,
    0.12256,
    0.08103,
    0.0498,
    0.0285,
    0.01407,
    0.0066,
    0.00248,
    0.00054,
    8e-05,
    0.0,
    0.0,
    0.0
  ],
  "Cagliari": [
    0.0,
    0.0,
    0.0,
    0.0,
    0.0,
    0.0,
    0.0,
    0.0,
    4e-05,
    8e-05,
    0.00026,
    0.00119,
    0.00252,
    0.00716,
    0.01973,
    0.05257,
    0.15248,
    0.25392,
    0.32034,
    0.18971
  ],
  "Spezia": [
    0.0,
    0.0,
    0.0,
    0.0,
    0.0,
    0.0,
    0.0,
    1e-05,
    8e-05,
    0.00034,
    0.00109,
    0.00256,
    0.00606,
    0.01629,
    0.03942,
    0.09316,
    0.22919,
    0.28409,
    0.23062,
    0.09709
  ],
  "Sampdoria": [
    0.0,
    0.0,
    0.0,
    0.0,
    0.00026,
    0.00098,
    0.00249,
    0.00551,
    0.01318,
    0.02605,
    0.04662,
    0.07353,
    0.10861,
    0.15319,
    0.19959,
    0.21165,
    0.10175,
    0.0418,
    0.01309,
    0.0017
  ],
  "Milan": [
    0.65544,
    0.22214,
    0.10429,
    0.01747,
    0.00062,
    4e-05,
    0.0,
    0.0,
    0.0,
    0.0,
    0.0,
    0.0,
    0.0,
    0.0,
    0.0,
    0.0,
    0.0,
    0.0,
    0.0,
    0.0
  ]
}