{
  "Inter": [
    0.22683,
    0.21586,
    0.18798,
    0.13833,
    0.09143,
    0.05701,
    0.03359,
    0.02041,
    0.01264,
    0.00706,
    0.00456,
    0.00231,
    0.0011,
    0.00049,
    0.00027,
    8e-05,
    4e-05,
    1e-05,
    0.0,
    0.0
  ],
  "Genoa": [
    1e-05,
    4e-05,
    0.0002,
    0.00065,
    0.0015,
    0.00271,
    0.00504,
    0.0075,
    0.01141,
    0.01693,
    0.0232,
    0.03176,
    0.04285,
    0.05747,
    0.07585,
    0.09747,
    0.1262,
    0.1537,
    0.17853,
    0.16698
  ],
  "Verona": [
    0.00119,
    0.00562,
    0.01455,
    0.02689,
    0.03885,
    0.05116,
    0.0627,
    0.07271,
    0.08266,
    0.08645,
    0.08787,
    0.08937,
    0.08433,
    0.07764,
    0.06774,
    0.05696,
    0.04149,
    0.02976,
    0.01607,
    0.00599
  ],
  "Sassuolo": [
    0.00084,
    0.00338,
    0.00944,
    0.01942,
    0.02935,
    0.04045,
    0.0521,
    0.06427,
    0.07348,
    0.08262,
    0.08701,
    0.08991,
    0.09012,
    0.08663,
    0.08029,
    0.06622,
    0.05381,
    0.03874,
    0.02269,
    0.00923
  ],
  "Empoli": [
    0.00133,
    0.0054,
    0.01388,
    0.02459,
    0.03716,
    0.04953,
    0.06335,
    0.07527,
    0.08364,
    0.08819,
    0.09235,
    0.09053,
    0.08433,
    0.0784,
    0.06608,
    0.0554,
    0.04222,
    0.02763,
    0.0153,
    0.00542
  ],
  "Lazio": [
    0.00295,
    0.0106,
    0.02582,
    0.04198,
    0.05992,
    0.0743,
    0.08628,
    0.09337,
    0.09597,
    0.09215,
    0.08742,
    0.07688,
    0.06815,
    0.05707,
    0.04549,
    0.03532,
    0.02342,
    0.01421,
    0.0068,
    0.0019
  ],
  "Torino": [
    0.00056,
    0.00202,
    0.00633,
    0.01252,
    0.02251,
    0.03203,
    0.0441,
    0.05652,
    0.06693,
    0.0765,
    0.08428,
    0.09117,
    0.09178,
    0.08992,
    0.08905,
    0.07791,
    0.06568,
    0.04745,
    0.02956,
    0.01318
  ],
  "Atalanta": [
    0.07954,
    0.13774,
    0.17676,
    0.16642,
    0.13001,
    0.09756,
    0.06966,
    0.04885,
    0.03369,
    0.02319,
    0.01498,
    0.00933,
    0.00585,
    0.00334,
    0.00172,
    0.00092,
    0.00028,
    0.00013,
    3e-05,
    0.0
  ],
  "Bologna": [
    0.00705,
    0.02137,
    0.04647,
    0.07722,
    0.09573,
    0.10427,
    0.10659,
    0.10194,
    0.09044,
    0.08026,
    0.06841,
    0.05696,
    0.04534,
    0.03507,
    0.02533,
    0.01829,
    0.01063,
    0.0056,
    0.00235,
    0.00068
  ],
  "Salernitana": [
    0.0,
    3e-05,
    5e-05,
    0.00014,
    0.00036,
    0.00096,
    0.00165,
    0.00284,
    0.00449,
    0.00682,
    0.01119,
    0.0158,
    0.02252,
    0.03463,
    0.04694,
    0.06833,
    0.09878,
    0.13761,
    0.2058,
    0.34106
  ],
  "Udinese": [
    0.00012,
    0.00065,
    0.00235,
    0.00632,
    0.01257,
    0.01883,
    0.02903,
    0.03858,
    0.04848,
    0.0624,
    0.07433,
    0.08284,
    0.09058,
    0.09491,
    0.09865,
    0.09683,
    0.08548,
    0.0744,
    0.05306,
    0.02959
  ],
  "Juventus": [
    0.00863,
    0.02564,
    0.05007,
    0.08307,
    0.10478,
    0.11532,
    0.11306,
    0.10055,
    0.09132,
    0.07627,
    0.06385,
    0.04985,
    0.03915,
    0.02882,
    0.02036,
    0.0135,
    0.00839,
    0.00468,
    0.00219,
    0.0005
  ],
  "Napoli": [
    0.33622,
    0.27047,
    0.16614,
    0.10188,
    0.05666,
    0.03214,
    0.01717,
    0.00934,
    0.00498,
    0.00258,
    0.00135,
    0.00061,
    0.00027,
    0.00011,
    5e-05,
    1e-05,
    2e-05,
    0.0,
    0.0,
    0.0
  ],
  "Venezia": [
    0.00011,
    0.00101,
    0.00315,
    0.0074,
    0.01483,
    0.02217,
    0.0327,
    0.04361,
    0.05406,
    0.06551,
    0.07433,
    0.0836,
    0.08981,
    0.09294,
    0.09494,
    0.09147,
    0.08378,
    0.0689,
    0.04932,
    0.02636
  ],
  "Roma": [
    0.01581,
    0.03961,
    0.06925,
    0.09767,
    0.11574,
    0.12045,
    0.11406,
    0.0997,
    0.08285,
    0.06719,
    0.05163,
    0.03948,
    0.03023,
    0.02217,
    0.0143,
    0.00969,
    0.00569,
    0.00328,
    0.00097,
    0.00023
  ],
  "Fiorentina": [
    0.00994,
    0.02741,
    0.05418,
    0.07662,
    0.10364,
    0.11638,
    0.11096,
    0.10315,
    0.09024,
    0.0748,
    0.06344,
    0.05118,
    0.03973,
    0.02932,
    0.02038,
    0.01402,
    0.00819,
    0.00408,
    0.00189,
    0.00045
  ],
  "Cagliari": [
    0.0,
    2e-05,
    6e-05,
    0.00034,
    0.00075,
    0.0015,
    0.00269,
    0.00489,
    0.00773,
    0.01159,
    0.01618,
    0.02347,
    0.03278,
    0.04611,
    0.06294,
    0.08634,
    0.11549,
    0.15233,
    0.1978,
    0.23699
  ],
  "Spezia": [
    1e-05,
    5e-05,
    0.00027,
    0.00097,
    0.0023,
    0.00443,
    0.00746,
    0.0117,
    0.01719,
    0.02329,
    0.0313,
    0.04111,
    0.05438,
    0.07057,
    0.08611,
    0.10616,
    0.12802,
    0.14492,
    0.14757,
    0.12219
  ],
  "Sampdoria": [
    0.00015,
    0.00045,
    0.00176,
    0.00452,
    0.00829,
    0.01546,
    0.0229,
    0.03059,
    0.03919,
    0.05104,
    0.06001,
    0.0726,
    0.08617,
    0.09419,
    0.1034,
    0.10501,
    0.10238,
    0.09257,
    0.07007,
    0.03925
  ],
  "Milan": [
    0.30871,
    0.23263,
    0.17129,
    0.11305,
    0.07362,
    0.04334,
    0.02491,
    0.01421,
    0.00861,
    0.00516,
    0.00231,
    0.00124,
    0.00053,
    0.0002,
    0.00011,
    7e-05,
    1e-05,
    0.0,
    0.0,
    0.0
  ]
}