{
  "Heerenveen": [
    0.0,
    0.0,
    0.0,
    0.0,
    0.00021,
    0.00504,
    0.04629,
    0.14167,
    0.26176,
    0.25286,
    0.16817,
    0.08168,
    0.03115,
    0.00947,
    0.00151,
    0.00018,
    1e-05,
    0.0
  ],
  "Sparta Rotterdam": [
    3e-05,
    0.00027,
    0.00384,
    0.03558,
    0.31577,
    0.50834,
    0.11479,
    0.0191,
    0.00207,
    0.00021,
    0.0,
    0.0,
    0.0,
    0.0,
    0.0,
    0.0,
    0.0,
    0.0
  ],
  "For Sittard": [
    0.0,
    0.0,
    0.0,
    0.0,
    0.0,
    1e-05,
    0.00147,
    0.01313,
    0.05471,
    0.13215,
    0.24673,
    0.26772,
    0.1709,
    0.08208,
    0.02458,
    0.00556,
    0.00092,
    4e-05
  ],
  "Ajax": [
    0.24721,
    0.43238,
    0.22325,
    0.08898,
    0.00783,
    0.00035,
    0.0,
    0.0,
    0.0,
    0.0,
    0.0,
    0.0,
    0.0,
    0.0,
    0.0,
    0.0,
    0.0,
    0.0
  ],
  "Cambuur": [
    0.0,
    0.0,
    0.0,
    0.0,
    0.0,
    0.0,
    0.0,
    0.0,
    0.0,
    0.0001,
    0.00053,
    0.00343,
    0.01257,
    0.03658,
    0.08491,
    0.14779,
    0.25573,
    0.45836
  ],
  "Excelsior": [
    0.0,
    0.0,
    0.0,
    0.0,
    0.0,
    0.0,
    0.0,
    0.0,
    9e-05,
    0.00076,
    0.00478,
    0.01692,
    0.04368,
    0.09525,
    0.19414,
    0.28207,
    0.22954,
    0.13277
  ],
  "PSV Eindhoven": [
    0.05847,
    0.21844,
    0.41535,
    0.27224,
    0.03216,
    0.00328,
    6e-05,
    0.0,
    0.0,
    0.0,
    0.0,
    0.0,
    0.0,
    0.0,
    0.0,
    0.0,
    0.0,
    0.0
  ],
  "FC Emmen": [
    0.0,
    0.0,
    0.0,
    0.0,
    0.0,
    0.0,
    0.0,
    3e-05,
    0.00034,
    0.00166,
    0.00695,
    0.02365,
    0.06661,
    0.14187,
    0.28855,
    0.23975,
    0.15741,
    0.07318
  ],
  "Waalwijk": [
    0.0,
    0.0,
    0.0,
    5e-05,
    0.00424,
    0.03099,
    0.18854,
    0.32846,
    0.23126,
    0.12333,
    0.05952,
    0.02375,
    0.00767,
    0.00196,
    0.00021,
    2e-05,
    0.0,
    0.0
  ],
  "Utrecht": [
    0.0,
    0.0,
    0.0,
    0.00063,
    0.02665,
    0.12604,
    0.5027,
    0.23674,
    0.07906,
    0.02429,
    0.00354,
    0.00033,
    2e-05,
    0.0,
    0.0,
    0.0,
    0.0,
    0.0
  ],
  "Groningen": [
    0.0,
    0.0,
    0.0,
    0.0,
    0.0,
    0.0,
    0.0,
    0.0,
    0.0,
    0.00016,
    0.00155,
    0.00558,
    0.01715,
    0.04626,
    0.11175,
    0.19074,
    0.30518,
    0.32163
  ],
  "Volendam": [
    0.0,
    0.0,
    0.0,
    0.0,
    0.0,
    0.0,
    0.00017,
    0.00155,
    0.0078,
    0.03435,
    0.10717,
    0.19276,
    0.28359,
    0.2163,
    0.10383,
    0.03985,
    0.01069,
    0.00194
  ],
  "Nijmegen": [
    0.0,
    0.0,
    0.0,
    1e-05,
    0.00031,
    0.00607,
    0.0797,
    0.21065,
    0.26219,
    0.26584,
    0.11482,
    0.04222,
    0.01372,
    0.00377,
    0.0006,
    0.0001,
    0.0,
    0.0
  ],
  "Twente": [
    3e-05,
    0.00159,
    0.01465,
    0.08903,
    0.52367,
    0.30704,
    0.05615,
    0.00703,
    0.00074,
    7e-05,
    0.0,
    0.0,
    0.0,
    0.0,
    0.0,
    0.0,
    0.0,
    0.0
  ],
  "Vitesse": [
    0.0,
    0.0,
    0.0,
    0.0,
    0.0,
    0.0,
    9e-05,
    0.00149,
    0.00642,
    0.0192,
    0.06505,
    0.12395,
    0.20675,
    0.27872,
    0.16197,
    0.08572,
    0.03877,
    0.01187
  ],
  "Feyenoord": [
    0.66917,
    0.23962,
    0.07528,
    0.01559,
    0.00033,
    1e-05,
    0.0,
    0.0,
    0.0,
    0.0,
    0.0,
    0.0,
    0.0,
    0.0,
    0.0,
    0.0,
    0.0,
    0.0
  ],
  "AZ Alkmaar": [
    0.02509,
    0.1077,
    0.26763,
    0.49789,
    0.08881,
    0.01253,
    0.00035,
    0.0,
    0.0,
    0.0,
    0.0,
    0.0,
    0.0,
    0.0,
    0.0,
    0.0,
    0.0,
    0.0
  ],
  "Go Ahead Eagles": [
    0.0,
    0.0,
    0.0,
    0.0,
    2e-05,
    0.0003,
    0.00969,
    0.04015,
    0.09356,
    0.14502,
    0.22119,
    0.21801,
    0.14619,
    0.08774,
    0.02795,
    0.00822,
    0.00175,
    0.00021
  ]
}