{
  "Go Ahead Eagles": [
    0.0,
    0.0,
    0.0,
    0.0,
    0.0,
    1e-05,
    0.0007,
    0.01192,
    0.03634,
    0.08134,
    0.1303,
    0.17085,
    0.17776,
    0.14923,
    0.11137,
    0.07645,
    0.04138,
    0.01235
  ],
  "Heerenveen": [
    0.0,
    0.0,
    0.0,
    0.0,
    0.0,
    0.00019,
    0.00299,
    0.03896,
    0.10111,
    0.18169,
    0.20087,
    0.1676,
    0.12497,
    0.08533,
    0.05348,
    0.02915,
    0.01202,
    0.00164
  ],
  "Waalwijk": [
    0.0,
    0.0,
    0.0,
    0.0,
    0.0,
    0.0,
    4e-05,
    0.00191,
    0.0106,
    0.03354,
    0.06774,
    0.10456,
    0.14757,
    0.1817,
    0.18358,
    0.14895,
    0.08892,
    0.03089
  ],
  "AZ Alkmaar": [
    0.00018,
    0.00685,
    0.05896,
    0.46169,
    0.35233,
    0.09546,
    0.02385,
    0.00066,
    2e-05,
    0.0,
    0.0,
    0.0,
    0.0,
    0.0,
    0.0,
    0.0,
    0.0,
    0.0
  ],
  "Heracles": [
    0.0,
    0.0,
    0.0,
    0.0,
    0.0,
    6e-05,
    0.00048,
    0.01268,
    0.04739,
    0.11689,
    0.16631,
    0.17911,
    0.16103,
    0.12365,
    0.09094,
    0.05978,
    0.03236,
    0.00932
  ],
  "PSV Eindhoven": [
    0.07921,
    0.54706,
    0.34011,
    0.02977,
    0.00366,
    0.00016,
    3e-05,
    0.0,
    0.0,
    0.0,
    0.0,
    0.0,
    0.0,
    0.0,
    0.0,
    0.0,
    0.0,
    0.0
  ],
  "For Sittard": [
    0.0,
    0.0,
    0.0,
    0.0,
    0.0,
    0.0,
    4e-05,
    0.00108,
    0.00569,
    0.01634,
    0.03745,
    0.06829,
    0.10018,
    0.13608,
    0.16368,
    0.18017,
    0.17923,
    0.11177
  ],
  "Twente": [
    0.0,
    0.00436,
    0.04187,
    0.39314,
    0.43197,
    0.10426,
    0.02331,
    0.00103,
    6e-05,
    0.0,
    0.0,
    0.0,
    0.0,
    0.0,
    0.0,
    0.0,
    0.0,
    0.0
  ],
  "Ajax": [
    0.8396,
    0.12222,
    0.03696,
    0.00113,
    9e-05,
    0.0,
    0.0,
    0.0,
    0.0,
    0.0,
    0.0,
    0.0,
    0.0,
    0.0,
    0.0,
    0.0,
    0.0,
    0.0
  ],
  "Nijmegen": [
    0.0,
    0.0,
    0.0,
    7e-05,
    0.00099,
    0.01248,
    0.06349,
    0.36395,
    0.30739,
    0.14874,
    0.06355,
    0.02631,
    0.00935,
    0.00273,
    0.00081,
    0.00014,
    0.0,
    0.0
  ],
  "Cambuur": [
    0.0,
    0.0,
    0.0,
    1e-05,
    0.0005,
    0.00807,
    0.04719,
    0.35403,
    0.29188,
    0.16111,
    0.07807,
    0.03599,
    0.01542,
    0.00546,
    0.00177,
    0.00045,
    4e-05,
    1e-05
  ],
  "Groningen": [
    0.0,
    0.0,
    0.0,
    0.0,
    1e-05,
    0.00044,
    0.00643,
    0.09493,
    0.1713,
    0.23062,
    0.19227,
    0.13288,
    0.08402,
    0.0471,
    0.02494,
    0.01135,
    0.00329,
    0.00042
  ],
  "Utrecht": [
    0.0,
    1e-05,
    0.00033,
    0.01463,
    0.07027,
    0.31299,
    0.51308,
    0.07255,
    0.01342,
    0.0023,
    0.00036,
    6e-05,
    0.0,
    0.0,
    0.0,
    0.0,
    0.0,
    0.0
  ],
  "Sparta Rotterdam": [
    0.0,
    0.0,
    0.0,
    0.0,
    0.0,
    0.0,
    1e-05,
    0.00034,
    0.0018,
    0.00662,
    0.01692,
    0.03252,
    0.05371,
    0.08495,
    0.12766,
    0.18195,
    0.25139,
    0.24213
  ],
  "Zwolle": [
    0.0,
    0.0,
    0.0,
    0.0,
    0.0,
    0.0,
    0.0,
    0.0,
    8e-05,
    0.00062,
    0.00237,
    0.00666,
    0.01502,
    0.03356,
    0.06401,
    0.12019,
    0.23503,
    0.52246
  ],
  "Vitesse": [
    0.0,
    0.0,
    0.00035,
    0.0332,
    0.12889,
    0.46546,
    0.31833,
    0.04509,
    0.0076,
    0.00092,
    0.00014,
    2e-05,
    0.0,
    0.0,
    0.0,
    0.0,
    0.0,
    0.0
  ],
  "Willem II": [
    0.0,
    0.0,
    0.0,
    0.0,
    0.0,
    0.0,
    3e-05,
    0.00087,
    0.00532,
    0.01927,
    0.04365,
    0.07515,
    0.11097,
    0.15021,
    0.17776,
    0.19142,
    0.15634,
    0.06901
  ],
  "Feyenoord": [
    0.08101,
    0.3195,
    0.52142,
    0.06636,
    0.01129,
    0.00042,
    0.0,
    0.0,
    0.0,
    0.0,
    0.0,
    0.0,
    0.0,
    0.0,
    0.0,
    0.0,
    0.0,
    0.0
  ]
}