{
  "Ein Frankfurt": [
    0.02563,
    0.04555,
    0.06329,
    0.08328,
    0.10446,
    0.12083,
    0.13058,
    0.12788,
    0.11476,
    0.09069,
    0.05107,
    0.02466,
    0.01066,
    0.00435,
    0.00176,
    0.00047,
    8e-05,
    0.0
  ],
  "Bayern Munich": [
    0.19914,
    0.19327,
    0.17064,
    0.13637,
    0.10043,
    0.07142,
    0.0507,
    0.034,
    0.02242,
    0.01263,
    0.00593,
    0.00212,
    0.00067,
    0.0002,
    4e-05,
    2e-05,
    0.0,
    0.0
  ],
  "Augsburg": [
    0.0,
    0.0,
    2e-05,
    0.00012,
    0.00032,
    0.00068,
    0.00176,
    0.00337,
    0.0073,
    0.01647,
    0.0372,
    0.06967,
    0.11073,
    0.15611,
    0.19227,
    0.18492,
    0.13773,
    0.08133
  ],
  "Freiburg": [
    0.14438,
    0.16094,
    0.16232,
    0.14821,
    0.11618,
    0.08926,
    0.06582,
    0.04825,
    0.03179,
    0.01953,
    0.00864,
    0.00324,
    0.00116,
    0.00023,
    2e-05,
    3e-05,
    0.0,
    0.0
  ],
  "Bochum": [
    0.0,
    0.0,
    0.0,
    1e-05,
    0.0,
    1e-05,
    3e-05,
    0.00015,
    0.00049,
    0.00133,
    0.00401,
    0.01153,
    0.0254,
    0.05224,
    0.09221,
    0.15687,
    0.26101,
    0.39471
  ],
  "Mainz": [
    0.04012,
    0.06822,
    0.09152,
    0.11562,
    0.13014,
    0.13123,
    0.11752,
    0.10038,
    0.08219,
    0.06063,
    0.035,
    0.01681,
    0.00698,
    0.00269,
    0.00065,
    0.00029,
    1e-05,
    0.0
  ],
  "M'gladbach": [
    0.01425,
    0.03124,
    0.04936,
    0.07323,
    0.09714,
    0.11435,
    0.12696,
    0.13114,
    0.1235,
    0.10513,
    0.06623,
    0.03715,
    0.01886,
    0.00732,
    0.00318,
    0.00071,
    0.00025,
    0.0
  ],
  "Hoffenheim": [
    0.00813,
    0.0194,
    0.03382,
    0.05195,
    0.0744,
    0.09547,
    0.11544,
    0.13088,
    0.1435,
    0.12846,
    0.09174,
    0.05657,
    0.02961,
    0.0134,
    0.00478,
    0.00194,
    0.00039,
    0.00012
  ],
  "Union Berlin": [
    0.23743,
    0.20287,
    0.16425,
    0.12421,
    0.09124,
    0.06506,
    0.04684,
    0.03153,
    0.02024,
    0.01058,
    0.00403,
    0.00129,
    0.00033,
    9e-05,
    1e-05,
    0.0,
    0.0,
    0.0
  ],
  "Hertha": [
    1e-05,
    0.00023,
    0.00068,
    0.00155,
    0.00414,
    0.00714,
    0.0141,
    0.02558,
    0.04494,
    0.07847,
    0.1296,
    0.16704,
    0.17423,
    0.14317,
    0.10094,
    0.06512,
    0.03119,
    0.01187
  ],
  "Wolfsburg": [
    0.0,
    0.0,
    0.0,
    0.0,
    0.00013,
    0.00039,
    0.00077,
    0.00245,
    0.00545,
    0.01253,
    0.0303,
    0.05672,
    0.0964,
    0.14095,
    0.18109,
    0.20331,
    0.1681,
    0.10141
  ],
  "Werder Bremen": [
    0.00835,
    0.01958,
    0.03369,
    0.05406,
    0.07748,
    0.09723,
    0.11765,
    0.13176,
    0.13798,
    0.12984,
    0.09126,
    0.05358,
    0.02749,
    0.01261,
    0.00542,
    0.00158,
    0.00037,
    7e-05
  ],
  "Dortmund": [
    0.30039,
    0.21688,
    0.16213,
    0.11675,
    0.07844,
    0.05197,
    0.03309,
    0.02036,
    0.01148,
    0.00553,
    0.00206,
    0.00076,
    0.00012,
    4e-05,
    0.0,
    0.0,
    0.0,
    0.0
  ],
  "Leverkusen": [
    0.0,
    5e-05,
    0.0001,
    0.00028,
    0.00072,
    0.0018,
    0.00383,
    0.00759,
    0.01442,
    0.0314,
    0.06383,
    0.10737,
    0.14947,
    0.17913,
    0.17217,
    0.13721,
    0.08779,
    0.04284
  ],
  "Stuttgart": [
    0.00014,
    0.00056,
    0.00145,
    0.00329,
    0.00585,
    0.01198,
    0.0202,
    0.03314,
    0.0564,
    0.09438,
    0.1518,
    0.17562,
    0.16201,
    0.12372,
    0.08212,
    0.04852,
    0.02153,
    0.00729
  ],
  "RB Leipzig": [
    0.00028,
    0.00114,
    0.00277,
    0.0054,
    0.01031,
    0.0176,
    0.02924,
    0.04616,
    0.07287,
    0.11215,
    0.16615,
    0.1732,
    0.14339,
    0.10248,
    0.06388,
    0.03384,
    0.01493,
    0.00421
  ],
  "FC Koln": [
    0.02175,
    0.04007,
    0.06396,
    0.08566,
    0.10861,
    0.12355,
    0.12544,
    0.12506,
    0.10953,
    0.0884,
    0.05631,
    0.02996,
    0.01349,
    0.00593,
    0.0017,
    0.00047,
    0.0001,
    1e-05
  ],
  "Schalke 04": [
    0.0,
    0.0,
    0.0,
    1e-05,
    1e-05,
    3e-05,
    3e-05,
    0.00032,
    0.00074,
    0.00185,
    0.00484,
    0.01271,
    0.029,
    0.05534,
    0.09776,
    0.1647,
    0.27652,
    0.35614
  ]
}