{
  "Le Havre": [
    0.0,
    0.0,
    0.0,
    0.0,
    0.0,
    0.0,
    0.0,
    0.0,
    1e-05,
    0.00024,
    0.00219,
    0.00655,
    0.01922,
    0.0567,
    0.14462,
    0.31922,
    0.3345,
    0.11675
  ],
  "Paris SG": [
    0.99968,
    0.0003,
    2e-05,
    0.0,
    0.0,
    0.0,
    0.0,
    0.0,
    0.0,
    0.0,
    0.0,
    0.0,
    0.0,
    0.0,
    0.0,
    0.0,
    0.0,
    0.0
  ],
  "Brest": [
    0.0,
    2e-05,
    0.00022,
    0.00148,
    0.00676,
    0.0271,
    0.09552,
    0.22281,
    0.26511,
    0.22795,
    0.09607,
    0.03883,
    0.01433,
    0.0032,
    0.00055,
    5e-05,
    0.0,
    0.0
  ],
  "Marseille": [
    0.00031,
    0.71102,
    0.20748,
    0.05887,
    0.01814,
    0.00376,
    0.00035,
    7e-05,
    0.0,
    0.0,
    0.0,
    0.0,
    0.0,
    0.0,
    0.0,
    0.0,
    0.0,
    0.0
  ],
  "Reims": [
    0.0,
    0.0,
    0.0,
    0.0,
    0.0,
    0.0,
    3e-05,
    0.00022,
    0.00106,
    0.00444,
    0.01676,
    0.04488,
    0.0962,
    0.19953,
    0.31584,
    0.20672,
    0.09797,
    0.01635
  ],
  "Lille": [
    0.0,
    0.02776,
    0.11287,
    0.26708,
    0.29202,
    0.19503,
    0.07522,
    0.02237,
    0.00604,
    0.00143,
    0.00016,
    2e-05,
    0.0,
    0.0,
    0.0,
    0.0,
    0.0,
    0.0
  ],
  "Monaco": [
    0.0,
    0.05129,
    0.16182,
    0.29104,
    0.26193,
    0.15793,
    0.05754,
    0.01462,
    0.00327,
    0.00053,
    3e-05,
    0.0,
    0.0,
    0.0,
    0.0,
    0.0,
    0.0,
    0.0
  ],
  "St Etienne": [
    0.0,
    0.0,
    0.0,
    0.0,
    0.0,
    0.0,
    0.0,
    0.0,
    3e-05,
    0.0001,
    0.00077,
    0.00428,
    0.01804,
    0.05731,
    0.14673,
    0.28362,
    0.36478,
    0.12434
  ],
  "Auxerre": [
    0.0,
    0.0,
    1e-05,
    0.0,
    6e-05,
    0.00065,
    0.00588,
    0.02526,
    0.06718,
    0.14933,
    0.27157,
    0.22932,
    0.14287,
    0.07538,
    0.02519,
    0.00629,
    0.00099,
    2e-05
  ],
  "Nice": [
    1e-05,
    0.20127,
    0.45687,
    0.20107,
    0.09427,
    0.0366,
    0.00872,
    0.0011,
    8e-05,
    1e-05,
    0.0,
    0.0,
    0.0,
    0.0,
    0.0,
    0.0,
    0.0,
    0.0
  ],
  "Angers": [
    0.0,
    0.0,
    0.0,
    0.0,
    0.0,
    5e-05,
    0.00065,
    0.0036,
    0.01305,
    0.04369,
    0.12355,
    0.19398,
    0.27999,
    0.20397,
    0.10528,
    0.02779,
    0.00429,
    0.00011
  ],
  "Lens": [
    0.0,
    2e-05,
    0.00012,
    0.00177,
    0.0076,
    0.02805,
    0.08966,
    0.20354,
    0.25502,
    0.23365,
    0.10735,
    0.05115,
    0.0173,
    0.00413,
    0.00056,
    8e-05,
    0.0,
    0.0
  ],
  "Montpellier": [
    0.0,
    0.0,
    0.0,
    0.0,
    0.0,
    0.0,
    0.0,
    0.0,
    0.0,
    1e-05,
    4e-05,
    0.00016,
    0.00086,
    0.00474,
    0.01899,
    0.06353,
    0.17245,
    0.73922
  ],
  "Strasbourg": [
    0.0,
    0.00051,
    0.00672,
    0.03121,
    0.08244,
    0.19511,
    0.36049,
    0.19501,
    0.08601,
    0.03179,
    0.00832,
    0.00197,
    0.00037,
    5e-05,
    0.0,
    0.0,
    0.0,
    0.0
  ],
  "Toulouse": [
    0.0,
    2e-05,
    0.00019,
    0.00185,
    0.00954,
    0.03854,
    0.13513,
    0.23869,
    0.2391,
    0.1839,
    0.09108,
    0.04296,
    0.01445,
    0.00401,
    0.00052,
    2e-05,
    0.0,
    0.0
  ],
  "Nantes": [
    0.0,
    0.0,
    0.0,
    0.0,
    0.0,
    1e-05,
    0.00027,
    0.00167,
    0.00759,
    0.02415,
    0.06501,
    0.11245,
    0.19108,
    0.28245,
    0.20313,
    0.08474,
    0.02424,
    0.00321
  ],
  "Rennes": [
    0.0,
    0.0,
    0.0,
    0.0,
    2e-05,
    0.00035,
    0.00251,
    0.01321,
    0.03933,
    0.09406,
    0.21607,
    0.27332,
    0.20529,
    0.10853,
    0.03859,
    0.00794,
    0.00078,
    0.0
  ],
  "Lyon": [
    0.0,
    0.00779,
    0.05368,
    0.14563,
    0.22722,
    0.31682,
    0.16803,
    0.05783,
    0.01712,
    0.00472,
    0.00103,
    0.00013,
    0.0,
    0.0,
    0.0,
    0.0,
    0.0,
    0.0
  ]
}