{
  "Bordeaux": [
    0.00097,
    0.00414,
    0.01002,
    0.02291,
    0.04846,
    0.0683,
    0.08368,
    0.09678,
    0.10014,
    0.10457,
    0.09909,
    0.09109,
    0.08497,
    0.07119,
    0.05446,
    0.03654,
    0.01616,
    0.00512,
    0.0013,
    0.00011
  ],
  "Nantes": [
    4e-05,
    0.00013,
    0.00055,
    0.00202,
    0.00554,
    0.01029,
    0.01715,
    0.02361,
    0.03371,
    0.04399,
    0.05757,
    0.07395,
    0.09259,
    0.11796,
    0.14735,
    0.17125,
    0.11718,
    0.0607,
    0.02061,
    0.00381
  ],
  "Dijon": [
    0.0,
    0.0,
    0.0,
    0.0,
    0.0,
    0.0,
    0.0,
    0.0,
    0.0,
    1e-05,
    3e-05,
    8e-05,
    0.0003,
    0.00072,
    0.00197,
    0.00711,
    0.02697,
    0.08017,
    0.22555,
    0.65709
  ],
  "Angers": [
    0.00029,
    0.00116,
    0.00487,
    0.01155,
    0.02468,
    0.03915,
    0.05102,
    0.06276,
    0.07486,
    0.08461,
    0.09322,
    0.10003,
    0.10597,
    0.10896,
    0.10058,
    0.07724,
    0.04039,
    0.01507,
    0.00331,
    0.00028
  ],
  "Lille": [
    0.20287,
    0.22557,
    0.21125,
    0.16466,
    0.0876,
    0.04639,
    0.02702,
    0.01461,
    0.0091,
    0.00489,
    0.00304,
    0.00158,
    0.00082,
    0.00041,
    0.00016,
    3e-05,
    0.0,
    0.0,
    0.0,
    0.0
  ],
  "Rennes": [
    0.33136,
    0.25593,
    0.18943,
    0.1169,
    0.05568,
    0.02569,
    0.01175,
    0.00646,
    0.0035,
    0.00168,
    0.00091,
    0.00043,
    0.0001,
    0.00014,
    3e-05,
    1e-05,
    0.0,
    0.0,
    0.0,
    0.0
  ],
  "Monaco": [
    0.00229,
    0.00717,
    0.01757,
    0.04062,
    0.07421,
    0.09017,
    0.10166,
    0.10351,
    0.10263,
    0.09836,
    0.08751,
    0.07853,
    0.06736,
    0.05457,
    0.03797,
    0.02246,
    0.01018,
    0.00275,
    0.00047,
    1e-05
  ],
  "Reims": [
    0.0,
    0.0,
    1e-05,
    2e-05,
    0.00012,
    0.00029,
    0.00089,
    0.00167,
    0.00321,
    0.00519,
    0.00841,
    0.0145,
    0.02395,
    0.04072,
    0.07168,
    0.13033,
    0.24192,
    0.25137,
    0.15533,
    0.05039
  ],
  "Lorient": [
    0.0,
    0.0,
    0.0,
    1e-05,
    0.00012,
    0.00016,
    0.00055,
    0.00088,
    0.00147,
    0.00323,
    0.00517,
    0.00904,
    0.01714,
    0.03202,
    0.06009,
    0.11351,
    0.22551,
    0.28245,
    0.18565,
    0.063
  ],
  "Strasbourg": [
    0.0,
    0.0,
    0.0,
    0.0,
    1e-05,
    0.0,
    5e-05,
    0.00013,
    0.00019,
    0.00058,
    0.0009,
    0.00188,
    0.00353,
    0.00758,
    0.01699,
    0.03984,
    0.10548,
    0.21519,
    0.38493,
    0.22272
  ],
  "Nimes": [
    0.00123,
    0.0045,
    0.01184,
    0.02776,
    0.05375,
    0.07388,
    0.089,
    0.09499,
    0.09681,
    0.09793,
    0.10126,
    0.09419,
    0.08189,
    0.06679,
    0.05195,
    0.03196,
    0.01427,
    0.00502,
    0.0009,
    8e-05
  ],
  "Brest": [
    0.00023,
    0.00112,
    0.0029,
    0.00825,
    0.01844,
    0.03129,
    0.04435,
    0.05572,
    0.06966,
    0.08327,
    0.0968,
    0.10582,
    0.11313,
    0.11517,
    0.10308,
    0.08382,
    0.04527,
    0.01698,
    0.00439,
    0.00031
  ],
  "Nice": [
    0.00613,
    0.01803,
    0.03992,
    0.075,
    0.12199,
    0.13208,
    0.11916,
    0.10755,
    0.09317,
    0.07837,
    0.0627,
    0.05111,
    0.03749,
    0.02614,
    0.01781,
    0.00927,
    0.00325,
    0.00075,
    8e-05,
    0.0
  ],
  "Lens": [
    0.13747,
    0.18232,
    0.2129,
    0.1997,
    0.11156,
    0.06492,
    0.03607,
    0.02393,
    0.01351,
    0.00775,
    0.0047,
    0.00279,
    0.00142,
    0.0006,
    0.00027,
    6e-05,
    3e-05,
    0.0,
    0.0,
    0.0
  ],
  "Lyon": [
    8e-05,
    0.00058,
    0.00175,
    0.0054,
    0.01232,
    0.02105,
    0.0326,
    0.04601,
    0.05778,
    0.07064,
    0.08353,
    0.09705,
    0.11188,
    0.12082,
    0.1256,
    0.11174,
    0.06433,
    0.02786,
    0.00809,
    0.00089
  ],
  "Montpellier": [
    0.00179,
    0.00721,
    0.01817,
    0.03921,
    0.06918,
    0.08924,
    0.10054,
    0.10309,
    0.10094,
    0.09586,
    0.08966,
    0.07905,
    0.06915,
    0.05605,
    0.04054,
    0.02537,
    0.01102,
    0.00339,
    0.00052,
    2e-05
  ],
  "Metz": [
    5e-05,
    0.00062,
    0.00165,
    0.00498,
    0.01246,
    0.02124,
    0.03092,
    0.04247,
    0.05347,
    0.06551,
    0.07831,
    0.09398,
    0.10835,
    0.12346,
    0.13153,
    0.11916,
    0.07066,
    0.03129,
    0.00861,
    0.00128
  ],
  "St Etienne": [
    0.00549,
    0.01595,
    0.03514,
    0.06746,
    0.10957,
    0.12015,
    0.1153,
    0.10506,
    0.0939,
    0.08068,
    0.06823,
    0.05795,
    0.04654,
    0.03449,
    0.02443,
    0.01302,
    0.00508,
    0.00135,
    0.0002,
    1e-05
  ],
  "Marseille": [
    0.00832,
    0.02231,
    0.04748,
    0.0878,
    0.13334,
    0.13493,
    0.12282,
    0.10276,
    0.08721,
    0.0703,
    0.05755,
    0.04639,
    0.0331,
    0.0221,
    0.01342,
    0.00727,
    0.0023,
    0.00054,
    6e-05,
    0.0
  ],
  "Paris SG": [
    0.30139,
    0.25326,
    0.19455,
    0.12575,
    0.06097,
    0.03078,
    0.01547,
    0.00801,
    0.00474,
    0.00258,
    0.00141,
    0.00056,
    0.00032,
    0.00011,
    9e-05,
    1e-05,
    0.0,
    0.0,
    0.0,
    0.0
  ]
}