{
  "Heerenveen": [
    0.00132,
    0.00519,
    0.01363,
    0.0273,
    0.05331,
    0.09287,
    0.13983,
    0.17043,
    0.15864,
    0.11628,
    0.08469,
    0.05648,
    0.03687,
    0.02238,
    0.01245,
    0.00559,
    0.00221,
    0.00053
  ],
  "Sparta Rotterdam": [
    0.02043,
    0.05125,
    0.08392,
    0.12441,
    0.16374,
    0.19287,
    0.16099,
    0.1054,
    0.05003,
    0.02488,
    0.01247,
    0.00598,
    0.00248,
    0.00075,
    0.00026,
    0.00013,
    1e-05,
    0.0
  ],
  "For Sittard": [
    4e-05,
    0.00022,
    0.00085,
    0.0026,
    0.00666,
    0.01844,
    0.04058,
    0.07666,
    0.1166,
    0.13569,
    0.13582,
    0.12587,
    0.10787,
    0.088,
    0.06564,
    0.04479,
    0.0241,
    0.00957
  ],
  "Ajax": [
    0.1002,
    0.15197,
    0.17688,
    0.17879,
    0.16043,
    0.11566,
    0.06664,
    0.03236,
    0.01153,
    0.00398,
    0.00115,
    0.00034,
    7e-05,
    0.0,
    0.0,
    0.0,
    0.0,
    0.0
  ],
  "Cambuur": [
    0.0,
    0.0,
    0.0,
    0.0,
    1e-05,
    5e-05,
    0.00039,
    0.00135,
    0.00414,
    0.00976,
    0.01709,
    0.02837,
    0.04238,
    0.0668,
    0.09995,
    0.14985,
    0.22842,
    0.35144
  ],
  "Excelsior": [
    0.0,
    2e-05,
    0.00012,
    0.00057,
    0.0017,
    0.00556,
    0.01557,
    0.03494,
    0.06567,
    0.09858,
    0.11934,
    0.12444,
    0.12969,
    0.12377,
    0.10768,
    0.08487,
    0.05874,
    0.02874
  ],
  "PSV Eindhoven": [
    0.12422,
    0.17143,
    0.18707,
    0.17743,
    0.14715,
    0.10152,
    0.0548,
    0.02475,
    0.00825,
    0.00238,
    0.00079,
    0.00018,
    3e-05,
    0.0,
    0.0,
    0.0,
    0.0,
    0.0
  ],
  "FC Emmen": [
    0.0,
    0.0,
    0.0,
    1e-05,
    0.00013,
    0.0007,
    0.00269,
    0.00796,
    0.01808,
    0.03209,
    0.05123,
    0.07855,
    0.10073,
    0.12251,
    0.14636,
    0.15939,
    0.156,
    0.12357
  ],
  "Waalwijk": [
    0.00049,
    0.00168,
    0.00556,
    0.01286,
    0.02761,
    0.05795,
    0.09911,
    0.14224,
    0.16147,
    0.13495,
    0.11414,
    0.08385,
    0.06387,
    0.04281,
    0.02768,
    0.01486,
    0.0069,
    0.00197
  ],
  "Utrecht": [
    0.00617,
    0.01764,
    0.03717,
    0.06424,
    0.10513,
    0.1577,
    0.19984,
    0.16593,
    0.10585,
    0.07215,
    0.03619,
    0.01793,
    0.00878,
    0.00343,
    0.0013,
    0.00044,
    0.00011,
    0.0
  ],
  "Groningen": [
    0.0,
    0.0,
    0.0,
    0.0,
    2e-05,
    7e-05,
    0.00049,
    0.00149,
    0.00427,
    0.01077,
    0.02085,
    0.03436,
    0.05218,
    0.07671,
    0.10758,
    0.15943,
    0.23246,
    0.29932
  ],
  "Volendam": [
    0.0,
    0.0,
    1e-05,
    4e-05,
    0.00036,
    0.00139,
    0.00464,
    0.01154,
    0.02308,
    0.04451,
    0.06602,
    0.08977,
    0.10794,
    0.12723,
    0.1425,
    0.14786,
    0.13325,
    0.09986
  ],
  "Nijmegen": [
    3e-05,
    0.00046,
    0.00126,
    0.00402,
    0.01078,
    0.02588,
    0.05708,
    0.09478,
    0.12938,
    0.14901,
    0.13899,
    0.12035,
    0.09298,
    0.06952,
    0.05121,
    0.03165,
    0.0167,
    0.00592
  ],
  "Twente": [
    0.05976,
    0.1143,
    0.15456,
    0.17933,
    0.17822,
    0.14185,
    0.09047,
    0.04748,
    0.02063,
    0.0088,
    0.00292,
    0.00126,
    0.00029,
    0.0001,
    3e-05,
    0.0,
    0.0,
    0.0
  ],
  "Vitesse": [
    3e-05,
    4e-05,
    0.0002,
    0.00062,
    0.00225,
    0.0067,
    0.01741,
    0.03743,
    0.05938,
    0.08019,
    0.10347,
    0.12106,
    0.13169,
    0.12786,
    0.11481,
    0.09502,
    0.06643,
    0.03541
  ],
  "Feyenoord": [
    0.4386,
    0.24615,
    0.14908,
    0.08627,
    0.04701,
    0.02158,
    0.00815,
    0.00237,
    0.00061,
    0.00015,
    3e-05,
    0.0,
    0.0,
    0.0,
    0.0,
    0.0,
    0.0,
    0.0
  ],
  "AZ Alkmaar": [
    0.2487,
    0.23964,
    0.18956,
    0.14097,
    0.0932,
    0.05242,
    0.02388,
    0.00883,
    0.00212,
    0.00054,
    0.00011,
    2e-05,
    1e-05,
    0.0,
    0.0,
    0.0,
    0.0,
    0.0
  ],
  "Go Ahead Eagles": [
    1e-05,
    1e-05,
    0.00013,
    0.00054,
    0.00229,
    0.00679,
    0.01744,
    0.03406,
    0.06027,
    0.07529,
    0.0947,
    0.11119,
    0.12214,
    0.12813,
    0.12255,
    0.10612,
    0.07467,
    0.04367
  ]
}