{
  "Werder Bremen": [
    0.0,
    0.0,
    0.0,
    0.0,
    0.0,
    0.0001,
    0.00128,
    0.01046,
    0.03576,
    0.1145,
    0.2484,
    0.25577,
    0.17598,
    0.10461,
    0.0413,
    0.01129,
    0.00055,
    0.0
  ],
  "Bayern Munich": [
    0.0,
    0.58856,
    0.37618,
    0.03299,
    0.00227,
    0.0,
    0.0,
    0.0,
    0.0,
    0.0,
    0.0,
    0.0,
    0.0,
    0.0,
    0.0,
    0.0,
    0.0,
    0.0
  ],
  "Augsburg": [
    0.0,
    0.0,
    0.0,
    0.0,
    0.0,
    0.12163,
    0.2045,
    0.32715,
    0.2228,
    0.09224,
    0.02565,
    0.00552,
    0.0005,
    1e-05,
    0.0,
    0.0,
    0.0,
    0.0
  ],
  "M'gladbach": [
    0.0,
    0.0,
    0.0,
    0.0,
    0.0,
    0.00028,
    0.00269,
    0.01154,
    0.04567,
    0.11408,
    0.2368,
    0.2134,
    0.17565,
    0.12743,
    0.05537,
    0.0158,
    0.00129,
    0.0
  ],
  "Hoffenheim": [
    0.0,
    0.0,
    0.0,
    0.0,
    0.0,
    0.04119,
    0.1102,
    0.20107,
    0.29857,
    0.21521,
    0.09594,
    0.0293,
    0.00733,
    0.00116,
    3e-05,
    0.0,
    0.0,
    0.0
  ],
  "Freiburg": [
    0.0,
    0.0,
    0.0,
    0.0,
    0.0,
    0.28737,
    0.35347,
    0.19605,
    0.105,
    0.04984,
    0.00731,
    0.0009,
    6e-05,
    0.0,
    0.0,
    0.0,
    0.0,
    0.0
  ],
  "Leverkusen": [
    1.0,
    0.0,
    0.0,
    0.0,
    0.0,
    0.0,
    0.0,
    0.0,
    0.0,
    0.0,
    0.0,
    0.0,
    0.0,
    0.0,
    0.0,
    0.0,
    0.0,
    0.0
  ],
  "RB Leipzig": [
    0.0,
    0.00466,
    0.06086,
    0.43137,
    0.50309,
    2e-05,
    0.0,
    0.0,
    0.0,
    0.0,
    0.0,
    0.0,
    0.0,
    0.0,
    0.0,
    0.0,
    0.0,
    0.0
  ],
  "Stuttgart": [
    0.0,
    0.40352,
    0.51068,
    0.07787,
    0.00793,
    0.0,
    0.0,
    0.0,
    0.0,
    0.0,
    0.0,
    0.0,
    0.0,
    0.0,
    0.0,
    0.0,
    0.0,
    0.0
  ],
  "Bochum": [
    0.0,
    0.0,
    0.0,
    0.0,
    0.0,
    0.0,
    1e-05,
    1e-05,
    0.00055,
    0.00346,
    0.02018,
    0.05595,
    0.11219,
    0.16914,
    0.26442,
    0.28275,
    0.09133,
    1e-05
  ],
  "Wolfsburg": [
    0.0,
    0.0,
    0.0,
    0.0,
    0.0,
    0.0,
    5e-05,
    0.00061,
    0.00362,
    0.0181,
    0.07401,
    0.18084,
    0.236,
    0.21849,
    0.15351,
    0.0973,
    0.01747,
    0.0
  ],
  "Heidenheim": [
    0.0,
    0.0,
    0.0,
    0.0,
    0.0,
    0.0175,
    0.06081,
    0.11823,
    0.21879,
    0.32698,
    0.16392,
    0.0624,
    0.02267,
    0.00731,
    0.00126,
    0.00012,
    1e-05,
    0.0
  ],
  "Dortmund": [
    0.0,
    0.00326,
    0.05228,
    0.45777,
    0.48669,
    0.0,
    0.0,
    0.0,
    0.0,
    0.0,
    0.0,
    0.0,
    0.0,
    0.0,
    0.0,
    0.0,
    0.0,
    0.0
  ],
  "FC Koln": [
    0.0,
    0.0,
    0.0,
    0.0,
    0.0,
    0.0,
    0.0,
    0.0,
    0.0,
    6e-05,
    0.00056,
    0.00326,
    0.01181,
    0.03436,
    0.09684,
    0.20573,
    0.64168,
    0.0057
  ],
  "Union Berlin": [
    0.0,
    0.0,
    0.0,
    0.0,
    0.0,
    3e-05,
    0.00055,
    0.00284,
    0.01396,
    0.04616,
    0.11259,
    0.16164,
    0.1958,
    0.22518,
    0.14492,
    0.07648,
    0.01985,
    0.0
  ],
  "Mainz": [
    0.0,
    0.0,
    0.0,
    0.0,
    0.0,
    0.0,
    0.0,
    7e-05,
    0.00067,
    0.00517,
    0.01378,
    0.031,
    0.06201,
    0.11231,
    0.24235,
    0.31049,
    0.22207,
    8e-05
  ],
  "Ein Frankfurt": [
    0.0,
    0.0,
    0.0,
    0.0,
    2e-05,
    0.53188,
    0.26644,
    0.13197,
    0.05461,
    0.0142,
    0.00086,
    2e-05,
    0.0,
    0.0,
    0.0,
    0.0,
    0.0,
    0.0
  ],
  "Darmstadt": [
    0.0,
    0.0,
    0.0,
    0.0,
    0.0,
    0.0,
    0.0,
    0.0,
    0.0,
    0.0,
    0.0,
    0.0,
    0.0,
    0.0,
    0.0,
    4e-05,
    0.00575,
    0.99421
  ]
}