{
  "Liverpool": [
    1.0,
    0.0,
    0.0,
    0.0,
    0.0,
    0.0,
    0.0,
    0.0,
    0.0,
    0.0,
    0.0,
    0.0,
    0.0,
    0.0,
    0.0,
    0.0,
    0.0,
    0.0,
    0.0,
    0.0
  ],
  "Norwich": [
    0.0,
    0.0,
    0.0,
    0.0,
    0.0,
    0.0,
    0.0,
    0.0,
    0.0,
    0.0,
    0.0,
    0.0,
    0.0,
    0.0,
    0.0,
    1e-05,
    0.00103,
    0.02269,
    0.10087,
    0.8754
  ],
  "West Ham": [
    0.0,
    0.0,
    0.0,
    0.0,
    0.0,
    0.0,
    0.0,
    0.0,
    0.0,
    0.0,
    0.0,
    0.0,
    0.0,
    0.00027,
    0.03394,
    0.4117,
    0.3544,
    0.14488,
    0.05259,
    0.00222
  ],
  "Man City": [
    0.0,
    0.99663,
    0.00333,
    4e-05,
    0.0,
    0.0,
    0.0,
    0.0,
    0.0,
    0.0,
    0.0,
    0.0,
    0.0,
    0.0,
    0.0,
    0.0,
    0.0,
    0.0,
    0.0,
    0.0
  ],
  "Bournemouth": [
    0.0,
    0.0,
    0.0,
    0.0,
    0.0,
    0.0,
    0.0,
    0.0,
    0.0,
    0.0,
    0.0,
    0.0,
    0.0,
    0.0,
    0.00101,
    0.04049,
    0.13717,
    0.40976,
    0.36622,
    0.04535
  ],
  "Sheffield United": [
    0.0,
    0.0,
    0.00497,
    0.03723,
    0.07873,
    0.23246,
    0.29368,
    0.20628,
    0.09599,
    0.03704,
    0.01126,
    0.00221,
    0.00015,
    0.0,
    0.0,
    0.0,
    0.0,
    0.0,
    0.0,
    0.0
  ],
  "Burnley": [
    0.0,
    0.0,
    0.0,
    0.0002,
    0.00149,
    0.02182,
    0.05545,
    0.11661,
    0.23609,
    0.34151,
    0.15537,
    0.05817,
    0.01218,
    0.00111,
    0.0,
    0.0,
    0.0,
    0.0,
    0.0,
    0.0
  ],
  "Southampton": [
    0.0,
    0.0,
    0.0,
    0.0,
    0.0,
    0.00022,
    0.00222,
    0.00883,
    0.03165,
    0.08748,
    0.21678,
    0.26807,
    0.20738,
    0.14458,
    0.03279,
    0.0,
    0.0,
    0.0,
    0.0,
    0.0
  ],
  "Crystal Palace": [
    0.0,
    0.0,
    0.0,
    0.0,
    0.0,
    0.0,
    0.00011,
    0.00159,
    0.00865,
    0.03049,
    0.10491,
    0.16985,
    0.24204,
    0.3355,
    0.10595,
    0.00091,
    0.0,
    0.0,
    0.0,
    0.0
  ],
  "Everton": [
    0.0,
    0.0,
    0.0,
    0.0,
    0.0,
    0.00149,
    0.00503,
    0.01487,
    0.04329,
    0.11213,
    0.28234,
    0.24712,
    0.17901,
    0.10323,
    0.01149,
    0.0,
    0.0,
    0.0,
    0.0,
    0.0
  ],
  "Watford": [
    0.0,
    0.0,
    0.0,
    0.0,
    0.0,
    0.0,
    0.0,
    0.0,
    0.0,
    0.0,
    0.0,
    0.0,
    0.0,
    0.00067,
    0.03157,
    0.44624,
    0.38576,
    0.11046,
    0.02482,
    0.00048
  ],
  "Brighton": [
    0.0,
    0.0,
    0.0,
    0.0,
    0.0,
    0.0,
    0.0,
    0.0,
    0.0,
    0.0,
    0.00459,
    0.02369,
    0.05933,
    0.14776,
    0.69738,
    0.06125,
    0.00574,
    0.00026,
    0.0,
    0.0
  ],
  "Tottenham": [
    0.0,
    0.0,
    5e-05,
    0.00099,
    0.00679,
    0.04994,
    0.12984,
    0.21503,
    0.29418,
    0.20285,
    0.07007,
    0.02371,
    0.006,
    0.00055,
    0.0,
    0.0,
    0.0,
    0.0,
    0.0,
    0.0
  ],
  "Aston Villa": [
    0.0,
    0.0,
    0.0,
    0.0,
    0.0,
    0.0,
    0.0,
    0.0,
    0.0,
    0.0,
    0.0,
    0.0,
    0.0,
    0.0,
    0.00102,
    0.03908,
    0.1159,
    0.31195,
    0.4555,
    0.07655
  ],
  "Leicester": [
    0.0,
    0.00216,
    0.47009,
    0.28123,
    0.18303,
    0.05087,
    0.0116,
    0.00102,
    0.0,
    0.0,
    0.0,
    0.0,
    0.0,
    0.0,
    0.0,
    0.0,
    0.0,
    0.0,
    0.0,
    0.0
  ],
  "Wolves": [
    0.0,
    0.0,
    0.00749,
    0.03602,
    0.09853,
    0.34791,
    0.25882,
    0.15155,
    0.06625,
    0.02654,
    0.00619,
    0.00069,
    1e-05,
    0.0,
    0.0,
    0.0,
    0.0,
    0.0,
    0.0,
    0.0
  ],
  "Newcastle": [
    0.0,
    0.0,
    0.0,
    0.0,
    0.0,
    0.0,
    0.00019,
    0.00155,
    0.00824,
    0.03143,
    0.11438,
    0.19967,
    0.29307,
    0.2663,
    0.08485,
    0.00032,
    0.0,
    0.0,
    0.0,
    0.0
  ],
  "Arsenal": [
    0.0,
    0.0,
    0.00013,
    0.00368,
    0.01585,
    0.11098,
    0.20235,
    0.27914,
    0.21555,
    0.13053,
    0.03411,
    0.00682,
    0.00083,
    3e-05,
    0.0,
    0.0,
    0.0,
    0.0,
    0.0,
    0.0
  ],
  "Man United": [
    0.0,
    0.00088,
    0.32878,
    0.31079,
    0.26273,
    0.07471,
    0.01919,
    0.00281,
    0.00011,
    0.0,
    0.0,
    0.0,
    0.0,
    0.0,
    0.0,
    0.0,
    0.0,
    0.0,
    0.0,
    0.0
  ],
  "Chelsea": [
    0.0,
    0.00033,
    0.18516,
    0.32982,
    0.35285,
    0.1096,
    0.02152,
    0.00072,
    0.0,
    0.0,
    0.0,
    0.0,
    0.0,
    0.0,
    0.0,
    0.0,
    0.0,
    0.0,
    0.0,
    0.0
  ]
}