{
  "Groningen": [
    0.0,
    0.0,
    0.0,
    0.0,
    0.0,
    1e-05,
    0.00019,
    0.00467,
    0.01216,
    0.02367,
    0.04174,
    0.07192,
    0.12243,
    0.22192,
    0.24935,
    0.21297,
    0.0383,
    0.00067
  ],
  "NAC Breda": [
    0.0,
    0.0,
    0.0,
    3e-05,
    0.00022,
    0.00186,
    0.02352,
    0.1469,
    0.17215,
    0.17533,
    0.16373,
    0.14065,
    0.09863,
    0.05052,
    0.0204,
    0.00561,
    0.00045,
    0.0
  ],
  "Feyenoord": [
    0.00059,
    0.05879,
    0.37222,
    0.26914,
    0.17188,
    0.09732,
    0.02857,
    0.00132,
    0.00016,
    1e-05,
    0.0,
    0.0,
    0.0,
    0.0,
    0.0,
    0.0,
    0.0,
    0.0
  ],
  "Willem II": [
    0.0,
    0.0,
    0.0,
    1e-05,
    0.00016,
    0.00174,
    0.01852,
    0.12672,
    0.15716,
    0.16757,
    0.17094,
    0.15578,
    0.10763,
    0.05689,
    0.0269,
    0.00945,
    0.00052,
    1e-05
  ],
  "Nijmegen": [
    0.0,
    0.0,
    6e-05,
    0.00025,
    0.00176,
    0.01032,
    0.07396,
    0.30567,
    0.21374,
    0.15658,
    0.10939,
    0.07109,
    0.03495,
    0.01495,
    0.00574,
    0.00144,
    9e-05,
    1e-05
  ],
  "Twente": [
    4e-05,
    0.01243,
    0.13565,
    0.19318,
    0.25257,
    0.27145,
    0.12133,
    0.01117,
    0.00177,
    0.00031,
    5e-05,
    5e-05,
    0.0,
    0.0,
    0.0,
    0.0,
    0.0,
    0.0
  ],
  "Almere City": [
    0.0,
    0.0,
    0.0,
    0.0,
    0.0,
    0.0,
    0.0,
    0.0,
    0.0,
    0.0,
    0.0,
    0.0,
    5e-05,
    0.00019,
    0.00131,
    0.00993,
    0.15554,
    0.83298
  ],
  "AZ Alkmaar": [
    0.0,
    0.00751,
    0.10584,
    0.18402,
    0.26676,
    0.2915,
    0.13062,
    0.01139,
    0.00179,
    0.00044,
    0.00013,
    0.0,
    0.0,
    0.0,
    0.0,
    0.0,
    0.0,
    0.0
  ],
  "PSV Eindhoven": [
    0.91928,
    0.07965,
    0.00099,
    7e-05,
    1e-05,
    0.0,
    0.0,
    0.0,
    0.0,
    0.0,
    0.0,
    0.0,
    0.0,
    0.0,
    0.0,
    0.0,
    0.0,
    0.0
  ],
  "Waalwijk": [
    0.0,
    0.0,
    0.0,
    0.0,
    0.0,
    0.0,
    0.0,
    0.0,
    2e-05,
    6e-05,
    0.00031,
    0.00079,
    0.0035,
    0.01459,
    0.04031,
    0.12202,
    0.65814,
    0.16026
  ],
  "Sparta Rotterdam": [
    0.0,
    0.0,
    0.0,
    0.0,
    0.0,
    0.0,
    7e-05,
    0.00119,
    0.00294,
    0.0076,
    0.0171,
    0.03476,
    0.06994,
    0.15821,
    0.24844,
    0.35854,
    0.09599,
    0.00522
  ],
  "Heracles": [
    0.0,
    0.0,
    0.0,
    0.0,
    0.0,
    0.0,
    0.00012,
    0.00277,
    0.0081,
    0.01848,
    0.03477,
    0.06524,
    0.11746,
    0.21635,
    0.2669,
    0.22313,
    0.04586,
    0.00082
  ],
  "Go Ahead Eagles": [
    0.0,
    0.00057,
    0.0124,
    0.035,
    0.08217,
    0.19349,
    0.52621,
    0.10249,
    0.0302,
    0.01161,
    0.00424,
    0.00116,
    0.00038,
    8e-05,
    0.0,
    0.0,
    0.0,
    0.0
  ],
  "For Sittard": [
    0.0,
    0.0,
    0.0,
    0.0,
    0.00014,
    0.00122,
    0.0148,
    0.10875,
    0.1583,
    0.1734,
    0.17451,
    0.15281,
    0.11657,
    0.06255,
    0.02798,
    0.0084,
    0.00057,
    0.0
  ],
  "Utrecht": [
    0.00018,
    0.03644,
    0.28743,
    0.29559,
    0.21819,
    0.12735,
    0.03321,
    0.00144,
    0.00017,
    0.0,
    0.0,
    0.0,
    0.0,
    0.0,
    0.0,
    0.0,
    0.0,
    0.0
  ],
  "Zwolle": [
    0.0,
    0.0,
    0.0,
    1e-05,
    0.00018,
    0.00227,
    0.02579,
    0.14848,
    0.18473,
    0.1737,
    0.15028,
    0.12487,
    0.10185,
    0.05511,
    0.02455,
    0.00757,
    0.00061,
    0.0
  ],
  "Ajax": [
    0.07991,
    0.80461,
    0.08541,
    0.0227,
    0.00595,
    0.00127,
    0.00015,
    0.0,
    0.0,
    0.0,
    0.0,
    0.0,
    0.0,
    0.0,
    0.0,
    0.0,
    0.0,
    0.0
  ],
  "Heerenveen": [
    0.0,
    0.0,
    0.0,
    0.0,
    1e-05,
    0.0002,
    0.00294,
    0.02704,
    0.05661,
    0.09124,
    0.13281,
    0.18088,
    0.22661,
    0.14864,
    0.08812,
    0.04094,
    0.00393,
    3e-05
  ]
}