{
  "Benfica": [
    0.97164,
    0.02568,
    0.00258,
    0.0001,
    0.0,
    0.0,
    0.0,
    0.0,
    0.0,
    0.0,
    0.0,
    0.0,
    0.0,
    0.0,
    0.0,
    0.0,
    0.0,
    0.0
  ],
  "Arouca": [
    0.0,
    0.0,
    0.0,
    0.00049,
    0.23583,
    0.26178,
    0.20671,
    0.13281,
    0.08204,
    0.04731,
    0.02275,
    0.00817,
    0.00191,
    0.0002,
    0.0,
    0.0,
    0.0,
    0.0
  ],
  "Rio Ave": [
    0.0,
    0.0,
    0.0,
    0.0,
    0.04864,
    0.0872,
    0.12736,
    0.16792,
    0.17016,
    0.15392,
    0.11851,
    0.07843,
    0.0362,
    0.01045,
    0.0012,
    1e-05,
    0.0,
    0.0
  ],
  "Vizela": [
    0.0,
    0.0,
    0.0,
    1e-05,
    0.03842,
    0.07563,
    0.1151,
    0.15423,
    0.16988,
    0.1591,
    0.13423,
    0.09118,
    0.04629,
    0.01375,
    0.00213,
    4e-05,
    1e-05,
    0.0
  ],
  "Estoril": [
    0.0,
    0.0,
    0.0,
    0.0,
    0.0,
    2e-05,
    8e-05,
    0.00031,
    0.0014,
    0.00412,
    0.01171,
    0.03324,
    0.09398,
    0.26868,
    0.50031,
    0.07783,
    0.00796,
    0.00036
  ],
  "Famalicao": [
    0.0,
    0.0,
    0.0,
    0.0,
    0.01906,
    0.04419,
    0.0792,
    0.13001,
    0.15548,
    0.17071,
    0.17243,
    0.13161,
    0.07401,
    0.02074,
    0.00252,
    4e-05,
    0.0,
    0.0
  ],
  "Porto": [
    0.0222,
    0.60185,
    0.30691,
    0.06904,
    0.0,
    0.0,
    0.0,
    0.0,
    0.0,
    0.0,
    0.0,
    0.0,
    0.0,
    0.0,
    0.0,
    0.0,
    0.0,
    0.0
  ],
  "Maritimo": [
    0.0,
    0.0,
    0.0,
    0.0,
    0.0,
    0.0,
    0.0,
    0.0,
    0.0,
    0.0,
    1e-05,
    0.0002,
    0.00105,
    0.00865,
    0.05382,
    0.3744,
    0.38453,
    0.17734
  ],
  "Santa Clara": [
    0.0,
    0.0,
    0.0,
    0.0,
    0.0,
    0.0,
    0.0,
    0.0,
    0.0,
    0.0,
    0.0,
    1e-05,
    0.00025,
    0.00297,
    0.0177,
    0.1687,
    0.26991,
    0.54046
  ],
  "Casa Pia": [
    0.0,
    0.0,
    0.0,
    0.00021,
    0.15812,
    0.23087,
    0.22781,
    0.15683,
    0.10583,
    0.06719,
    0.03417,
    0.01431,
    0.00387,
    0.00075,
    4e-05,
    0.0,
    0.0,
    0.0
  ],
  "Sp Braga": [
    0.00596,
    0.32293,
    0.49533,
    0.17574,
    4e-05,
    0.0,
    0.0,
    0.0,
    0.0,
    0.0,
    0.0,
    0.0,
    0.0,
    0.0,
    0.0,
    0.0,
    0.0,
    0.0
  ],
  "Sp Lisbon": [
    0.0002,
    0.04954,
    0.19516,
    0.75163,
    0.0034,
    7e-05,
    0.0,
    0.0,
    0.0,
    0.0,
    0.0,
    0.0,
    0.0,
    0.0,
    0.0,
    0.0,
    0.0,
    0.0
  ],
  "Chaves": [
    0.0,
    0.0,
    0.0,
    0.0,
    0.01284,
    0.03945,
    0.07271,
    0.11468,
    0.15183,
    0.16967,
    0.16906,
    0.14365,
    0.08998,
    0.03167,
    0.00442,
    4e-05,
    0.0,
    0.0
  ],
  "Guimaraes": [
    0.0,
    0.0,
    2e-05,
    0.00278,
    0.48039,
    0.24769,
    0.13899,
    0.07145,
    0.03499,
    0.01534,
    0.00623,
    0.00179,
    0.00033,
    0.0,
    0.0,
    0.0,
    0.0,
    0.0
  ],
  "Portimonense": [
    0.0,
    0.0,
    0.0,
    0.0,
    6e-05,
    0.00023,
    0.00089,
    0.00208,
    0.00683,
    0.01442,
    0.03321,
    0.07594,
    0.17548,
    0.35812,
    0.29902,
    0.03012,
    0.00352,
    8e-05
  ],
  "Boavista": [
    0.0,
    0.0,
    0.0,
    0.0,
    0.00242,
    0.00923,
    0.02082,
    0.04464,
    0.07363,
    0.11657,
    0.1669,
    0.22216,
    0.21188,
    0.10136,
    0.02943,
    0.00093,
    3e-05,
    0.0
  ],
  "Gil Vicente": [
    0.0,
    0.0,
    0.0,
    0.0,
    0.00078,
    0.00364,
    0.01033,
    0.02504,
    0.04793,
    0.08164,
    0.13077,
    0.19922,
    0.26422,
    0.17783,
    0.05658,
    0.00196,
    6e-05,
    0.0
  ],
  "Pacos Ferreira": [
    0.0,
    0.0,
    0.0,
    0.0,
    0.0,
    0.0,
    0.0,
    0.0,
    0.0,
    1e-05,
    2e-05,
    9e-05,
    0.00055,
    0.00483,
    0.03283,
    0.34593,
    0.33398,
    0.28176
  ]
}