{
  "Le Havre": [
    0.0,
    0.0,
    0.0,
    0.0,
    0.0,
    0.0,
    0.0,
    0.0,
    0.0,
    1e-05,
    0.00024,
    0.00102,
    0.00391,
    0.01575,
    0.05156,
    0.18499,
    0.37602,
    0.3665
  ],
  "Paris SG": [
    0.99951,
    0.00048,
    1e-05,
    0.0,
    0.0,
    0.0,
    0.0,
    0.0,
    0.0,
    0.0,
    0.0,
    0.0,
    0.0,
    0.0,
    0.0,
    0.0,
    0.0,
    0.0
  ],
  "Brest": [
    0.0,
    0.00018,
    0.00174,
    0.00783,
    0.02618,
    0.07316,
    0.15107,
    0.2079,
    0.22989,
    0.16897,
    0.08165,
    0.03531,
    0.01246,
    0.00312,
    0.00052,
    2e-05,
    0.0,
    0.0
  ],
  "Marseille": [
    0.00045,
    0.66902,
    0.21341,
    0.08022,
    0.02941,
    0.00615,
    0.00111,
    0.00019,
    3e-05,
    1e-05,
    0.0,
    0.0,
    0.0,
    0.0,
    0.0,
    0.0,
    0.0,
    0.0
  ],
  "Reims": [
    0.0,
    0.0,
    0.0,
    0.0,
    0.0,
    1e-05,
    8e-05,
    0.00037,
    0.00217,
    0.00809,
    0.02325,
    0.05487,
    0.10913,
    0.20966,
    0.32727,
    0.19423,
    0.05906,
    0.01181
  ],
  "Lille": [
    0.0,
    0.06916,
    0.18989,
    0.31111,
    0.24522,
    0.11818,
    0.04392,
    0.01598,
    0.00548,
    0.00097,
    8e-05,
    1e-05,
    0.0,
    0.0,
    0.0,
    0.0,
    0.0,
    0.0
  ],
  "Monaco": [
    0.0,
    0.05236,
    0.15128,
    0.24708,
    0.2884,
    0.1591,
    0.06525,
    0.02589,
    0.00808,
    0.00219,
    0.00032,
    5e-05,
    0.0,
    0.0,
    0.0,
    0.0,
    0.0,
    0.0
  ],
  "St Etienne": [
    0.0,
    0.0,
    0.0,
    0.0,
    0.0,
    0.0,
    0.0,
    3e-05,
    5e-05,
    0.00042,
    0.00156,
    0.00728,
    0.02537,
    0.07085,
    0.17851,
    0.382,
    0.23513,
    0.0988
  ],
  "Auxerre": [
    0.0,
    0.0,
    2e-05,
    0.00014,
    0.00096,
    0.006,
    0.02281,
    0.05031,
    0.10017,
    0.19249,
    0.25917,
    0.18187,
    0.10748,
    0.05753,
    0.01819,
    0.0026,
    0.00026,
    0.0
  ],
  "Nice": [
    4e-05,
    0.20162,
    0.39852,
    0.21946,
    0.11988,
    0.04463,
    0.0117,
    0.00339,
    0.00065,
    0.00011,
    0.0,
    0.0,
    0.0,
    0.0,
    0.0,
    0.0,
    0.0,
    0.0
  ],
  "Angers": [
    0.0,
    0.0,
    0.0,
    1e-05,
    9e-05,
    0.00059,
    0.00333,
    0.01106,
    0.03186,
    0.08039,
    0.15949,
    0.22961,
    0.22889,
    0.1574,
    0.07869,
    0.01679,
    0.00168,
    0.00012
  ],
  "Lens": [
    0.0,
    0.00033,
    0.00268,
    0.01352,
    0.04163,
    0.10688,
    0.18767,
    0.22453,
    0.20301,
    0.13084,
    0.05734,
    0.02255,
    0.00704,
    0.00167,
    0.00024,
    7e-05,
    0.0,
    0.0
  ],
  "Montpellier": [
    0.0,
    0.0,
    0.0,
    0.0,
    0.0,
    0.0,
    0.0,
    0.0,
    0.0,
    1e-05,
    0.00012,
    0.00068,
    0.00249,
    0.01045,
    0.0345,
    0.12231,
    0.30891,
    0.52053
  ],
  "Strasbourg": [
    0.0,
    0.00053,
    0.00553,
    0.02238,
    0.06093,
    0.15622,
    0.25233,
    0.21722,
    0.15119,
    0.08117,
    0.03588,
    0.0123,
    0.0034,
    0.00082,
    0.0001,
    0.0,
    0.0,
    0.0
  ],
  "Toulouse": [
    0.0,
    0.0,
    0.00019,
    0.00128,
    0.00615,
    0.02477,
    0.07568,
    0.1228,
    0.17975,
    0.22257,
    0.17317,
    0.10712,
    0.05526,
    0.02289,
    0.00755,
    0.00082,
    0.0,
    0.0
  ],
  "Nantes": [
    0.0,
    0.0,
    0.0,
    0.0,
    2e-05,
    0.00012,
    0.00093,
    0.00415,
    0.01278,
    0.03488,
    0.07205,
    0.12965,
    0.19832,
    0.26212,
    0.19925,
    0.06875,
    0.01506,
    0.00192
  ],
  "Rennes": [
    0.0,
    0.0,
    0.0,
    0.0,
    3e-05,
    0.00042,
    0.00175,
    0.00719,
    0.0205,
    0.05584,
    0.12913,
    0.2162,
    0.246,
    0.1877,
    0.10362,
    0.02742,
    0.00388,
    0.00032
  ],
  "Lyon": [
    0.0,
    0.00632,
    0.03673,
    0.09697,
    0.1811,
    0.30377,
    0.18237,
    0.10899,
    0.05439,
    0.02104,
    0.00655,
    0.00148,
    0.00025,
    4e-05,
    0.0,
    0.0,
    0.0,
    0.0
  ]
}