{
  "Sp Lisbon": [
    0.17531,
    0.59071,
    0.22341,
    0.01025,
    0.00032,
    0.0,
    0.0,
    0.0,
    0.0,
    0.0,
    0.0,
    0.0,
    0.0,
    0.0,
    0.0,
    0.0,
    0.0,
    0.0
  ],
  "Vizela": [
    0.0,
    0.0,
    0.0,
    0.00034,
    0.00435,
    0.02706,
    0.04575,
    0.06569,
    0.08676,
    0.10531,
    0.11823,
    0.11615,
    0.10862,
    0.099,
    0.08487,
    0.06691,
    0.04737,
    0.02359
  ],
  "Arouca": [
    0.0,
    0.0,
    0.0,
    1e-05,
    0.00018,
    0.00188,
    0.00553,
    0.01046,
    0.01904,
    0.03161,
    0.04579,
    0.06239,
    0.08084,
    0.10142,
    0.12174,
    0.14869,
    0.1799,
    0.19052
  ],
  "Estoril": [
    0.0,
    0.0,
    0.00044,
    0.02221,
    0.09255,
    0.23832,
    0.20013,
    0.15461,
    0.10976,
    0.07283,
    0.04642,
    0.02983,
    0.01768,
    0.00859,
    0.00412,
    0.00191,
    0.00056,
    4e-05
  ],
  "Moreirense": [
    0.0,
    0.0,
    0.0,
    1e-05,
    0.00034,
    0.00381,
    0.00899,
    0.01799,
    0.0291,
    0.04532,
    0.06497,
    0.08186,
    0.09862,
    0.11582,
    0.13016,
    0.14274,
    0.14761,
    0.11266
  ],
  "Benfica": [
    0.04124,
    0.21568,
    0.66431,
    0.07312,
    0.00546,
    0.00019,
    0.0,
    0.0,
    0.0,
    0.0,
    0.0,
    0.0,
    0.0,
    0.0,
    0.0,
    0.0,
    0.0,
    0.0
  ],
  "Maritimo": [
    0.0,
    0.0,
    6e-05,
    0.00675,
    0.0453,
    0.13752,
    0.17709,
    0.16941,
    0.14424,
    0.10868,
    0.07829,
    0.05414,
    0.03456,
    0.02243,
    0.0126,
    0.00592,
    0.0025,
    0.00051
  ],
  "Sp Braga": [
    0.0003,
    0.00602,
    0.06856,
    0.62951,
    0.23004,
    0.04997,
    0.01193,
    0.00302,
    0.00052,
    0.00012,
    1e-05,
    0.0,
    0.0,
    0.0,
    0.0,
    0.0,
    0.0,
    0.0
  ],
  "Guimaraes": [
    0.0,
    0.0,
    0.00026,
    0.01314,
    0.08145,
    0.21503,
    0.21203,
    0.17184,
    0.12509,
    0.07201,
    0.04508,
    0.02836,
    0.01688,
    0.00988,
    0.00534,
    0.00261,
    0.00086,
    0.00014
  ],
  "Portimonense": [
    0.0,
    0.0,
    5e-05,
    0.00492,
    0.03314,
    0.11146,
    0.14567,
    0.15996,
    0.1506,
    0.13062,
    0.09192,
    0.06615,
    0.04596,
    0.02829,
    0.01726,
    0.00923,
    0.0038,
    0.00097
  ],
  "Tondela": [
    0.0,
    0.0,
    0.0,
    1e-05,
    0.00059,
    0.0052,
    0.01244,
    0.02579,
    0.04566,
    0.07134,
    0.09103,
    0.10472,
    0.11534,
    0.11901,
    0.12052,
    0.11562,
    0.10282,
    0.06991
  ],
  "Santa Clara": [
    0.0,
    0.0,
    0.0,
    0.00065,
    0.00731,
    0.03565,
    0.06392,
    0.09805,
    0.12384,
    0.13578,
    0.13064,
    0.11165,
    0.09428,
    0.07486,
    0.05578,
    0.0375,
    0.02206,
    0.00803
  ],
  "Porto": [
    0.78313,
    0.187,
    0.02945,
    0.00041,
    1e-05,
    0.0,
    0.0,
    0.0,
    0.0,
    0.0,
    0.0,
    0.0,
    0.0,
    0.0,
    0.0,
    0.0,
    0.0,
    0.0
  ],
  "Belenenses": [
    0.0,
    0.0,
    0.0,
    1e-05,
    2e-05,
    0.0002,
    0.00089,
    0.00253,
    0.00583,
    0.01106,
    0.01961,
    0.03127,
    0.04444,
    0.0639,
    0.09151,
    0.12964,
    0.2008,
    0.39829
  ],
  "Pacos Ferreira": [
    0.0,
    0.0,
    0.0,
    0.0001,
    0.00118,
    0.00826,
    0.02029,
    0.03676,
    0.05745,
    0.08102,
    0.10069,
    0.11321,
    0.11969,
    0.11798,
    0.11085,
    0.10034,
    0.08064,
    0.05154
  ],
  "Famalicao": [
    0.0,
    0.0,
    0.0,
    5e-05,
    0.00086,
    0.00616,
    0.0143,
    0.02533,
    0.04042,
    0.06059,
    0.07914,
    0.09566,
    0.10885,
    0.12098,
    0.12769,
    0.12683,
    0.11358,
    0.07956
  ],
  "Gil Vicente": [
    2e-05,
    0.00059,
    0.01346,
    0.23848,
    0.49602,
    0.15089,
    0.06177,
    0.02543,
    0.00923,
    0.00286,
    0.00091,
    0.00026,
    6e-05,
    2e-05,
    0.0,
    0.0,
    0.0,
    0.0
  ],
  "Boavista": [
    0.0,
    0.0,
    0.0,
    3e-05,
    0.00088,
    0.0084,
    0.01927,
    0.03313,
    0.05246,
    0.07085,
    0.08727,
    0.10435,
    0.11418,
    0.11782,
    0.11756,
    0.11206,
    0.0975,
    0.06424
  ]
}