{
  "Go Ahead Eagles": [
    0.0,
    0.0,
    0.0,
    0.0,
    6e-05,
    0.00034,
    0.00366,
    0.017,
    0.0487,
    0.10913,
    0.21594,
    0.21035,
    0.16865,
    0.11757,
    0.06913,
    0.03056,
    0.00846,
    0.00045
  ],
  "Heerenveen": [
    0.0,
    0.0,
    2e-05,
    0.00073,
    0.00398,
    0.01976,
    0.08026,
    0.18365,
    0.26932,
    0.24412,
    0.11147,
    0.05125,
    0.02305,
    0.00862,
    0.00304,
    0.00067,
    6e-05,
    0.0
  ],
  "Waalwijk": [
    0.0,
    0.0,
    0.0,
    0.0,
    0.0,
    4e-05,
    0.00054,
    0.00334,
    0.01477,
    0.04218,
    0.10194,
    0.15418,
    0.18769,
    0.19864,
    0.1631,
    0.09376,
    0.03707,
    0.00275
  ],
  "AZ Alkmaar": [
    0.00042,
    0.00389,
    0.04189,
    0.14917,
    0.24689,
    0.318,
    0.16166,
    0.05695,
    0.01646,
    0.00403,
    0.00057,
    7e-05,
    0.0,
    0.0,
    0.0,
    0.0,
    0.0,
    0.0
  ],
  "Heracles": [
    0.0,
    0.0,
    0.0,
    0.0,
    0.0,
    4e-05,
    0.00054,
    0.00294,
    0.01487,
    0.04611,
    0.11848,
    0.16831,
    0.19324,
    0.18261,
    0.14611,
    0.08833,
    0.0356,
    0.00282
  ],
  "PSV Eindhoven": [
    0.48808,
    0.40108,
    0.09174,
    0.01579,
    0.00285,
    0.00042,
    4e-05,
    0.0,
    0.0,
    0.0,
    0.0,
    0.0,
    0.0,
    0.0,
    0.0,
    0.0,
    0.0,
    0.0
  ],
  "For Sittard": [
    0.0,
    0.0,
    0.0,
    0.0,
    0.0,
    0.0,
    0.0,
    2e-05,
    0.00021,
    0.00146,
    0.00608,
    0.01612,
    0.03467,
    0.06717,
    0.12366,
    0.24284,
    0.40058,
    0.10719
  ],
  "Twente": [
    0.00125,
    0.01135,
    0.09491,
    0.28783,
    0.29304,
    0.20286,
    0.07955,
    0.02273,
    0.00531,
    0.00107,
    0.0001,
    0.0,
    0.0,
    0.0,
    0.0,
    0.0,
    0.0,
    0.0
  ],
  "Ajax": [
    0.43824,
    0.38548,
    0.14856,
    0.0224,
    0.0045,
    0.00075,
    6e-05,
    1e-05,
    0.0,
    0.0,
    0.0,
    0.0,
    0.0,
    0.0,
    0.0,
    0.0,
    0.0,
    0.0
  ],
  "Nijmegen": [
    0.0,
    0.0,
    6e-05,
    0.001,
    0.00465,
    0.0174,
    0.06215,
    0.15521,
    0.26212,
    0.27308,
    0.13023,
    0.05834,
    0.02376,
    0.00919,
    0.00233,
    0.00042,
    6e-05,
    0.0
  ],
  "Cambuur": [
    0.0,
    4e-05,
    0.00061,
    0.00642,
    0.02333,
    0.06757,
    0.18155,
    0.32065,
    0.21836,
    0.11931,
    0.04264,
    0.01417,
    0.00423,
    0.001,
    0.00012,
    0.0,
    0.0,
    0.0
  ],
  "Groningen": [
    0.0,
    0.0,
    0.0,
    0.0,
    3e-05,
    0.00036,
    0.00322,
    0.01631,
    0.04686,
    0.10459,
    0.20333,
    0.20674,
    0.1729,
    0.12232,
    0.07627,
    0.03491,
    0.01147,
    0.00069
  ],
  "Utrecht": [
    0.0,
    0.00016,
    0.00398,
    0.02965,
    0.08124,
    0.18221,
    0.35622,
    0.20101,
    0.09475,
    0.03798,
    0.00965,
    0.00246,
    0.00058,
    8e-05,
    3e-05,
    0.0,
    0.0,
    0.0
  ],
  "Sparta Rotterdam": [
    0.0,
    0.0,
    0.0,
    0.0,
    0.0,
    0.0,
    1e-05,
    3e-05,
    0.00049,
    0.00261,
    0.01159,
    0.02747,
    0.05446,
    0.10104,
    0.17628,
    0.28706,
    0.27865,
    0.06031
  ],
  "Zwolle": [
    0.0,
    0.0,
    0.0,
    0.0,
    0.0,
    0.0,
    0.0,
    0.0,
    0.0,
    1e-05,
    3e-05,
    0.00019,
    0.00077,
    0.00264,
    0.00937,
    0.03608,
    0.13325,
    0.81766
  ],
  "Vitesse": [
    0.00189,
    0.01445,
    0.09056,
    0.338,
    0.28834,
    0.17421,
    0.06828,
    0.01912,
    0.00442,
    0.00068,
    5e-05,
    0.0,
    0.0,
    0.0,
    0.0,
    0.0,
    0.0,
    0.0
  ],
  "Willem II": [
    0.0,
    0.0,
    0.0,
    0.0,
    0.0,
    1e-05,
    7e-05,
    0.00071,
    0.00334,
    0.01364,
    0.0479,
    0.09035,
    0.136,
    0.18912,
    0.23056,
    0.18537,
    0.0948,
    0.00813
  ],
  "Feyenoord": [
    0.07012,
    0.18355,
    0.52767,
    0.14901,
    0.05109,
    0.01603,
    0.00219,
    0.00032,
    2e-05,
    0.0,
    0.0,
    0.0,
    0.0,
    0.0,
    0.0,
    0.0,
    0.0,
    0.0
  ]
}