{
  "Groningen": [
    0.0,
    0.0,
    3e-05,
    0.00013,
    0.00082,
    0.00243,
    0.00652,
    0.0137,
    0.02553,
    0.04528,
    0.07626,
    0.12109,
    0.15022,
    0.16889,
    0.15483,
    0.13569,
    0.08481,
    0.01377
  ],
  "NAC Breda": [
    0.0,
    0.00018,
    0.00504,
    0.01887,
    0.04546,
    0.07322,
    0.09779,
    0.1211,
    0.13585,
    0.13954,
    0.13265,
    0.09573,
    0.06582,
    0.0366,
    0.02059,
    0.00866,
    0.00261,
    0.00029
  ],
  "Feyenoord": [
    0.00488,
    0.06623,
    0.37786,
    0.28242,
    0.13472,
    0.06581,
    0.03321,
    0.01852,
    0.00918,
    0.00448,
    0.00176,
    0.00074,
    0.00017,
    2e-05,
    0.0,
    0.0,
    0.0,
    0.0
  ],
  "Willem II": [
    0.0,
    0.00051,
    0.01126,
    0.03845,
    0.07777,
    0.10818,
    0.12789,
    0.1384,
    0.13787,
    0.12631,
    0.09977,
    0.0644,
    0.03629,
    0.01952,
    0.0087,
    0.00351,
    0.00114,
    3e-05
  ],
  "Nijmegen": [
    0.0,
    0.0,
    6e-05,
    0.00036,
    0.00153,
    0.00407,
    0.0098,
    0.01841,
    0.033,
    0.05671,
    0.09395,
    0.14907,
    0.16712,
    0.16151,
    0.14888,
    0.09821,
    0.04953,
    0.00779
  ],
  "Twente": [
    9e-05,
    0.00312,
    0.04168,
    0.10022,
    0.16287,
    0.17005,
    0.14763,
    0.12217,
    0.09546,
    0.0712,
    0.04368,
    0.02308,
    0.01162,
    0.00474,
    0.00182,
    0.00052,
    5e-05,
    0.0
  ],
  "Almere City": [
    0.0,
    0.0,
    0.0,
    0.0,
    0.0,
    0.00011,
    0.00023,
    0.00056,
    0.00152,
    0.00384,
    0.00934,
    0.02109,
    0.0439,
    0.08207,
    0.13708,
    0.22903,
    0.3549,
    0.11633
  ],
  "AZ Alkmaar": [
    0.00015,
    0.00499,
    0.0687,
    0.13778,
    0.19886,
    0.17058,
    0.13543,
    0.09988,
    0.07484,
    0.05158,
    0.03091,
    0.0161,
    0.00693,
    0.00234,
    0.00068,
    0.00023,
    2e-05,
    0.0
  ],
  "PSV Eindhoven": [
    0.80352,
    0.18178,
    0.01302,
    0.00155,
    0.00011,
    1e-05,
    1e-05,
    0.0,
    0.0,
    0.0,
    0.0,
    0.0,
    0.0,
    0.0,
    0.0,
    0.0,
    0.0,
    0.0
  ],
  "Waalwijk": [
    0.0,
    0.0,
    0.0,
    0.0,
    0.0,
    0.0,
    0.0,
    0.0,
    0.0,
    9e-05,
    0.00027,
    0.00086,
    0.00283,
    0.00744,
    0.01861,
    0.04948,
    0.1458,
    0.77462
  ],
  "Sparta Rotterdam": [
    0.0,
    0.0002,
    0.00532,
    0.01701,
    0.04406,
    0.06873,
    0.09727,
    0.11597,
    0.13349,
    0.14426,
    0.13575,
    0.10066,
    0.06616,
    0.03969,
    0.02002,
    0.00859,
    0.00262,
    0.0002
  ],
  "Heracles": [
    0.0,
    0.0,
    0.00017,
    0.00093,
    0.00379,
    0.00848,
    0.01636,
    0.02786,
    0.04582,
    0.07169,
    0.11086,
    0.15167,
    0.16582,
    0.15187,
    0.12065,
    0.07893,
    0.03898,
    0.00612
  ],
  "Go Ahead Eagles": [
    0.0,
    0.00065,
    0.01446,
    0.04639,
    0.09374,
    0.12328,
    0.13734,
    0.14081,
    0.13246,
    0.11529,
    0.08537,
    0.05172,
    0.03077,
    0.01655,
    0.00777,
    0.00257,
    0.00081,
    2e-05
  ],
  "For Sittard": [
    1e-05,
    0.00068,
    0.01403,
    0.04394,
    0.09038,
    0.1265,
    0.14185,
    0.14512,
    0.13345,
    0.11125,
    0.08429,
    0.0525,
    0.03057,
    0.01565,
    0.00677,
    0.0025,
    0.00048,
    3e-05
  ],
  "Utrecht": [
    0.18619,
    0.67898,
    0.10523,
    0.02389,
    0.00438,
    0.00097,
    0.00027,
    7e-05,
    1e-05,
    1e-05,
    0.0,
    0.0,
    0.0,
    0.0,
    0.0,
    0.0,
    0.0,
    0.0
  ],
  "Zwolle": [
    0.0,
    0.0,
    4e-05,
    0.00014,
    0.00076,
    0.00269,
    0.00637,
    0.01191,
    0.02234,
    0.03794,
    0.06367,
    0.09773,
    0.13583,
    0.16222,
    0.18261,
    0.1581,
    0.09793,
    0.01972
  ],
  "Ajax": [
    0.00516,
    0.06268,
    0.3431,
    0.28791,
    0.1407,
    0.07447,
    0.04065,
    0.02223,
    0.01247,
    0.00627,
    0.00306,
    0.0009,
    0.00026,
    0.0001,
    4e-05,
    0.0,
    0.0,
    0.0
  ],
  "Heerenveen": [
    0.0,
    0.0,
    0.0,
    1e-05,
    5e-05,
    0.00042,
    0.00138,
    0.00329,
    0.00671,
    0.01426,
    0.02841,
    0.05266,
    0.08569,
    0.13079,
    0.17095,
    0.22398,
    0.22032,
    0.06108
  ]
}