{
  "Palmeiras / SP": [
    0.00254,
    0.25073,
    0.2065,
    0.16055,
    0.12223,
    0.0888,
    0.06531,
    0.04456,
    0.02784,
    0.01619,
    0.00889,
    0.00415,
    0.0014,
    0.00027,
    4e-05,
    0.0,
    0.0,
    0.0,
    0.0,
    0.0
  ],
  "Cuiabá / MT": [
    0.0,
    0.00026,
    0.00117,
    0.00298,
    0.00664,
    0.01077,
    0.01858,
    0.03072,
    0.04871,
    0.07445,
    0.10677,
    0.15246,
    0.20927,
    0.18154,
    0.08687,
    0.04049,
    0.01754,
    0.00737,
    0.00264,
    0.00077
  ],
  "América / MG": [
    0.0,
    0.0,
    0.0,
    0.0,
    1e-05,
    1e-05,
    3e-05,
    7e-05,
    0.00017,
    0.00028,
    0.00116,
    0.00282,
    0.01045,
    0.03198,
    0.08307,
    0.11817,
    0.16022,
    0.1865,
    0.20379,
    0.20127
  ],
  "Fluminense / RJ": [
    0.00042,
    0.08229,
    0.11017,
    0.12261,
    0.13109,
    0.12982,
    0.11646,
    0.09977,
    0.07708,
    0.05617,
    0.03695,
    0.02189,
    0.01053,
    0.00383,
    0.00078,
    0.00011,
    3e-05,
    0.0,
    0.0,
    0.0
  ],
  "Botafogo / RJ": [
    0.9908,
    0.00824,
    0.00076,
    0.00017,
    3e-05,
    0.0,
    0.0,
    0.0,
    0.0,
    0.0,
    0.0,
    0.0,
    0.0,
    0.0,
    0.0,
    0.0,
    0.0,
    0.0,
    0.0,
    0.0
  ],
  "São Paulo / SP": [
    0.00038,
    0.07257,
    0.1018,
    0.11834,
    0.12836,
    0.12726,
    0.11977,
    0.10208,
    0.08156,
    0.06212,
    0.0412,
    0.02647,
    0.01261,
    0.00421,
    0.00102,
    0.0002,
    5e-05,
    0.0,
    0.0,
    0.0
  ],
  "Red Bull Bragantino / SP": [
    0.00047,
    0.08171,
    0.11324,
    0.12892,
    0.13586,
    0.12723,
    0.1129,
    0.09461,
    0.07787,
    0.0538,
    0.0359,
    0.02197,
    0.01093,
    0.00357,
    0.00086,
    0.00011,
    5e-05,
    0.0,
    0.0,
    0.0
  ],
  "Bahia / BA": [
    0.0,
    0.0,
    1e-05,
    0.0,
    5e-05,
    0.00012,
    0.00024,
    0.00052,
    0.00135,
    0.00296,
    0.00813,
    0.01804,
    0.04386,
    0.1038,
    0.18843,
    0.21927,
    0.17291,
    0.1229,
    0.07689,
    0.04052
  ],
  "Athletico Paranaense / PR": [
    5e-05,
    0.02234,
    0.0436,
    0.06524,
    0.0832,
    0.10119,
    0.11617,
    0.12225,
    0.11951,
    0.10674,
    0.09088,
    0.06661,
    0.03993,
    0.01652,
    0.0043,
    0.00116,
    0.00027,
    4e-05,
    0.0,
    0.0
  ],
  "Goiás / GO": [
    0.0,
    0.0,
    0.0,
    0.0,
    1e-05,
    1e-05,
    4e-05,
    0.00021,
    0.00039,
    0.00107,
    0.00252,
    0.00737,
    0.02022,
    0.04811,
    0.10244,
    0.14409,
    0.17959,
    0.18689,
    0.1711,
    0.13594
  ],
  "Fortaleza / CE": [
    2e-05,
    0.00927,
    0.02149,
    0.03623,
    0.05326,
    0.0726,
    0.0922,
    0.1114,
    0.12711,
    0.13296,
    0.12524,
    0.10491,
    0.06769,
    0.03308,
    0.00938,
    0.00248,
    0.00059,
    7e-05,
    2e-05,
    0.0
  ],
  "Internacional / RS": [
    0.0,
    0.00429,
    0.01178,
    0.02024,
    0.03114,
    0.04721,
    0.06624,
    0.08908,
    0.11247,
    0.13054,
    0.14349,
    0.14008,
    0.10915,
    0.0641,
    0.02109,
    0.00685,
    0.00171,
    0.00041,
    0.00013,
    0.0
  ],
  "Atlético Mineiro / MG": [
    2e-05,
    0.00431,
    0.01104,
    0.01832,
    0.02964,
    0.04625,
    0.06357,
    0.08777,
    0.1113,
    0.13254,
    0.14536,
    0.14311,
    0.10987,
    0.06219,
    0.02337,
    0.00826,
    0.00227,
    0.00062,
    0.00018,
    1e-05
  ],
  "Vasco da Gama / RJ": [
    0.0,
    0.0,
    0.0,
    0.0,
    0.0,
    0.0,
    0.0,
    3e-05,
    4e-05,
    6e-05,
    0.00043,
    0.00123,
    0.00446,
    0.01382,
    0.03833,
    0.07285,
    0.1244,
    0.17642,
    0.23436,
    0.33357
  ],
  "Flamengo / RJ": [
    0.00083,
    0.13721,
    0.15784,
    0.15572,
    0.13894,
    0.11934,
    0.09563,
    0.07221,
    0.05099,
    0.0328,
    0.02167,
    0.01034,
    0.00487,
    0.00148,
    0.00012,
    1e-05,
    0.0,
    0.0,
    0.0,
    0.0
  ],
  "Coritiba / PR": [
    0.0,
    0.0,
    0.0,
    0.0,
    0.0,
    0.0,
    0.0,
    2e-05,
    6e-05,
    0.0002,
    0.0006,
    0.00201,
    0.00652,
    0.02116,
    0.05517,
    0.09333,
    0.1452,
    0.19133,
    0.23407,
    0.25033
  ],
  "Corinthians / SP": [
    0.0,
    0.00011,
    0.00034,
    0.0007,
    0.00184,
    0.00363,
    0.00773,
    0.0142,
    0.02488,
    0.04053,
    0.06761,
    0.11045,
    0.17996,
    0.22779,
    0.14648,
    0.08738,
    0.04741,
    0.02414,
    0.01118,
    0.00364
  ],
  "Cruzeiro / MG": [
    2e-05,
    0.0047,
    0.01146,
    0.0215,
    0.03323,
    0.04974,
    0.07268,
    0.09363,
    0.11448,
    0.13787,
    0.14381,
    0.13682,
    0.0959,
    0.05223,
    0.0212,
    0.00757,
    0.00233,
    0.00061,
    0.0002,
    2e-05
  ],
  "Grêmio / RS": [
    0.00445,
    0.32197,
    0.2088,
    0.14846,
    0.10442,
    0.07583,
    0.05213,
    0.03594,
    0.02191,
    0.01346,
    0.00784,
    0.00338,
    0.00111,
    0.00025,
    4e-05,
    1e-05,
    0.0,
    0.0,
    0.0,
    0.0
  ],
  "Santos / SP": [
    0.0,
    0.0,
    0.0,
    2e-05,
    5e-05,
    0.00019,
    0.00032,
    0.00093,
    0.00228,
    0.00526,
    0.01155,
    0.02589,
    0.06127,
    0.13007,
    0.21701,
    0.19766,
    0.14543,
    0.1027,
    0.06544,
    0.03393
  ]
}