{
  "Cuiabá / MT": [
    2e-05,
    0.00061,
    0.00392,
    0.0102,
    0.01943,
    0.03299,
    0.04673,
    0.06728,
    0.07913,
    0.0983,
    0.10418,
    0.10223,
    0.09963,
    0.09275,
    0.08103,
    0.06549,
    0.04777,
    0.03071,
    0.01714,
    0.00046
  ],
  "Juventude / RS": [
    0.0,
    1e-05,
    0.00028,
    0.00093,
    0.00302,
    0.00653,
    0.01124,
    0.01951,
    0.02932,
    0.0407,
    0.05147,
    0.06561,
    0.08057,
    0.1021,
    0.1237,
    0.13631,
    0.13522,
    0.11485,
    0.07464,
    0.00399
  ],
  "Bahia / BA": [
    0.0,
    0.0,
    4e-05,
    0.00013,
    0.00029,
    0.00087,
    0.00184,
    0.00408,
    0.00692,
    0.0114,
    0.01767,
    0.02557,
    0.03749,
    0.0543,
    0.08039,
    0.11494,
    0.15605,
    0.20714,
    0.25601,
    0.02487
  ],
  "Santos / SP": [
    0.0,
    2e-05,
    0.0002,
    0.00066,
    0.00187,
    0.00422,
    0.00835,
    0.01312,
    0.02008,
    0.02836,
    0.03672,
    0.04905,
    0.0657,
    0.08696,
    0.11471,
    0.13867,
    0.15225,
    0.15081,
    0.11936,
    0.00889
  ],
  "São Paulo / SP": [
    0.0,
    0.00014,
    0.00147,
    0.00558,
    0.01135,
    0.02099,
    0.03188,
    0.044,
    0.05717,
    0.07152,
    0.08417,
    0.09621,
    0.10815,
    0.11615,
    0.10976,
    0.0936,
    0.07368,
    0.04831,
    0.02516,
    0.00071
  ],
  "Fluminense / RJ": [
    0.00014,
    0.00241,
    0.01608,
    0.03507,
    0.05814,
    0.08013,
    0.09931,
    0.10939,
    0.11042,
    0.10527,
    0.095,
    0.0834,
    0.07158,
    0.05193,
    0.03679,
    0.02392,
    0.01334,
    0.00569,
    0.00198,
    1e-05
  ],
  "Atlético Mineiro / MG": [
    0.78095,
    0.18619,
    0.02659,
    0.0047,
    0.00112,
    0.00028,
    0.00014,
    3e-05,
    0.0,
    0.0,
    0.0,
    0.0,
    0.0,
    0.0,
    0.0,
    0.0,
    0.0,
    0.0,
    0.0,
    0.0
  ],
  "Fortaleza / CE": [
    0.00393,
    0.06049,
    0.18919,
    0.20652,
    0.1689,
    0.12775,
    0.08856,
    0.05956,
    0.03945,
    0.02497,
    0.01439,
    0.00798,
    0.00433,
    0.0025,
    0.00103,
    0.00033,
    0.00012,
    0.0,
    0.0,
    0.0
  ],
  "Flamengo / RJ": [
    0.19602,
    0.56351,
    0.14324,
    0.05379,
    0.02346,
    0.01066,
    0.00494,
    0.00239,
    0.00115,
    0.00055,
    0.00013,
    7e-05,
    5e-05,
    3e-05,
    1e-05,
    0.0,
    0.0,
    0.0,
    0.0,
    0.0
  ],
  "Palmeiras / SP": [
    0.01474,
    0.11674,
    0.3191,
    0.20526,
    0.13239,
    0.08257,
    0.0533,
    0.03227,
    0.01876,
    0.01175,
    0.00615,
    0.00371,
    0.00172,
    0.00101,
    0.00034,
    0.00014,
    4e-05,
    0.0,
    1e-05,
    0.0
  ],
  "Ceará / CE": [
    3e-05,
    0.00112,
    0.00709,
    0.01566,
    0.02691,
    0.04191,
    0.05844,
    0.07183,
    0.08535,
    0.09402,
    0.10835,
    0.10963,
    0.10326,
    0.09037,
    0.07225,
    0.05241,
    0.0338,
    0.01973,
    0.00769,
    0.00015
  ],
  "Grêmio / RS": [
    0.0,
    0.0,
    0.00012,
    0.00054,
    0.00135,
    0.00336,
    0.00641,
    0.01007,
    0.01597,
    0.02541,
    0.0346,
    0.04802,
    0.06656,
    0.08727,
    0.11142,
    0.13234,
    0.14608,
    0.15751,
    0.14242,
    0.01055
  ],
  "Corinthians / SP": [
    0.00155,
    0.0247,
    0.09445,
    0.14626,
    0.15989,
    0.14873,
    0.1219,
    0.09466,
    0.07218,
    0.05122,
    0.03431,
    0.02277,
    0.01383,
    0.00756,
    0.00357,
    0.00163,
    0.00058,
    0.00021,
    0.0,
    0.0
  ],
  "Atlético Goianiense / GO": [
    0.0,
    0.00062,
    0.00473,
    0.01272,
    0.02403,
    0.03928,
    0.05632,
    0.07566,
    0.09081,
    0.10164,
    0.1107,
    0.10749,
    0.10045,
    0.08977,
    0.07113,
    0.05206,
    0.03548,
    0.01916,
    0.0079,
    5e-05
  ],
  "Athletico Paranaense / PR": [
    0.00023,
    0.00613,
    0.03141,
    0.05993,
    0.08531,
    0.1055,
    0.11688,
    0.1162,
    0.10966,
    0.09479,
    0.0789,
    0.06566,
    0.0499,
    0.03533,
    0.0228,
    0.01252,
    0.00608,
    0.0022,
    0.00057,
    0.0
  ],
  "América / MG": [
    0.0,
    0.00045,
    0.00372,
    0.01221,
    0.02454,
    0.03946,
    0.05962,
    0.07603,
    0.09011,
    0.09995,
    0.1026,
    0.10531,
    0.10101,
    0.09205,
    0.07337,
    0.05502,
    0.03603,
    0.0205,
    0.00794,
    8e-05
  ],
  "Chapecoense / SC": [
    0.0,
    0.0,
    0.0,
    0.0,
    0.0,
    0.0,
    0.0,
    0.0,
    0.0,
    0.0,
    2e-05,
    1e-05,
    6e-05,
    0.00014,
    0.00049,
    0.00145,
    0.00456,
    0.01354,
    0.05761,
    0.92212
  ],
  "Red Bull Bragantino / SP": [
    0.00211,
    0.02928,
    0.12022,
    0.16085,
    0.16179,
    0.14136,
    0.11071,
    0.08342,
    0.06197,
    0.04338,
    0.0308,
    0.02188,
    0.01463,
    0.0088,
    0.00501,
    0.00229,
    0.00107,
    0.00031,
    0.00012,
    0.0
  ],
  "Internacional / RS": [
    0.00028,
    0.00758,
    0.03813,
    0.06891,
    0.09597,
    0.11282,
    0.12165,
    0.11705,
    0.10581,
    0.08675,
    0.07354,
    0.06177,
    0.04533,
    0.03017,
    0.01806,
    0.0099,
    0.00447,
    0.00148,
    0.00033,
    0.0
  ],
  "Sport / PE": [
    0.0,
    0.0,
    2e-05,
    8e-05,
    0.00024,
    0.00059,
    0.00178,
    0.00345,
    0.00574,
    0.01002,
    0.0163,
    0.02363,
    0.03575,
    0.05081,
    0.07414,
    0.10698,
    0.15338,
    0.20785,
    0.28112,
    0.02812
  ]
}