{
  "M'gladbach": [
    0.0,
    0.00069,
    0.01297,
    0.05468,
    0.08853,
    0.10637,
    0.12217,
    0.13473,
    0.13525,
    0.13457,
    0.10897,
    0.06946,
    0.02469,
    0.00617,
    0.00072,
    3e-05,
    0.0,
    0.0
  ],
  "Leverkusen": [
    0.02121,
    0.79716,
    0.15141,
    0.02345,
    0.00525,
    0.00109,
    0.00029,
    9e-05,
    4e-05,
    1e-05,
    0.0,
    0.0,
    0.0,
    0.0,
    0.0,
    0.0,
    0.0,
    0.0
  ],
  "Augsburg": [
    0.0,
    0.0,
    0.00029,
    0.0021,
    0.00583,
    0.01304,
    0.02364,
    0.04065,
    0.06526,
    0.10067,
    0.1613,
    0.24763,
    0.19689,
    0.10911,
    0.02854,
    0.00429,
    0.00069,
    7e-05
  ],
  "Werder Bremen": [
    0.0,
    0.00029,
    0.0068,
    0.03082,
    0.05711,
    0.08537,
    0.11094,
    0.13163,
    0.15117,
    0.15798,
    0.13551,
    0.08186,
    0.03602,
    0.01239,
    0.00192,
    0.00017,
    2e-05,
    0.0
  ],
  "Freiburg": [
    0.0,
    0.00084,
    0.01585,
    0.05628,
    0.09388,
    0.12146,
    0.13971,
    0.15096,
    0.14526,
    0.12255,
    0.08677,
    0.04515,
    0.01657,
    0.00413,
    0.00058,
    1e-05,
    0.0,
    0.0
  ],
  "Stuttgart": [
    0.0,
    0.0126,
    0.09764,
    0.20273,
    0.19988,
    0.16083,
    0.12571,
    0.08354,
    0.05654,
    0.0334,
    0.01784,
    0.00715,
    0.00186,
    0.00028,
    0.0,
    0.0,
    0.0,
    0.0
  ],
  "Hoffenheim": [
    0.0,
    0.0,
    0.0,
    0.0,
    1e-05,
    2e-05,
    6e-05,
    0.00035,
    0.0007,
    0.00231,
    0.007,
    0.02067,
    0.06777,
    0.16189,
    0.37156,
    0.21425,
    0.10824,
    0.04517
  ],
  "Holstein Kiel": [
    0.0,
    0.0,
    0.0,
    0.0,
    0.0,
    0.0,
    0.0,
    0.0,
    0.0,
    5e-05,
    0.00028,
    0.00174,
    0.00829,
    0.02987,
    0.10872,
    0.23103,
    0.30459,
    0.31543
  ],
  "Mainz": [
    1e-05,
    0.00209,
    0.03189,
    0.09638,
    0.13189,
    0.14621,
    0.13847,
    0.1303,
    0.11406,
    0.09249,
    0.06736,
    0.03567,
    0.01062,
    0.00233,
    0.00023,
    0.0,
    0.0,
    0.0
  ],
  "Union Berlin": [
    0.0,
    0.0,
    4e-05,
    0.00018,
    0.00087,
    0.00226,
    0.00518,
    0.01179,
    0.02242,
    0.04581,
    0.08835,
    0.17553,
    0.28097,
    0.24573,
    0.08921,
    0.02485,
    0.00575,
    0.00106
  ],
  "RB Leipzig": [
    1e-05,
    0.01352,
    0.13008,
    0.26476,
    0.19945,
    0.14078,
    0.09841,
    0.06644,
    0.04461,
    0.02494,
    0.01205,
    0.00399,
    0.00085,
    0.00011,
    0.0,
    0.0,
    0.0,
    0.0
  ],
  "Bochum": [
    0.0,
    0.0,
    0.0,
    0.0,
    0.0,
    0.0,
    0.0,
    0.0,
    0.0,
    2e-05,
    0.00012,
    0.00087,
    0.00514,
    0.02085,
    0.08807,
    0.20218,
    0.29927,
    0.38348
  ],
  "Dortmund": [
    0.0,
    0.00011,
    0.00218,
    0.01533,
    0.03314,
    0.05496,
    0.0786,
    0.10738,
    0.13175,
    0.15695,
    0.17524,
    0.13865,
    0.0724,
    0.02811,
    0.0048,
    0.00037,
    3e-05,
    0.0
  ],
  "Ein Frankfurt": [
    0.00084,
    0.15001,
    0.53098,
    0.18134,
    0.07474,
    0.03446,
    0.01545,
    0.0074,
    0.00318,
    0.00105,
    0.00038,
    0.00016,
    1e-05,
    0.0,
    0.0,
    0.0,
    0.0,
    0.0
  ],
  "Wolfsburg": [
    0.0,
    0.00117,
    0.01933,
    0.07189,
    0.10921,
    0.13249,
    0.13938,
    0.13038,
    0.12002,
    0.10706,
    0.08888,
    0.05311,
    0.02066,
    0.00575,
    0.00065,
    2e-05,
    0.0,
    0.0
  ],
  "Bayern Munich": [
    0.97793,
    0.02152,
    0.00054,
    1e-05,
    0.0,
    0.0,
    0.0,
    0.0,
    0.0,
    0.0,
    0.0,
    0.0,
    0.0,
    0.0,
    0.0,
    0.0,
    0.0,
    0.0
  ],
  "St Pauli": [
    0.0,
    0.0,
    0.0,
    5e-05,
    0.00021,
    0.00066,
    0.00198,
    0.00434,
    0.00973,
    0.02,
    0.04962,
    0.11598,
    0.2454,
    0.33174,
    0.15377,
    0.04934,
    0.01419,
    0.00299
  ],
  "Heidenheim": [
    0.0,
    0.0,
    0.0,
    0.0,
    0.0,
    0.0,
    1e-05,
    2e-05,
    1e-05,
    0.00014,
    0.00033,
    0.00238,
    0.01186,
    0.04154,
    0.15123,
    0.27346,
    0.26722,
    0.2518
  ]
}