{
  "Ein Frankfurt": [
    0.00834,
    0.06543,
    0.12427,
    0.19657,
    0.27308,
    0.231,
    0.07974,
    0.01724,
    0.00345,
    0.00073,
    0.00012,
    2e-05,
    1e-05,
    0.0,
    0.0,
    0.0,
    0.0,
    0.0
  ],
  "Bayern Munich": [
    0.75902,
    0.16902,
    0.05211,
    0.01593,
    0.0031,
    0.00076,
    6e-05,
    0.0,
    0.0,
    0.0,
    0.0,
    0.0,
    0.0,
    0.0,
    0.0,
    0.0,
    0.0,
    0.0
  ],
  "Augsburg": [
    0.0,
    0.0,
    0.0,
    0.0,
    0.0,
    0.00014,
    0.00102,
    0.00641,
    0.01759,
    0.03888,
    0.07883,
    0.15879,
    0.30555,
    0.20197,
    0.11174,
    0.05636,
    0.02196,
    0.00076
  ],
  "Freiburg": [
    0.00255,
    0.02102,
    0.05917,
    0.12784,
    0.25927,
    0.3183,
    0.1498,
    0.04274,
    0.01392,
    0.00407,
    0.00113,
    0.00016,
    3e-05,
    0.0,
    0.0,
    0.0,
    0.0,
    0.0
  ],
  "Bochum": [
    0.0,
    0.0,
    0.0,
    0.0,
    0.0,
    0.0,
    0.0,
    4e-05,
    0.00016,
    0.00113,
    0.00395,
    0.01349,
    0.04602,
    0.10456,
    0.17519,
    0.25523,
    0.35631,
    0.04392
  ],
  "Mainz": [
    0.0,
    1e-05,
    6e-05,
    0.00067,
    0.00469,
    0.02271,
    0.08529,
    0.1866,
    0.20714,
    0.1907,
    0.15505,
    0.09912,
    0.03484,
    0.0102,
    0.00236,
    0.00051,
    5e-05,
    0.0
  ],
  "M'gladbach": [
    0.0,
    1e-05,
    0.00021,
    0.00128,
    0.00716,
    0.03023,
    0.10988,
    0.22465,
    0.20221,
    0.16694,
    0.13008,
    0.0854,
    0.03117,
    0.00843,
    0.00193,
    0.0004,
    2e-05,
    0.0
  ],
  "Hoffenheim": [
    0.0,
    0.0,
    0.0,
    0.0,
    0.0,
    1e-05,
    2e-05,
    0.00026,
    0.00104,
    0.0036,
    0.00899,
    0.02727,
    0.08437,
    0.17498,
    0.23234,
    0.25127,
    0.19535,
    0.0205
  ],
  "Union Berlin": [
    0.06322,
    0.23369,
    0.26978,
    0.21576,
    0.12856,
    0.06983,
    0.01663,
    0.00219,
    0.00031,
    3e-05,
    0.0,
    0.0,
    0.0,
    0.0,
    0.0,
    0.0,
    0.0,
    0.0
  ],
  "Hertha": [
    0.0,
    0.0,
    0.0,
    0.0,
    0.0,
    0.0,
    5e-05,
    0.00026,
    0.00106,
    0.00347,
    0.00963,
    0.02861,
    0.08773,
    0.17324,
    0.22416,
    0.22961,
    0.21485,
    0.02733
  ],
  "Wolfsburg": [
    2e-05,
    0.00084,
    0.00462,
    0.01879,
    0.0688,
    0.17512,
    0.39945,
    0.17239,
    0.08564,
    0.04294,
    0.02043,
    0.00863,
    0.00198,
    0.00033,
    2e-05,
    0.0,
    0.0,
    0.0
  ],
  "Werder Bremen": [
    0.0,
    0.0,
    0.0,
    7e-05,
    0.00053,
    0.00441,
    0.0317,
    0.09455,
    0.1368,
    0.1712,
    0.19613,
    0.19931,
    0.1083,
    0.03948,
    0.01312,
    0.00365,
    0.00073,
    2e-05
  ],
  "Dortmund": [
    0.13322,
    0.35497,
    0.24875,
    0.15713,
    0.07509,
    0.0257,
    0.00465,
    0.00045,
    4e-05,
    0.0,
    0.0,
    0.0,
    0.0,
    0.0,
    0.0,
    0.0,
    0.0,
    0.0
  ],
  "Leverkusen": [
    0.0,
    0.0,
    4e-05,
    0.00031,
    0.00134,
    0.01227,
    0.05702,
    0.1327,
    0.17154,
    0.19056,
    0.18417,
    0.14959,
    0.06694,
    0.02369,
    0.00733,
    0.00211,
    0.00039,
    0.0
  ],
  "Stuttgart": [
    0.0,
    0.0,
    0.0,
    0.0,
    0.0,
    2e-05,
    0.0002,
    0.00103,
    0.00347,
    0.0089,
    0.02203,
    0.05432,
    0.14239,
    0.22921,
    0.215,
    0.1784,
    0.13414,
    0.01089
  ],
  "RB Leipzig": [
    0.03363,
    0.15501,
    0.24098,
    0.26555,
    0.17722,
    0.102,
    0.02174,
    0.00311,
    0.00059,
    0.00015,
    2e-05,
    0.0,
    0.0,
    0.0,
    0.0,
    0.0,
    0.0,
    0.0
  ],
  "FC Koln": [
    0.0,
    0.0,
    1e-05,
    0.0001,
    0.00116,
    0.0075,
    0.04275,
    0.11538,
    0.15504,
    0.1767,
    0.18944,
    0.17528,
    0.0904,
    0.03236,
    0.01057,
    0.00265,
    0.00065,
    1e-05
  ],
  "Schalke 04": [
    0.0,
    0.0,
    0.0,
    0.0,
    0.0,
    0.0,
    0.0,
    0.0,
    0.0,
    0.0,
    0.0,
    1e-05,
    0.00027,
    0.00155,
    0.00624,
    0.01981,
    0.07555,
    0.89657
  ]
}