{
  "Osasuna": [
    0.0,
    1e-05,
    0.00338,
    0.01194,
    0.02745,
    0.05299,
    0.0936,
    0.16938,
    0.24297,
    0.17334,
    0.0969,
    0.05686,
    0.03365,
    0.01829,
    0.01009,
    0.00564,
    0.00259,
    0.00079,
    0.00013,
    0.0
  ],
  "Sevilla": [
    0.0,
    0.0,
    3e-05,
    0.00039,
    0.00174,
    0.00533,
    0.01534,
    0.03953,
    0.08701,
    0.12593,
    0.14298,
    0.13183,
    0.11595,
    0.09909,
    0.08166,
    0.06609,
    0.04869,
    0.03053,
    0.00696,
    0.00092
  ],
  "Celta": [
    0.0,
    0.0,
    0.0,
    5e-05,
    0.00027,
    0.00101,
    0.00305,
    0.01184,
    0.02913,
    0.05469,
    0.08129,
    0.09923,
    0.11063,
    0.11787,
    0.12176,
    0.12012,
    0.11634,
    0.098,
    0.02949,
    0.00523
  ],
  "Espanol": [
    0.0,
    0.0,
    0.0,
    1e-05,
    0.00028,
    0.00072,
    0.00265,
    0.00927,
    0.02667,
    0.05219,
    0.08207,
    0.09967,
    0.11247,
    0.11906,
    0.12216,
    0.12223,
    0.11686,
    0.09922,
    0.02921,
    0.00526
  ],
  "Valladolid": [
    0.0,
    0.0,
    0.0,
    4e-05,
    8e-05,
    0.00021,
    0.00113,
    0.00505,
    0.01436,
    0.03161,
    0.05331,
    0.07372,
    0.09508,
    0.11243,
    0.12811,
    0.14041,
    0.14987,
    0.13908,
    0.04663,
    0.00888
  ],
  "Villarreal": [
    4e-05,
    0.00168,
    0.06316,
    0.14286,
    0.18585,
    0.20079,
    0.18658,
    0.12456,
    0.05857,
    0.02217,
    0.0084,
    0.00336,
    0.00128,
    0.00045,
    0.00014,
    6e-05,
    5e-05,
    0.0,
    0.0,
    0.0
  ],
  "Barcelona": [
    0.51939,
    0.45245,
    0.02561,
    0.00221,
    0.00026,
    8e-05,
    0.0,
    0.0,
    0.0,
    0.0,
    0.0,
    0.0,
    0.0,
    0.0,
    0.0,
    0.0,
    0.0,
    0.0,
    0.0,
    0.0
  ],
  "Vallecano": [
    0.0,
    0.0,
    0.00027,
    0.00138,
    0.00502,
    0.01244,
    0.03123,
    0.07692,
    0.14713,
    0.20225,
    0.15948,
    0.11723,
    0.08493,
    0.06131,
    0.04336,
    0.02828,
    0.01803,
    0.00893,
    0.00168,
    0.00013
  ],
  "Cadiz": [
    0.0,
    0.0,
    0.0,
    0.0,
    0.0,
    0.0,
    0.0,
    0.0,
    3e-05,
    0.00013,
    0.00044,
    0.00109,
    0.00261,
    0.00569,
    0.01046,
    0.02192,
    0.04788,
    0.12297,
    0.46268,
    0.3241
  ],
  "Sociedad": [
    0.00011,
    0.00235,
    0.07754,
    0.14939,
    0.17989,
    0.18889,
    0.17774,
    0.11823,
    0.06216,
    0.02667,
    0.01018,
    0.00424,
    0.00161,
    0.00067,
    0.00026,
    5e-05,
    1e-05,
    1e-05,
    0.0,
    0.0
  ],
  "Valencia": [
    0.0,
    0.00022,
    0.01331,
    0.0414,
    0.077,
    0.12365,
    0.17732,
    0.24104,
    0.16448,
    0.08307,
    0.04162,
    0.01921,
    0.00912,
    0.00481,
    0.00211,
    0.00111,
    0.00038,
    0.00014,
    1e-05,
    0.0
  ],
  "Girona": [
    0.0,
    0.0,
    0.0,
    0.0,
    3e-05,
    0.00014,
    0.00067,
    0.00254,
    0.00877,
    0.024,
    0.04285,
    0.06279,
    0.08094,
    0.09746,
    0.12003,
    0.13832,
    0.161,
    0.17572,
    0.06747,
    0.01727
  ],
  "Almeria": [
    0.0,
    0.0,
    0.0,
    1e-05,
    6e-05,
    0.00032,
    0.00121,
    0.00534,
    0.01499,
    0.03739,
    0.06264,
    0.08523,
    0.10121,
    0.11573,
    0.12603,
    0.13512,
    0.13593,
    0.12764,
    0.04322,
    0.00793
  ],
  "Real Madrid": [
    0.47433,
    0.48991,
    0.03161,
    0.00354,
    0.00045,
    0.00012,
    4e-05,
    0.0,
    0.0,
    0.0,
    0.0,
    0.0,
    0.0,
    0.0,
    0.0,
    0.0,
    0.0,
    0.0,
    0.0,
    0.0
  ],
  "Ath Bilbao": [
    0.00056,
    0.00662,
    0.1452,
    0.24057,
    0.21088,
    0.16827,
    0.12065,
    0.06663,
    0.02829,
    0.00863,
    0.00268,
    0.00069,
    0.00023,
    7e-05,
    3e-05,
    0.0,
    0.0,
    0.0,
    0.0,
    0.0
  ],
  "Mallorca": [
    0.0,
    0.0,
    2e-05,
    8e-05,
    0.00033,
    0.00128,
    0.00387,
    0.01451,
    0.03676,
    0.07597,
    0.11224,
    0.12898,
    0.12872,
    0.12313,
    0.11208,
    0.10208,
    0.0838,
    0.05831,
    0.01558,
    0.00226
  ],
  "Getafe": [
    0.0,
    0.0,
    1e-05,
    6e-05,
    0.00036,
    0.00114,
    0.00394,
    0.01257,
    0.03307,
    0.06846,
    0.0983,
    0.11406,
    0.12033,
    0.12179,
    0.11722,
    0.10877,
    0.09613,
    0.07657,
    0.02318,
    0.00404
  ],
  "Ath Madrid": [
    0.00541,
    0.04365,
    0.53345,
    0.21873,
    0.10559,
    0.05354,
    0.02575,
    0.00957,
    0.0034,
    0.00075,
    0.00014,
    2e-05,
    0.0,
    0.0,
    0.0,
    0.0,
    0.0,
    0.0,
    0.0,
    0.0
  ],
  "Betis": [
    0.00016,
    0.00311,
    0.10641,
    0.18734,
    0.20446,
    0.18908,
    0.15523,
    0.09302,
    0.04221,
    0.01268,
    0.00428,
    0.0015,
    0.00031,
    0.00012,
    6e-05,
    2e-05,
    1e-05,
    0.0,
    0.0,
    0.0
  ],
  "Elche": [
    0.0,
    0.0,
    0.0,
    0.0,
    0.0,
    0.0,
    0.0,
    0.0,
    0.0,
    7e-05,
    0.0002,
    0.00029,
    0.00093,
    0.00203,
    0.00444,
    0.00978,
    0.02243,
    0.06209,
    0.27376,
    0.62398
  ]
}