{
  "Palmeiras / SP": [
    0.33294,
    0.22965,
    0.14468,
    0.09539,
    0.0652,
    0.0432,
    0.03065,
    0.02149,
    0.01485,
    0.00954,
    0.00598,
    0.00322,
    0.00179,
    0.00085,
    0.00039,
    0.00016,
    2e-05,
    0.0,
    0.0,
    0.0
  ],
  "Cuiabá / MT": [
    0.00017,
    0.00079,
    0.00225,
    0.00433,
    0.00766,
    0.01218,
    0.0186,
    0.02724,
    0.03659,
    0.04931,
    0.06627,
    0.08378,
    0.10279,
    0.12152,
    0.12165,
    0.11292,
    0.09487,
    0.07172,
    0.04551,
    0.01985
  ],
  "América / MG": [
    1e-05,
    0.0,
    4e-05,
    0.00016,
    0.0003,
    0.00051,
    0.00108,
    0.00171,
    0.00333,
    0.00577,
    0.00931,
    0.0178,
    0.03013,
    0.04629,
    0.07215,
    0.10361,
    0.13641,
    0.17397,
    0.20556,
    0.19186
  ],
  "Fluminense / RJ": [
    0.0555,
    0.08909,
    0.10962,
    0.11756,
    0.11214,
    0.1037,
    0.09015,
    0.07971,
    0.06688,
    0.05512,
    0.04206,
    0.03192,
    0.02048,
    0.01277,
    0.00759,
    0.0034,
    0.00144,
    0.00068,
    0.00016,
    3e-05
  ],
  "Botafogo / RJ": [
    0.34567,
    0.23178,
    0.14562,
    0.09615,
    0.06293,
    0.04163,
    0.02861,
    0.01856,
    0.01173,
    0.00781,
    0.00484,
    0.00214,
    0.00165,
    0.00056,
    0.00019,
    0.0001,
    2e-05,
    1e-05,
    0.0,
    0.0
  ],
  "São Paulo / SP": [
    0.02364,
    0.04728,
    0.0708,
    0.08492,
    0.09546,
    0.09966,
    0.09941,
    0.0961,
    0.08912,
    0.07826,
    0.06685,
    0.05363,
    0.03893,
    0.02573,
    0.01523,
    0.0086,
    0.00395,
    0.00172,
    0.00061,
    0.0001
  ],
  "Red Bull Bragantino / SP": [
    0.00501,
    0.01327,
    0.02392,
    0.03554,
    0.04967,
    0.06222,
    0.07252,
    0.08454,
    0.09626,
    0.10147,
    0.1034,
    0.09699,
    0.08365,
    0.06393,
    0.04656,
    0.0297,
    0.01784,
    0.00868,
    0.0039,
    0.00093
  ],
  "Bahia / BA": [
    1e-05,
    0.00015,
    0.00028,
    0.00052,
    0.00164,
    0.0028,
    0.00477,
    0.0075,
    0.01206,
    0.01958,
    0.03157,
    0.04469,
    0.06758,
    0.09745,
    0.12266,
    0.13888,
    0.14434,
    0.13335,
    0.10863,
    0.06154
  ],
  "Athletico Paranaense / PR": [
    0.01048,
    0.02414,
    0.04061,
    0.05664,
    0.0707,
    0.08264,
    0.09078,
    0.09822,
    0.10258,
    0.0997,
    0.08721,
    0.07661,
    0.06154,
    0.04095,
    0.02684,
    0.01606,
    0.00854,
    0.00405,
    0.00139,
    0.00032
  ],
  "Goiás / GO": [
    0.0,
    5e-05,
    5e-05,
    0.0002,
    0.00063,
    0.00117,
    0.00205,
    0.00342,
    0.00584,
    0.01023,
    0.01586,
    0.02511,
    0.04079,
    0.06151,
    0.08636,
    0.11816,
    0.14655,
    0.16874,
    0.17448,
    0.1388
  ],
  "Fortaleza / CE": [
    0.01229,
    0.02654,
    0.04375,
    0.05838,
    0.07094,
    0.08215,
    0.0925,
    0.09675,
    0.09592,
    0.0941,
    0.09251,
    0.07796,
    0.05819,
    0.04228,
    0.02721,
    0.01559,
    0.00772,
    0.00362,
    0.0013,
    0.0003
  ],
  "Internacional / RS": [
    0.00055,
    0.00183,
    0.00386,
    0.00846,
    0.01343,
    0.01951,
    0.03013,
    0.03955,
    0.05249,
    0.0704,
    0.09051,
    0.10696,
    0.12298,
    0.12071,
    0.10494,
    0.08399,
    0.05966,
    0.03918,
    0.02262,
    0.00824
  ],
  "Atlético Mineiro / MG": [
    0.11333,
    0.15049,
    0.1543,
    0.13275,
    0.10972,
    0.08894,
    0.06981,
    0.05495,
    0.04336,
    0.03156,
    0.02074,
    0.01376,
    0.00843,
    0.00426,
    0.002,
    0.00097,
    0.00046,
    0.00012,
    5e-05,
    0.0
  ],
  "Vasco da Gama / RJ": [
    1e-05,
    2e-05,
    0.0001,
    0.00036,
    0.00081,
    0.00155,
    0.00279,
    0.00484,
    0.00862,
    0.01366,
    0.02164,
    0.03613,
    0.05336,
    0.07815,
    0.10769,
    0.13053,
    0.14862,
    0.15452,
    0.14312,
    0.09348
  ],
  "Flamengo / RJ": [
    0.0337,
    0.06283,
    0.08648,
    0.09866,
    0.10412,
    0.10459,
    0.10156,
    0.08969,
    0.0795,
    0.06852,
    0.05557,
    0.04323,
    0.03073,
    0.0194,
    0.01122,
    0.00606,
    0.00267,
    0.00115,
    0.00026,
    6e-05
  ],
  "Coritiba / PR": [
    0.0,
    0.0,
    0.0,
    0.0,
    2e-05,
    5e-05,
    0.00013,
    0.00035,
    0.00061,
    0.00098,
    0.00248,
    0.00479,
    0.00912,
    0.01705,
    0.03079,
    0.05014,
    0.08203,
    0.13083,
    0.22028,
    0.45035
  ],
  "Corinthians / SP": [
    0.00013,
    0.00047,
    0.00115,
    0.00281,
    0.00457,
    0.00793,
    0.01277,
    0.01893,
    0.02677,
    0.03835,
    0.05335,
    0.07327,
    0.09621,
    0.11762,
    0.1284,
    0.12533,
    0.11023,
    0.08815,
    0.06253,
    0.03103
  ],
  "Cruzeiro / MG": [
    0.01788,
    0.03659,
    0.05606,
    0.07159,
    0.08371,
    0.09167,
    0.09446,
    0.09578,
    0.09222,
    0.08499,
    0.07655,
    0.06505,
    0.04957,
    0.03607,
    0.02326,
    0.01313,
    0.00659,
    0.00322,
    0.00129,
    0.00032
  ],
  "Grêmio / RS": [
    0.04514,
    0.07573,
    0.10078,
    0.11064,
    0.11156,
    0.10637,
    0.09991,
    0.08783,
    0.07459,
    0.05968,
    0.04587,
    0.03385,
    0.02223,
    0.013,
    0.00675,
    0.00337,
    0.00189,
    0.00057,
    0.00022,
    2e-05
  ],
  "Santos / SP": [
    0.00354,
    0.0093,
    0.01565,
    0.02494,
    0.03479,
    0.04753,
    0.05732,
    0.07284,
    0.08668,
    0.10097,
    0.10743,
    0.10911,
    0.09985,
    0.0799,
    0.05812,
    0.0393,
    0.02615,
    0.01572,
    0.00809,
    0.00277
  ]
}