{
  "Portimonense": [
    0.0,
    0.0,
    0.0,
    0.0,
    0.0,
    0.0,
    1e-05,
    3e-05,
    8e-05,
    0.00021,
    0.00062,
    0.00175,
    0.00452,
    0.01572,
    0.05947,
    0.2776,
    0.40997,
    0.23002
  ],
  "Belenenses": [
    0.0,
    0.0,
    1e-05,
    3e-05,
    0.00015,
    0.00075,
    0.00209,
    0.00617,
    0.01229,
    0.02318,
    0.0397,
    0.06829,
    0.11364,
    0.19339,
    0.35822,
    0.14278,
    0.0344,
    0.00491
  ],
  "Santa Clara": [
    0.0,
    0.0,
    0.00308,
    0.01536,
    0.04361,
    0.08261,
    0.13698,
    0.172,
    0.15419,
    0.12849,
    0.10583,
    0.07623,
    0.04939,
    0.02557,
    0.00623,
    0.00039,
    4e-05,
    0.0
  ],
  "Famalicao": [
    0.0,
    0.0,
    0.06866,
    0.15236,
    0.23334,
    0.22861,
    0.14845,
    0.08271,
    0.0448,
    0.02225,
    0.01084,
    0.00546,
    0.00194,
    0.00051,
    7e-05,
    0.0,
    0.0,
    0.0
  ],
  "Gil Vicente": [
    0.0,
    0.0,
    0.00144,
    0.00886,
    0.02729,
    0.05823,
    0.10026,
    0.14598,
    0.16556,
    0.15744,
    0.13081,
    0.0953,
    0.06054,
    0.03365,
    0.01248,
    0.00201,
    0.00014,
    1e-05
  ],
  "Porto": [
    0.46029,
    0.53966,
    5e-05,
    0.0,
    0.0,
    0.0,
    0.0,
    0.0,
    0.0,
    0.0,
    0.0,
    0.0,
    0.0,
    0.0,
    0.0,
    0.0,
    0.0,
    0.0
  ],
  "Benfica": [
    0.53971,
    0.46024,
    5e-05,
    0.0,
    0.0,
    0.0,
    0.0,
    0.0,
    0.0,
    0.0,
    0.0,
    0.0,
    0.0,
    0.0,
    0.0,
    0.0,
    0.0,
    0.0
  ],
  "Pacos Ferreira": [
    0.0,
    0.0,
    0.0,
    0.0,
    1e-05,
    0.0,
    2e-05,
    8e-05,
    0.00028,
    0.00073,
    0.00241,
    0.00633,
    0.01752,
    0.04339,
    0.12854,
    0.38587,
    0.29887,
    0.11595
  ],
  "Boavista": [
    0.0,
    0.0,
    0.00134,
    0.00725,
    0.02364,
    0.04786,
    0.08334,
    0.12312,
    0.14902,
    0.1605,
    0.1473,
    0.11545,
    0.07814,
    0.04489,
    0.01629,
    0.00173,
    0.00013,
    0.0
  ],
  "Aves": [
    0.0,
    0.0,
    0.0,
    0.0,
    0.0,
    0.0,
    0.0,
    0.0,
    0.0,
    2e-05,
    5e-05,
    0.00014,
    0.00072,
    0.00315,
    0.01611,
    0.08983,
    0.24185,
    0.64813
  ],
  "Maritimo": [
    0.0,
    0.0,
    2e-05,
    0.00025,
    0.00171,
    0.00514,
    0.014,
    0.02776,
    0.05183,
    0.08456,
    0.12218,
    0.1669,
    0.19106,
    0.18331,
    0.11829,
    0.02823,
    0.00455,
    0.00021
  ],
  "Sp Lisbon": [
    0.0,
    1e-05,
    0.22859,
    0.37727,
    0.19953,
    0.10832,
    0.04974,
    0.02209,
    0.00971,
    0.00328,
    0.0011,
    0.00027,
    8e-05,
    1e-05,
    0.0,
    0.0,
    0.0,
    0.0
  ],
  "Sp Braga": [
    0.0,
    9e-05,
    0.61432,
    0.22959,
    0.09415,
    0.03963,
    0.01513,
    0.00492,
    0.00158,
    0.00037,
    0.0002,
    2e-05,
    0.0,
    0.0,
    0.0,
    0.0,
    0.0,
    0.0
  ],
  "Moreirense": [
    0.0,
    0.0,
    4e-05,
    0.00023,
    0.0015,
    0.00475,
    0.01213,
    0.02538,
    0.0474,
    0.07775,
    0.11463,
    0.15755,
    0.18694,
    0.1956,
    0.13422,
    0.03625,
    0.00514,
    0.00049
  ],
  "Setubal": [
    0.0,
    0.0,
    0.00144,
    0.00757,
    0.02298,
    0.04764,
    0.08558,
    0.12013,
    0.1495,
    0.1541,
    0.14349,
    0.11494,
    0.0824,
    0.0481,
    0.01849,
    0.00329,
    0.00034,
    1e-05
  ],
  "Tondela": [
    0.0,
    0.0,
    5e-05,
    0.00041,
    0.00211,
    0.00624,
    0.01475,
    0.03144,
    0.05044,
    0.0754,
    0.10895,
    0.14925,
    0.19223,
    0.20344,
    0.12875,
    0.03172,
    0.00455,
    0.00027
  ],
  "Rio Ave": [
    0.0,
    0.0,
    0.07056,
    0.16259,
    0.25904,
    0.21907,
    0.13781,
    0.07426,
    0.0398,
    0.02012,
    0.01095,
    0.00406,
    0.0013,
    0.00036,
    8e-05,
    0.0,
    0.0,
    0.0
  ],
  "Guimaraes": [
    0.0,
    0.0,
    0.01035,
    0.03823,
    0.09094,
    0.15115,
    0.19971,
    0.16393,
    0.12352,
    0.0916,
    0.06094,
    0.03806,
    0.01958,
    0.00891,
    0.00276,
    0.0003,
    2e-05,
    0.0
  ]
}