{
  "Heerenveen": [
    0.0,
    0.0,
    0.0,
    0.0,
    0.0,
    0.00262,
    0.09126,
    0.18627,
    0.25562,
    0.24611,
    0.17276,
    0.03835,
    0.00629,
    0.0007,
    2e-05,
    0.0,
    0.0,
    0.0
  ],
  "Sparta Rotterdam": [
    1e-05,
    0.00053,
    0.01118,
    0.06402,
    0.22401,
    0.66402,
    0.03233,
    0.00348,
    0.00036,
    6e-05,
    0.0,
    0.0,
    0.0,
    0.0,
    0.0,
    0.0,
    0.0,
    0.0
  ],
  "For Sittard": [
    0.0,
    0.0,
    0.0,
    0.0,
    0.0,
    0.0,
    0.00075,
    0.00399,
    0.01625,
    0.05827,
    0.17722,
    0.38833,
    0.22277,
    0.11435,
    0.01624,
    0.00173,
    0.0001,
    0.0
  ],
  "Ajax": [
    0.03092,
    0.68665,
    0.21326,
    0.05533,
    0.01299,
    0.00085,
    0.0,
    0.0,
    0.0,
    0.0,
    0.0,
    0.0,
    0.0,
    0.0,
    0.0,
    0.0,
    0.0,
    0.0
  ],
  "Cambuur": [
    0.0,
    0.0,
    0.0,
    0.0,
    0.0,
    0.0,
    0.0,
    0.0,
    0.0,
    0.0,
    0.0,
    6e-05,
    0.00104,
    0.00493,
    0.03299,
    0.10099,
    0.28727,
    0.57272
  ],
  "Excelsior": [
    0.0,
    0.0,
    0.0,
    0.0,
    0.0,
    0.0,
    0.0,
    0.0,
    1e-05,
    0.00014,
    0.00144,
    0.01253,
    0.04722,
    0.12231,
    0.42752,
    0.28876,
    0.08879,
    0.01128
  ],
  "PSV Eindhoven": [
    0.00523,
    0.21403,
    0.49472,
    0.20951,
    0.06685,
    0.00964,
    2e-05,
    0.0,
    0.0,
    0.0,
    0.0,
    0.0,
    0.0,
    0.0,
    0.0,
    0.0,
    0.0,
    0.0
  ],
  "FC Emmen": [
    0.0,
    0.0,
    0.0,
    0.0,
    0.0,
    0.0,
    0.0,
    0.0,
    0.0,
    0.0,
    8e-05,
    0.00127,
    0.00865,
    0.04076,
    0.26947,
    0.41915,
    0.19876,
    0.06186
  ],
  "Waalwijk": [
    0.0,
    0.0,
    0.0,
    0.0,
    9e-05,
    0.00343,
    0.12401,
    0.18143,
    0.23787,
    0.21569,
    0.16666,
    0.05408,
    0.0138,
    0.0029,
    4e-05,
    0.0,
    0.0,
    0.0
  ],
  "Utrecht": [
    0.0,
    0.0,
    0.0,
    2e-05,
    0.00131,
    0.02913,
    0.50184,
    0.26871,
    0.12411,
    0.06404,
    0.00997,
    0.00083,
    3e-05,
    1e-05,
    0.0,
    0.0,
    0.0,
    0.0
  ],
  "Groningen": [
    0.0,
    0.0,
    0.0,
    0.0,
    0.0,
    0.0,
    0.0,
    0.0,
    0.0,
    0.0,
    0.0,
    0.00041,
    0.00201,
    0.01012,
    0.06803,
    0.14746,
    0.41849,
    0.35348
  ],
  "Volendam": [
    0.0,
    0.0,
    0.0,
    0.0,
    0.0,
    0.0,
    8e-05,
    0.00034,
    0.00223,
    0.00917,
    0.05166,
    0.16328,
    0.33194,
    0.32799,
    0.08996,
    0.02069,
    0.00252,
    0.00014
  ],
  "Nijmegen": [
    0.0,
    0.0,
    0.0,
    1e-05,
    6e-05,
    0.00552,
    0.2147,
    0.27661,
    0.2165,
    0.20842,
    0.06338,
    0.01237,
    0.0022,
    0.00023,
    0.0,
    0.0,
    0.0,
    0.0
  ],
  "Twente": [
    2e-05,
    0.00728,
    0.056,
    0.2162,
    0.47837,
    0.23596,
    0.00588,
    0.00027,
    2e-05,
    0.0,
    0.0,
    0.0,
    0.0,
    0.0,
    0.0,
    0.0,
    0.0,
    0.0
  ],
  "Vitesse": [
    0.0,
    0.0,
    0.0,
    0.0,
    0.0,
    0.0,
    6e-05,
    0.00047,
    0.00257,
    0.00911,
    0.05718,
    0.16276,
    0.29836,
    0.35022,
    0.09356,
    0.02113,
    0.00406,
    0.00052
  ],
  "Feyenoord": [
    0.96322,
    0.03399,
    0.00261,
    0.00016,
    2e-05,
    0.0,
    0.0,
    0.0,
    0.0,
    0.0,
    0.0,
    0.0,
    0.0,
    0.0,
    0.0,
    0.0,
    0.0,
    0.0
  ],
  "AZ Alkmaar": [
    0.0006,
    0.05752,
    0.22223,
    0.45475,
    0.2163,
    0.04848,
    0.00012,
    0.0,
    0.0,
    0.0,
    0.0,
    0.0,
    0.0,
    0.0,
    0.0,
    0.0,
    0.0,
    0.0
  ],
  "Go Ahead Eagles": [
    0.0,
    0.0,
    0.0,
    0.0,
    0.0,
    0.00035,
    0.02895,
    0.07843,
    0.14446,
    0.18899,
    0.29965,
    0.16573,
    0.06569,
    0.02548,
    0.00217,
    9e-05,
    1e-05,
    0.0
  ]
}