{
  "Ein Frankfurt": [
    0.05163,
    0.11489,
    0.14534,
    0.16144,
    0.16937,
    0.1759,
    0.12869,
    0.03771,
    0.01053,
    0.00316,
    0.00097,
    0.00025,
    9e-05,
    2e-05,
    1e-05,
    0.0,
    0.0,
    0.0
  ],
  "Bayern Munich": [
    0.61284,
    0.2054,
    0.09415,
    0.04793,
    0.02305,
    0.01162,
    0.00421,
    0.00068,
    0.00011,
    1e-05,
    0.0,
    0.0,
    0.0,
    0.0,
    0.0,
    0.0,
    0.0,
    0.0
  ],
  "Augsburg": [
    0.0,
    0.0,
    0.0,
    3e-05,
    9e-05,
    0.00042,
    0.00219,
    0.01355,
    0.03114,
    0.05268,
    0.07789,
    0.11035,
    0.1443,
    0.17452,
    0.16897,
    0.1376,
    0.08503,
    0.00124
  ],
  "Freiburg": [
    0.04306,
    0.11105,
    0.15652,
    0.1742,
    0.17834,
    0.15769,
    0.12212,
    0.03996,
    0.0118,
    0.0036,
    0.00116,
    0.00035,
    0.00011,
    3e-05,
    1e-05,
    0.0,
    0.0,
    0.0
  ],
  "Bochum": [
    0.0,
    0.0,
    0.0,
    0.0,
    1e-05,
    4e-05,
    0.00026,
    0.00204,
    0.00625,
    0.01391,
    0.02522,
    0.04447,
    0.07642,
    0.12293,
    0.18468,
    0.24642,
    0.26916,
    0.00819
  ],
  "Mainz": [
    0.0,
    5e-05,
    4e-05,
    0.00033,
    0.00113,
    0.00433,
    0.01496,
    0.06145,
    0.10351,
    0.13372,
    0.15279,
    0.15394,
    0.14055,
    0.1074,
    0.07174,
    0.03903,
    0.01495,
    8e-05
  ],
  "M'gladbach": [
    0.0,
    0.00015,
    0.00047,
    0.00179,
    0.00524,
    0.01412,
    0.04476,
    0.14479,
    0.18493,
    0.17167,
    0.1445,
    0.11344,
    0.08104,
    0.04952,
    0.02756,
    0.01207,
    0.00394,
    1e-05
  ],
  "Hoffenheim": [
    0.0,
    0.0,
    0.0,
    8e-05,
    0.00049,
    0.00154,
    0.00651,
    0.03526,
    0.06666,
    0.09638,
    0.12356,
    0.14755,
    0.1577,
    0.14378,
    0.1116,
    0.07339,
    0.03512,
    0.00038
  ],
  "Union Berlin": [
    0.14831,
    0.2479,
    0.19428,
    0.14653,
    0.11247,
    0.08745,
    0.04921,
    0.01058,
    0.00244,
    0.00068,
    9e-05,
    6e-05,
    0.0,
    0.0,
    0.0,
    0.0,
    0.0,
    0.0
  ],
  "Hertha": [
    0.0,
    0.0,
    0.0,
    0.0,
    0.0,
    3e-05,
    7e-05,
    0.00098,
    0.00379,
    0.0082,
    0.016,
    0.03049,
    0.05216,
    0.08806,
    0.14653,
    0.24318,
    0.39222,
    0.01829
  ],
  "Wolfsburg": [
    0.01511,
    0.0504,
    0.08578,
    0.12575,
    0.1662,
    0.19522,
    0.22885,
    0.08556,
    0.02957,
    0.01156,
    0.00398,
    0.00143,
    0.0005,
    8e-05,
    0.0,
    1e-05,
    0.0,
    0.0
  ],
  "Werder Bremen": [
    0.0,
    3e-05,
    0.00017,
    0.0006,
    0.00245,
    0.00645,
    0.02396,
    0.09906,
    0.14733,
    0.15901,
    0.15602,
    0.13729,
    0.11004,
    0.07935,
    0.04683,
    0.02357,
    0.00781,
    3e-05
  ],
  "Dortmund": [
    0.03179,
    0.08567,
    0.13055,
    0.16074,
    0.17977,
    0.18122,
    0.16113,
    0.0478,
    0.0148,
    0.00448,
    0.00143,
    0.00044,
    0.00015,
    3e-05,
    0.0,
    0.0,
    0.0,
    0.0
  ],
  "Leverkusen": [
    7e-05,
    0.0007,
    0.00275,
    0.00734,
    0.01778,
    0.04202,
    0.10161,
    0.27338,
    0.19927,
    0.13863,
    0.09284,
    0.05814,
    0.03552,
    0.01839,
    0.00786,
    0.00298,
    0.00072,
    0.0
  ],
  "Stuttgart": [
    0.0,
    0.0,
    0.0,
    0.0,
    3e-05,
    0.00011,
    0.00081,
    0.00612,
    0.01568,
    0.02941,
    0.04986,
    0.07654,
    0.10998,
    0.15227,
    0.19682,
    0.20034,
    0.15847,
    0.00356
  ],
  "RB Leipzig": [
    0.09718,
    0.1837,
    0.18973,
    0.1721,
    0.14023,
    0.11221,
    0.07787,
    0.02063,
    0.00454,
    0.00128,
    0.00041,
    9e-05,
    2e-05,
    1e-05,
    0.0,
    0.0,
    0.0,
    0.0
  ],
  "FC Koln": [
    1e-05,
    6e-05,
    0.00022,
    0.00114,
    0.00335,
    0.00963,
    0.03279,
    0.12045,
    0.16765,
    0.17162,
    0.15328,
    0.12516,
    0.09141,
    0.06345,
    0.03657,
    0.01745,
    0.00575,
    1e-05
  ],
  "Schalke 04": [
    0.0,
    0.0,
    0.0,
    0.0,
    0.0,
    0.0,
    0.0,
    0.0,
    0.0,
    0.0,
    0.0,
    1e-05,
    1e-05,
    0.00016,
    0.00082,
    0.00396,
    0.02683,
    0.96821
  ]
}