{
  "Genoa": [
    0.0,
    1e-05,
    4e-05,
    0.00032,
    0.0013,
    0.00372,
    0.01002,
    0.02634,
    0.06471,
    0.13564,
    0.23565,
    0.19131,
    0.12979,
    0.08118,
    0.05518,
    0.03619,
    0.01848,
    0.00766,
    0.00224,
    0.00022
  ],
  "Inter": [
    0.32868,
    0.31538,
    0.213,
    0.09041,
    0.03542,
    0.01236,
    0.00382,
    0.00079,
    0.00013,
    1e-05,
    0.0,
    0.0,
    0.0,
    0.0,
    0.0,
    0.0,
    0.0,
    0.0,
    0.0,
    0.0
  ],
  "Parma": [
    0.0,
    0.0,
    0.0,
    0.0,
    0.0,
    0.0,
    2e-05,
    0.00012,
    0.00052,
    0.00288,
    0.01352,
    0.02654,
    0.04493,
    0.06963,
    0.09758,
    0.12751,
    0.16459,
    0.19762,
    0.16359,
    0.09095
  ],
  "Fiorentina": [
    0.0021,
    0.01075,
    0.03494,
    0.08585,
    0.13436,
    0.17754,
    0.19412,
    0.1776,
    0.11179,
    0.05475,
    0.01244,
    0.00308,
    0.00053,
    0.00012,
    3e-05,
    0.0,
    0.0,
    0.0,
    0.0,
    0.0
  ],
  "Empoli": [
    0.0,
    0.0,
    0.0,
    0.0,
    0.0,
    1e-05,
    3e-05,
    9e-05,
    0.00077,
    0.00466,
    0.02143,
    0.04217,
    0.06591,
    0.09261,
    0.1218,
    0.1464,
    0.16689,
    0.16443,
    0.11657,
    0.05623
  ],
  "Monza": [
    0.0,
    0.0,
    0.0,
    0.0,
    0.0,
    0.0,
    0.0,
    0.0,
    0.0,
    1e-05,
    0.00041,
    0.00178,
    0.00378,
    0.00902,
    0.01783,
    0.03591,
    0.06699,
    0.12509,
    0.2539,
    0.48528
  ],
  "Milan": [
    0.00319,
    0.01381,
    0.0395,
    0.08764,
    0.1338,
    0.16931,
    0.18465,
    0.17179,
    0.11759,
    0.06048,
    0.01381,
    0.00361,
    0.0006,
    0.0002,
    2e-05,
    0.0,
    0.0,
    0.0,
    0.0,
    0.0
  ],
  "Torino": [
    0.0,
    0.0,
    0.0,
    3e-05,
    0.00014,
    0.00083,
    0.00246,
    0.00912,
    0.03142,
    0.08236,
    0.19737,
    0.1962,
    0.15945,
    0.12508,
    0.08393,
    0.05656,
    0.03231,
    0.01674,
    0.00505,
    0.00095
  ],
  "Bologna": [
    0.00379,
    0.01527,
    0.04236,
    0.0882,
    0.13203,
    0.16378,
    0.18402,
    0.18058,
    0.11583,
    0.05867,
    0.012,
    0.00279,
    0.00054,
    0.00012,
    2e-05,
    0.0,
    0.0,
    0.0,
    0.0,
    0.0
  ],
  "Udinese": [
    0.0,
    0.00012,
    0.00098,
    0.0049,
    0.01256,
    0.02918,
    0.05965,
    0.11536,
    0.20781,
    0.28324,
    0.15013,
    0.07626,
    0.03477,
    0.01487,
    0.0066,
    0.00254,
    0.00087,
    0.00015,
    1e-05,
    0.0
  ],
  "Verona": [
    0.0,
    0.0,
    0.0,
    0.0,
    1e-05,
    1e-05,
    0.00013,
    0.00054,
    0.00311,
    0.01145,
    0.03993,
    0.0861,
    0.12125,
    0.14121,
    0.14713,
    0.14585,
    0.13266,
    0.10286,
    0.05297,
    0.01479
  ],
  "Napoli": [
    0.4887,
    0.29362,
    0.14278,
    0.05052,
    0.01685,
    0.00579,
    0.00153,
    0.00016,
    5e-05,
    0.0,
    0.0,
    0.0,
    0.0,
    0.0,
    0.0,
    0.0,
    0.0,
    0.0,
    0.0,
    0.0
  ],
  "Cagliari": [
    0.0,
    0.0,
    0.0,
    0.0,
    3e-05,
    8e-05,
    0.00051,
    0.00207,
    0.00822,
    0.02817,
    0.07558,
    0.12578,
    0.16075,
    0.16009,
    0.14565,
    0.11829,
    0.08788,
    0.05562,
    0.02526,
    0.00602
  ],
  "Roma": [
    0.0001,
    0.00067,
    0.00327,
    0.01186,
    0.0298,
    0.05683,
    0.10011,
    0.16636,
    0.25895,
    0.20927,
    0.09583,
    0.0424,
    0.01615,
    0.00593,
    0.00186,
    0.00042,
    0.00018,
    1e-05,
    0.0,
    0.0
  ],
  "Lazio": [
    0.01803,
    0.05379,
    0.11827,
    0.20512,
    0.2092,
    0.16801,
    0.11747,
    0.06925,
    0.02982,
    0.00882,
    0.00197,
    0.00025,
    0.0,
    0.0,
    0.0,
    0.0,
    0.0,
    0.0,
    0.0,
    0.0
  ],
  "Venezia": [
    0.0,
    0.0,
    0.0,
    0.0,
    0.0,
    0.0,
    0.0,
    0.0,
    2e-05,
    0.0002,
    0.00105,
    0.00402,
    0.00999,
    0.02044,
    0.03478,
    0.05896,
    0.09688,
    0.16243,
    0.2909,
    0.32033
  ],
  "Lecce": [
    0.0,
    0.0,
    0.0,
    0.0,
    0.0,
    2e-05,
    0.00018,
    0.00096,
    0.00426,
    0.01505,
    0.04532,
    0.08224,
    0.11494,
    0.13989,
    0.15342,
    0.14866,
    0.13204,
    0.09532,
    0.05281,
    0.01489
  ],
  "Atalanta": [
    0.1388,
    0.24058,
    0.2804,
    0.16998,
    0.09315,
    0.04654,
    0.02153,
    0.00714,
    0.00166,
    0.00022,
    0.0,
    0.0,
    0.0,
    0.0,
    0.0,
    0.0,
    0.0,
    0.0,
    0.0,
    0.0
  ],
  "Juventus": [
    0.01661,
    0.056,
    0.12446,
    0.20516,
    0.20134,
    0.16581,
    0.11902,
    0.06874,
    0.03137,
    0.01002,
    0.00125,
    0.0002,
    2e-05,
    0.0,
    0.0,
    0.0,
    0.0,
    0.0,
    0.0,
    0.0
  ],
  "Como": [
    0.0,
    0.0,
    0.0,
    1e-05,
    1e-05,
    0.00018,
    0.00073,
    0.00299,
    0.01197,
    0.0341,
    0.08231,
    0.11527,
    0.1366,
    0.13961,
    0.13417,
    0.12271,
    0.10023,
    0.07207,
    0.0367,
    0.01034
  ]
}