{
  "Man United": [
    0.0,
    2e-05,
    8e-05,
    0.00044,
    0.00114,
    0.00317,
    0.00884,
    0.02201,
    0.05023,
    0.08321,
    0.12695,
    0.17268,
    0.1759,
    0.14759,
    0.10303,
    0.05903,
    0.03055,
    0.01259,
    0.00224,
    0.0003
  ],
  "Fulham": [
    1e-05,
    0.00021,
    0.00096,
    0.00295,
    0.00782,
    0.01757,
    0.03811,
    0.07252,
    0.11452,
    0.15553,
    0.1761,
    0.14651,
    0.10978,
    0.07507,
    0.04482,
    0.02308,
    0.01052,
    0.00339,
    0.00048,
    5e-05
  ],
  "Ipswich": [
    0.0,
    0.0,
    0.0,
    0.0,
    0.0,
    0.0,
    0.0,
    0.0,
    2e-05,
    7e-05,
    0.00014,
    0.00072,
    0.0021,
    0.00584,
    0.01418,
    0.03454,
    0.07482,
    0.17201,
    0.43543,
    0.26013
  ],
  "Liverpool": [
    0.78968,
    0.14185,
    0.04475,
    0.01555,
    0.00548,
    0.00191,
    0.00056,
    0.00014,
    7e-05,
    1e-05,
    0.0,
    0.0,
    0.0,
    0.0,
    0.0,
    0.0,
    0.0,
    0.0,
    0.0,
    0.0
  ],
  "Arsenal": [
    0.01478,
    0.08989,
    0.13457,
    0.16549,
    0.17365,
    0.16123,
    0.11939,
    0.07264,
    0.03802,
    0.01838,
    0.00754,
    0.00307,
    0.001,
    0.00031,
    3e-05,
    0.0,
    1e-05,
    0.0,
    0.0,
    0.0
  ],
  "Wolves": [
    0.0,
    0.0,
    0.0,
    0.0,
    0.0,
    3e-05,
    0.00015,
    0.00056,
    0.00191,
    0.00584,
    0.01246,
    0.02796,
    0.04884,
    0.08203,
    0.12465,
    0.17423,
    0.20565,
    0.1933,
    0.09434,
    0.02805
  ],
  "Everton": [
    0.0,
    0.0,
    0.0,
    0.0,
    0.0,
    1e-05,
    1e-05,
    0.00014,
    0.0004,
    0.00167,
    0.00423,
    0.01198,
    0.02514,
    0.04887,
    0.09327,
    0.15115,
    0.2185,
    0.27209,
    0.13509,
    0.03745
  ],
  "Brighton": [
    0.00321,
    0.02624,
    0.05225,
    0.08498,
    0.12256,
    0.15931,
    0.18525,
    0.14758,
    0.09902,
    0.06067,
    0.0332,
    0.01507,
    0.00683,
    0.00257,
    0.00089,
    0.00034,
    3e-05,
    0.0,
    0.0,
    0.0
  ],
  "Newcastle": [
    8e-05,
    0.00091,
    0.00356,
    0.00825,
    0.01954,
    0.03936,
    0.07553,
    0.12998,
    0.17491,
    0.17854,
    0.14397,
    0.10006,
    0.06699,
    0.03465,
    0.0155,
    0.00594,
    0.00179,
    0.00036,
    8e-05,
    0.0
  ],
  "Southampton": [
    0.0,
    0.0,
    0.0,
    0.0,
    0.0,
    0.0,
    0.0,
    0.0,
    0.0,
    0.0,
    0.0,
    0.00015,
    0.00031,
    0.00085,
    0.00295,
    0.00813,
    0.02295,
    0.07142,
    0.23714,
    0.6561
  ],
  "Nott'm Forest": [
    0.01673,
    0.09848,
    0.1437,
    0.1738,
    0.17151,
    0.15747,
    0.11382,
    0.06609,
    0.03349,
    0.01558,
    0.00619,
    0.00229,
    0.00061,
    0.00022,
    2e-05,
    0.0,
    0.0,
    0.0,
    0.0,
    0.0
  ],
  "Bournemouth": [
    0.00062,
    0.00569,
    0.01603,
    0.03287,
    0.0598,
    0.09477,
    0.14302,
    0.18504,
    0.16484,
    0.12465,
    0.08278,
    0.04829,
    0.02454,
    0.0109,
    0.00435,
    0.00123,
    0.00044,
    0.00011,
    3e-05,
    0.0
  ],
  "West Ham": [
    0.0,
    0.0,
    0.0,
    0.00011,
    0.00045,
    0.00108,
    0.00416,
    0.0112,
    0.02419,
    0.04473,
    0.07891,
    0.11957,
    0.15825,
    0.17486,
    0.15303,
    0.11226,
    0.07011,
    0.03646,
    0.00946,
    0.00117
  ],
  "Aston Villa": [
    6e-05,
    0.00216,
    0.00555,
    0.01367,
    0.02838,
    0.05311,
    0.09506,
    0.14742,
    0.1729,
    0.16626,
    0.13044,
    0.08716,
    0.05131,
    0.02758,
    0.01249,
    0.00467,
    0.00152,
    0.00023,
    3e-05,
    0.0
  ],
  "Brentford": [
    0.0,
    5e-05,
    0.00021,
    0.00088,
    0.00267,
    0.00709,
    0.01805,
    0.037,
    0.06508,
    0.09787,
    0.13348,
    0.15933,
    0.15728,
    0.13075,
    0.09091,
    0.05514,
    0.02908,
    0.01275,
    0.00224,
    0.00014
  ],
  "Crystal Palace": [
    0.0,
    0.0,
    0.0,
    1e-05,
    3e-05,
    8e-05,
    0.00028,
    0.00127,
    0.00358,
    0.00925,
    0.01991,
    0.03647,
    0.0638,
    0.10382,
    0.15574,
    0.19847,
    0.19767,
    0.14123,
    0.0565,
    0.01189
  ],
  "Chelsea": [
    0.08203,
    0.28102,
    0.23185,
    0.16308,
    0.11142,
    0.06775,
    0.03714,
    0.01585,
    0.00655,
    0.00226,
    0.00067,
    0.00031,
    6e-05,
    0.0,
    1e-05,
    0.0,
    0.0,
    0.0,
    0.0,
    0.0
  ],
  "Man City": [
    0.0731,
    0.24507,
    0.21761,
    0.16613,
    0.12514,
    0.08306,
    0.05092,
    0.02394,
    0.00996,
    0.0033,
    0.00121,
    0.00038,
    0.00011,
    6e-05,
    1e-05,
    0.0,
    0.0,
    0.0,
    0.0,
    0.0
  ],
  "Leicester": [
    0.0,
    0.0,
    0.0,
    1e-05,
    5e-05,
    0.00023,
    0.00101,
    0.00281,
    0.00833,
    0.01746,
    0.03578,
    0.06596,
    0.10648,
    0.15392,
    0.18409,
    0.17179,
    0.13636,
    0.08406,
    0.02694,
    0.00472
  ],
  "Tottenham": [
    0.0197,
    0.10841,
    0.14888,
    0.17178,
    0.17036,
    0.15277,
    0.1087,
    0.06381,
    0.03198,
    0.01472,
    0.00604,
    0.00204,
    0.00067,
    0.00011,
    3e-05,
    0.0,
    0.0,
    0.0,
    0.0,
    0.0
  ]
}