{
  "Almeria": [
    0.0,
    0.0,
    0.0,
    0.0,
    0.0,
    0.0,
    0.0,
    0.0,
    0.0,
    0.0,
    1e-05,
    4e-05,
    0.00013,
    0.00045,
    0.00153,
    0.00396,
    0.0126,
    0.04307,
    0.14713,
    0.79108
  ],
  "Vallecano": [
    0.0,
    0.0,
    0.0,
    0.0,
    0.00013,
    0.00095,
    0.00318,
    0.00905,
    0.0193,
    0.03906,
    0.07305,
    0.10904,
    0.13515,
    0.15255,
    0.15338,
    0.13593,
    0.10312,
    0.04835,
    0.01667,
    0.00109
  ],
  "Sevilla": [
    0.0,
    0.0,
    0.0,
    0.0,
    5e-05,
    0.00055,
    0.00216,
    0.00613,
    0.01407,
    0.03078,
    0.05724,
    0.09014,
    0.1217,
    0.13724,
    0.14885,
    0.14842,
    0.12641,
    0.08702,
    0.02761,
    0.00163
  ],
  "Valencia": [
    0.0,
    9e-05,
    0.00139,
    0.00828,
    0.03629,
    0.12598,
    0.17122,
    0.1809,
    0.16833,
    0.13043,
    0.08294,
    0.04744,
    0.02578,
    0.01251,
    0.00545,
    0.0023,
    0.00058,
    8e-05,
    1e-05,
    0.0
  ],
  "Sociedad": [
    1e-05,
    0.0004,
    0.00411,
    0.02147,
    0.07198,
    0.2006,
    0.20394,
    0.17405,
    0.13618,
    0.09386,
    0.05209,
    0.02425,
    0.01071,
    0.00428,
    0.00148,
    0.00048,
    0.0001,
    1e-05,
    0.0,
    0.0
  ],
  "Girona": [
    0.18593,
    0.50734,
    0.21044,
    0.07405,
    0.02003,
    0.002,
    0.00021,
    0.0,
    0.0,
    0.0,
    0.0,
    0.0,
    0.0,
    0.0,
    0.0,
    0.0,
    0.0,
    0.0,
    0.0,
    0.0
  ],
  "Las Palmas": [
    0.0,
    0.0001,
    0.00146,
    0.00851,
    0.03678,
    0.11534,
    0.15991,
    0.18188,
    0.17239,
    0.1395,
    0.09006,
    0.04955,
    0.02443,
    0.01237,
    0.00527,
    0.002,
    0.00037,
    8e-05,
    0.0,
    0.0
  ],
  "Mallorca": [
    0.0,
    0.0,
    0.0,
    0.0,
    4e-05,
    0.00056,
    0.00208,
    0.00541,
    0.01318,
    0.02743,
    0.0516,
    0.08162,
    0.11033,
    0.14794,
    0.16641,
    0.16721,
    0.12871,
    0.0705,
    0.02542,
    0.00156
  ],
  "Ath Bilbao": [
    0.00448,
    0.03535,
    0.12721,
    0.25424,
    0.36311,
    0.13548,
    0.0516,
    0.01949,
    0.00664,
    0.00189,
    0.00037,
    0.00012,
    2e-05,
    0.0,
    0.0,
    0.0,
    0.0,
    0.0,
    0.0,
    0.0
  ],
  "Real Madrid": [
    0.75933,
    0.19454,
    0.03863,
    0.00683,
    0.00065,
    2e-05,
    0.0,
    0.0,
    0.0,
    0.0,
    0.0,
    0.0,
    0.0,
    0.0,
    0.0,
    0.0,
    0.0,
    0.0,
    0.0,
    0.0
  ],
  "Celta": [
    0.0,
    0.0,
    0.0,
    0.0,
    0.0,
    3e-05,
    0.00027,
    0.0011,
    0.00343,
    0.00816,
    0.02165,
    0.04099,
    0.06742,
    0.09104,
    0.11985,
    0.15586,
    0.19586,
    0.19704,
    0.08782,
    0.00948
  ],
  "Osasuna": [
    0.0,
    0.0,
    2e-05,
    0.00023,
    0.00237,
    0.0122,
    0.03116,
    0.05461,
    0.08716,
    0.1308,
    0.17514,
    0.16084,
    0.1282,
    0.09225,
    0.06242,
    0.03893,
    0.01785,
    0.00501,
    0.00081,
    0.0
  ],
  "Villarreal": [
    0.0,
    0.0,
    0.0,
    2e-05,
    0.00019,
    0.00164,
    0.00616,
    0.01268,
    0.02982,
    0.05541,
    0.09139,
    0.13051,
    0.14924,
    0.14718,
    0.13537,
    0.11639,
    0.07745,
    0.03559,
    0.01057,
    0.00039
  ],
  "Betis": [
    0.0,
    0.00091,
    0.00678,
    0.03357,
    0.10096,
    0.23174,
    0.21068,
    0.16654,
    0.11675,
    0.07195,
    0.0355,
    0.01568,
    0.0059,
    0.00227,
    0.00057,
    0.00018,
    1e-05,
    1e-05,
    0.0,
    0.0
  ],
  "Getafe": [
    0.0,
    3e-05,
    0.00039,
    0.0038,
    0.01807,
    0.06624,
    0.10966,
    0.14495,
    0.17149,
    0.17563,
    0.12828,
    0.08128,
    0.04924,
    0.02732,
    0.01423,
    0.00683,
    0.00219,
    0.00033,
    4e-05,
    0.0
  ],
  "Barcelona": [
    0.04015,
    0.18488,
    0.38911,
    0.24327,
    0.11151,
    0.02416,
    0.00544,
    0.0012,
    0.00025,
    2e-05,
    1e-05,
    0.0,
    0.0,
    0.0,
    0.0,
    0.0,
    0.0,
    0.0,
    0.0,
    0.0
  ],
  "Cadiz": [
    0.0,
    0.0,
    0.0,
    0.0,
    0.0,
    2e-05,
    3e-05,
    0.00016,
    0.00066,
    0.00182,
    0.00544,
    0.01268,
    0.02424,
    0.04111,
    0.06363,
    0.10566,
    0.1939,
    0.27873,
    0.23387,
    0.03805
  ],
  "Alaves": [
    0.0,
    0.0,
    0.0,
    0.00013,
    0.00105,
    0.00697,
    0.01778,
    0.03428,
    0.0579,
    0.09253,
    0.13451,
    0.15394,
    0.14164,
    0.12053,
    0.09948,
    0.07323,
    0.04474,
    0.01722,
    0.00396,
    0.00011
  ],
  "Ath Madrid": [
    0.0101,
    0.07636,
    0.22046,
    0.3456,
    0.23679,
    0.07552,
    0.02452,
    0.00755,
    0.00242,
    0.00055,
    0.00011,
    2e-05,
    0.0,
    0.0,
    0.0,
    0.0,
    0.0,
    0.0,
    0.0,
    0.0
  ],
  "Granada": [
    0.0,
    0.0,
    0.0,
    0.0,
    0.0,
    0.0,
    0.0,
    2e-05,
    3e-05,
    0.00018,
    0.00061,
    0.00186,
    0.00587,
    0.01096,
    0.02208,
    0.04262,
    0.09611,
    0.21696,
    0.44609,
    0.15661
  ]
}