{
  "Genoa": [
    2e-05,
    0.00019,
    0.00062,
    0.00238,
    0.00646,
    0.01369,
    0.02462,
    0.03992,
    0.05577,
    0.07336,
    0.08544,
    0.08846,
    0.09427,
    0.09042,
    0.09004,
    0.08747,
    0.08067,
    0.07307,
    0.05871,
    0.03442
  ],
  "Inter": [
    0.26477,
    0.25719,
    0.22008,
    0.12718,
    0.0678,
    0.0351,
    0.01635,
    0.00719,
    0.00273,
    0.00104,
    0.0004,
    9e-05,
    6e-05,
    1e-05,
    1e-05,
    0.0,
    0.0,
    0.0,
    0.0,
    0.0
  ],
  "Parma": [
    1e-05,
    4e-05,
    0.00034,
    0.00137,
    0.00393,
    0.00903,
    0.01788,
    0.03113,
    0.04822,
    0.0639,
    0.07617,
    0.08238,
    0.08642,
    0.09317,
    0.09627,
    0.09623,
    0.0915,
    0.08528,
    0.07106,
    0.04567
  ],
  "Fiorentina": [
    0.01614,
    0.04147,
    0.07944,
    0.14026,
    0.17087,
    0.16569,
    0.13839,
    0.09759,
    0.06346,
    0.03645,
    0.02168,
    0.01297,
    0.00746,
    0.00395,
    0.00223,
    0.00107,
    0.00054,
    0.00023,
    0.00011,
    0.0
  ],
  "Empoli": [
    1e-05,
    7e-05,
    0.0005,
    0.00183,
    0.00533,
    0.01204,
    0.02401,
    0.04033,
    0.06074,
    0.0794,
    0.09167,
    0.10052,
    0.10264,
    0.09596,
    0.0924,
    0.08467,
    0.07605,
    0.06329,
    0.04519,
    0.02335
  ],
  "Monza": [
    0.0,
    0.0,
    0.0,
    1e-05,
    6e-05,
    0.00016,
    0.00064,
    0.0017,
    0.00354,
    0.00672,
    0.0112,
    0.01797,
    0.02617,
    0.03432,
    0.04713,
    0.06724,
    0.09117,
    0.12781,
    0.19639,
    0.36777
  ],
  "Milan": [
    0.00336,
    0.0116,
    0.02866,
    0.06147,
    0.09763,
    0.12773,
    0.14756,
    0.14265,
    0.1176,
    0.0846,
    0.06057,
    0.04157,
    0.02744,
    0.01889,
    0.01362,
    0.00797,
    0.00399,
    0.00209,
    0.0008,
    0.0002
  ],
  "Torino": [
    6e-05,
    0.00024,
    0.0011,
    0.00379,
    0.01005,
    0.02119,
    0.03675,
    0.05833,
    0.08289,
    0.09861,
    0.10693,
    0.10107,
    0.09507,
    0.09523,
    0.08148,
    0.06797,
    0.0564,
    0.04175,
    0.02796,
    0.01313
  ],
  "Bologna": [
    0.00637,
    0.01861,
    0.04222,
    0.08135,
    0.12035,
    0.14662,
    0.15192,
    0.13436,
    0.10184,
    0.07242,
    0.04437,
    0.02934,
    0.02174,
    0.01385,
    0.00719,
    0.00392,
    0.00212,
    0.00102,
    0.00033,
    6e-05
  ],
  "Udinese": [
    0.0007,
    0.00248,
    0.00768,
    0.02038,
    0.04111,
    0.06498,
    0.09327,
    0.11862,
    0.12518,
    0.11706,
    0.09628,
    0.07982,
    0.06516,
    0.05022,
    0.03965,
    0.02955,
    0.02135,
    0.015,
    0.00867,
    0.00284
  ],
  "Verona": [
    0.0,
    7e-05,
    0.00039,
    0.00116,
    0.00407,
    0.00994,
    0.01835,
    0.03198,
    0.05007,
    0.06348,
    0.08229,
    0.09297,
    0.0991,
    0.1025,
    0.09906,
    0.09542,
    0.08596,
    0.0739,
    0.05691,
    0.03238
  ],
  "Napoli": [
    0.3571,
    0.27407,
    0.19077,
    0.09827,
    0.04683,
    0.02047,
    0.00828,
    0.0031,
    0.00076,
    0.00022,
    0.00011,
    1e-05,
    1e-05,
    0.0,
    0.0,
    0.0,
    0.0,
    0.0,
    0.0,
    0.0
  ],
  "Cagliari": [
    0.0,
    0.0,
    2e-05,
    0.00017,
    0.00049,
    0.00153,
    0.0036,
    0.00826,
    0.01485,
    0.02341,
    0.03415,
    0.04646,
    0.05774,
    0.07234,
    0.08707,
    0.10189,
    0.11829,
    0.13553,
    0.15017,
    0.14403
  ],
  "Roma": [
    3e-05,
    0.00024,
    0.00126,
    0.00385,
    0.01017,
    0.01969,
    0.03598,
    0.05556,
    0.07853,
    0.09067,
    0.09726,
    0.10137,
    0.09617,
    0.09178,
    0.08492,
    0.07403,
    0.06127,
    0.04868,
    0.03206,
    0.01648
  ],
  "Lazio": [
    0.04464,
    0.09033,
    0.14652,
    0.21014,
    0.17929,
    0.13311,
    0.08665,
    0.05176,
    0.0277,
    0.01452,
    0.00768,
    0.00385,
    0.00205,
    0.00104,
    0.00042,
    0.00022,
    6e-05,
    1e-05,
    1e-05,
    0.0
  ],
  "Venezia": [
    0.0,
    0.0,
    0.0,
    7e-05,
    0.00025,
    0.00087,
    0.00234,
    0.00563,
    0.01081,
    0.01706,
    0.02461,
    0.03426,
    0.04443,
    0.05751,
    0.07258,
    0.09256,
    0.11642,
    0.14352,
    0.18083,
    0.19625
  ],
  "Lecce": [
    0.0,
    5e-05,
    0.00011,
    0.00061,
    0.0022,
    0.00524,
    0.01059,
    0.01991,
    0.0304,
    0.04306,
    0.05308,
    0.06324,
    0.07309,
    0.08347,
    0.09424,
    0.10162,
    0.11198,
    0.11416,
    0.1085,
    0.08445
  ],
  "Atalanta": [
    0.29252,
    0.26638,
    0.20897,
    0.11534,
    0.06232,
    0.03082,
    0.01471,
    0.0055,
    0.00236,
    0.0007,
    0.00023,
    0.00013,
    1e-05,
    0.0,
    0.0,
    0.0,
    1e-05,
    0.0,
    0.0,
    0.0
  ],
  "Juventus": [
    0.01426,
    0.03678,
    0.0706,
    0.12791,
    0.16416,
    0.16885,
    0.14384,
    0.10736,
    0.0673,
    0.04175,
    0.02433,
    0.01536,
    0.00853,
    0.00488,
    0.00221,
    0.00121,
    0.00046,
    0.00015,
    6e-05,
    0.0
  ],
  "Como": [
    1e-05,
    0.00019,
    0.00072,
    0.00246,
    0.00663,
    0.01325,
    0.02427,
    0.03912,
    0.05525,
    0.07157,
    0.08155,
    0.08816,
    0.09244,
    0.09046,
    0.08948,
    0.08696,
    0.08176,
    0.07451,
    0.06224,
    0.03897
  ]
}