{
  "Fulham": [
    0.0,
    0.0,
    0.0,
    0.0,
    0.0,
    0.0,
    0.0,
    1e-05,
    0.0,
    1e-05,
    0.00015,
    0.00195,
    0.00924,
    0.02165,
    0.04615,
    0.09524,
    0.20891,
    0.52107,
    0.08557,
    0.01005
  ],
  "Arsenal": [
    0.00021,
    0.00177,
    0.00728,
    0.0168,
    0.03268,
    0.05664,
    0.08759,
    0.12275,
    0.16033,
    0.19843,
    0.20303,
    0.08428,
    0.02099,
    0.00552,
    0.00144,
    0.00024,
    2e-05,
    0.0,
    0.0,
    0.0
  ],
  "Crystal Palace": [
    0.0,
    0.0,
    0.0,
    0.0,
    1e-05,
    2e-05,
    0.00015,
    0.0005,
    0.00168,
    0.00522,
    0.02012,
    0.08943,
    0.19509,
    0.22316,
    0.20122,
    0.15325,
    0.08466,
    0.02488,
    0.00061,
    0.0
  ],
  "Southampton": [
    0.00022,
    0.00206,
    0.00647,
    0.01431,
    0.02786,
    0.0478,
    0.07661,
    0.10995,
    0.15055,
    0.19453,
    0.21918,
    0.10922,
    0.02979,
    0.00796,
    0.00254,
    0.00078,
    0.00017,
    0.0,
    0.0,
    0.0
  ],
  "Liverpool": [
    0.03295,
    0.11298,
    0.15297,
    0.16831,
    0.16479,
    0.1317,
    0.0958,
    0.06442,
    0.04097,
    0.0229,
    0.00997,
    0.00202,
    0.00018,
    3e-05,
    1e-05,
    0.0,
    0.0,
    0.0,
    0.0,
    0.0
  ],
  "Leeds": [
    0.0,
    1e-05,
    0.0001,
    0.0005,
    0.00137,
    0.00397,
    0.0078,
    0.01666,
    0.03428,
    0.0718,
    0.15177,
    0.36605,
    0.18311,
    0.09107,
    0.04483,
    0.01961,
    0.00617,
    0.00089,
    1e-05,
    0.0
  ],
  "West Ham": [
    0.00214,
    0.01303,
    0.03009,
    0.0543,
    0.08985,
    0.12667,
    0.14961,
    0.15938,
    0.14834,
    0.12135,
    0.0798,
    0.02139,
    0.00341,
    0.00056,
    6e-05,
    2e-05,
    0.0,
    0.0,
    0.0,
    0.0
  ],
  "Newcastle": [
    0.0,
    0.0,
    0.0,
    0.0,
    0.0,
    0.0,
    0.0,
    1e-05,
    0.0,
    0.00017,
    0.00113,
    0.00833,
    0.03331,
    0.06867,
    0.12152,
    0.20077,
    0.34191,
    0.2099,
    0.01381,
    0.00047
  ],
  "West Brom": [
    0.0,
    0.0,
    0.0,
    0.0,
    0.0,
    0.0,
    0.0,
    0.0,
    0.0,
    0.0,
    0.0,
    0.0,
    2e-05,
    0.00013,
    0.00045,
    0.00201,
    0.01223,
    0.0831,
    0.64356,
    0.2585
  ],
  "Leicester": [
    0.11624,
    0.21453,
    0.20309,
    0.17512,
    0.11847,
    0.07556,
    0.04774,
    0.02633,
    0.01389,
    0.00629,
    0.00246,
    0.00024,
    4e-05,
    0.0,
    0.0,
    0.0,
    0.0,
    0.0,
    0.0,
    0.0
  ],
  "Tottenham": [
    0.06073,
    0.17031,
    0.19944,
    0.17654,
    0.14381,
    0.10082,
    0.06507,
    0.04085,
    0.02376,
    0.01254,
    0.00537,
    0.00069,
    5e-05,
    2e-05,
    0.0,
    0.0,
    0.0,
    0.0,
    0.0,
    0.0
  ],
  "Everton": [
    0.00765,
    0.03207,
    0.06084,
    0.08487,
    0.11853,
    0.14308,
    0.14131,
    0.13139,
    0.11411,
    0.08717,
    0.05844,
    0.01672,
    0.00314,
    0.00059,
    8e-05,
    0.0,
    1e-05,
    0.0,
    0.0,
    0.0
  ],
  "Brighton": [
    0.0,
    0.0,
    0.0,
    0.0,
    1e-05,
    0.0,
    4e-05,
    0.0001,
    0.00049,
    0.00193,
    0.0072,
    0.04046,
    0.10431,
    0.15444,
    0.1925,
    0.22874,
    0.17646,
    0.08891,
    0.00426,
    0.00015
  ],
  "Chelsea": [
    0.00147,
    0.00955,
    0.02406,
    0.04345,
    0.07535,
    0.1111,
    0.13853,
    0.15352,
    0.15403,
    0.13719,
    0.10573,
    0.03715,
    0.00685,
    0.00159,
    0.00037,
    6e-05,
    0.0,
    0.0,
    0.0,
    0.0
  ],
  "Sheffield United": [
    0.0,
    0.0,
    0.0,
    0.0,
    0.0,
    0.0,
    0.0,
    0.0,
    0.0,
    0.0,
    0.0,
    0.0,
    0.0,
    0.0,
    1e-05,
    0.00013,
    0.00174,
    0.0163,
    0.251,
    0.73082
  ],
  "Wolves": [
    0.0,
    0.0,
    0.0,
    1e-05,
    2e-05,
    0.00015,
    0.00043,
    0.00107,
    0.0034,
    0.01014,
    0.03287,
    0.12682,
    0.24008,
    0.21602,
    0.1731,
    0.11747,
    0.0591,
    0.01902,
    0.0003,
    0.0
  ],
  "Man United": [
    0.11289,
    0.24738,
    0.19936,
    0.16506,
    0.11916,
    0.07156,
    0.0415,
    0.0235,
    0.01211,
    0.00529,
    0.00199,
    0.00019,
    1e-05,
    0.0,
    0.0,
    0.0,
    0.0,
    0.0,
    0.0,
    0.0
  ],
  "Burnley": [
    0.0,
    0.0,
    0.0,
    0.0,
    0.0,
    1e-05,
    2e-05,
    0.00022,
    0.00101,
    0.00323,
    0.01346,
    0.06727,
    0.16478,
    0.20737,
    0.21554,
    0.18165,
    0.10862,
    0.03593,
    0.00088,
    1e-05
  ],
  "Aston Villa": [
    0.00282,
    0.0157,
    0.03584,
    0.0574,
    0.08959,
    0.12244,
    0.14383,
    0.14802,
    0.14056,
    0.12172,
    0.08727,
    0.02778,
    0.0056,
    0.00122,
    0.00018,
    3e-05,
    0.0,
    0.0,
    0.0,
    0.0
  ],
  "Man City": [
    0.66268,
    0.18061,
    0.08046,
    0.04333,
    0.0185,
    0.00848,
    0.00397,
    0.00132,
    0.00049,
    9e-05,
    6e-05,
    1e-05,
    0.0,
    0.0,
    0.0,
    0.0,
    0.0,
    0.0,
    0.0,
    0.0
  ]
}