{
  "Cuiabá / MT": [
    0.00199,
    0.00476,
    0.0086,
    0.01251,
    0.01735,
    0.02536,
    0.03266,
    0.04224,
    0.04799,
    0.05752,
    0.06647,
    0.06954,
    0.07557,
    0.07891,
    0.08239,
    0.08466,
    0.08658,
    0.08107,
    0.07347,
    0.05036
  ],
  "Juventude / RS": [
    0.00536,
    0.01275,
    0.02026,
    0.02892,
    0.03973,
    0.04989,
    0.05703,
    0.06394,
    0.06781,
    0.07129,
    0.07169,
    0.07267,
    0.07199,
    0.07207,
    0.06763,
    0.06476,
    0.05749,
    0.04963,
    0.03627,
    0.01882
  ],
  "Bahia / BA": [
    0.0077,
    0.01595,
    0.02613,
    0.03759,
    0.04851,
    0.05803,
    0.06496,
    0.06978,
    0.07358,
    0.07544,
    0.07333,
    0.07007,
    0.06936,
    0.06441,
    0.06165,
    0.05507,
    0.04836,
    0.03905,
    0.02811,
    0.01292
  ],
  "Santos / SP": [
    0.00475,
    0.01219,
    0.02044,
    0.03004,
    0.03757,
    0.04762,
    0.05675,
    0.06376,
    0.06971,
    0.07165,
    0.07375,
    0.07423,
    0.07427,
    0.07353,
    0.06987,
    0.06375,
    0.05767,
    0.04745,
    0.03401,
    0.01699
  ],
  "São Paulo / SP": [
    0.00036,
    0.00144,
    0.00308,
    0.00599,
    0.00896,
    0.01379,
    0.01898,
    0.02465,
    0.03238,
    0.03934,
    0.05023,
    0.05667,
    0.06695,
    0.07774,
    0.08567,
    0.09714,
    0.10859,
    0.11299,
    0.11167,
    0.08338
  ],
  "Fluminense / RJ": [
    0.00737,
    0.01599,
    0.0279,
    0.03849,
    0.04751,
    0.05858,
    0.06513,
    0.07254,
    0.07444,
    0.07829,
    0.07719,
    0.07592,
    0.0722,
    0.06523,
    0.0599,
    0.05352,
    0.04334,
    0.03326,
    0.02309,
    0.01011
  ],
  "Atlético Mineiro / MG": [
    0.18992,
    0.17574,
    0.14605,
    0.1196,
    0.09463,
    0.0739,
    0.05739,
    0.0415,
    0.02981,
    0.02414,
    0.01625,
    0.01173,
    0.00746,
    0.00544,
    0.00304,
    0.00203,
    0.00078,
    0.00039,
    0.00016,
    4e-05
  ],
  "Fortaleza / CE": [
    0.13928,
    0.15135,
    0.13916,
    0.12351,
    0.10283,
    0.08448,
    0.06614,
    0.05177,
    0.04092,
    0.03001,
    0.02317,
    0.01618,
    0.0112,
    0.00831,
    0.00555,
    0.00322,
    0.00178,
    0.00085,
    0.00023,
    6e-05
  ],
  "Flamengo / RJ": [
    0.06062,
    0.08501,
    0.09616,
    0.10044,
    0.10068,
    0.09417,
    0.08479,
    0.07353,
    0.0658,
    0.05416,
    0.04339,
    0.0371,
    0.03209,
    0.0244,
    0.01761,
    0.01292,
    0.00839,
    0.00518,
    0.00275,
    0.00081
  ],
  "Palmeiras / SP": [
    0.35813,
    0.20582,
    0.14052,
    0.09479,
    0.06456,
    0.04496,
    0.031,
    0.02069,
    0.01399,
    0.00914,
    0.00623,
    0.00449,
    0.00259,
    0.00143,
    0.00087,
    0.00048,
    0.0002,
    0.0001,
    1e-05,
    0.0
  ],
  "Ceará / CE": [
    0.0162,
    0.03135,
    0.04394,
    0.05743,
    0.06849,
    0.07413,
    0.08023,
    0.08079,
    0.07942,
    0.07651,
    0.07514,
    0.07035,
    0.05868,
    0.05223,
    0.04262,
    0.03356,
    0.0258,
    0.01871,
    0.01031,
    0.00411
  ],
  "Grêmio / RS": [
    0.00018,
    0.00067,
    0.00161,
    0.0029,
    0.00459,
    0.00794,
    0.01092,
    0.01522,
    0.02022,
    0.02657,
    0.03432,
    0.04394,
    0.05165,
    0.06377,
    0.07625,
    0.08895,
    0.10946,
    0.12943,
    0.15749,
    0.15392
  ],
  "Corinthians / SP": [
    0.00733,
    0.01764,
    0.02737,
    0.03849,
    0.04954,
    0.05812,
    0.06444,
    0.07166,
    0.07633,
    0.07942,
    0.07832,
    0.07576,
    0.07155,
    0.06527,
    0.06032,
    0.05098,
    0.04215,
    0.03357,
    0.0217,
    0.01004
  ],
  "Atlético Goianiense / GO": [
    0.01011,
    0.0223,
    0.0357,
    0.04628,
    0.05852,
    0.06681,
    0.07506,
    0.07938,
    0.08119,
    0.07755,
    0.07381,
    0.06911,
    0.06551,
    0.05745,
    0.0529,
    0.04462,
    0.03559,
    0.0253,
    0.01586,
    0.00695
  ],
  "Athletico Paranaense / PR": [
    0.08135,
    0.10536,
    0.11043,
    0.11206,
    0.10612,
    0.0925,
    0.08182,
    0.06963,
    0.0566,
    0.04651,
    0.03632,
    0.02857,
    0.02267,
    0.01733,
    0.01245,
    0.00903,
    0.00582,
    0.00352,
    0.00156,
    0.00035
  ],
  "América / MG": [
    0.00028,
    0.00115,
    0.00293,
    0.00491,
    0.00832,
    0.01159,
    0.01745,
    0.02324,
    0.02759,
    0.03528,
    0.04247,
    0.04941,
    0.05911,
    0.07046,
    0.08064,
    0.09662,
    0.10882,
    0.12296,
    0.13044,
    0.10633
  ],
  "Chapecoense / SC": [
    1e-05,
    6e-05,
    0.00021,
    0.00039,
    0.00104,
    0.00152,
    0.00314,
    0.0045,
    0.00669,
    0.00895,
    0.0118,
    0.01625,
    0.02238,
    0.02922,
    0.04052,
    0.05668,
    0.07995,
    0.11929,
    0.18972,
    0.40768
  ],
  "Red Bull Bragantino / SP": [
    0.10652,
    0.13348,
    0.13613,
    0.12298,
    0.10889,
    0.09148,
    0.0727,
    0.05691,
    0.04479,
    0.03512,
    0.02664,
    0.01928,
    0.01585,
    0.01068,
    0.00763,
    0.00542,
    0.0032,
    0.00155,
    0.00063,
    0.00012
  ],
  "Internacional / RS": [
    0.0015,
    0.00487,
    0.00915,
    0.01581,
    0.02145,
    0.02921,
    0.03711,
    0.04594,
    0.05564,
    0.05907,
    0.06748,
    0.07932,
    0.08443,
    0.08727,
    0.08785,
    0.08477,
    0.07797,
    0.0682,
    0.0533,
    0.02966
  ],
  "Sport / PE": [
    0.00104,
    0.00212,
    0.00423,
    0.00687,
    0.01071,
    0.01592,
    0.0223,
    0.02833,
    0.0351,
    0.04404,
    0.052,
    0.05941,
    0.06449,
    0.07485,
    0.08464,
    0.09182,
    0.09806,
    0.1075,
    0.10922,
    0.08735
  ]
}