{
  "Cuiabá / MT": [
    0.0,
    0.0003,
    0.0043,
    0.01006,
    0.01866,
    0.03,
    0.04621,
    0.07035,
    0.07891,
    0.09786,
    0.09921,
    0.09463,
    0.09297,
    0.08505,
    0.08007,
    0.06871,
    0.056,
    0.04083,
    0.02551,
    0.00037
  ],
  "Juventude / RS": [
    0.0,
    0.0,
    0.00015,
    0.00077,
    0.00241,
    0.00598,
    0.01111,
    0.01929,
    0.02885,
    0.03871,
    0.04878,
    0.05949,
    0.07345,
    0.09025,
    0.10571,
    0.12362,
    0.13598,
    0.13501,
    0.11726,
    0.00318
  ],
  "Bahia / BA": [
    0.0,
    1e-05,
    0.00013,
    0.00065,
    0.0016,
    0.00408,
    0.00896,
    0.01493,
    0.02296,
    0.03256,
    0.04258,
    0.05392,
    0.06544,
    0.08348,
    0.1007,
    0.1207,
    0.1341,
    0.15113,
    0.15722,
    0.00485
  ],
  "Santos / SP": [
    0.0,
    3e-05,
    0.0002,
    0.00072,
    0.00239,
    0.00412,
    0.00864,
    0.01451,
    0.02168,
    0.02997,
    0.03791,
    0.05,
    0.06428,
    0.08025,
    0.10109,
    0.11991,
    0.14141,
    0.15431,
    0.16344,
    0.00514
  ],
  "São Paulo / SP": [
    0.0,
    6e-05,
    0.00153,
    0.00519,
    0.01109,
    0.02032,
    0.03223,
    0.04545,
    0.06024,
    0.0705,
    0.08061,
    0.09079,
    0.10117,
    0.10728,
    0.10054,
    0.09434,
    0.07674,
    0.06143,
    0.04001,
    0.00048
  ],
  "Fluminense / RJ": [
    3e-05,
    0.00127,
    0.01416,
    0.03188,
    0.05366,
    0.07717,
    0.10167,
    0.11351,
    0.11241,
    0.10356,
    0.09518,
    0.08242,
    0.06785,
    0.04963,
    0.03904,
    0.02802,
    0.01662,
    0.00853,
    0.00337,
    2e-05
  ],
  "Atlético Mineiro / MG": [
    0.79796,
    0.19003,
    0.01054,
    0.00115,
    0.00029,
    3e-05,
    0.0,
    0.0,
    0.0,
    0.0,
    0.0,
    0.0,
    0.0,
    0.0,
    0.0,
    0.0,
    0.0,
    0.0,
    0.0,
    0.0
  ],
  "Fortaleza / CE": [
    0.00056,
    0.02207,
    0.17525,
    0.18922,
    0.17791,
    0.14522,
    0.10462,
    0.06931,
    0.04711,
    0.02945,
    0.01792,
    0.00995,
    0.00587,
    0.00335,
    0.00143,
    0.00053,
    0.00018,
    5e-05,
    0.0,
    0.0
  ],
  "Flamengo / RJ": [
    0.19623,
    0.67943,
    0.08588,
    0.02401,
    0.00894,
    0.00326,
    0.00139,
    0.00056,
    0.00018,
    8e-05,
    4e-05,
    0.0,
    0.0,
    0.0,
    0.0,
    0.0,
    0.0,
    0.0,
    0.0,
    0.0
  ],
  "Palmeiras / SP": [
    0.00251,
    0.04173,
    0.26269,
    0.2153,
    0.16123,
    0.11551,
    0.07614,
    0.04888,
    0.02957,
    0.01986,
    0.01144,
    0.00687,
    0.00387,
    0.00221,
    0.00135,
    0.00052,
    0.00025,
    6e-05,
    1e-05,
    0.0
  ],
  "Ceará / CE": [
    1e-05,
    0.00019,
    0.00462,
    0.01064,
    0.0195,
    0.0305,
    0.04831,
    0.06249,
    0.0769,
    0.08628,
    0.0995,
    0.10507,
    0.10287,
    0.09431,
    0.08173,
    0.06722,
    0.05263,
    0.03758,
    0.01954,
    0.00011
  ],
  "Grêmio / RS": [
    0.0,
    1e-05,
    0.00011,
    0.00063,
    0.00154,
    0.00287,
    0.00581,
    0.00979,
    0.01474,
    0.02305,
    0.03284,
    0.04524,
    0.05904,
    0.07578,
    0.09366,
    0.11353,
    0.13495,
    0.16471,
    0.21361,
    0.00809
  ],
  "Corinthians / SP": [
    0.00019,
    0.00744,
    0.06648,
    0.10836,
    0.13604,
    0.14623,
    0.13858,
    0.11437,
    0.09225,
    0.0668,
    0.04719,
    0.03162,
    0.01981,
    0.01262,
    0.00663,
    0.00327,
    0.00145,
    0.00055,
    0.00012,
    0.0
  ],
  "Atlético Goianiense / GO": [
    0.0,
    0.00035,
    0.00449,
    0.0112,
    0.02195,
    0.03599,
    0.05413,
    0.07464,
    0.0913,
    0.10117,
    0.10704,
    0.10387,
    0.09805,
    0.08731,
    0.07118,
    0.05508,
    0.0404,
    0.02723,
    0.01455,
    7e-05
  ],
  "Athletico Paranaense / PR": [
    3e-05,
    0.0013,
    0.01636,
    0.03332,
    0.05343,
    0.07545,
    0.09702,
    0.11042,
    0.11168,
    0.10669,
    0.09601,
    0.08295,
    0.06745,
    0.05325,
    0.0392,
    0.02683,
    0.01725,
    0.00852,
    0.00282,
    2e-05
  ],
  "América / MG": [
    0.0,
    7e-05,
    0.00276,
    0.00936,
    0.02051,
    0.03519,
    0.05351,
    0.07248,
    0.08729,
    0.09601,
    0.10062,
    0.10321,
    0.09993,
    0.09022,
    0.07778,
    0.06092,
    0.04608,
    0.02919,
    0.01478,
    9e-05
  ],
  "Chapecoense / SC": [
    0.0,
    0.0,
    0.0,
    0.0,
    0.0,
    0.0,
    0.0,
    0.0,
    0.0,
    0.0,
    0.0,
    2e-05,
    1e-05,
    5e-05,
    0.00013,
    0.00049,
    0.00124,
    0.00489,
    0.02259,
    0.97058
  ],
  "Red Bull Bragantino / SP": [
    0.00221,
    0.04187,
    0.24851,
    0.21795,
    0.16218,
    0.11906,
    0.0783,
    0.0499,
    0.03062,
    0.01902,
    0.01217,
    0.00794,
    0.00488,
    0.00304,
    0.00138,
    0.00066,
    0.00021,
    8e-05,
    2e-05,
    0.0
  ],
  "Internacional / RS": [
    0.00027,
    0.01384,
    0.10175,
    0.12926,
    0.14563,
    0.14656,
    0.12873,
    0.09887,
    0.07633,
    0.0531,
    0.03777,
    0.02841,
    0.01807,
    0.01068,
    0.0056,
    0.00311,
    0.00149,
    0.0004,
    0.00013,
    0.0
  ],
  "Sport / PE": [
    0.0,
    0.0,
    9e-05,
    0.00033,
    0.00104,
    0.00246,
    0.00464,
    0.01025,
    0.01698,
    0.02533,
    0.03319,
    0.0436,
    0.05499,
    0.07124,
    0.09278,
    0.11254,
    0.14302,
    0.1755,
    0.20502,
    0.007
  ]
}