{
  "Sp Lisbon": [
    0.0889,
    0.18991,
    0.24649,
    0.19153,
    0.13368,
    0.0785,
    0.0405,
    0.01959,
    0.00755,
    0.00247,
    0.00069,
    0.00016,
    2e-05,
    1e-05,
    0.0,
    0.0,
    0.0,
    0.0
  ],
  "Vizela": [
    0.0,
    0.0,
    1e-05,
    2e-05,
    0.00016,
    0.00049,
    0.00132,
    0.00302,
    0.0062,
    0.01124,
    0.01979,
    0.03143,
    0.04982,
    0.07806,
    0.11567,
    0.17179,
    0.23559,
    0.27539
  ],
  "Arouca": [
    0.00017,
    0.00138,
    0.0057,
    0.01613,
    0.02976,
    0.05087,
    0.07346,
    0.09601,
    0.11392,
    0.12285,
    0.12028,
    0.11033,
    0.09153,
    0.06988,
    0.04785,
    0.02922,
    0.01509,
    0.00557
  ],
  "Estoril": [
    0.00779,
    0.02858,
    0.06308,
    0.11144,
    0.1375,
    0.16299,
    0.14371,
    0.11332,
    0.08482,
    0.05826,
    0.0382,
    0.02445,
    0.01384,
    0.00706,
    0.00332,
    0.00125,
    0.00035,
    4e-05
  ],
  "Moreirense": [
    7e-05,
    0.00077,
    0.00289,
    0.00955,
    0.02024,
    0.03933,
    0.05993,
    0.08162,
    0.09903,
    0.11176,
    0.1183,
    0.11628,
    0.10436,
    0.08714,
    0.06698,
    0.04418,
    0.02594,
    0.01163
  ],
  "Benfica": [
    0.31269,
    0.31274,
    0.18687,
    0.0955,
    0.04998,
    0.02419,
    0.01012,
    0.00495,
    0.0017,
    0.00078,
    0.00031,
    0.00011,
    3e-05,
    2e-05,
    1e-05,
    0.0,
    0.0,
    0.0
  ],
  "Maritimo": [
    0.0,
    0.00022,
    0.0011,
    0.00396,
    0.00968,
    0.02102,
    0.03615,
    0.05454,
    0.07645,
    0.09643,
    0.11538,
    0.12541,
    0.12744,
    0.11387,
    0.09286,
    0.06615,
    0.04095,
    0.01839
  ],
  "Sp Braga": [
    0.03377,
    0.09478,
    0.16803,
    0.21597,
    0.17705,
    0.1248,
    0.0795,
    0.04855,
    0.02763,
    0.01538,
    0.00801,
    0.00386,
    0.00172,
    0.00069,
    0.00018,
    6e-05,
    2e-05,
    0.0
  ],
  "Guimaraes": [
    0.02947,
    0.08827,
    0.14869,
    0.17428,
    0.17451,
    0.14047,
    0.09879,
    0.06608,
    0.03811,
    0.0203,
    0.01064,
    0.00589,
    0.00256,
    0.00132,
    0.00047,
    0.0001,
    5e-05,
    0.0
  ],
  "Portimonense": [
    0.00201,
    0.01023,
    0.03202,
    0.06965,
    0.12385,
    0.15506,
    0.1659,
    0.14275,
    0.10728,
    0.07737,
    0.05116,
    0.03117,
    0.01733,
    0.00909,
    0.00361,
    0.00125,
    0.00022,
    5e-05
  ],
  "Tondela": [
    0.00037,
    0.00275,
    0.0098,
    0.02381,
    0.0515,
    0.07561,
    0.10324,
    0.11649,
    0.12472,
    0.11568,
    0.10265,
    0.08409,
    0.06822,
    0.05095,
    0.0352,
    0.02087,
    0.01046,
    0.00359
  ],
  "Santa Clara": [
    0.0,
    0.0,
    1e-05,
    7e-05,
    0.00032,
    0.00098,
    0.00263,
    0.00518,
    0.01141,
    0.0193,
    0.03203,
    0.05064,
    0.07545,
    0.10836,
    0.14798,
    0.18737,
    0.19765,
    0.16062
  ],
  "Porto": [
    0.52419,
    0.2666,
    0.12205,
    0.05454,
    0.02126,
    0.00756,
    0.0026,
    0.00089,
    0.00022,
    7e-05,
    0.0,
    2e-05,
    0.0,
    0.0,
    0.0,
    0.0,
    0.0,
    0.0
  ],
  "Belenenses": [
    2e-05,
    0.00026,
    0.00118,
    0.00475,
    0.01151,
    0.02728,
    0.04766,
    0.06931,
    0.0927,
    0.11049,
    0.12104,
    0.12225,
    0.1149,
    0.09977,
    0.07631,
    0.05288,
    0.03282,
    0.01487
  ],
  "Pacos Ferreira": [
    0.0,
    1e-05,
    0.00019,
    0.00049,
    0.0024,
    0.00591,
    0.01265,
    0.02316,
    0.03667,
    0.05382,
    0.07242,
    0.09513,
    0.11811,
    0.13797,
    0.14451,
    0.13249,
    0.1025,
    0.06157
  ],
  "Famalicao": [
    0.0,
    0.0,
    0.0,
    3e-05,
    3e-05,
    0.00026,
    0.00089,
    0.00159,
    0.00356,
    0.00719,
    0.01291,
    0.02186,
    0.03653,
    0.05856,
    0.09538,
    0.1488,
    0.22918,
    0.38323
  ],
  "Gil Vicente": [
    0.00054,
    0.00345,
    0.0115,
    0.02744,
    0.05341,
    0.07785,
    0.10761,
    0.1301,
    0.13135,
    0.12227,
    0.10306,
    0.0826,
    0.06115,
    0.04157,
    0.02563,
    0.01329,
    0.00562,
    0.00156
  ],
  "Boavista": [
    1e-05,
    5e-05,
    0.00039,
    0.00084,
    0.00316,
    0.00683,
    0.01334,
    0.02285,
    0.03668,
    0.05434,
    0.07313,
    0.09432,
    0.11699,
    0.13568,
    0.14404,
    0.1303,
    0.10356,
    0.06349
  ]
}