{
  "Sp Lisbon": [
    0.0323,
    0.96697,
    0.00073,
    0.0,
    0.0,
    0.0,
    0.0,
    0.0,
    0.0,
    0.0,
    0.0,
    0.0,
    0.0,
    0.0,
    0.0,
    0.0,
    0.0,
    0.0
  ],
  "Vizela": [
    0.0,
    0.0,
    0.0,
    0.0,
    0.0,
    0.00034,
    0.00267,
    0.01143,
    0.0249,
    0.05157,
    0.09174,
    0.16336,
    0.27366,
    0.19207,
    0.11431,
    0.05626,
    0.01572,
    0.00197
  ],
  "Arouca": [
    0.0,
    0.0,
    0.0,
    0.0,
    0.0,
    0.0,
    7e-05,
    0.00045,
    0.0021,
    0.00609,
    0.01543,
    0.04105,
    0.09892,
    0.1699,
    0.24651,
    0.24403,
    0.12838,
    0.04707
  ],
  "Estoril": [
    0.0,
    0.0,
    0.0,
    0.0,
    2e-05,
    0.03462,
    0.11437,
    0.18058,
    0.20677,
    0.18506,
    0.14581,
    0.08605,
    0.03479,
    0.01068,
    0.00121,
    4e-05,
    0.0,
    0.0
  ],
  "Moreirense": [
    0.0,
    0.0,
    0.0,
    0.0,
    0.0,
    0.0,
    0.0,
    1e-05,
    0.00018,
    0.00076,
    0.0022,
    0.00768,
    0.02393,
    0.05811,
    0.12503,
    0.19915,
    0.35693,
    0.22602
  ],
  "Benfica": [
    0.0,
    0.00073,
    0.99265,
    0.00662,
    0.0,
    0.0,
    0.0,
    0.0,
    0.0,
    0.0,
    0.0,
    0.0,
    0.0,
    0.0,
    0.0,
    0.0,
    0.0,
    0.0
  ],
  "Maritimo": [
    0.0,
    0.0,
    0.0,
    0.0,
    0.0,
    0.02058,
    0.08923,
    0.15164,
    0.15668,
    0.15931,
    0.16131,
    0.15025,
    0.08726,
    0.02057,
    0.00299,
    0.00018,
    0.0,
    0.0
  ],
  "Sp Braga": [
    0.0,
    0.0,
    0.00662,
    0.99126,
    0.00212,
    0.0,
    0.0,
    0.0,
    0.0,
    0.0,
    0.0,
    0.0,
    0.0,
    0.0,
    0.0,
    0.0,
    0.0,
    0.0
  ],
  "Guimaraes": [
    0.0,
    0.0,
    0.0,
    0.0,
    0.02916,
    0.71007,
    0.15773,
    0.05846,
    0.02769,
    0.01281,
    0.00353,
    0.00052,
    3e-05,
    0.0,
    0.0,
    0.0,
    0.0,
    0.0
  ],
  "Portimonense": [
    0.0,
    0.0,
    0.0,
    0.0,
    0.0,
    0.00189,
    0.02028,
    0.05298,
    0.09194,
    0.1377,
    0.19024,
    0.24923,
    0.16741,
    0.06461,
    0.01962,
    0.00392,
    0.00018,
    0.0
  ],
  "Tondela": [
    0.0,
    0.0,
    0.0,
    0.0,
    0.0,
    0.0,
    4e-05,
    0.0002,
    0.00063,
    0.00206,
    0.00581,
    0.01533,
    0.04569,
    0.12607,
    0.21297,
    0.28324,
    0.24077,
    0.06719
  ],
  "Santa Clara": [
    0.0,
    0.0,
    0.0,
    0.0,
    6e-05,
    0.05007,
    0.16985,
    0.19146,
    0.17729,
    0.16463,
    0.1321,
    0.07777,
    0.0308,
    0.00535,
    0.00059,
    3e-05,
    0.0,
    0.0
  ],
  "Porto": [
    0.9677,
    0.0323,
    0.0,
    0.0,
    0.0,
    0.0,
    0.0,
    0.0,
    0.0,
    0.0,
    0.0,
    0.0,
    0.0,
    0.0,
    0.0,
    0.0,
    0.0,
    0.0
  ],
  "Belenenses": [
    0.0,
    0.0,
    0.0,
    0.0,
    0.0,
    0.0,
    0.0,
    0.0,
    0.0,
    0.0,
    9e-05,
    0.00066,
    0.00431,
    0.01746,
    0.03746,
    0.07656,
    0.21293,
    0.65053
  ],
  "Pacos Ferreira": [
    0.0,
    0.0,
    0.0,
    0.0,
    0.00122,
    0.1195,
    0.35414,
    0.21614,
    0.14389,
    0.09222,
    0.05072,
    0.01865,
    0.00326,
    0.00026,
    0.0,
    0.0,
    0.0,
    0.0
  ],
  "Famalicao": [
    0.0,
    0.0,
    0.0,
    0.0,
    0.0,
    0.0,
    0.00032,
    0.00179,
    0.00464,
    0.01216,
    0.02547,
    0.0582,
    0.16188,
    0.31319,
    0.23422,
    0.13585,
    0.04506,
    0.00722
  ],
  "Gil Vicente": [
    0.0,
    0.0,
    0.0,
    0.00212,
    0.96741,
    0.03,
    0.00047,
    0.0,
    0.0,
    0.0,
    0.0,
    0.0,
    0.0,
    0.0,
    0.0,
    0.0,
    0.0,
    0.0
  ],
  "Boavista": [
    0.0,
    0.0,
    0.0,
    0.0,
    1e-05,
    0.03293,
    0.09083,
    0.13486,
    0.16329,
    0.17563,
    0.17555,
    0.13125,
    0.06806,
    0.02173,
    0.00509,
    0.00074,
    3e-05,
    0.0
  ]
}