{
  "Palmeiras / SP": [
    0.44382,
    0.35896,
    0.1196,
    0.04524,
    0.01825,
    0.0082,
    0.00347,
    0.00143,
    0.00057,
    0.0003,
    0.00011,
    4e-05,
    0.0,
    1e-05,
    0.0,
    0.0,
    0.0,
    0.0,
    0.0,
    0.0
  ],
  "Cuiabá / MT": [
    0.0,
    0.0,
    0.00015,
    0.00041,
    0.00115,
    0.00298,
    0.00548,
    0.0103,
    0.01866,
    0.03314,
    0.05545,
    0.08503,
    0.12568,
    0.15925,
    0.15959,
    0.1367,
    0.10145,
    0.06383,
    0.03253,
    0.00822
  ],
  "América / MG": [
    0.0,
    0.0,
    0.0,
    1e-05,
    1e-05,
    2e-05,
    6e-05,
    0.00017,
    0.0006,
    0.0013,
    0.0032,
    0.00721,
    0.01652,
    0.03438,
    0.06334,
    0.09916,
    0.14446,
    0.19852,
    0.25268,
    0.17836
  ],
  "Fluminense / RJ": [
    0.00928,
    0.03872,
    0.11451,
    0.14917,
    0.15542,
    0.13822,
    0.11297,
    0.0921,
    0.06827,
    0.05016,
    0.03361,
    0.0203,
    0.0106,
    0.00443,
    0.00152,
    0.0005,
    0.00011,
    8e-05,
    3e-05,
    0.0
  ],
  "Botafogo / RJ": [
    0.47596,
    0.35161,
    0.10786,
    0.03854,
    0.01538,
    0.00629,
    0.00273,
    0.00084,
    0.00049,
    0.0002,
    9e-05,
    1e-05,
    0.0,
    0.0,
    0.0,
    0.0,
    0.0,
    0.0,
    0.0,
    0.0
  ],
  "São Paulo / SP": [
    0.00074,
    0.00499,
    0.02343,
    0.04692,
    0.07124,
    0.09225,
    0.10737,
    0.11836,
    0.12429,
    0.12066,
    0.10486,
    0.0805,
    0.05297,
    0.02871,
    0.01397,
    0.0057,
    0.00224,
    0.00063,
    0.00014,
    3e-05
  ],
  "Red Bull Bragantino / SP": [
    0.00089,
    0.00545,
    0.02336,
    0.04718,
    0.07289,
    0.09155,
    0.10955,
    0.12117,
    0.1251,
    0.11991,
    0.10522,
    0.07641,
    0.04952,
    0.02806,
    0.01429,
    0.00584,
    0.00271,
    0.00069,
    0.00019,
    2e-05
  ],
  "Bahia / BA": [
    0.0,
    0.0,
    2e-05,
    6e-05,
    0.00015,
    0.00055,
    0.00123,
    0.00253,
    0.00481,
    0.01035,
    0.0204,
    0.0376,
    0.07001,
    0.11523,
    0.15218,
    0.17016,
    0.16119,
    0.13324,
    0.08829,
    0.032
  ],
  "Athletico Paranaense / PR": [
    0.0005,
    0.00381,
    0.01807,
    0.03861,
    0.06459,
    0.08727,
    0.10404,
    0.11823,
    0.12814,
    0.1269,
    0.10903,
    0.08664,
    0.05848,
    0.03101,
    0.01537,
    0.00602,
    0.00218,
    0.00093,
    0.00016,
    2e-05
  ],
  "Goiás / GO": [
    0.0,
    0.0,
    0.0,
    2e-05,
    4e-05,
    0.00017,
    0.00039,
    0.00086,
    0.00198,
    0.00445,
    0.00947,
    0.01921,
    0.03722,
    0.06518,
    0.10247,
    0.14469,
    0.17844,
    0.18929,
    0.16253,
    0.08359
  ],
  "Fortaleza / CE": [
    0.00032,
    0.00289,
    0.01507,
    0.03334,
    0.05435,
    0.07661,
    0.0991,
    0.11338,
    0.12419,
    0.12842,
    0.12466,
    0.10028,
    0.06489,
    0.03561,
    0.01592,
    0.00712,
    0.00275,
    0.00087,
    0.00021,
    2e-05
  ],
  "Internacional / RS": [
    0.0,
    2e-05,
    0.00057,
    0.00173,
    0.00427,
    0.00962,
    0.01741,
    0.02821,
    0.04321,
    0.06505,
    0.09743,
    0.13712,
    0.17407,
    0.15483,
    0.11527,
    0.07544,
    0.04291,
    0.02221,
    0.0088,
    0.00183
  ],
  "Atlético Mineiro / MG": [
    0.03165,
    0.10368,
    0.24008,
    0.20737,
    0.14527,
    0.09944,
    0.06619,
    0.04494,
    0.02894,
    0.01662,
    0.00863,
    0.0043,
    0.00202,
    0.00064,
    0.00019,
    4e-05,
    0.0,
    0.0,
    0.0,
    0.0
  ],
  "Vasco da Gama / RJ": [
    0.0,
    0.0,
    1e-05,
    0.0,
    2e-05,
    7e-05,
    0.00024,
    0.00051,
    0.00126,
    0.00332,
    0.00644,
    0.01428,
    0.03037,
    0.05749,
    0.09415,
    0.13069,
    0.17037,
    0.20003,
    0.19311,
    0.09764
  ],
  "Flamengo / RJ": [
    0.03062,
    0.09843,
    0.22484,
    0.20179,
    0.14564,
    0.10307,
    0.07275,
    0.04918,
    0.03314,
    0.02013,
    0.0111,
    0.00586,
    0.0023,
    0.00086,
    0.00022,
    6e-05,
    1e-05,
    0.0,
    0.0,
    0.0
  ],
  "Coritiba / PR": [
    0.0,
    0.0,
    0.0,
    0.0,
    0.0,
    0.0,
    1e-05,
    0.0,
    1e-05,
    5e-05,
    0.00022,
    0.00059,
    0.00185,
    0.00529,
    0.01263,
    0.02685,
    0.05373,
    0.10084,
    0.21496,
    0.58297
  ],
  "Corinthians / SP": [
    0.0,
    1e-05,
    6e-05,
    0.00031,
    0.00086,
    0.00191,
    0.00425,
    0.00793,
    0.01395,
    0.02495,
    0.04084,
    0.07061,
    0.10793,
    0.15159,
    0.16706,
    0.15116,
    0.1177,
    0.0802,
    0.0438,
    0.01488
  ],
  "Cruzeiro / MG": [
    0.00269,
    0.01397,
    0.05177,
    0.08986,
    0.11677,
    0.12858,
    0.12868,
    0.11746,
    0.10289,
    0.08626,
    0.06777,
    0.04543,
    0.02673,
    0.01282,
    0.00517,
    0.00211,
    0.00076,
    0.00023,
    3e-05,
    2e-05
  ],
  "Grêmio / RS": [
    0.00347,
    0.01719,
    0.05895,
    0.09429,
    0.12199,
    0.13139,
    0.13074,
    0.1206,
    0.10528,
    0.07975,
    0.06002,
    0.03987,
    0.02035,
    0.00974,
    0.00402,
    0.00162,
    0.00055,
    0.00015,
    3e-05,
    0.0
  ],
  "Santos / SP": [
    6e-05,
    0.00027,
    0.00165,
    0.00515,
    0.01171,
    0.02181,
    0.03334,
    0.0518,
    0.07422,
    0.10808,
    0.14145,
    0.16871,
    0.14849,
    0.10487,
    0.06264,
    0.03614,
    0.01844,
    0.00826,
    0.00251,
    0.0004
  ]
}