{
  "São Paulo / SP": [
    2e-05,
    0.01003,
    0.09665,
    0.41449,
    0.25794,
    0.13271,
    0.05815,
    0.02201,
    0.0061,
    0.00158,
    0.00032,
    0.0,
    0.0,
    0.0,
    0.0,
    0.0,
    0.0,
    0.0,
    0.0,
    0.0
  ],
  "Botafogo / RJ": [
    0.0,
    0.0,
    0.0,
    0.0,
    1e-05,
    0.00013,
    0.00049,
    0.00167,
    0.00509,
    0.01479,
    0.03763,
    0.06819,
    0.10492,
    0.13908,
    0.16488,
    0.17803,
    0.17116,
    0.10515,
    0.00861,
    0.00017
  ],
  "Atlético Mineiro / MG": [
    0.0,
    0.0,
    0.0,
    1e-05,
    0.00021,
    0.002,
    0.00555,
    0.01389,
    0.03019,
    0.0654,
    0.1162,
    0.16284,
    0.17366,
    0.14929,
    0.11805,
    0.08645,
    0.05501,
    0.0208,
    0.00045,
    0.0
  ],
  "Avaí / SC": [
    0.0,
    0.0,
    0.0,
    0.0,
    0.0,
    0.0,
    0.0,
    0.0,
    0.0,
    0.0,
    0.0,
    0.0,
    0.0,
    0.0,
    1e-05,
    9e-05,
    0.00079,
    0.00644,
    0.19374,
    0.79893
  ],
  "Chapecoense / SC": [
    0.0,
    0.0,
    0.0,
    0.0,
    0.0,
    0.0,
    0.0,
    0.0,
    0.0,
    0.0,
    0.0,
    2e-05,
    4e-05,
    0.00032,
    0.00109,
    0.00376,
    0.01212,
    0.05718,
    0.7265,
    0.19897
  ],
  "Internacional / RS": [
    0.0,
    8e-05,
    0.00281,
    0.05614,
    0.12443,
    0.18853,
    0.19839,
    0.17683,
    0.13033,
    0.07447,
    0.0316,
    0.01166,
    0.0037,
    0.00085,
    0.00014,
    4e-05,
    0.0,
    0.0,
    0.0,
    0.0
  ],
  "Flamengo / RJ": [
    0.92648,
    0.07025,
    0.00326,
    1e-05,
    0.0,
    0.0,
    0.0,
    0.0,
    0.0,
    0.0,
    0.0,
    0.0,
    0.0,
    0.0,
    0.0,
    0.0,
    0.0,
    0.0,
    0.0,
    0.0
  ],
  "Cruzeiro / MG": [
    0.0,
    0.0,
    0.0,
    0.0,
    1e-05,
    0.00014,
    0.00046,
    0.0018,
    0.00554,
    0.01852,
    0.04741,
    0.08428,
    0.11686,
    0.14859,
    0.16056,
    0.16127,
    0.14711,
    0.10351,
    0.00392,
    2e-05
  ],
  "Grêmio / RS": [
    0.0,
    0.00299,
    0.03446,
    0.29569,
    0.30216,
    0.17608,
    0.10321,
    0.05352,
    0.02318,
    0.0075,
    0.00109,
    0.00011,
    1e-05,
    0.0,
    0.0,
    0.0,
    0.0,
    0.0,
    0.0,
    0.0
  ],
  "Santos / SP": [
    0.00518,
    0.17737,
    0.67354,
    0.11242,
    0.02589,
    0.0049,
    0.00066,
    3e-05,
    1e-05,
    0.0,
    0.0,
    0.0,
    0.0,
    0.0,
    0.0,
    0.0,
    0.0,
    0.0,
    0.0,
    0.0
  ],
  "Ceará / CE": [
    0.0,
    0.0,
    0.0,
    0.0,
    1e-05,
    0.0001,
    0.00065,
    0.00202,
    0.00614,
    0.01812,
    0.04784,
    0.09357,
    0.13023,
    0.15585,
    0.16501,
    0.15988,
    0.13651,
    0.07964,
    0.00441,
    2e-05
  ],
  "CSA / AL": [
    0.0,
    0.0,
    0.0,
    0.0,
    0.0,
    0.0,
    1e-05,
    4e-05,
    0.00018,
    0.0017,
    0.00635,
    0.01865,
    0.03559,
    0.0628,
    0.0955,
    0.14143,
    0.2087,
    0.37886,
    0.04862,
    0.00157
  ],
  "Bahia / BA": [
    0.0,
    0.0,
    6e-05,
    0.00528,
    0.02274,
    0.05553,
    0.09698,
    0.15191,
    0.20233,
    0.20181,
    0.13722,
    0.07325,
    0.03404,
    0.01349,
    0.00415,
    0.00099,
    0.00019,
    3e-05,
    0.0,
    0.0
  ],
  "Corinthians / SP": [
    0.0,
    2e-05,
    0.00129,
    0.03447,
    0.09827,
    0.16577,
    0.19604,
    0.20098,
    0.1551,
    0.08819,
    0.03943,
    0.01398,
    0.00504,
    0.00114,
    0.00024,
    4e-05,
    0.0,
    0.0,
    0.0,
    0.0
  ],
  "Athletico Paranaense / PR": [
    0.0,
    0.00012,
    0.00435,
    0.06712,
    0.14322,
    0.20738,
    0.2172,
    0.16436,
    0.11035,
    0.05657,
    0.02076,
    0.00636,
    0.00178,
    0.00038,
    5e-05,
    0.0,
    0.0,
    0.0,
    0.0,
    0.0
  ],
  "Vasco da Gama / RJ": [
    0.0,
    0.0,
    0.0,
    0.00036,
    0.00382,
    0.01349,
    0.03205,
    0.06402,
    0.11008,
    0.17557,
    0.22336,
    0.16106,
    0.10415,
    0.05896,
    0.0322,
    0.0142,
    0.00573,
    0.00095,
    0.0,
    0.0
  ],
  "Palmeiras / SP": [
    0.06832,
    0.73913,
    0.18318,
    0.00882,
    0.00049,
    6e-05,
    0.0,
    0.0,
    0.0,
    0.0,
    0.0,
    0.0,
    0.0,
    0.0,
    0.0,
    0.0,
    0.0,
    0.0,
    0.0,
    0.0
  ],
  "Fortaleza / CE": [
    0.0,
    0.0,
    0.0,
    1e-05,
    0.00014,
    0.00193,
    0.0062,
    0.01535,
    0.0327,
    0.06758,
    0.12159,
    0.17364,
    0.17026,
    0.14582,
    0.11202,
    0.07941,
    0.05075,
    0.02234,
    0.00026,
    0.0
  ],
  "Fluminense / RJ": [
    0.0,
    0.0,
    0.0,
    0.0,
    0.0,
    2e-05,
    6e-05,
    0.00029,
    0.00143,
    0.00552,
    0.01942,
    0.04226,
    0.07012,
    0.10115,
    0.13758,
    0.17173,
    0.21153,
    0.22508,
    0.01349,
    0.00032
  ],
  "Goiás / GO": [
    0.0,
    1e-05,
    0.0004,
    0.00518,
    0.02066,
    0.05123,
    0.0839,
    0.13128,
    0.18125,
    0.20268,
    0.14978,
    0.09013,
    0.0496,
    0.02228,
    0.00852,
    0.00268,
    0.0004,
    2e-05,
    0.0,
    0.0
  ]
}