{
  "Werder Bremen": [
    0.0,
    0.0,
    0.0,
    0.0,
    0.00029,
    0.00212,
    0.0087,
    0.02498,
    0.05546,
    0.09153,
    0.12197,
    0.15348,
    0.18042,
    0.19032,
    0.10973,
    0.04259,
    0.01456,
    0.00385
  ],
  "Bayern Munich": [
    0.40855,
    0.54072,
    0.04534,
    0.00519,
    0.0002,
    0.0,
    0.0,
    0.0,
    0.0,
    0.0,
    0.0,
    0.0,
    0.0,
    0.0,
    0.0,
    0.0,
    0.0,
    0.0
  ],
  "Augsburg": [
    0.0,
    0.0,
    0.0,
    5e-05,
    0.00145,
    0.01029,
    0.02877,
    0.06164,
    0.10874,
    0.14176,
    0.15785,
    0.15479,
    0.14174,
    0.11221,
    0.05576,
    0.01955,
    0.00492,
    0.00048
  ],
  "M'gladbach": [
    0.0,
    0.0,
    1e-05,
    3e-05,
    0.00073,
    0.0045,
    0.01567,
    0.03748,
    0.07086,
    0.10742,
    0.13758,
    0.16311,
    0.17495,
    0.15482,
    0.08671,
    0.03479,
    0.01005,
    0.00129
  ],
  "Hoffenheim": [
    0.0,
    0.0,
    0.00026,
    0.00379,
    0.04543,
    0.14739,
    0.21767,
    0.23024,
    0.15628,
    0.09496,
    0.05518,
    0.02859,
    0.0135,
    0.00528,
    0.0013,
    0.00013,
    0.0,
    0.0
  ],
  "Freiburg": [
    0.0,
    1e-05,
    0.002,
    0.01626,
    0.12282,
    0.29085,
    0.24496,
    0.15944,
    0.08491,
    0.04294,
    0.02103,
    0.0093,
    0.00421,
    0.001,
    0.00025,
    2e-05,
    0.0,
    0.0
  ],
  "Leverkusen": [
    0.58406,
    0.38869,
    0.02466,
    0.00252,
    7e-05,
    0.0,
    0.0,
    0.0,
    0.0,
    0.0,
    0.0,
    0.0,
    0.0,
    0.0,
    0.0,
    0.0,
    0.0,
    0.0
  ],
  "RB Leipzig": [
    0.00191,
    0.02139,
    0.34246,
    0.48031,
    0.12637,
    0.02157,
    0.00483,
    0.00096,
    0.00016,
    4e-05,
    0.0,
    0.0,
    0.0,
    0.0,
    0.0,
    0.0,
    0.0,
    0.0
  ],
  "Stuttgart": [
    0.00547,
    0.04869,
    0.54772,
    0.32606,
    0.06273,
    0.00794,
    0.00119,
    0.00018,
    2e-05,
    0.0,
    0.0,
    0.0,
    0.0,
    0.0,
    0.0,
    0.0,
    0.0,
    0.0
  ],
  "Bochum": [
    0.0,
    0.0,
    0.0,
    1e-05,
    0.00064,
    0.0051,
    0.01559,
    0.03656,
    0.06884,
    0.10999,
    0.1462,
    0.17053,
    0.17968,
    0.15216,
    0.0774,
    0.02869,
    0.00754,
    0.00107
  ],
  "Wolfsburg": [
    0.0,
    0.0,
    1e-05,
    0.0001,
    0.00317,
    0.02071,
    0.04929,
    0.09313,
    0.14432,
    0.17364,
    0.16571,
    0.14006,
    0.10574,
    0.06858,
    0.02614,
    0.00755,
    0.00171,
    0.00014
  ],
  "Heidenheim": [
    0.0,
    0.0,
    3e-05,
    0.0005,
    0.00889,
    0.04702,
    0.09509,
    0.15372,
    0.1954,
    0.16416,
    0.12813,
    0.09601,
    0.06188,
    0.03482,
    0.01117,
    0.0027,
    0.00043,
    5e-05
  ],
  "Dortmund": [
    1e-05,
    0.00049,
    0.03595,
    0.14954,
    0.52685,
    0.18028,
    0.06895,
    0.02597,
    0.00848,
    0.00243,
    0.00077,
    0.00021,
    4e-05,
    1e-05,
    2e-05,
    0.0,
    0.0,
    0.0
  ],
  "FC Koln": [
    0.0,
    0.0,
    0.0,
    0.0,
    0.0,
    2e-05,
    2e-05,
    0.00014,
    0.00052,
    0.00176,
    0.00442,
    0.00942,
    0.02199,
    0.05518,
    0.1488,
    0.26324,
    0.31214,
    0.18235
  ],
  "Union Berlin": [
    0.0,
    0.0,
    0.0,
    0.0,
    0.0,
    9e-05,
    0.00059,
    0.00215,
    0.0064,
    0.01298,
    0.02556,
    0.04483,
    0.07755,
    0.14631,
    0.28636,
    0.22219,
    0.13395,
    0.04104
  ],
  "Mainz": [
    0.0,
    0.0,
    0.0,
    0.0,
    0.0,
    2e-05,
    6e-05,
    0.00031,
    0.0011,
    0.00335,
    0.00753,
    0.01539,
    0.03062,
    0.06743,
    0.1632,
    0.28518,
    0.2884,
    0.13741
  ],
  "Ein Frankfurt": [
    0.0,
    1e-05,
    0.00156,
    0.01564,
    0.10036,
    0.2621,
    0.24862,
    0.1731,
    0.09848,
    0.05296,
    0.02775,
    0.0132,
    0.00455,
    0.0014,
    0.00024,
    3e-05,
    0.0,
    0.0
  ],
  "Darmstadt": [
    0.0,
    0.0,
    0.0,
    0.0,
    0.0,
    0.0,
    0.0,
    0.0,
    3e-05,
    8e-05,
    0.00032,
    0.00108,
    0.00313,
    0.01048,
    0.03292,
    0.09334,
    0.2263,
    0.63232
  ]
}