{
  "M'gladbach": [
    0.00016,
    0.00207,
    0.01028,
    0.02701,
    0.04257,
    0.05911,
    0.07422,
    0.09399,
    0.10765,
    0.12286,
    0.12443,
    0.12155,
    0.08806,
    0.06007,
    0.03652,
    0.01888,
    0.00828,
    0.00229
  ],
  "Leverkusen": [
    0.19692,
    0.44713,
    0.20943,
    0.08346,
    0.03695,
    0.01537,
    0.00665,
    0.00254,
    0.001,
    0.00047,
    5e-05,
    2e-05,
    1e-05,
    0.0,
    0.0,
    0.0,
    0.0,
    0.0
  ],
  "Augsburg": [
    1e-05,
    0.00049,
    0.00283,
    0.00919,
    0.01838,
    0.03163,
    0.04853,
    0.06708,
    0.08745,
    0.10915,
    0.12717,
    0.13017,
    0.12528,
    0.1028,
    0.0739,
    0.04175,
    0.01844,
    0.00575
  ],
  "Werder Bremen": [
    0.00039,
    0.00428,
    0.01885,
    0.04378,
    0.06881,
    0.09061,
    0.10736,
    0.12105,
    0.12734,
    0.11953,
    0.1046,
    0.07938,
    0.05489,
    0.03294,
    0.01701,
    0.00649,
    0.00231,
    0.00038
  ],
  "Freiburg": [
    0.00114,
    0.0104,
    0.03835,
    0.07518,
    0.10478,
    0.12478,
    0.12911,
    0.12475,
    0.11634,
    0.09758,
    0.07357,
    0.04841,
    0.02901,
    0.016,
    0.00717,
    0.00274,
    0.00059,
    0.0001
  ],
  "Stuttgart": [
    0.00857,
    0.04922,
    0.12217,
    0.17135,
    0.16689,
    0.1429,
    0.11237,
    0.08297,
    0.05714,
    0.039,
    0.02398,
    0.01328,
    0.00661,
    0.00267,
    0.00071,
    0.00016,
    1e-05,
    0.0
  ],
  "Hoffenheim": [
    0.0,
    4e-05,
    0.0002,
    0.00062,
    0.00209,
    0.00451,
    0.00904,
    0.01485,
    0.02534,
    0.03781,
    0.05942,
    0.08701,
    0.13088,
    0.16537,
    0.17239,
    0.14803,
    0.09828,
    0.04412
  ],
  "Holstein Kiel": [
    0.0,
    0.0,
    0.0,
    1e-05,
    2e-05,
    7e-05,
    0.00021,
    0.00034,
    0.00126,
    0.00201,
    0.00546,
    0.01193,
    0.02369,
    0.04656,
    0.08425,
    0.14853,
    0.25198,
    0.42368
  ],
  "Mainz": [
    0.00222,
    0.01638,
    0.05395,
    0.09695,
    0.1216,
    0.12685,
    0.12431,
    0.11629,
    0.09972,
    0.08252,
    0.06295,
    0.04685,
    0.02671,
    0.01326,
    0.00646,
    0.00224,
    0.00065,
    9e-05
  ],
  "Union Berlin": [
    0.0,
    6e-05,
    0.00038,
    0.00192,
    0.00541,
    0.00992,
    0.01771,
    0.02883,
    0.04358,
    0.06646,
    0.09357,
    0.11924,
    0.14659,
    0.15194,
    0.13795,
    0.09881,
    0.05585,
    0.02178
  ],
  "RB Leipzig": [
    0.01021,
    0.05364,
    0.1339,
    0.19114,
    0.16765,
    0.13622,
    0.10257,
    0.07549,
    0.05314,
    0.03499,
    0.02051,
    0.01127,
    0.00575,
    0.00266,
    0.00069,
    0.00015,
    2e-05,
    0.0
  ],
  "Bochum": [
    0.0,
    0.0,
    0.0,
    3e-05,
    5e-05,
    0.00022,
    0.00058,
    0.00143,
    0.00293,
    0.00603,
    0.0111,
    0.02071,
    0.03712,
    0.0673,
    0.11364,
    0.18549,
    0.26261,
    0.29076
  ],
  "Dortmund": [
    0.00018,
    0.00302,
    0.01198,
    0.03368,
    0.05396,
    0.07586,
    0.09425,
    0.11009,
    0.12057,
    0.11761,
    0.11048,
    0.09616,
    0.07472,
    0.05038,
    0.02918,
    0.01242,
    0.00459,
    0.00087
  ],
  "Ein Frankfurt": [
    0.05365,
    0.20237,
    0.3089,
    0.18358,
    0.10958,
    0.0624,
    0.03723,
    0.02055,
    0.01173,
    0.00552,
    0.00283,
    0.0011,
    0.0004,
    0.00013,
    2e-05,
    1e-05,
    0.0,
    0.0
  ],
  "Wolfsburg": [
    0.00067,
    0.00995,
    0.03506,
    0.06696,
    0.09392,
    0.11076,
    0.12144,
    0.11577,
    0.10672,
    0.0972,
    0.08309,
    0.0659,
    0.04572,
    0.02734,
    0.01309,
    0.00479,
    0.00148,
    0.00014
  ],
  "Bayern Munich": [
    0.72588,
    0.20089,
    0.05353,
    0.01405,
    0.00409,
    0.00111,
    0.00034,
    7e-05,
    3e-05,
    1e-05,
    0.0,
    0.0,
    0.0,
    0.0,
    0.0,
    0.0,
    0.0,
    0.0
  ],
  "St Pauli": [
    0.0,
    6e-05,
    0.00013,
    0.001,
    0.00282,
    0.00662,
    0.01198,
    0.01961,
    0.03071,
    0.04759,
    0.07428,
    0.10802,
    0.14047,
    0.16222,
    0.15897,
    0.12236,
    0.07704,
    0.03612
  ],
  "Heidenheim": [
    0.0,
    0.0,
    6e-05,
    9e-05,
    0.00043,
    0.00106,
    0.0021,
    0.0043,
    0.00735,
    0.01366,
    0.02251,
    0.039,
    0.06409,
    0.09836,
    0.14805,
    0.20715,
    0.21787,
    0.17392
  ]
}