{
  "Famalicao": [
    0.01632,
    0.02455,
    0.03198,
    0.03812,
    0.04361,
    0.04942,
    0.05231,
    0.05797,
    0.05916,
    0.06372,
    0.06487,
    0.0655,
    0.06995,
    0.07271,
    0.07379,
    0.07337,
    0.0733,
    0.06935
  ],
  "Benfica": [
    0.12537,
    0.13079,
    0.11487,
    0.0966,
    0.08584,
    0.0699,
    0.06299,
    0.05368,
    0.04779,
    0.04094,
    0.0366,
    0.03196,
    0.02814,
    0.02354,
    0.01903,
    0.01553,
    0.01041,
    0.00602
  ],
  "Guimaraes": [
    0.03133,
    0.04755,
    0.05819,
    0.06195,
    0.06473,
    0.0657,
    0.06467,
    0.0626,
    0.0614,
    0.06064,
    0.06066,
    0.0602,
    0.05791,
    0.05627,
    0.05371,
    0.05107,
    0.04474,
    0.03668
  ],
  "Belenenses": [
    0.01215,
    0.0205,
    0.02948,
    0.03594,
    0.04079,
    0.04497,
    0.04882,
    0.05287,
    0.05612,
    0.05916,
    0.06193,
    0.06738,
    0.07111,
    0.07301,
    0.07709,
    0.07945,
    0.08395,
    0.08528
  ],
  "Nacional": [
    0.03225,
    0.04782,
    0.0557,
    0.0617,
    0.06238,
    0.06594,
    0.06546,
    0.06453,
    0.06604,
    0.0636,
    0.06188,
    0.06094,
    0.0573,
    0.05557,
    0.0546,
    0.04834,
    0.04273,
    0.03322
  ],
  "Boavista": [
    0.0096,
    0.01865,
    0.02448,
    0.0324,
    0.03529,
    0.04118,
    0.04587,
    0.05093,
    0.05508,
    0.05817,
    0.06501,
    0.06643,
    0.07182,
    0.07617,
    0.08036,
    0.08419,
    0.08944,
    0.09493
  ],
  "Porto": [
    0.07089,
    0.09028,
    0.0896,
    0.08668,
    0.08346,
    0.07674,
    0.07126,
    0.06717,
    0.0611,
    0.05509,
    0.04876,
    0.04466,
    0.0399,
    0.0347,
    0.02804,
    0.02395,
    0.01702,
    0.0107
  ],
  "Sp Braga": [
    0.13704,
    0.13705,
    0.1167,
    0.10006,
    0.08378,
    0.07589,
    0.06432,
    0.05651,
    0.04677,
    0.03962,
    0.03251,
    0.02911,
    0.02424,
    0.01951,
    0.01491,
    0.01084,
    0.00687,
    0.00427
  ],
  "Santa Clara": [
    0.04018,
    0.05161,
    0.05798,
    0.06087,
    0.06514,
    0.06494,
    0.06567,
    0.06772,
    0.06515,
    0.06313,
    0.06102,
    0.05847,
    0.0573,
    0.05418,
    0.04853,
    0.04556,
    0.04056,
    0.03199
  ],
  "Maritimo": [
    0.01497,
    0.02456,
    0.03252,
    0.03857,
    0.04655,
    0.04938,
    0.0521,
    0.05443,
    0.05968,
    0.06654,
    0.06699,
    0.07,
    0.06971,
    0.07198,
    0.07071,
    0.0726,
    0.07169,
    0.06702
  ],
  "Moreirense": [
    0.02985,
    0.04637,
    0.0535,
    0.05842,
    0.0621,
    0.06175,
    0.06315,
    0.06241,
    0.0689,
    0.06526,
    0.06466,
    0.06159,
    0.06014,
    0.05549,
    0.05451,
    0.05028,
    0.04474,
    0.03688
  ],
  "Farense": [
    0.00609,
    0.01236,
    0.01738,
    0.02345,
    0.02732,
    0.03179,
    0.0372,
    0.04482,
    0.04886,
    0.05392,
    0.05925,
    0.06471,
    0.07106,
    0.07884,
    0.08733,
    0.09547,
    0.10936,
    0.13079
  ],
  "Tondela": [
    0.01645,
    0.02788,
    0.03682,
    0.04366,
    0.04784,
    0.05281,
    0.05944,
    0.0611,
    0.06128,
    0.06441,
    0.06561,
    0.06769,
    0.06759,
    0.06796,
    0.0681,
    0.06747,
    0.06565,
    0.05824
  ],
  "Rio Ave": [
    0.03812,
    0.05382,
    0.06159,
    0.06562,
    0.06694,
    0.0694,
    0.06909,
    0.06624,
    0.06498,
    0.06315,
    0.0611,
    0.05706,
    0.05419,
    0.0528,
    0.0479,
    0.0428,
    0.03655,
    0.02865
  ],
  "Portimonense": [
    0.00493,
    0.01092,
    0.01427,
    0.02025,
    0.02426,
    0.02982,
    0.03367,
    0.03778,
    0.04357,
    0.04794,
    0.05331,
    0.06118,
    0.06787,
    0.07636,
    0.08645,
    0.10062,
    0.12284,
    0.16396
  ],
  "Pacos Ferreira": [
    0.04438,
    0.06355,
    0.06973,
    0.07161,
    0.06964,
    0.06728,
    0.06592,
    0.0631,
    0.06158,
    0.06127,
    0.05845,
    0.05492,
    0.05252,
    0.04936,
    0.04526,
    0.04098,
    0.03518,
    0.02527
  ],
  "Gil Vicente": [
    0.00683,
    0.01446,
    0.01936,
    0.02474,
    0.03073,
    0.0361,
    0.04006,
    0.04603,
    0.0498,
    0.05447,
    0.06359,
    0.06792,
    0.0714,
    0.07549,
    0.08546,
    0.09435,
    0.10314,
    0.11607
  ],
  "Sp Lisbon": [
    0.36325,
    0.17728,
    0.11585,
    0.07936,
    0.0596,
    0.04699,
    0.038,
    0.03011,
    0.02274,
    0.01897,
    0.0138,
    0.01028,
    0.00785,
    0.00606,
    0.00422,
    0.00313,
    0.00183,
    0.00068
  ]
}