{
  "Groningen": [
    0.0,
    0.0,
    0.0,
    0.0,
    1e-05,
    0.00028,
    0.00592,
    0.03507,
    0.0544,
    0.07124,
    0.08713,
    0.10393,
    0.1247,
    0.14944,
    0.16499,
    0.13268,
    0.06426,
    0.00595
  ],
  "NAC Breda": [
    0.0,
    0.0,
    0.0,
    3e-05,
    8e-05,
    0.00124,
    0.02464,
    0.10704,
    0.12226,
    0.1255,
    0.12729,
    0.12663,
    0.12295,
    0.10582,
    0.07733,
    0.04502,
    0.0133,
    0.00087
  ],
  "Feyenoord": [
    0.00182,
    0.0237,
    0.3532,
    0.26833,
    0.20114,
    0.12404,
    0.02635,
    0.00129,
    0.00013,
    0.0,
    0.0,
    0.0,
    0.0,
    0.0,
    0.0,
    0.0,
    0.0,
    0.0
  ],
  "Willem II": [
    0.0,
    0.0,
    1e-05,
    1e-05,
    0.00021,
    0.00271,
    0.04043,
    0.15042,
    0.14726,
    0.13669,
    0.13016,
    0.11626,
    0.0985,
    0.07615,
    0.05562,
    0.03259,
    0.01185,
    0.00113
  ],
  "Nijmegen": [
    0.0,
    0.0,
    4e-05,
    0.00016,
    0.00074,
    0.00596,
    0.05336,
    0.17766,
    0.17013,
    0.15374,
    0.13031,
    0.10503,
    0.0752,
    0.05732,
    0.04005,
    0.02186,
    0.00769,
    0.00075
  ],
  "Twente": [
    0.00028,
    0.00628,
    0.12757,
    0.17522,
    0.238,
    0.33555,
    0.10314,
    0.01108,
    0.00224,
    0.00042,
    0.00015,
    5e-05,
    2e-05,
    0.0,
    0.0,
    0.0,
    0.0,
    0.0
  ],
  "Almere City": [
    0.0,
    0.0,
    0.0,
    0.0,
    0.0,
    0.0,
    0.0,
    2e-05,
    6e-05,
    0.00017,
    0.00037,
    0.00069,
    0.00188,
    0.00459,
    0.01193,
    0.03813,
    0.14242,
    0.79974
  ],
  "AZ Alkmaar": [
    0.00079,
    0.01289,
    0.22306,
    0.24953,
    0.25799,
    0.20195,
    0.05071,
    0.00261,
    0.00038,
    8e-05,
    1e-05,
    0.0,
    0.0,
    0.0,
    0.0,
    0.0,
    0.0,
    0.0
  ],
  "PSV Eindhoven": [
    0.48967,
    0.48386,
    0.02299,
    0.00295,
    0.00044,
    8e-05,
    1e-05,
    0.0,
    0.0,
    0.0,
    0.0,
    0.0,
    0.0,
    0.0,
    0.0,
    0.0,
    0.0,
    0.0
  ],
  "Waalwijk": [
    0.0,
    0.0,
    0.0,
    0.0,
    0.0,
    1e-05,
    6e-05,
    0.00072,
    0.00195,
    0.00482,
    0.01053,
    0.01807,
    0.0336,
    0.05752,
    0.10451,
    0.20454,
    0.43133,
    0.13234
  ],
  "Sparta Rotterdam": [
    0.0,
    0.0,
    0.0,
    0.0,
    0.0,
    0.0,
    0.00031,
    0.00454,
    0.01122,
    0.02097,
    0.03417,
    0.0512,
    0.07682,
    0.11599,
    0.17117,
    0.25865,
    0.2079,
    0.04706
  ],
  "Heracles": [
    0.0,
    0.0,
    0.0,
    0.0,
    0.0,
    0.00016,
    0.00342,
    0.02877,
    0.04915,
    0.06963,
    0.08955,
    0.1068,
    0.12688,
    0.14968,
    0.1602,
    0.13568,
    0.07234,
    0.00774
  ],
  "Go Ahead Eagles": [
    0.0,
    0.00011,
    0.00522,
    0.01729,
    0.0474,
    0.14686,
    0.56733,
    0.13274,
    0.04904,
    0.0197,
    0.00863,
    0.00373,
    0.00143,
    0.00039,
    0.00012,
    1e-05,
    0.0,
    0.0
  ],
  "For Sittard": [
    0.0,
    0.0,
    0.0,
    2e-05,
    0.00023,
    0.00278,
    0.03254,
    0.12798,
    0.14661,
    0.14383,
    0.13215,
    0.11928,
    0.1047,
    0.08342,
    0.06011,
    0.03374,
    0.01159,
    0.00102
  ],
  "Utrecht": [
    0.00085,
    0.01266,
    0.24096,
    0.28151,
    0.25257,
    0.17482,
    0.03451,
    0.00198,
    0.00012,
    1e-05,
    1e-05,
    0.0,
    0.0,
    0.0,
    0.0,
    0.0,
    0.0,
    0.0
  ],
  "Zwolle": [
    0.0,
    0.0,
    0.0,
    3e-05,
    0.00018,
    0.00208,
    0.03242,
    0.12222,
    0.1232,
    0.12212,
    0.1199,
    0.11905,
    0.1137,
    0.09805,
    0.07631,
    0.04903,
    0.01987,
    0.00184
  ],
  "Ajax": [
    0.50659,
    0.4605,
    0.02695,
    0.0049,
    0.0009,
    0.00016,
    0.0,
    0.0,
    0.0,
    0.0,
    0.0,
    0.0,
    0.0,
    0.0,
    0.0,
    0.0,
    0.0,
    0.0
  ],
  "Heerenveen": [
    0.0,
    0.0,
    0.0,
    2e-05,
    0.00011,
    0.00132,
    0.02485,
    0.09586,
    0.12185,
    0.13108,
    0.12964,
    0.12928,
    0.11962,
    0.10163,
    0.07766,
    0.04807,
    0.01745,
    0.00156
  ]
}