{
  "Monaco": [
    0.00021,
    0.01845,
    0.03389,
    0.05057,
    0.06873,
    0.08736,
    0.09185,
    0.09675,
    0.10387,
    0.1002,
    0.09759,
    0.08593,
    0.07071,
    0.0508,
    0.02569,
    0.01124,
    0.00428,
    0.00131,
    0.0005,
    7e-05
  ],
  "Nantes": [
    0.00021,
    0.01098,
    0.02476,
    0.04393,
    0.0607,
    0.07157,
    0.08189,
    0.08692,
    0.09293,
    0.09633,
    0.09849,
    0.09752,
    0.09396,
    0.07348,
    0.0379,
    0.01712,
    0.00745,
    0.00296,
    0.0008,
    0.0001
  ],
  "Lyon": [
    0.00026,
    0.01221,
    0.02561,
    0.04298,
    0.05795,
    0.07025,
    0.07876,
    0.08717,
    0.09249,
    0.09786,
    0.10019,
    0.09992,
    0.09035,
    0.07387,
    0.0387,
    0.01855,
    0.00838,
    0.00327,
    0.00102,
    0.00021
  ],
  "Brest": [
    1e-05,
    0.00361,
    0.0097,
    0.01947,
    0.02993,
    0.0425,
    0.05338,
    0.0653,
    0.07839,
    0.09331,
    0.11061,
    0.12277,
    0.12424,
    0.11375,
    0.0678,
    0.03658,
    0.01754,
    0.00755,
    0.00302,
    0.00054
  ],
  "Troyes": [
    0.0,
    3e-05,
    6e-05,
    5e-05,
    0.00029,
    0.0006,
    0.00115,
    0.0021,
    0.00419,
    0.00785,
    0.01338,
    0.025,
    0.04292,
    0.07985,
    0.14401,
    0.17124,
    0.17056,
    0.14922,
    0.11779,
    0.06971
  ],
  "Paris SG": [
    0.95651,
    0.03625,
    0.00557,
    0.00113,
    0.00039,
    9e-05,
    3e-05,
    3e-05,
    0.0,
    0.0,
    0.0,
    0.0,
    0.0,
    0.0,
    0.0,
    0.0,
    0.0,
    0.0,
    0.0,
    0.0
  ],
  "Rennes": [
    0.01008,
    0.23909,
    0.22322,
    0.16481,
    0.11458,
    0.08054,
    0.05677,
    0.03943,
    0.02738,
    0.01866,
    0.01211,
    0.00746,
    0.0035,
    0.00178,
    0.00044,
    0.00012,
    3e-05,
    0.0,
    0.0,
    0.0
  ],
  "Lens": [
    0.0005,
    0.02929,
    0.05698,
    0.07952,
    0.09792,
    0.10423,
    0.10752,
    0.10486,
    0.09851,
    0.08901,
    0.07278,
    0.06057,
    0.04697,
    0.03066,
    0.01321,
    0.00523,
    0.00161,
    0.0005,
    0.00012,
    1e-05
  ],
  "Bordeaux": [
    0.0,
    0.0,
    0.0,
    1e-05,
    0.00011,
    0.0002,
    0.00054,
    0.001,
    0.002,
    0.00419,
    0.00782,
    0.01502,
    0.03002,
    0.06185,
    0.12561,
    0.16462,
    0.17946,
    0.17064,
    0.14871,
    0.0882
  ],
  "Clermont": [
    0.0,
    3e-05,
    7e-05,
    0.00017,
    0.00038,
    0.00104,
    0.00195,
    0.0034,
    0.00615,
    0.00991,
    0.01725,
    0.02801,
    0.04686,
    0.08767,
    0.16128,
    0.17556,
    0.16391,
    0.13675,
    0.10374,
    0.05587
  ],
  "Nice": [
    0.00763,
    0.18287,
    0.20053,
    0.1697,
    0.12565,
    0.08992,
    0.06908,
    0.05139,
    0.03648,
    0.0269,
    0.01834,
    0.0113,
    0.00637,
    0.00263,
    0.00086,
    0.00031,
    4e-05,
    0.0,
    0.0,
    0.0
  ],
  "Reims": [
    1e-05,
    0.00132,
    0.00449,
    0.01013,
    0.0174,
    0.02554,
    0.03605,
    0.04755,
    0.06114,
    0.08214,
    0.10167,
    0.11957,
    0.14541,
    0.15025,
    0.09585,
    0.05376,
    0.02791,
    0.01359,
    0.00496,
    0.00126
  ],
  "St Etienne": [
    0.0,
    0.0,
    0.0,
    0.0,
    0.0,
    0.0,
    3e-05,
    3e-05,
    6e-05,
    0.00019,
    0.00047,
    0.00139,
    0.00366,
    0.00937,
    0.02597,
    0.04981,
    0.08214,
    0.13691,
    0.22439,
    0.46558
  ],
  "Lorient": [
    0.0,
    0.0,
    0.0,
    0.0,
    4e-05,
    0.00013,
    0.00029,
    0.00064,
    0.00143,
    0.00243,
    0.00512,
    0.01006,
    0.01926,
    0.04304,
    0.09157,
    0.13464,
    0.16447,
    0.18997,
    0.18866,
    0.14825
  ],
  "Strasbourg": [
    0.00071,
    0.03609,
    0.06556,
    0.08801,
    0.10174,
    0.10461,
    0.10635,
    0.10143,
    0.09218,
    0.0831,
    0.07047,
    0.05708,
    0.04485,
    0.0281,
    0.01232,
    0.00489,
    0.00192,
    0.00041,
    0.00016,
    2e-05
  ],
  "Angers": [
    0.0001,
    0.00838,
    0.02195,
    0.03494,
    0.05109,
    0.06429,
    0.07594,
    0.08597,
    0.09485,
    0.10433,
    0.10623,
    0.10576,
    0.09788,
    0.0773,
    0.04018,
    0.01853,
    0.00816,
    0.00301,
    0.00093,
    0.00018
  ],
  "Metz": [
    0.0,
    0.0,
    0.0,
    3e-05,
    5e-05,
    0.00015,
    0.00026,
    0.00063,
    0.00128,
    0.00223,
    0.0048,
    0.00899,
    0.01834,
    0.03935,
    0.08442,
    0.12454,
    0.15758,
    0.18249,
    0.20491,
    0.16995
  ],
  "Lille": [
    0.00026,
    0.01427,
    0.03229,
    0.05284,
    0.07042,
    0.08272,
    0.08934,
    0.09901,
    0.09934,
    0.0986,
    0.09564,
    0.08998,
    0.07799,
    0.05539,
    0.02625,
    0.01041,
    0.00373,
    0.00119,
    0.00028,
    5e-05
  ],
  "Montpellier": [
    0.00078,
    0.0452,
    0.07786,
    0.10404,
    0.11554,
    0.11606,
    0.10966,
    0.09992,
    0.08812,
    0.07022,
    0.05868,
    0.04869,
    0.03393,
    0.01984,
    0.00762,
    0.00278,
    0.00082,
    0.00023,
    1e-05,
    0.0
  ],
  "Marseille": [
    0.02273,
    0.36193,
    0.21746,
    0.13767,
    0.08709,
    0.0582,
    0.03916,
    0.02647,
    0.01921,
    0.01254,
    0.00836,
    0.00498,
    0.00278,
    0.00102,
    0.00032,
    7e-05,
    1e-05,
    0.0,
    0.0,
    0.0
  ]
}