{
  "Bordeaux": [
    0.0,
    0.0,
    0.0,
    5e-05,
    0.01127,
    0.02627,
    0.04977,
    0.07069,
    0.10047,
    0.12687,
    0.14029,
    0.12707,
    0.11305,
    0.08757,
    0.06873,
    0.05005,
    0.02079,
    0.00586,
    0.00116,
    4e-05
  ],
  "Nantes": [
    0.0,
    0.0,
    0.0,
    0.0,
    0.0,
    0.0,
    7e-05,
    0.00025,
    0.00077,
    0.002,
    0.00444,
    0.00854,
    0.01496,
    0.02768,
    0.05257,
    0.10107,
    0.20881,
    0.25259,
    0.27107,
    0.05518
  ],
  "Dijon": [
    0.0,
    0.0,
    0.0,
    0.0,
    0.0,
    0.0,
    0.0,
    0.0,
    0.0,
    0.0,
    0.0,
    2e-05,
    6e-05,
    0.00015,
    0.00053,
    0.00195,
    0.00873,
    0.02822,
    0.09909,
    0.86125
  ],
  "Angers": [
    0.0,
    0.0,
    0.0,
    0.00019,
    0.01833,
    0.03646,
    0.05538,
    0.0769,
    0.10477,
    0.12984,
    0.13561,
    0.12822,
    0.11037,
    0.08911,
    0.06359,
    0.03695,
    0.01139,
    0.00251,
    0.00038,
    0.0
  ],
  "Lille": [
    0.42609,
    0.30291,
    0.20088,
    0.06941,
    0.0007,
    1e-05,
    0.0,
    0.0,
    0.0,
    0.0,
    0.0,
    0.0,
    0.0,
    0.0,
    0.0,
    0.0,
    0.0,
    0.0,
    0.0,
    0.0
  ],
  "Rennes": [
    0.0,
    0.0,
    0.00011,
    0.00443,
    0.12342,
    0.14862,
    0.1617,
    0.16062,
    0.14666,
    0.10284,
    0.06703,
    0.04173,
    0.02361,
    0.01147,
    0.00548,
    0.00184,
    0.0004,
    4e-05,
    0.0,
    0.0
  ],
  "Monaco": [
    0.02907,
    0.08544,
    0.21212,
    0.63996,
    0.02834,
    0.00406,
    0.00082,
    0.00017,
    2e-05,
    0.0,
    0.0,
    0.0,
    0.0,
    0.0,
    0.0,
    0.0,
    0.0,
    0.0,
    0.0,
    0.0
  ],
  "Reims": [
    0.0,
    0.0,
    0.0,
    1e-05,
    0.00214,
    0.00589,
    0.01279,
    0.02336,
    0.04198,
    0.07211,
    0.09054,
    0.11466,
    0.13427,
    0.154,
    0.14108,
    0.11466,
    0.0603,
    0.02442,
    0.00745,
    0.00034
  ],
  "Lorient": [
    0.0,
    0.0,
    0.0,
    0.0,
    0.0,
    1e-05,
    3e-05,
    0.0001,
    0.00058,
    0.00164,
    0.00395,
    0.00732,
    0.01634,
    0.0294,
    0.05604,
    0.09963,
    0.20671,
    0.27271,
    0.26737,
    0.03817
  ],
  "Strasbourg": [
    0.0,
    0.0,
    0.0,
    0.0,
    0.00067,
    0.00228,
    0.00632,
    0.01125,
    0.02355,
    0.03893,
    0.05838,
    0.07835,
    0.10576,
    0.12617,
    0.15857,
    0.17914,
    0.11878,
    0.06488,
    0.02556,
    0.00141
  ],
  "Nimes": [
    0.0,
    0.0,
    0.0,
    0.0,
    0.0,
    0.0,
    2e-05,
    0.00011,
    0.00031,
    0.00072,
    0.00254,
    0.00582,
    0.01262,
    0.02426,
    0.0455,
    0.08695,
    0.19292,
    0.27766,
    0.30774,
    0.04283
  ],
  "Brest": [
    0.0,
    0.0,
    0.0,
    3e-05,
    0.00403,
    0.01081,
    0.01927,
    0.03523,
    0.05597,
    0.09236,
    0.12268,
    0.1416,
    0.14262,
    0.13152,
    0.10804,
    0.0789,
    0.03845,
    0.01462,
    0.00372,
    0.00015
  ],
  "Nice": [
    0.0,
    0.0,
    0.0,
    0.0,
    0.00232,
    0.00715,
    0.01576,
    0.03038,
    0.05507,
    0.08969,
    0.1191,
    0.13882,
    0.14438,
    0.13835,
    0.11722,
    0.08342,
    0.03985,
    0.0149,
    0.00352,
    7e-05
  ],
  "Lens": [
    0.0,
    0.0,
    0.00023,
    0.00828,
    0.19029,
    0.19771,
    0.17909,
    0.15308,
    0.11274,
    0.07143,
    0.04228,
    0.02418,
    0.01246,
    0.00514,
    0.00234,
    0.00063,
    0.0001,
    2e-05,
    0.0,
    0.0
  ],
  "Lyon": [
    0.2037,
    0.28514,
    0.34023,
    0.16784,
    0.00279,
    0.00026,
    4e-05,
    0.0,
    0.0,
    0.0,
    0.0,
    0.0,
    0.0,
    0.0,
    0.0,
    0.0,
    0.0,
    0.0,
    0.0,
    0.0
  ],
  "Montpellier": [
    0.0,
    1e-05,
    7e-05,
    0.00447,
    0.15656,
    0.17795,
    0.17256,
    0.15538,
    0.11987,
    0.08333,
    0.05572,
    0.03526,
    0.02076,
    0.01051,
    0.0052,
    0.00204,
    0.00028,
    3e-05,
    0.0,
    0.0
  ],
  "Metz": [
    0.0,
    0.0,
    0.00017,
    0.00621,
    0.17294,
    0.17692,
    0.16211,
    0.14285,
    0.12004,
    0.08657,
    0.05831,
    0.03695,
    0.0208,
    0.01029,
    0.00416,
    0.0014,
    0.00026,
    2e-05,
    0.0,
    0.0
  ],
  "St Etienne": [
    0.0,
    0.0,
    0.0,
    1e-05,
    0.00123,
    0.00396,
    0.00839,
    0.01543,
    0.02728,
    0.04488,
    0.06558,
    0.08991,
    0.11766,
    0.14889,
    0.16894,
    0.16072,
    0.0921,
    0.04152,
    0.01294,
    0.00056
  ],
  "Marseille": [
    0.0,
    5e-05,
    0.00068,
    0.01304,
    0.28418,
    0.2016,
    0.15588,
    0.1242,
    0.08992,
    0.05679,
    0.03355,
    0.02155,
    0.01028,
    0.00549,
    0.00201,
    0.00065,
    0.00013,
    0.0,
    0.0,
    0.0
  ],
  "Paris SG": [
    0.34114,
    0.32645,
    0.24551,
    0.08607,
    0.00079,
    4e-05,
    0.0,
    0.0,
    0.0,
    0.0,
    0.0,
    0.0,
    0.0,
    0.0,
    0.0,
    0.0,
    0.0,
    0.0,
    0.0,
    0.0
  ]
}