{
  "São Paulo / SP": [
    6e-05,
    0.00064,
    0.0058,
    0.0367,
    0.10165,
    0.19748,
    0.27602,
    0.15465,
    0.09048,
    0.05539,
    0.03587,
    0.02089,
    0.01284,
    0.00669,
    0.00332,
    0.0012,
    0.00026,
    4e-05,
    2e-05,
    0.0
  ],
  "Sport / PE": [
    0.0,
    0.0,
    0.0,
    0.0,
    0.0,
    0.0,
    0.0,
    0.0,
    4e-05,
    4e-05,
    0.00014,
    0.00029,
    0.00084,
    0.00193,
    0.00431,
    0.01132,
    0.02874,
    0.06623,
    0.16187,
    0.72425
  ],
  "Cruzeiro / MG": [
    0.10232,
    0.30156,
    0.39884,
    0.139,
    0.04429,
    0.01152,
    0.00203,
    0.00037,
    7e-05,
    0.0,
    0.0,
    0.0,
    0.0,
    0.0,
    0.0,
    0.0,
    0.0,
    0.0,
    0.0,
    0.0
  ],
  "Mirassol / SP": [
    0.00841,
    0.04988,
    0.15094,
    0.36577,
    0.23095,
    0.12446,
    0.0475,
    0.01438,
    0.00499,
    0.00167,
    0.00076,
    0.00017,
    8e-05,
    3e-05,
    1e-05,
    0.0,
    0.0,
    0.0,
    0.0,
    0.0
  ],
  "Grêmio / RS": [
    0.0,
    0.0,
    1e-05,
    0.00027,
    0.00166,
    0.00624,
    0.02135,
    0.04787,
    0.06673,
    0.08548,
    0.09974,
    0.11331,
    0.12366,
    0.12973,
    0.11299,
    0.08885,
    0.05762,
    0.03058,
    0.01247,
    0.00144
  ],
  "Atlético Mineiro / MG": [
    0.0,
    0.0,
    0.0,
    0.0005,
    0.00269,
    0.01149,
    0.03524,
    0.07484,
    0.09446,
    0.11068,
    0.11849,
    0.12419,
    0.11294,
    0.10403,
    0.0869,
    0.06362,
    0.03474,
    0.01761,
    0.00662,
    0.00096
  ],
  "Fortaleza / CE": [
    0.0,
    0.0,
    0.0,
    0.0,
    0.0,
    0.0,
    8e-05,
    0.00025,
    0.00059,
    0.00183,
    0.0038,
    0.00806,
    0.01315,
    0.02551,
    0.04832,
    0.0848,
    0.1471,
    0.2164,
    0.31825,
    0.13186
  ],
  "Fluminense / RJ": [
    1e-05,
    2e-05,
    0.00037,
    0.0042,
    0.01794,
    0.04781,
    0.10643,
    0.16338,
    0.15696,
    0.1337,
    0.10701,
    0.0889,
    0.06807,
    0.05084,
    0.03083,
    0.01583,
    0.00574,
    0.00166,
    0.00028,
    2e-05
  ],
  "Juventude / RS": [
    0.0,
    0.0,
    0.0,
    0.0,
    1e-05,
    2e-05,
    0.00027,
    0.00099,
    0.00273,
    0.00537,
    0.00938,
    0.01536,
    0.02983,
    0.04858,
    0.07758,
    0.12724,
    0.19503,
    0.22332,
    0.20153,
    0.06276
  ],
  "Vitória / BA": [
    0.0,
    0.0,
    0.0,
    0.0,
    1e-05,
    0.0,
    0.00036,
    0.00102,
    0.00238,
    0.00491,
    0.01028,
    0.01547,
    0.02598,
    0.04546,
    0.0734,
    0.1215,
    0.19715,
    0.24135,
    0.19767,
    0.06306
  ],
  "Flamengo / RJ": [
    0.68457,
    0.22062,
    0.07582,
    0.01563,
    0.00285,
    0.00046,
    5e-05,
    0.0,
    0.0,
    0.0,
    0.0,
    0.0,
    0.0,
    0.0,
    0.0,
    0.0,
    0.0,
    0.0,
    0.0,
    0.0
  ],
  "Internacional / RS": [
    0.0,
    0.0,
    1e-05,
    0.00084,
    0.00517,
    0.01791,
    0.05133,
    0.09394,
    0.11162,
    0.12563,
    0.12186,
    0.11738,
    0.10747,
    0.09193,
    0.07144,
    0.04613,
    0.02349,
    0.0104,
    0.00315,
    0.0003
  ],
  "Palmeiras / SP": [
    0.20202,
    0.40467,
    0.26964,
    0.0901,
    0.0264,
    0.00613,
    0.00094,
    7e-05,
    2e-05,
    1e-05,
    0.0,
    0.0,
    0.0,
    0.0,
    0.0,
    0.0,
    0.0,
    0.0,
    0.0,
    0.0
  ],
  "Botafogo / RJ": [
    0.00181,
    0.01542,
    0.06358,
    0.20736,
    0.30365,
    0.23996,
    0.10775,
    0.03644,
    0.01425,
    0.00575,
    0.00222,
    0.00126,
    0.0004,
    0.0001,
    3e-05,
    2e-05,
    0.0,
    0.0,
    0.0,
    0.0
  ],
  "Vasco da Gama / RJ": [
    0.0,
    0.0,
    0.0,
    4e-05,
    0.00027,
    0.00206,
    0.00808,
    0.02061,
    0.03447,
    0.04914,
    0.0656,
    0.08294,
    0.10532,
    0.12623,
    0.15253,
    0.14392,
    0.10357,
    0.06654,
    0.03406,
    0.00462
  ],
  "Santos / SP": [
    0.0,
    0.0,
    0.0,
    3e-05,
    9e-05,
    0.00082,
    0.00428,
    0.01134,
    0.02049,
    0.03314,
    0.04634,
    0.06227,
    0.08403,
    0.11025,
    0.143,
    0.17361,
    0.14477,
    0.09999,
    0.05553,
    0.01002
  ],
  "Bahia / BA": [
    0.0008,
    0.00718,
    0.03475,
    0.13624,
    0.24484,
    0.27248,
    0.16605,
    0.0711,
    0.03319,
    0.01653,
    0.00894,
    0.0043,
    0.00223,
    0.00092,
    0.0004,
    5e-05,
    0.0,
    0.0,
    0.0,
    0.0
  ],
  "Corinthians / SP": [
    0.0,
    0.0,
    0.00012,
    0.00153,
    0.00771,
    0.02414,
    0.06566,
    0.1175,
    0.12883,
    0.12692,
    0.11518,
    0.10576,
    0.09398,
    0.08181,
    0.06128,
    0.04003,
    0.01966,
    0.00753,
    0.00223,
    0.00013
  ],
  "Red Bull Bragantino / SP": [
    0.0,
    1e-05,
    0.0001,
    0.00132,
    0.00646,
    0.02389,
    0.06664,
    0.12425,
    0.14417,
    0.13866,
    0.12765,
    0.11604,
    0.09453,
    0.06853,
    0.04647,
    0.02546,
    0.01123,
    0.00381,
    0.00077,
    1e-05
  ],
  "Ceará / CE": [
    0.0,
    0.0,
    2e-05,
    0.00047,
    0.00336,
    0.01313,
    0.03994,
    0.067,
    0.09353,
    0.10515,
    0.12674,
    0.12341,
    0.12465,
    0.10743,
    0.08719,
    0.05642,
    0.0309,
    0.01454,
    0.00555,
    0.00057
  ]
}