{
  "Heerenveen": [
    0.0,
    2e-05,
    9e-05,
    0.00077,
    0.00727,
    0.02206,
    0.06179,
    0.18459,
    0.23228,
    0.20571,
    0.13826,
    0.08822,
    0.04096,
    0.01345,
    0.00367,
    0.00073,
    0.00012,
    1e-05
  ],
  "Willem II": [
    0.0,
    0.0,
    0.0,
    0.0,
    0.0,
    0.0,
    0.0,
    0.00019,
    0.00142,
    0.00361,
    0.01028,
    0.02818,
    0.07262,
    0.14926,
    0.21093,
    0.21818,
    0.18992,
    0.11541
  ],
  "Zwolle": [
    0.0,
    0.0,
    0.0,
    2e-05,
    0.00046,
    0.00318,
    0.01384,
    0.06097,
    0.11677,
    0.15796,
    0.20055,
    0.21101,
    0.13968,
    0.06261,
    0.02278,
    0.00805,
    0.00186,
    0.00026
  ],
  "Feyenoord": [
    0.01636,
    0.13935,
    0.27693,
    0.37244,
    0.13095,
    0.04754,
    0.01444,
    0.00178,
    0.00013,
    7e-05,
    1e-05,
    0.0,
    0.0,
    0.0,
    0.0,
    0.0,
    0.0,
    0.0
  ],
  "Twente": [
    0.00018,
    0.00801,
    0.04007,
    0.11815,
    0.31071,
    0.2663,
    0.1805,
    0.053,
    0.01657,
    0.00497,
    0.00124,
    0.00026,
    3e-05,
    0.0,
    1e-05,
    0.0,
    0.0,
    0.0
  ],
  "For Sittard": [
    0.0,
    0.0,
    0.0,
    0.0,
    0.00061,
    0.00333,
    0.01468,
    0.066,
    0.12586,
    0.16871,
    0.21086,
    0.19974,
    0.12482,
    0.0542,
    0.0207,
    0.00778,
    0.00236,
    0.00035
  ],
  "FC Emmen": [
    0.0,
    0.0,
    0.0,
    0.0,
    0.0,
    0.0,
    0.0,
    0.0,
    5e-05,
    0.00014,
    0.0007,
    0.00319,
    0.0125,
    0.03611,
    0.07453,
    0.12929,
    0.22592,
    0.51757
  ],
  "VVV Venlo": [
    0.0,
    0.0,
    0.0,
    0.0,
    1e-05,
    0.0,
    1e-05,
    8e-05,
    0.00067,
    0.00234,
    0.00704,
    0.02133,
    0.05802,
    0.13185,
    0.20681,
    0.23832,
    0.21353,
    0.11999
  ],
  "Heracles": [
    0.0,
    0.0,
    0.0,
    0.0,
    4e-05,
    0.00033,
    0.00197,
    0.01263,
    0.03219,
    0.06759,
    0.11225,
    0.17826,
    0.26372,
    0.17506,
    0.09079,
    0.04337,
    0.01717,
    0.00463
  ],
  "Den Haag": [
    0.0,
    0.0,
    0.0,
    0.0,
    0.0,
    0.0,
    1e-05,
    5e-05,
    0.00019,
    0.00096,
    0.00403,
    0.01253,
    0.04081,
    0.0984,
    0.1639,
    0.21245,
    0.26295,
    0.20372
  ],
  "Sparta Rotterdam": [
    0.0,
    0.0,
    0.00022,
    0.00179,
    0.0158,
    0.05078,
    0.12737,
    0.30707,
    0.21845,
    0.13824,
    0.08147,
    0.04036,
    0.01406,
    0.0033,
    0.00086,
    0.00022,
    1e-05,
    0.0
  ],
  "Ajax": [
    0.84923,
    0.12402,
    0.02258,
    0.00393,
    0.00021,
    3e-05,
    0.0,
    0.0,
    0.0,
    0.0,
    0.0,
    0.0,
    0.0,
    0.0,
    0.0,
    0.0,
    0.0,
    0.0
  ],
  "Groningen": [
    8e-05,
    0.00259,
    0.01563,
    0.06343,
    0.21722,
    0.28542,
    0.27051,
    0.09438,
    0.03545,
    0.01126,
    0.00314,
    0.0008,
    8e-05,
    1e-05,
    0.0,
    0.0,
    0.0,
    0.0
  ],
  "PSV Eindhoven": [
    0.10689,
    0.49282,
    0.25123,
    0.11895,
    0.02387,
    0.00518,
    0.00102,
    3e-05,
    1e-05,
    0.0,
    0.0,
    0.0,
    0.0,
    0.0,
    0.0,
    0.0,
    0.0,
    0.0
  ],
  "Waalwijk": [
    0.0,
    0.0,
    0.0,
    0.0,
    0.0,
    1e-05,
    0.0001,
    0.00114,
    0.00413,
    0.01259,
    0.03239,
    0.07488,
    0.16295,
    0.25129,
    0.19729,
    0.1396,
    0.0856,
    0.03803
  ],
  "Vitesse": [
    0.02711,
    0.2297,
    0.37502,
    0.25373,
    0.08114,
    0.02511,
    0.007,
    0.00105,
    0.00014,
    0.0,
    0.0,
    0.0,
    0.0,
    0.0,
    0.0,
    0.0,
    0.0,
    0.0
  ],
  "Utrecht": [
    0.0,
    0.0,
    1e-05,
    0.0001,
    0.00188,
    0.00759,
    0.03052,
    0.11999,
    0.18525,
    0.21504,
    0.19482,
    0.14046,
    0.06956,
    0.02445,
    0.00773,
    0.00201,
    0.00056,
    3e-05
  ],
  "AZ Alkmaar": [
    0.00015,
    0.00349,
    0.01822,
    0.06669,
    0.20983,
    0.28314,
    0.27624,
    0.09705,
    0.03044,
    0.01081,
    0.00296,
    0.00078,
    0.00019,
    1e-05,
    0.0,
    0.0,
    0.0,
    0.0
  ]
}