{
  "Go Ahead Eagles": [
    0.00019,
    0.00083,
    0.00449,
    0.01907,
    0.04541,
    0.0796,
    0.11605,
    0.14553,
    0.16066,
    0.15028,
    0.11022,
    0.07498,
    0.04508,
    0.02624,
    0.01332,
    0.00599,
    0.00199,
    7e-05
  ],
  "Heerenveen": [
    0.0023,
    0.01129,
    0.0374,
    0.08217,
    0.13362,
    0.17605,
    0.16879,
    0.13949,
    0.10176,
    0.06779,
    0.04155,
    0.0209,
    0.01003,
    0.0044,
    0.00173,
    0.00065,
    8e-05,
    0.0
  ],
  "Waalwijk": [
    0.0,
    0.0,
    2e-05,
    0.00019,
    0.00064,
    0.00218,
    0.00603,
    0.01268,
    0.02504,
    0.04497,
    0.07234,
    0.10692,
    0.13709,
    0.15498,
    0.15439,
    0.14392,
    0.11688,
    0.02173
  ],
  "AZ Alkmaar": [
    0.02172,
    0.07092,
    0.16039,
    0.25256,
    0.20496,
    0.12983,
    0.07673,
    0.04284,
    0.02354,
    0.01009,
    0.0042,
    0.00165,
    0.00043,
    0.00011,
    3e-05,
    0.0,
    0.0,
    0.0
  ],
  "Heracles": [
    1e-05,
    4e-05,
    0.00021,
    0.00183,
    0.00571,
    0.01511,
    0.03036,
    0.05342,
    0.08391,
    0.12217,
    0.15992,
    0.16094,
    0.1301,
    0.09954,
    0.0693,
    0.04299,
    0.022,
    0.00244
  ],
  "PSV Eindhoven": [
    0.35472,
    0.33365,
    0.18147,
    0.07883,
    0.03186,
    0.01286,
    0.00424,
    0.00166,
    0.00054,
    0.00015,
    2e-05,
    0.0,
    0.0,
    0.0,
    0.0,
    0.0,
    0.0,
    0.0
  ],
  "For Sittard": [
    0.0,
    0.0,
    0.0,
    0.00011,
    0.00053,
    0.00205,
    0.00495,
    0.01058,
    0.02177,
    0.04058,
    0.06792,
    0.09797,
    0.12864,
    0.14791,
    0.15684,
    0.15408,
    0.13835,
    0.02772
  ],
  "Twente": [
    2e-05,
    0.00063,
    0.00351,
    0.0132,
    0.03322,
    0.06659,
    0.10706,
    0.14398,
    0.16951,
    0.16858,
    0.1283,
    0.08199,
    0.04589,
    0.02324,
    0.00992,
    0.00339,
    0.00094,
    3e-05
  ],
  "Ajax": [
    0.38867,
    0.29229,
    0.20016,
    0.07934,
    0.02759,
    0.00874,
    0.00248,
    0.00055,
    0.00017,
    1e-05,
    0.0,
    0.0,
    0.0,
    0.0,
    0.0,
    0.0,
    0.0,
    0.0
  ],
  "Nijmegen": [
    0.0,
    2e-05,
    0.00023,
    0.00141,
    0.00465,
    0.01218,
    0.02614,
    0.04521,
    0.07558,
    0.11394,
    0.15208,
    0.16201,
    0.14333,
    0.11059,
    0.07821,
    0.04844,
    0.02398,
    0.002
  ],
  "Cambuur": [
    0.00115,
    0.00565,
    0.02252,
    0.05762,
    0.10361,
    0.14814,
    0.16786,
    0.15561,
    0.12897,
    0.09255,
    0.05648,
    0.03147,
    0.01602,
    0.00735,
    0.00335,
    0.00137,
    0.00027,
    1e-05
  ],
  "Groningen": [
    0.0,
    0.0,
    0.0,
    1e-05,
    6e-05,
    0.00028,
    0.00108,
    0.00307,
    0.00656,
    0.0155,
    0.03159,
    0.05727,
    0.09074,
    0.12825,
    0.17047,
    0.212,
    0.2367,
    0.04642
  ],
  "Utrecht": [
    0.00799,
    0.03567,
    0.10547,
    0.21399,
    0.24245,
    0.16958,
    0.1088,
    0.06168,
    0.03199,
    0.01415,
    0.0054,
    0.00199,
    0.0006,
    0.00017,
    6e-05,
    1e-05,
    0.0,
    0.0
  ],
  "Sparta Rotterdam": [
    0.0,
    0.0,
    0.0,
    0.0,
    7e-05,
    0.00042,
    0.00153,
    0.00365,
    0.00884,
    0.01889,
    0.03758,
    0.06406,
    0.09696,
    0.12856,
    0.16096,
    0.19488,
    0.22438,
    0.05922
  ],
  "Zwolle": [
    0.0,
    0.0,
    0.0,
    0.0,
    0.0,
    0.0,
    0.0,
    0.0,
    1e-05,
    0.0001,
    0.00031,
    0.0009,
    0.00238,
    0.0066,
    0.0161,
    0.03899,
    0.11412,
    0.82049
  ],
  "Vitesse": [
    0.00078,
    0.00417,
    0.01617,
    0.05384,
    0.09515,
    0.14344,
    0.16239,
    0.16474,
    0.13755,
    0.09911,
    0.06203,
    0.03348,
    0.01639,
    0.00718,
    0.00262,
    0.00077,
    0.00019,
    0.0
  ],
  "Willem II": [
    0.0,
    0.0,
    2e-05,
    0.00011,
    0.00052,
    0.00161,
    0.00452,
    0.0108,
    0.02207,
    0.04064,
    0.06986,
    0.10344,
    0.13632,
    0.15488,
    0.1627,
    0.15252,
    0.12012,
    0.01987
  ],
  "Feyenoord": [
    0.22245,
    0.24484,
    0.26794,
    0.14572,
    0.06995,
    0.03134,
    0.01099,
    0.00451,
    0.00153,
    0.0005,
    0.0002,
    3e-05,
    0.0,
    0.0,
    0.0,
    0.0,
    0.0,
    0.0
  ]
}