{
  "Fulham": [
    0.0,
    0.0,
    1e-05,
    0.0,
    0.0,
    2e-05,
    4e-05,
    0.00017,
    0.00062,
    0.00172,
    0.00501,
    0.01116,
    0.02159,
    0.03911,
    0.06742,
    0.11084,
    0.18754,
    0.30858,
    0.18224,
    0.06393
  ],
  "Arsenal": [
    1e-05,
    3e-05,
    0.0002,
    0.00049,
    0.00121,
    0.00236,
    0.00442,
    0.0098,
    0.01908,
    0.03711,
    0.07034,
    0.10001,
    0.12523,
    0.14051,
    0.15111,
    0.14055,
    0.11255,
    0.06106,
    0.02034,
    0.00359
  ],
  "Crystal Palace": [
    0.0,
    5e-05,
    8e-05,
    0.0003,
    0.00091,
    0.00213,
    0.00486,
    0.00983,
    0.02001,
    0.03957,
    0.07559,
    0.10749,
    0.13607,
    0.15352,
    0.15091,
    0.13406,
    0.0999,
    0.0491,
    0.01361,
    0.00201
  ],
  "Southampton": [
    0.00526,
    0.01861,
    0.03496,
    0.05055,
    0.07136,
    0.09157,
    0.11156,
    0.13329,
    0.14266,
    0.13595,
    0.09251,
    0.0557,
    0.02968,
    0.01484,
    0.00756,
    0.0029,
    0.00086,
    0.00018,
    0.0,
    0.0
  ],
  "Liverpool": [
    0.65932,
    0.17307,
    0.07975,
    0.04119,
    0.02196,
    0.01215,
    0.00701,
    0.00328,
    0.00143,
    0.00061,
    0.00013,
    9e-05,
    1e-05,
    0.0,
    0.0,
    0.0,
    0.0,
    0.0,
    0.0,
    0.0
  ],
  "Leeds": [
    1e-05,
    0.00023,
    0.00046,
    0.00124,
    0.00268,
    0.00585,
    0.01126,
    0.02169,
    0.03963,
    0.07368,
    0.11974,
    0.14667,
    0.1505,
    0.1373,
    0.1136,
    0.08603,
    0.05575,
    0.02565,
    0.00681,
    0.00122
  ],
  "West Ham": [
    0.00217,
    0.01008,
    0.01983,
    0.03176,
    0.04915,
    0.06607,
    0.0925,
    0.12039,
    0.15452,
    0.16447,
    0.11846,
    0.07583,
    0.04466,
    0.02611,
    0.01373,
    0.00706,
    0.00241,
    0.00072,
    8e-05,
    0.0
  ],
  "Newcastle": [
    6e-05,
    0.00018,
    0.00069,
    0.00124,
    0.00285,
    0.00612,
    0.01118,
    0.02165,
    0.04146,
    0.07625,
    0.12064,
    0.14707,
    0.14905,
    0.13614,
    0.1127,
    0.0853,
    0.05495,
    0.0249,
    0.00661,
    0.00096
  ],
  "West Brom": [
    0.0,
    0.0,
    0.0,
    0.0,
    0.0,
    0.0,
    2e-05,
    0.0,
    2e-05,
    0.0001,
    0.0004,
    0.00137,
    0.00298,
    0.00665,
    0.01493,
    0.03153,
    0.07022,
    0.17085,
    0.40493,
    0.296
  ],
  "Leicester": [
    0.04265,
    0.1098,
    0.12562,
    0.12684,
    0.12558,
    0.11559,
    0.10895,
    0.08914,
    0.07165,
    0.04553,
    0.02192,
    0.00979,
    0.0047,
    0.00161,
    0.00045,
    0.00012,
    5e-05,
    1e-05,
    0.0,
    0.0
  ],
  "Tottenham": [
    0.06704,
    0.15345,
    0.15279,
    0.14384,
    0.12653,
    0.11038,
    0.08872,
    0.06941,
    0.04392,
    0.02505,
    0.01173,
    0.00446,
    0.00176,
    0.00063,
    0.00021,
    6e-05,
    2e-05,
    0.0,
    0.0,
    0.0
  ],
  "Everton": [
    0.02267,
    0.06387,
    0.08888,
    0.10472,
    0.11743,
    0.13072,
    0.1246,
    0.11559,
    0.09756,
    0.07014,
    0.03534,
    0.01641,
    0.00732,
    0.00304,
    0.00112,
    0.00043,
    0.00013,
    3e-05,
    0.0,
    0.0
  ],
  "Brighton": [
    0.0,
    0.0,
    2e-05,
    8e-05,
    0.00011,
    0.00065,
    0.00124,
    0.00343,
    0.00864,
    0.02157,
    0.04329,
    0.06888,
    0.09364,
    0.11853,
    0.14365,
    0.16511,
    0.16666,
    0.11371,
    0.04208,
    0.00871
  ],
  "Chelsea": [
    0.07393,
    0.16237,
    0.15535,
    0.14261,
    0.12337,
    0.10316,
    0.08449,
    0.06793,
    0.04414,
    0.02464,
    0.01081,
    0.00462,
    0.00155,
    0.00066,
    0.00031,
    6e-05,
    0.0,
    0.0,
    0.0,
    0.0
  ],
  "Sheffield United": [
    0.0,
    0.0,
    0.0,
    0.0,
    0.0,
    0.0,
    0.0,
    0.0,
    0.0,
    2e-05,
    8e-05,
    0.00029,
    0.00063,
    0.00172,
    0.00479,
    0.01188,
    0.02962,
    0.08589,
    0.25794,
    0.60714
  ],
  "Wolves": [
    0.0001,
    0.00054,
    0.00169,
    0.00342,
    0.00698,
    0.01254,
    0.02278,
    0.03981,
    0.06783,
    0.11272,
    0.16164,
    0.15952,
    0.13692,
    0.10871,
    0.07633,
    0.04931,
    0.02605,
    0.01057,
    0.0023,
    0.00024
  ],
  "Man United": [
    0.03588,
    0.09095,
    0.11259,
    0.12394,
    0.12543,
    0.12164,
    0.11524,
    0.10217,
    0.07754,
    0.04992,
    0.02555,
    0.01159,
    0.00474,
    0.00202,
    0.00057,
    0.00016,
    5e-05,
    2e-05,
    0.0,
    0.0
  ],
  "Burnley": [
    0.0,
    0.0,
    0.0,
    7e-05,
    0.00014,
    0.00033,
    0.00089,
    0.00202,
    0.00469,
    0.01201,
    0.02633,
    0.04799,
    0.0724,
    0.10141,
    0.1377,
    0.17336,
    0.19278,
    0.14866,
    0.06302,
    0.0162
  ],
  "Aston Villa": [
    0.07126,
    0.1577,
    0.15079,
    0.13662,
    0.12291,
    0.10676,
    0.08851,
    0.07093,
    0.0492,
    0.02563,
    0.01163,
    0.00496,
    0.00202,
    0.0008,
    0.00016,
    0.00011,
    1e-05,
    0.0,
    0.0,
    0.0
  ],
  "Man City": [
    0.01964,
    0.05907,
    0.07629,
    0.09109,
    0.1014,
    0.11196,
    0.12173,
    0.11947,
    0.1154,
    0.08331,
    0.04886,
    0.0261,
    0.01455,
    0.00669,
    0.00275,
    0.00113,
    0.00045,
    7e-05,
    4e-05,
    0.0
  ]
}