{
  "Benfica": [
    0.9655,
    0.0345,
    0.0,
    0.0,
    0.0,
    0.0,
    0.0,
    0.0,
    0.0,
    0.0,
    0.0,
    0.0,
    0.0,
    0.0,
    0.0,
    0.0,
    0.0,
    0.0
  ],
  "Arouca": [
    0.0,
    0.0,
    0.0,
    0.0,
    0.78856,
    0.16985,
    0.04034,
    0.00125,
    0.0,
    0.0,
    0.0,
    0.0,
    0.0,
    0.0,
    0.0,
    0.0,
    0.0,
    0.0
  ],
  "Rio Ave": [
    0.0,
    0.0,
    0.0,
    0.0,
    2e-05,
    0.00772,
    0.05009,
    0.14648,
    0.19143,
    0.19541,
    0.19823,
    0.19925,
    0.01108,
    0.00029,
    0.0,
    0.0,
    0.0,
    0.0
  ],
  "Vizela": [
    0.0,
    0.0,
    0.0,
    0.0,
    0.0,
    0.00114,
    0.02182,
    0.1004,
    0.15419,
    0.17912,
    0.22852,
    0.29025,
    0.02401,
    0.00055,
    0.0,
    0.0,
    0.0,
    0.0
  ],
  "Estoril": [
    0.0,
    0.0,
    0.0,
    0.0,
    0.0,
    0.0,
    0.0,
    0.0,
    0.0,
    0.0,
    0.0,
    0.0,
    0.01137,
    0.1061,
    0.83647,
    0.04602,
    4e-05,
    0.0
  ],
  "Famalicao": [
    0.0,
    0.0,
    0.0,
    0.0,
    0.00083,
    0.01394,
    0.10165,
    0.32053,
    0.2119,
    0.14823,
    0.12724,
    0.07527,
    0.00041,
    0.0,
    0.0,
    0.0,
    0.0,
    0.0
  ],
  "Porto": [
    0.0345,
    0.88745,
    0.078,
    5e-05,
    0.0,
    0.0,
    0.0,
    0.0,
    0.0,
    0.0,
    0.0,
    0.0,
    0.0,
    0.0,
    0.0,
    0.0,
    0.0,
    0.0
  ],
  "Maritimo": [
    0.0,
    0.0,
    0.0,
    0.0,
    0.0,
    0.0,
    0.0,
    0.0,
    0.0,
    0.0,
    0.0,
    0.0,
    0.0,
    0.00022,
    0.04562,
    0.82037,
    0.13283,
    0.00096
  ],
  "Santa Clara": [
    0.0,
    0.0,
    0.0,
    0.0,
    0.0,
    0.0,
    0.0,
    0.0,
    0.0,
    0.0,
    0.0,
    0.0,
    0.0,
    0.0,
    0.0,
    0.01922,
    0.19293,
    0.78785
  ],
  "Casa Pia": [
    0.0,
    0.0,
    0.0,
    0.0,
    0.0,
    0.00225,
    0.0265,
    0.14329,
    0.20281,
    0.22835,
    0.21157,
    0.17676,
    0.00847,
    0.0,
    0.0,
    0.0,
    0.0,
    0.0
  ],
  "Sp Braga": [
    0.0,
    0.07805,
    0.9097,
    0.01225,
    0.0,
    0.0,
    0.0,
    0.0,
    0.0,
    0.0,
    0.0,
    0.0,
    0.0,
    0.0,
    0.0,
    0.0,
    0.0,
    0.0
  ],
  "Sp Lisbon": [
    0.0,
    0.0,
    0.0123,
    0.9877,
    0.0,
    0.0,
    0.0,
    0.0,
    0.0,
    0.0,
    0.0,
    0.0,
    0.0,
    0.0,
    0.0,
    0.0,
    0.0,
    0.0
  ],
  "Chaves": [
    0.0,
    0.0,
    0.0,
    0.0,
    0.04347,
    0.15753,
    0.53189,
    0.16137,
    0.06424,
    0.02985,
    0.01034,
    0.00131,
    0.0,
    0.0,
    0.0,
    0.0,
    0.0,
    0.0
  ],
  "Guimaraes": [
    0.0,
    0.0,
    0.0,
    0.0,
    0.16705,
    0.64261,
    0.16691,
    0.02221,
    0.0012,
    2e-05,
    0.0,
    0.0,
    0.0,
    0.0,
    0.0,
    0.0,
    0.0,
    0.0
  ],
  "Portimonense": [
    0.0,
    0.0,
    0.0,
    0.0,
    0.0,
    0.0,
    0.0,
    2e-05,
    0.00037,
    0.00203,
    0.00682,
    0.03294,
    0.75784,
    0.19161,
    0.00837,
    0.0,
    0.0,
    0.0
  ],
  "Boavista": [
    0.0,
    0.0,
    0.0,
    0.0,
    7e-05,
    0.00496,
    0.0608,
    0.10445,
    0.17386,
    0.21699,
    0.21703,
    0.21841,
    0.00343,
    0.0,
    0.0,
    0.0,
    0.0,
    0.0
  ],
  "Gil Vicente": [
    0.0,
    0.0,
    0.0,
    0.0,
    0.0,
    0.0,
    0.0,
    0.0,
    0.0,
    0.0,
    0.00025,
    0.00581,
    0.18339,
    0.70123,
    0.10925,
    7e-05,
    0.0,
    0.0
  ],
  "Pacos Ferreira": [
    0.0,
    0.0,
    0.0,
    0.0,
    0.0,
    0.0,
    0.0,
    0.0,
    0.0,
    0.0,
    0.0,
    0.0,
    0.0,
    0.0,
    0.00029,
    0.11432,
    0.6742,
    0.21119
  ]
}