{
  "Fulham": [
    0.0,
    0.0,
    0.0,
    0.0,
    0.0,
    0.0,
    0.0,
    2e-05,
    2e-05,
    0.00011,
    0.00034,
    0.00127,
    0.00375,
    0.00988,
    0.02556,
    0.06952,
    0.18386,
    0.4755,
    0.22052,
    0.00965
  ],
  "Arsenal": [
    0.0,
    0.0,
    1e-05,
    5e-05,
    0.00018,
    0.00033,
    0.00053,
    0.00166,
    0.00396,
    0.00939,
    0.02153,
    0.0441,
    0.07766,
    0.12925,
    0.19627,
    0.24038,
    0.19169,
    0.06904,
    0.01379,
    0.00018
  ],
  "Crystal Palace": [
    0.0,
    4e-05,
    0.00023,
    0.00069,
    0.0016,
    0.00315,
    0.00592,
    0.01211,
    0.02318,
    0.04627,
    0.0841,
    0.13389,
    0.17538,
    0.19484,
    0.15852,
    0.10213,
    0.04719,
    0.00993,
    0.00082,
    1e-05
  ],
  "Southampton": [
    0.00396,
    0.01626,
    0.03071,
    0.0465,
    0.06391,
    0.08416,
    0.1048,
    0.12698,
    0.14609,
    0.1404,
    0.10636,
    0.06697,
    0.03739,
    0.0171,
    0.00636,
    0.00168,
    0.00034,
    3e-05,
    0.0,
    0.0
  ],
  "Liverpool": [
    0.68601,
    0.16834,
    0.07199,
    0.03595,
    0.01838,
    0.01012,
    0.00509,
    0.00244,
    0.00107,
    0.00049,
    8e-05,
    4e-05,
    0.0,
    0.0,
    0.0,
    0.0,
    0.0,
    0.0,
    0.0,
    0.0
  ],
  "Leeds": [
    0.0,
    9e-05,
    0.00037,
    0.00089,
    0.00174,
    0.00417,
    0.00802,
    0.01568,
    0.0294,
    0.05639,
    0.09768,
    0.14665,
    0.18507,
    0.17755,
    0.13815,
    0.08638,
    0.04109,
    0.00955,
    0.00113,
    0.0
  ],
  "West Ham": [
    0.00138,
    0.00658,
    0.01413,
    0.02468,
    0.03765,
    0.05672,
    0.07656,
    0.10662,
    0.14354,
    0.16754,
    0.14517,
    0.10258,
    0.06207,
    0.03296,
    0.01479,
    0.0054,
    0.00143,
    0.0002,
    0.0,
    0.0
  ],
  "Newcastle": [
    5e-05,
    0.00073,
    0.00212,
    0.00414,
    0.0083,
    0.01487,
    0.02465,
    0.04321,
    0.07219,
    0.1177,
    0.16255,
    0.17813,
    0.14921,
    0.10863,
    0.06512,
    0.03405,
    0.01224,
    0.00203,
    8e-05,
    0.0
  ],
  "West Brom": [
    0.0,
    0.0,
    0.0,
    0.0,
    0.0,
    0.0,
    0.0,
    0.0,
    1e-05,
    0.0,
    4e-05,
    7e-05,
    0.00047,
    0.00124,
    0.0045,
    0.01455,
    0.05383,
    0.21135,
    0.6454,
    0.06854
  ],
  "Leicester": [
    0.03517,
    0.09787,
    0.11196,
    0.12464,
    0.12046,
    0.12094,
    0.1172,
    0.09946,
    0.0754,
    0.04964,
    0.02711,
    0.01272,
    0.00525,
    0.00168,
    0.00046,
    4e-05,
    0.0,
    0.0,
    0.0,
    0.0
  ],
  "Tottenham": [
    0.05295,
    0.141,
    0.15111,
    0.142,
    0.13411,
    0.11565,
    0.09677,
    0.07357,
    0.04619,
    0.02597,
    0.01302,
    0.0053,
    0.00171,
    0.00043,
    0.00017,
    5e-05,
    0.0,
    0.0,
    0.0,
    0.0
  ],
  "Everton": [
    0.03876,
    0.10908,
    0.12673,
    0.13262,
    0.1326,
    0.12551,
    0.10728,
    0.08662,
    0.06343,
    0.0422,
    0.02124,
    0.00894,
    0.00345,
    0.00119,
    0.00025,
    0.0001,
    0.0,
    0.0,
    0.0,
    0.0
  ],
  "Brighton": [
    0.0,
    0.0,
    0.0,
    0.0,
    2e-05,
    5e-05,
    9e-05,
    0.00024,
    0.00107,
    0.00275,
    0.00847,
    0.01861,
    0.0394,
    0.07274,
    0.12837,
    0.21091,
    0.31587,
    0.16352,
    0.03731,
    0.00058
  ],
  "Chelsea": [
    0.0236,
    0.07358,
    0.09879,
    0.11315,
    0.12353,
    0.12439,
    0.1217,
    0.11465,
    0.09184,
    0.05865,
    0.03203,
    0.01497,
    0.00623,
    0.00207,
    0.00069,
    0.00011,
    2e-05,
    0.0,
    0.0,
    0.0
  ],
  "Sheffield United": [
    0.0,
    0.0,
    0.0,
    0.0,
    0.0,
    0.0,
    0.0,
    0.0,
    0.0,
    0.0,
    0.0,
    0.0,
    0.0,
    0.0,
    1e-05,
    6e-05,
    0.00048,
    0.0064,
    0.0721,
    0.92095
  ],
  "Wolves": [
    5e-05,
    0.00124,
    0.00305,
    0.00605,
    0.01195,
    0.02078,
    0.03281,
    0.05473,
    0.08977,
    0.1332,
    0.17385,
    0.16839,
    0.13405,
    0.08839,
    0.04932,
    0.02303,
    0.00805,
    0.00122,
    7e-05,
    0.0
  ],
  "Man United": [
    0.07659,
    0.17108,
    0.16521,
    0.14463,
    0.12405,
    0.09993,
    0.08076,
    0.05925,
    0.03922,
    0.022,
    0.01087,
    0.00439,
    0.00157,
    0.00036,
    8e-05,
    1e-05,
    0.0,
    0.0,
    0.0,
    0.0
  ],
  "Burnley": [
    1e-05,
    0.0,
    2e-05,
    8e-05,
    0.00025,
    0.00048,
    0.00092,
    0.00251,
    0.00612,
    0.01526,
    0.03121,
    0.05913,
    0.10273,
    0.15627,
    0.20994,
    0.21114,
    0.14384,
    0.05122,
    0.00878,
    9e-05
  ],
  "Aston Villa": [
    0.01489,
    0.05376,
    0.07527,
    0.09128,
    0.1051,
    0.11655,
    0.12494,
    0.13032,
    0.11588,
    0.08065,
    0.04783,
    0.02602,
    0.01137,
    0.00444,
    0.00125,
    0.00038,
    6e-05,
    1e-05,
    0.0,
    0.0
  ],
  "Man City": [
    0.06658,
    0.16035,
    0.1483,
    0.13265,
    0.11617,
    0.1022,
    0.09196,
    0.06993,
    0.05162,
    0.03139,
    0.01652,
    0.00783,
    0.00324,
    0.00098,
    0.00019,
    8e-05,
    1e-05,
    0.0,
    0.0,
    0.0
  ]
}