{
  "Monaco": [
    0.0,
    0.07853,
    0.27997,
    0.28084,
    0.25525,
    0.08472,
    0.01788,
    0.00281,
    0.0,
    0.0,
    0.0,
    0.0,
    0.0,
    0.0,
    0.0,
    0.0,
    0.0,
    0.0,
    0.0,
    0.0
  ],
  "Nantes": [
    0.0,
    0.0,
    0.0,
    0.0,
    0.0,
    0.00294,
    0.01706,
    0.07012,
    0.44224,
    0.3357,
    0.12908,
    0.00281,
    5e-05,
    0.0,
    0.0,
    0.0,
    0.0,
    0.0,
    0.0,
    0.0
  ],
  "Lyon": [
    0.0,
    0.0,
    0.00204,
    0.02346,
    0.07744,
    0.28923,
    0.34553,
    0.22641,
    0.03182,
    0.00398,
    9e-05,
    0.0,
    0.0,
    0.0,
    0.0,
    0.0,
    0.0,
    0.0,
    0.0,
    0.0
  ],
  "Brest": [
    0.0,
    0.0,
    0.0,
    0.0,
    0.0,
    0.0,
    4e-05,
    0.00247,
    0.07538,
    0.18757,
    0.63836,
    0.08628,
    0.0099,
    0.0,
    0.0,
    0.0,
    0.0,
    0.0,
    0.0,
    0.0
  ],
  "Troyes": [
    0.0,
    0.0,
    0.0,
    0.0,
    0.0,
    0.0,
    0.0,
    0.0,
    0.0,
    0.0,
    0.0,
    0.00021,
    0.00164,
    0.26491,
    0.33307,
    0.28545,
    0.10356,
    0.0111,
    6e-05,
    0.0
  ],
  "Paris SG": [
    1.0,
    0.0,
    0.0,
    0.0,
    0.0,
    0.0,
    0.0,
    0.0,
    0.0,
    0.0,
    0.0,
    0.0,
    0.0,
    0.0,
    0.0,
    0.0,
    0.0,
    0.0,
    0.0,
    0.0
  ],
  "Rennes": [
    0.0,
    0.0681,
    0.25438,
    0.2867,
    0.28489,
    0.08553,
    0.01855,
    0.00185,
    0.0,
    0.0,
    0.0,
    0.0,
    0.0,
    0.0,
    0.0,
    0.0,
    0.0,
    0.0,
    0.0,
    0.0
  ],
  "Lens": [
    0.0,
    0.0,
    0.00021,
    0.00396,
    0.02722,
    0.10985,
    0.25715,
    0.51198,
    0.07929,
    0.01008,
    0.00026,
    0.0,
    0.0,
    0.0,
    0.0,
    0.0,
    0.0,
    0.0,
    0.0,
    0.0
  ],
  "Bordeaux": [
    0.0,
    0.0,
    0.0,
    0.0,
    0.0,
    0.0,
    0.0,
    0.0,
    0.0,
    0.0,
    0.0,
    0.0,
    0.0,
    0.0,
    0.00109,
    0.00747,
    0.02398,
    0.09386,
    0.74253,
    0.13107
  ],
  "Clermont": [
    0.0,
    0.0,
    0.0,
    0.0,
    0.0,
    0.0,
    0.0,
    0.0,
    0.0,
    0.0,
    0.0,
    0.0,
    0.0,
    0.03074,
    0.07698,
    0.19969,
    0.44493,
    0.22607,
    0.02151,
    8e-05
  ],
  "Nice": [
    0.0,
    0.05162,
    0.33642,
    0.31095,
    0.21891,
    0.06454,
    0.01644,
    0.00112,
    0.0,
    0.0,
    0.0,
    0.0,
    0.0,
    0.0,
    0.0,
    0.0,
    0.0,
    0.0,
    0.0,
    0.0
  ],
  "Reims": [
    0.0,
    0.0,
    0.0,
    0.0,
    0.0,
    0.0,
    0.0,
    0.0,
    0.00037,
    0.00508,
    0.05538,
    0.53929,
    0.3942,
    0.00564,
    4e-05,
    0.0,
    0.0,
    0.0,
    0.0,
    0.0
  ],
  "St Etienne": [
    0.0,
    0.0,
    0.0,
    0.0,
    0.0,
    0.0,
    0.0,
    0.0,
    0.0,
    0.0,
    0.0,
    0.0,
    0.0,
    0.00438,
    0.01817,
    0.05879,
    0.19019,
    0.62224,
    0.1057,
    0.00053
  ],
  "Lorient": [
    0.0,
    0.0,
    0.0,
    0.0,
    0.0,
    0.0,
    0.0,
    0.0,
    0.0,
    0.0,
    0.0,
    4e-05,
    0.00146,
    0.19184,
    0.26403,
    0.31751,
    0.18801,
    0.03415,
    0.00296,
    0.0
  ],
  "Strasbourg": [
    0.0,
    6e-05,
    0.01065,
    0.04248,
    0.11027,
    0.35834,
    0.32091,
    0.1474,
    0.00959,
    0.0003,
    0.0,
    0.0,
    0.0,
    0.0,
    0.0,
    0.0,
    0.0,
    0.0,
    0.0,
    0.0
  ],
  "Angers": [
    0.0,
    0.0,
    0.0,
    0.0,
    0.0,
    0.0,
    0.0,
    0.0,
    0.0,
    0.0,
    0.0,
    0.00232,
    0.02141,
    0.48133,
    0.30638,
    0.13108,
    0.04895,
    0.00839,
    0.00014,
    0.0
  ],
  "Metz": [
    0.0,
    0.0,
    0.0,
    0.0,
    0.0,
    0.0,
    0.0,
    0.0,
    0.0,
    0.0,
    0.0,
    0.0,
    0.0,
    0.0,
    0.0,
    1e-05,
    0.00038,
    0.00419,
    0.1271,
    0.86832
  ],
  "Lille": [
    0.0,
    0.0,
    0.0,
    0.0,
    0.0,
    0.00067,
    0.00627,
    0.03584,
    0.36107,
    0.45389,
    0.13806,
    0.00416,
    4e-05,
    0.0,
    0.0,
    0.0,
    0.0,
    0.0,
    0.0,
    0.0
  ],
  "Montpellier": [
    0.0,
    0.0,
    0.0,
    0.0,
    0.0,
    0.0,
    0.0,
    0.0,
    0.00024,
    0.0034,
    0.03877,
    0.36489,
    0.5713,
    0.02116,
    0.00024,
    0.0,
    0.0,
    0.0,
    0.0,
    0.0
  ],
  "Marseille": [
    0.0,
    0.80169,
    0.11633,
    0.05161,
    0.02602,
    0.00418,
    0.00017,
    0.0,
    0.0,
    0.0,
    0.0,
    0.0,
    0.0,
    0.0,
    0.0,
    0.0,
    0.0,
    0.0,
    0.0,
    0.0
  ]
}