{
  "Ath Bilbao": [
    0.0,
    9e-05,
    0.04423,
    0.76201,
    0.16629,
    0.02738,
    0.0,
    0.0,
    0.0,
    0.0,
    0.0,
    0.0,
    0.0,
    0.0,
    0.0,
    0.0,
    0.0,
    0.0,
    0.0,
    0.0
  ],
  "Getafe": [
    0.0,
    0.0,
    0.0,
    0.0,
    0.0,
    0.0,
    0.00579,
    0.01594,
    0.03335,
    0.05955,
    0.09331,
    0.13517,
    0.17205,
    0.18896,
    0.15808,
    0.09648,
    0.03355,
    0.00733,
    0.00044,
    0.0
  ],
  "Betis": [
    0.0,
    0.0,
    0.0005,
    0.0486,
    0.25314,
    0.65754,
    0.03546,
    0.00438,
    0.00037,
    1e-05,
    0.0,
    0.0,
    0.0,
    0.0,
    0.0,
    0.0,
    0.0,
    0.0,
    0.0,
    0.0
  ],
  "Girona": [
    0.0,
    0.0,
    0.0,
    0.0,
    0.0,
    0.0,
    0.0001,
    0.0015,
    0.0058,
    0.01528,
    0.03417,
    0.06267,
    0.10411,
    0.15641,
    0.19994,
    0.20704,
    0.12704,
    0.06629,
    0.01965,
    0.0
  ],
  "Celta": [
    0.0,
    0.0,
    0.0,
    0.0,
    0.00043,
    0.00981,
    0.22347,
    0.22194,
    0.19191,
    0.15117,
    0.10581,
    0.05953,
    0.02626,
    0.00818,
    0.00133,
    0.00016,
    0.0,
    0.0,
    0.0,
    0.0
  ],
  "Alaves": [
    0.0,
    0.0,
    0.0,
    0.0,
    0.0,
    0.0,
    0.0,
    0.0,
    8e-05,
    0.00023,
    0.00124,
    0.00416,
    0.01121,
    0.02439,
    0.05451,
    0.10879,
    0.22771,
    0.33688,
    0.2308,
    0.0
  ],
  "Las Palmas": [
    0.0,
    0.0,
    0.0,
    0.0,
    0.0,
    0.0,
    0.0,
    0.0,
    1e-05,
    0.00031,
    0.00177,
    0.00611,
    0.01494,
    0.03286,
    0.06629,
    0.12654,
    0.23908,
    0.2535,
    0.25859,
    0.0
  ],
  "Sevilla": [
    0.0,
    0.0,
    0.0,
    0.0,
    0.0,
    0.0,
    0.00026,
    0.00127,
    0.00377,
    0.00926,
    0.01947,
    0.03845,
    0.07518,
    0.13175,
    0.20991,
    0.24464,
    0.15882,
    0.08228,
    0.02494,
    0.0
  ],
  "Osasuna": [
    0.0,
    0.0,
    0.0,
    0.0,
    0.00179,
    0.02721,
    0.33109,
    0.24207,
    0.16817,
    0.10649,
    0.06642,
    0.03421,
    0.01567,
    0.00577,
    0.00102,
    9e-05,
    0.0,
    0.0,
    0.0,
    0.0
  ],
  "Leganes": [
    0.0,
    0.0,
    0.0,
    0.0,
    0.0,
    0.0,
    0.0,
    0.0,
    0.0,
    0.0,
    3e-05,
    0.00102,
    0.00502,
    0.01319,
    0.03492,
    0.07767,
    0.16363,
    0.2406,
    0.46381,
    0.00011
  ],
  "Valencia": [
    0.0,
    0.0,
    0.0,
    0.0,
    0.0,
    6e-05,
    0.00598,
    0.0176,
    0.03542,
    0.06523,
    0.10999,
    0.17165,
    0.19398,
    0.17873,
    0.12424,
    0.06518,
    0.0246,
    0.00675,
    0.00059,
    0.0
  ],
  "Barcelona": [
    0.50344,
    0.4814,
    0.01516,
    0.0,
    0.0,
    0.0,
    0.0,
    0.0,
    0.0,
    0.0,
    0.0,
    0.0,
    0.0,
    0.0,
    0.0,
    0.0,
    0.0,
    0.0,
    0.0,
    0.0
  ],
  "Sociedad": [
    0.0,
    0.0,
    0.0,
    0.0,
    5e-05,
    0.00158,
    0.08793,
    0.12319,
    0.1567,
    0.1864,
    0.18247,
    0.12918,
    0.07317,
    0.03812,
    0.0163,
    0.0045,
    0.00038,
    3e-05,
    0.0,
    0.0
  ],
  "Vallecano": [
    0.0,
    0.0,
    0.0,
    0.0,
    4e-05,
    0.00169,
    0.11788,
    0.14967,
    0.16554,
    0.17842,
    0.1585,
    0.10779,
    0.0653,
    0.03497,
    0.0147,
    0.00465,
    0.0008,
    5e-05,
    0.0,
    0.0
  ],
  "Mallorca": [
    0.0,
    0.0,
    0.0,
    0.0,
    0.00024,
    0.00423,
    0.17894,
    0.20324,
    0.20307,
    0.16396,
    0.11812,
    0.07204,
    0.03616,
    0.01508,
    0.00446,
    0.00046,
    0.0,
    0.0,
    0.0,
    0.0
  ],
  "Real Madrid": [
    0.49397,
    0.47544,
    0.03058,
    1e-05,
    0.0,
    0.0,
    0.0,
    0.0,
    0.0,
    0.0,
    0.0,
    0.0,
    0.0,
    0.0,
    0.0,
    0.0,
    0.0,
    0.0,
    0.0,
    0.0
  ],
  "Valladolid": [
    0.0,
    0.0,
    0.0,
    0.0,
    0.0,
    0.0,
    0.0,
    0.0,
    0.0,
    0.0,
    0.0,
    0.0,
    0.0,
    0.0,
    0.0,
    0.0,
    0.0,
    0.0,
    0.00011,
    0.99989
  ],
  "Espanol": [
    0.0,
    0.0,
    0.0,
    0.0,
    0.0,
    1e-05,
    0.00649,
    0.01889,
    0.03581,
    0.06369,
    0.1087,
    0.17802,
    0.20695,
    0.17159,
    0.1143,
    0.0638,
    0.02439,
    0.00629,
    0.00107,
    0.0
  ],
  "Villarreal": [
    0.0,
    0.0,
    0.00141,
    0.14558,
    0.57567,
    0.27042,
    0.00661,
    0.00031,
    0.0,
    0.0,
    0.0,
    0.0,
    0.0,
    0.0,
    0.0,
    0.0,
    0.0,
    0.0,
    0.0,
    0.0
  ],
  "Ath Madrid": [
    0.00259,
    0.04307,
    0.90812,
    0.0438,
    0.00235,
    7e-05,
    0.0,
    0.0,
    0.0,
    0.0,
    0.0,
    0.0,
    0.0,
    0.0,
    0.0,
    0.0,
    0.0,
    0.0,
    0.0,
    0.0
  ]
}