{
  "Go Ahead Eagles": [
    0.0,
    0.00011,
    0.00161,
    0.01035,
    0.03248,
    0.05526,
    0.07698,
    0.09644,
    0.11223,
    0.12225,
    0.12624,
    0.11785,
    0.10111,
    0.07628,
    0.0451,
    0.01957,
    0.00541,
    0.00073
  ],
  "Heerenveen": [
    0.0,
    9e-05,
    0.00095,
    0.00581,
    0.02123,
    0.04006,
    0.0598,
    0.08084,
    0.09917,
    0.11778,
    0.12487,
    0.12817,
    0.11752,
    0.09685,
    0.06363,
    0.03182,
    0.00976,
    0.00165
  ],
  "Waalwijk": [
    0.0,
    0.0,
    1e-05,
    6e-05,
    0.00066,
    0.0019,
    0.00442,
    0.00888,
    0.01562,
    0.02567,
    0.04101,
    0.06405,
    0.10032,
    0.14894,
    0.21744,
    0.19954,
    0.1243,
    0.04718
  ],
  "AZ Alkmaar": [
    4e-05,
    0.00226,
    0.01389,
    0.05509,
    0.1328,
    0.1552,
    0.15243,
    0.13193,
    0.10812,
    0.08388,
    0.06365,
    0.04475,
    0.02956,
    0.01657,
    0.00709,
    0.00222,
    0.00048,
    4e-05
  ],
  "Heracles": [
    0.0,
    0.0,
    8e-05,
    0.00124,
    0.00543,
    0.01391,
    0.02423,
    0.03827,
    0.05582,
    0.07371,
    0.09899,
    0.121,
    0.14704,
    0.16426,
    0.13094,
    0.08029,
    0.03519,
    0.0096
  ],
  "PSV Eindhoven": [
    0.0254,
    0.29194,
    0.366,
    0.21178,
    0.06629,
    0.02356,
    0.00888,
    0.00362,
    0.00168,
    0.00057,
    0.0002,
    5e-05,
    2e-05,
    1e-05,
    0.0,
    0.0,
    0.0,
    0.0
  ],
  "For Sittard": [
    0.0,
    0.0,
    0.0,
    0.0,
    1e-05,
    5e-05,
    9e-05,
    0.00035,
    0.00078,
    0.00206,
    0.0043,
    0.00915,
    0.01961,
    0.04268,
    0.09501,
    0.18775,
    0.32995,
    0.30821
  ],
  "Twente": [
    5e-05,
    0.00588,
    0.0271,
    0.09323,
    0.20089,
    0.18368,
    0.14702,
    0.11235,
    0.08274,
    0.05713,
    0.03854,
    0.02573,
    0.0149,
    0.007,
    0.00281,
    0.00081,
    0.00012,
    2e-05
  ],
  "Ajax": [
    0.86989,
    0.10658,
    0.02069,
    0.00262,
    0.0002,
    2e-05,
    0.0,
    0.0,
    0.0,
    0.0,
    0.0,
    0.0,
    0.0,
    0.0,
    0.0,
    0.0,
    0.0,
    0.0
  ],
  "Nijmegen": [
    0.0,
    0.00037,
    0.00254,
    0.01292,
    0.04568,
    0.07206,
    0.09511,
    0.11037,
    0.12131,
    0.12424,
    0.11674,
    0.10506,
    0.08484,
    0.05814,
    0.03217,
    0.01407,
    0.00388,
    0.0005
  ],
  "Cambuur": [
    5e-05,
    0.00451,
    0.02221,
    0.07751,
    0.18584,
    0.17984,
    0.1521,
    0.1184,
    0.08984,
    0.06581,
    0.04521,
    0.0302,
    0.01664,
    0.00813,
    0.00289,
    0.00072,
    9e-05,
    1e-05
  ],
  "Groningen": [
    0.0,
    0.00014,
    0.00139,
    0.0081,
    0.03117,
    0.05402,
    0.0755,
    0.09637,
    0.1125,
    0.12114,
    0.12538,
    0.11859,
    0.10152,
    0.07707,
    0.04748,
    0.02151,
    0.00686,
    0.00126
  ],
  "Utrecht": [
    0.00483,
    0.1164,
    0.25034,
    0.37055,
    0.13837,
    0.0617,
    0.02858,
    0.015,
    0.00755,
    0.00359,
    0.00186,
    0.00078,
    0.00035,
    9e-05,
    0.0,
    1e-05,
    0.0,
    0.0
  ],
  "Sparta Rotterdam": [
    0.0,
    0.0,
    1e-05,
    3e-05,
    0.0002,
    0.00064,
    0.00174,
    0.00344,
    0.00648,
    0.01251,
    0.02224,
    0.03702,
    0.064,
    0.10936,
    0.18285,
    0.25489,
    0.20367,
    0.10092
  ],
  "Zwolle": [
    0.0,
    0.0,
    0.0,
    0.0,
    0.0,
    1e-05,
    2e-05,
    9e-05,
    0.00038,
    0.00077,
    0.00177,
    0.00404,
    0.00894,
    0.02231,
    0.05351,
    0.12397,
    0.25835,
    0.52584
  ],
  "Vitesse": [
    0.0,
    0.00103,
    0.00903,
    0.03998,
    0.1041,
    0.13219,
    0.14011,
    0.13842,
    0.12156,
    0.10107,
    0.07952,
    0.05776,
    0.03812,
    0.02289,
    0.01041,
    0.00302,
    0.00074,
    5e-05
  ],
  "Willem II": [
    0.0,
    1e-05,
    0.00024,
    0.00166,
    0.00845,
    0.01856,
    0.03092,
    0.04456,
    0.06397,
    0.08777,
    0.10947,
    0.1358,
    0.1555,
    0.14942,
    0.10867,
    0.05981,
    0.0212,
    0.00399
  ],
  "Feyenoord": [
    0.09974,
    0.47068,
    0.28391,
    0.10907,
    0.0262,
    0.00734,
    0.00207,
    0.00067,
    0.00025,
    5e-05,
    1e-05,
    0.0,
    1e-05,
    0.0,
    0.0,
    0.0,
    0.0,
    0.0
  ]
}