{
  "Monaco": [
    0.0,
    0.00537,
    0.03499,
    0.0716,
    0.10916,
    0.14174,
    0.13675,
    0.13534,
    0.12092,
    0.10474,
    0.082,
    0.04139,
    0.01269,
    0.00287,
    0.0004,
    3e-05,
    1e-05,
    0.0,
    0.0,
    0.0
  ],
  "Nantes": [
    0.0,
    0.00122,
    0.01246,
    0.03701,
    0.06254,
    0.08464,
    0.10206,
    0.11938,
    0.13067,
    0.14339,
    0.13693,
    0.10379,
    0.0494,
    0.01359,
    0.00238,
    0.00046,
    6e-05,
    2e-05,
    0.0,
    0.0
  ],
  "Lyon": [
    0.0,
    0.01992,
    0.11256,
    0.18828,
    0.18029,
    0.14336,
    0.11357,
    0.08539,
    0.06491,
    0.04513,
    0.02744,
    0.01399,
    0.00435,
    0.00079,
    2e-05,
    0.0,
    0.0,
    0.0,
    0.0,
    0.0
  ],
  "Brest": [
    0.0,
    8e-05,
    0.00127,
    0.0054,
    0.01298,
    0.02431,
    0.03906,
    0.05843,
    0.08603,
    0.12194,
    0.16866,
    0.22114,
    0.15641,
    0.07334,
    0.02135,
    0.00703,
    0.002,
    0.00047,
    7e-05,
    3e-05
  ],
  "Troyes": [
    0.0,
    0.0,
    0.0,
    0.0,
    0.0,
    0.0,
    0.0,
    2e-05,
    0.0,
    7e-05,
    0.00028,
    0.00146,
    0.00848,
    0.03046,
    0.07812,
    0.11668,
    0.14999,
    0.17986,
    0.20569,
    0.22889
  ],
  "Paris SG": [
    0.99692,
    0.00306,
    2e-05,
    0.0,
    0.0,
    0.0,
    0.0,
    0.0,
    0.0,
    0.0,
    0.0,
    0.0,
    0.0,
    0.0,
    0.0,
    0.0,
    0.0,
    0.0,
    0.0,
    0.0
  ],
  "Rennes": [
    0.0,
    0.00589,
    0.04176,
    0.08613,
    0.11749,
    0.1361,
    0.14305,
    0.1349,
    0.1163,
    0.09641,
    0.06808,
    0.03702,
    0.01338,
    0.00304,
    0.00038,
    6e-05,
    1e-05,
    0.0,
    0.0,
    0.0
  ],
  "Lens": [
    0.0,
    0.0015,
    0.0182,
    0.04477,
    0.0747,
    0.10357,
    0.12949,
    0.13993,
    0.14316,
    0.12879,
    0.10493,
    0.07094,
    0.02996,
    0.0085,
    0.00139,
    0.00014,
    1e-05,
    2e-05,
    0.0,
    0.0
  ],
  "Bordeaux": [
    0.0,
    0.0,
    0.0,
    0.0,
    0.0,
    0.0,
    0.0,
    2e-05,
    6e-05,
    0.00018,
    0.00072,
    0.00326,
    0.01299,
    0.04344,
    0.10054,
    0.13991,
    0.1641,
    0.1721,
    0.17863,
    0.18405
  ],
  "Clermont": [
    0.0,
    0.0,
    0.0,
    0.0,
    0.0,
    5e-05,
    5e-05,
    0.00015,
    0.00066,
    0.00162,
    0.00502,
    0.01616,
    0.05408,
    0.13312,
    0.22642,
    0.19043,
    0.1464,
    0.10767,
    0.07434,
    0.04383
  ],
  "Nice": [
    0.00014,
    0.12655,
    0.40742,
    0.21172,
    0.11817,
    0.06382,
    0.03456,
    0.01981,
    0.01029,
    0.00472,
    0.00203,
    0.00066,
    0.00011,
    0.0,
    0.0,
    0.0,
    0.0,
    0.0,
    0.0,
    0.0
  ],
  "Reims": [
    0.0,
    0.0,
    2e-05,
    0.0001,
    0.00031,
    0.00094,
    0.00195,
    0.00511,
    0.01002,
    0.02273,
    0.04765,
    0.10274,
    0.22094,
    0.29234,
    0.1548,
    0.0773,
    0.03761,
    0.01662,
    0.00697,
    0.00185
  ],
  "St Etienne": [
    0.0,
    0.0,
    0.0,
    0.0,
    0.0,
    0.0,
    0.0,
    0.0,
    7e-05,
    0.00016,
    0.00059,
    0.0023,
    0.01243,
    0.04012,
    0.09497,
    0.14354,
    0.16506,
    0.1787,
    0.18266,
    0.1794
  ],
  "Lorient": [
    0.0,
    0.0,
    0.0,
    0.0,
    0.0,
    0.0,
    1e-05,
    3e-05,
    8e-05,
    0.00035,
    0.00115,
    0.00527,
    0.02089,
    0.06512,
    0.13362,
    0.16801,
    0.17081,
    0.16409,
    0.14741,
    0.12316
  ],
  "Strasbourg": [
    2e-05,
    0.04127,
    0.19003,
    0.22713,
    0.17761,
    0.12918,
    0.09371,
    0.06259,
    0.03925,
    0.02293,
    0.01122,
    0.00413,
    0.00079,
    0.00014,
    0.0,
    0.0,
    0.0,
    0.0,
    0.0,
    0.0
  ],
  "Angers": [
    0.0,
    0.0,
    3e-05,
    0.00053,
    0.00119,
    0.00302,
    0.00694,
    0.0126,
    0.02409,
    0.04544,
    0.08069,
    0.15789,
    0.28369,
    0.22349,
    0.09797,
    0.03946,
    0.01547,
    0.00548,
    0.00171,
    0.00031
  ],
  "Metz": [
    0.0,
    0.0,
    0.0,
    0.0,
    0.0,
    0.0,
    0.0,
    0.0,
    4e-05,
    0.00015,
    0.00043,
    0.00185,
    0.00907,
    0.03008,
    0.07908,
    0.11513,
    0.14822,
    0.17495,
    0.20252,
    0.23848
  ],
  "Lille": [
    0.0,
    0.0032,
    0.03481,
    0.07674,
    0.10615,
    0.1191,
    0.12643,
    0.12564,
    0.12345,
    0.11169,
    0.08881,
    0.05464,
    0.02237,
    0.00574,
    0.00106,
    0.00016,
    1e-05,
    0.0,
    0.0,
    0.0
  ],
  "Montpellier": [
    0.0,
    0.0002,
    0.00355,
    0.01104,
    0.02496,
    0.04494,
    0.07049,
    0.0998,
    0.12965,
    0.14944,
    0.17335,
    0.16137,
    0.08797,
    0.03382,
    0.0075,
    0.00166,
    0.00024,
    2e-05,
    0.0,
    0.0
  ],
  "Marseille": [
    0.00292,
    0.79174,
    0.14288,
    0.03955,
    0.01445,
    0.00523,
    0.00188,
    0.00086,
    0.00035,
    0.00012,
    2e-05,
    0.0,
    0.0,
    0.0,
    0.0,
    0.0,
    0.0,
    0.0,
    0.0,
    0.0
  ]
}