{
  "São Paulo / SP": [
    0.07819,
    0.08884,
    0.09565,
    0.10003,
    0.09271,
    0.08946,
    0.08462,
    0.0754,
    0.06295,
    0.05486,
    0.04555,
    0.0371,
    0.02978,
    0.02226,
    0.01685,
    0.01226,
    0.00761,
    0.004,
    0.00151,
    0.00037
  ],
  "Botafogo / RJ": [
    0.02488,
    0.04541,
    0.06186,
    0.06929,
    0.07426,
    0.07566,
    0.07713,
    0.07644,
    0.07738,
    0.07401,
    0.06903,
    0.06204,
    0.05517,
    0.04817,
    0.03843,
    0.02961,
    0.02032,
    0.01242,
    0.00648,
    0.00201
  ],
  "Atlético Mineiro / MG": [
    0.10718,
    0.13098,
    0.12601,
    0.11403,
    0.09819,
    0.0846,
    0.07213,
    0.06013,
    0.05095,
    0.04181,
    0.03354,
    0.02708,
    0.02014,
    0.01312,
    0.00922,
    0.00583,
    0.00286,
    0.00154,
    0.00053,
    0.00013
  ],
  "Avaí / SC": [
    0.0,
    8e-05,
    0.00018,
    0.00034,
    0.00058,
    0.00111,
    0.00166,
    0.00302,
    0.00475,
    0.00654,
    0.00998,
    0.01471,
    0.02082,
    0.03022,
    0.04385,
    0.06342,
    0.08994,
    0.13246,
    0.20797,
    0.36837
  ],
  "Chapecoense / SC": [
    0.00014,
    0.0005,
    0.00099,
    0.00191,
    0.0034,
    0.00508,
    0.00767,
    0.01086,
    0.01572,
    0.021,
    0.02911,
    0.03762,
    0.04744,
    0.06235,
    0.07871,
    0.10096,
    0.12493,
    0.1468,
    0.15922,
    0.14559
  ],
  "Internacional / RS": [
    0.02728,
    0.04948,
    0.06387,
    0.0727,
    0.08184,
    0.08368,
    0.08655,
    0.08423,
    0.0818,
    0.07288,
    0.06736,
    0.0596,
    0.04918,
    0.03956,
    0.03122,
    0.02195,
    0.01414,
    0.00837,
    0.00332,
    0.00099
  ],
  "Flamengo / RJ": [
    0.10721,
    0.12549,
    0.12478,
    0.11348,
    0.10363,
    0.08953,
    0.0749,
    0.063,
    0.05034,
    0.0408,
    0.03256,
    0.02494,
    0.01843,
    0.01313,
    0.00834,
    0.00498,
    0.00275,
    0.00113,
    0.0005,
    8e-05
  ],
  "Cruzeiro / MG": [
    0.00025,
    0.00081,
    0.0016,
    0.00332,
    0.00489,
    0.0076,
    0.01171,
    0.01518,
    0.02164,
    0.02804,
    0.03662,
    0.04635,
    0.05824,
    0.07384,
    0.08876,
    0.10634,
    0.12439,
    0.13512,
    0.13289,
    0.10241
  ],
  "Grêmio / RS": [
    0.00415,
    0.0101,
    0.01669,
    0.02353,
    0.03055,
    0.03915,
    0.04695,
    0.05525,
    0.06396,
    0.07121,
    0.07681,
    0.0807,
    0.08545,
    0.08576,
    0.08102,
    0.07208,
    0.06268,
    0.04858,
    0.03109,
    0.01429
  ],
  "Santos / SP": [
    0.37802,
    0.19404,
    0.12496,
    0.08865,
    0.06111,
    0.0464,
    0.03352,
    0.02359,
    0.01659,
    0.01186,
    0.00841,
    0.00548,
    0.00323,
    0.00184,
    0.0012,
    0.0006,
    0.00032,
    0.00015,
    3e-05,
    0.0
  ],
  "Ceará / CE": [
    0.01273,
    0.026,
    0.03684,
    0.04705,
    0.05625,
    0.06532,
    0.07159,
    0.07521,
    0.07693,
    0.08011,
    0.08278,
    0.07703,
    0.06939,
    0.06229,
    0.05348,
    0.04178,
    0.03148,
    0.01938,
    0.01091,
    0.00345
  ],
  "CSA / AL": [
    1e-05,
    0.00013,
    0.00042,
    0.00092,
    0.00151,
    0.0029,
    0.00418,
    0.00627,
    0.00938,
    0.01453,
    0.01892,
    0.02733,
    0.03773,
    0.04854,
    0.06571,
    0.08856,
    0.11422,
    0.14806,
    0.19361,
    0.21707
  ],
  "Bahia / BA": [
    0.01259,
    0.0252,
    0.03623,
    0.04519,
    0.05798,
    0.06625,
    0.06988,
    0.07376,
    0.08204,
    0.08304,
    0.07997,
    0.07632,
    0.0697,
    0.06155,
    0.05228,
    0.04118,
    0.03109,
    0.02028,
    0.01164,
    0.00383
  ],
  "Corinthians / SP": [
    0.04598,
    0.07231,
    0.08416,
    0.09182,
    0.09369,
    0.08898,
    0.08413,
    0.0856,
    0.07314,
    0.06495,
    0.05386,
    0.04566,
    0.03643,
    0.02862,
    0.02091,
    0.01417,
    0.0084,
    0.00465,
    0.00206,
    0.00048
  ],
  "Athletico Paranaense / PR": [
    0.01571,
    0.02927,
    0.04148,
    0.04974,
    0.05762,
    0.06674,
    0.07702,
    0.0779,
    0.07954,
    0.07695,
    0.07629,
    0.07179,
    0.06652,
    0.05832,
    0.04989,
    0.04075,
    0.02918,
    0.02019,
    0.01099,
    0.00411
  ],
  "Vasco da Gama / RJ": [
    0.00365,
    0.00965,
    0.01648,
    0.02146,
    0.03102,
    0.03916,
    0.04551,
    0.05465,
    0.0611,
    0.06993,
    0.07578,
    0.08217,
    0.0854,
    0.08581,
    0.08145,
    0.07311,
    0.06373,
    0.0505,
    0.03351,
    0.01593
  ],
  "Palmeiras / SP": [
    0.17459,
    0.17524,
    0.14001,
    0.11474,
    0.09493,
    0.07427,
    0.05865,
    0.04621,
    0.03506,
    0.02748,
    0.02018,
    0.0145,
    0.00972,
    0.00671,
    0.00374,
    0.00228,
    0.00104,
    0.00051,
    0.0001,
    4e-05
  ],
  "Fortaleza / CE": [
    0.00211,
    0.00559,
    0.01008,
    0.01448,
    0.0197,
    0.02706,
    0.03424,
    0.04097,
    0.05145,
    0.05821,
    0.06854,
    0.07711,
    0.08515,
    0.0909,
    0.09276,
    0.09168,
    0.08412,
    0.07043,
    0.04959,
    0.02583
  ],
  "Fluminense / RJ": [
    0.0004,
    0.00116,
    0.00272,
    0.00456,
    0.0071,
    0.01097,
    0.01477,
    0.02094,
    0.02823,
    0.03447,
    0.04259,
    0.0551,
    0.06826,
    0.08185,
    0.09669,
    0.10995,
    0.11726,
    0.12055,
    0.10511,
    0.07732
  ],
  "Goiás / GO": [
    0.00493,
    0.00972,
    0.01499,
    0.02276,
    0.02904,
    0.03608,
    0.04319,
    0.05139,
    0.05705,
    0.06732,
    0.07212,
    0.07737,
    0.08382,
    0.08516,
    0.08549,
    0.07851,
    0.06954,
    0.05488,
    0.03894,
    0.0177
  ]
}