{
  "Fluminense / RJ": [
    0.02907,
    0.12055,
    0.13519,
    0.1337,
    0.12759,
    0.11234,
    0.09195,
    0.07615,
    0.0594,
    0.04417,
    0.02859,
    0.01807,
    0.01095,
    0.00637,
    0.00331,
    0.00166,
    0.0006,
    0.0003,
    3e-05,
    1e-05
  ],
  "Santos / SP": [
    0.00568,
    0.03154,
    0.05765,
    0.08071,
    0.09854,
    0.10437,
    0.10837,
    0.1057,
    0.10057,
    0.08521,
    0.06871,
    0.05179,
    0.03895,
    0.02588,
    0.01782,
    0.01035,
    0.00551,
    0.0021,
    0.00052,
    3e-05
  ],
  "Atlético Goianiense / GO": [
    3e-05,
    0.0004,
    0.00141,
    0.00333,
    0.00585,
    0.01064,
    0.01639,
    0.02526,
    0.0364,
    0.05099,
    0.06915,
    0.08765,
    0.10441,
    0.11843,
    0.12165,
    0.11863,
    0.10459,
    0.07785,
    0.03636,
    0.01058
  ],
  "Flamengo / RJ": [
    0.00528,
    0.02987,
    0.05261,
    0.07463,
    0.094,
    0.10513,
    0.11175,
    0.10891,
    0.10288,
    0.08931,
    0.07128,
    0.05506,
    0.03877,
    0.02648,
    0.01651,
    0.00962,
    0.00525,
    0.00206,
    0.0005,
    0.0001
  ],
  "Palmeiras / SP": [
    0.77148,
    0.14262,
    0.04913,
    0.02041,
    0.00898,
    0.00415,
    0.00186,
    0.00077,
    0.00042,
    0.00012,
    5e-05,
    0.0,
    1e-05,
    0.0,
    0.0,
    0.0,
    0.0,
    0.0,
    0.0,
    0.0
  ],
  "Ceará / CE": [
    0.00022,
    0.00238,
    0.00672,
    0.01407,
    0.02346,
    0.03535,
    0.05186,
    0.06991,
    0.08668,
    0.1021,
    0.11019,
    0.11299,
    0.10389,
    0.08859,
    0.07303,
    0.05394,
    0.03561,
    0.02059,
    0.00705,
    0.00137
  ],
  "Coritiba / PR": [
    6e-05,
    0.0007,
    0.00222,
    0.00513,
    0.00958,
    0.01614,
    0.0263,
    0.03794,
    0.05508,
    0.07131,
    0.0889,
    0.10262,
    0.11195,
    0.11393,
    0.10747,
    0.09605,
    0.07529,
    0.05068,
    0.02228,
    0.00637
  ],
  "Goiás / GO": [
    3e-05,
    0.00015,
    0.00055,
    0.0014,
    0.00327,
    0.00633,
    0.01029,
    0.0191,
    0.02954,
    0.04581,
    0.06183,
    0.08015,
    0.10039,
    0.11708,
    0.12822,
    0.12951,
    0.11825,
    0.0894,
    0.04394,
    0.01476
  ],
  "Atlético Mineiro / MG": [
    0.08721,
    0.26463,
    0.19733,
    0.14578,
    0.09928,
    0.07203,
    0.05132,
    0.03438,
    0.02117,
    0.01259,
    0.00708,
    0.00372,
    0.00195,
    0.00088,
    0.00041,
    0.00022,
    1e-05,
    1e-05,
    0.0,
    0.0
  ],
  "Internacional / RS": [
    0.03756,
    0.13453,
    0.14581,
    0.1357,
    0.12629,
    0.109,
    0.08757,
    0.06936,
    0.05402,
    0.03767,
    0.0252,
    0.0166,
    0.01007,
    0.00512,
    0.00311,
    0.00158,
    0.0006,
    0.00019,
    2e-05,
    0.0
  ],
  "Botafogo / RJ": [
    0.00039,
    0.00302,
    0.00747,
    0.01422,
    0.02308,
    0.03444,
    0.05213,
    0.07145,
    0.08646,
    0.10364,
    0.11623,
    0.11474,
    0.10283,
    0.08677,
    0.07067,
    0.05217,
    0.0343,
    0.01911,
    0.00582,
    0.00106
  ],
  "Corinthians / SP": [
    0.0165,
    0.07749,
    0.10875,
    0.12645,
    0.12932,
    0.12388,
    0.11017,
    0.09231,
    0.07146,
    0.05363,
    0.03785,
    0.0231,
    0.01435,
    0.00789,
    0.00405,
    0.00169,
    0.0009,
    0.00019,
    2e-05,
    0.0
  ],
  "Fortaleza / CE": [
    0.0,
    0.0,
    0.0,
    0.0,
    0.0,
    0.0,
    5e-05,
    0.00014,
    0.00041,
    0.00072,
    0.00168,
    0.00312,
    0.00593,
    0.01086,
    0.01922,
    0.03511,
    0.06612,
    0.136,
    0.3241,
    0.39654
  ],
  "Cuiabá / MT": [
    0.0,
    1e-05,
    1e-05,
    7e-05,
    0.00023,
    0.00058,
    0.0019,
    0.00309,
    0.00625,
    0.01215,
    0.01974,
    0.03042,
    0.04665,
    0.06716,
    0.09321,
    0.12725,
    0.17395,
    0.21895,
    0.13956,
    0.05882
  ],
  "São Paulo / SP": [
    0.00413,
    0.02742,
    0.04789,
    0.06654,
    0.08465,
    0.09921,
    0.11763,
    0.11877,
    0.10903,
    0.09236,
    0.07495,
    0.0565,
    0.04088,
    0.0271,
    0.01625,
    0.00948,
    0.00488,
    0.00183,
    0.00047,
    3e-05
  ],
  "Athletico Paranaense / PR": [
    0.04156,
    0.15732,
    0.17118,
    0.15154,
    0.12549,
    0.10779,
    0.08344,
    0.05993,
    0.04062,
    0.02614,
    0.0155,
    0.0099,
    0.00449,
    0.00295,
    0.00114,
    0.00065,
    0.0003,
    6e-05,
    0.0,
    0.0
  ],
  "Avaí / SC": [
    1e-05,
    0.00024,
    0.00074,
    0.00173,
    0.00386,
    0.00682,
    0.01125,
    0.01908,
    0.03001,
    0.04292,
    0.05858,
    0.07567,
    0.09564,
    0.11361,
    0.12429,
    0.13133,
    0.12229,
    0.097,
    0.04986,
    0.01507
  ],
  "América / MG": [
    1e-05,
    9e-05,
    0.00019,
    0.00055,
    0.00145,
    0.00259,
    0.00489,
    0.00914,
    0.01456,
    0.0245,
    0.03753,
    0.05505,
    0.0716,
    0.09567,
    0.12209,
    0.14553,
    0.16354,
    0.14775,
    0.07828,
    0.02499
  ],
  "Juventude / RS": [
    0.0,
    0.0,
    0.0,
    0.0,
    1e-05,
    4e-05,
    4e-05,
    3e-05,
    0.00021,
    0.00049,
    0.0012,
    0.00268,
    0.00474,
    0.00868,
    0.0171,
    0.03103,
    0.05812,
    0.12012,
    0.2863,
    0.46921
  ],
  "Red Bull Bragantino / SP": [
    0.00078,
    0.00704,
    0.01515,
    0.02404,
    0.03507,
    0.04917,
    0.06084,
    0.07858,
    0.09483,
    0.10417,
    0.10576,
    0.10017,
    0.09155,
    0.07655,
    0.06045,
    0.0442,
    0.02989,
    0.01581,
    0.00489,
    0.00106
  ]
}