{
  "Almeria": [
    0.0,
    0.0,
    0.0,
    0.0,
    0.0,
    0.0,
    0.0,
    0.0,
    0.0,
    0.0,
    0.0,
    0.0,
    2e-05,
    9e-05,
    0.00029,
    0.00106,
    0.0052,
    0.03352,
    0.1205,
    0.83932
  ],
  "Vallecano": [
    0.0,
    0.0,
    0.0,
    0.0,
    0.0,
    7e-05,
    0.00121,
    0.00463,
    0.01239,
    0.03237,
    0.07691,
    0.1446,
    0.17479,
    0.17884,
    0.15683,
    0.12446,
    0.0722,
    0.01765,
    0.00303,
    2e-05
  ],
  "Sevilla": [
    0.0,
    0.0,
    0.0,
    0.0,
    1e-05,
    6e-05,
    0.00085,
    0.00312,
    0.00871,
    0.02578,
    0.06322,
    0.12135,
    0.16145,
    0.16914,
    0.15921,
    0.13822,
    0.10627,
    0.03682,
    0.00565,
    0.00014
  ],
  "Valencia": [
    0.0,
    0.0,
    1e-05,
    0.00022,
    0.00392,
    0.08875,
    0.18999,
    0.2245,
    0.20682,
    0.14593,
    0.08442,
    0.03533,
    0.01349,
    0.00471,
    0.00149,
    0.00034,
    8e-05,
    0.0,
    0.0,
    0.0
  ],
  "Sociedad": [
    0.0,
    0.00015,
    0.00185,
    0.01111,
    0.06193,
    0.51578,
    0.21976,
    0.10561,
    0.05228,
    0.02281,
    0.007,
    0.0014,
    0.00021,
    9e-05,
    2e-05,
    0.0,
    0.0,
    0.0,
    0.0,
    0.0
  ],
  "Girona": [
    0.06655,
    0.5461,
    0.2359,
    0.11146,
    0.03866,
    0.00132,
    1e-05,
    0.0,
    0.0,
    0.0,
    0.0,
    0.0,
    0.0,
    0.0,
    0.0,
    0.0,
    0.0,
    0.0,
    0.0,
    0.0
  ],
  "Las Palmas": [
    0.0,
    0.0,
    0.0,
    0.00014,
    0.00334,
    0.06854,
    0.15543,
    0.20616,
    0.21773,
    0.17626,
    0.1054,
    0.04194,
    0.0162,
    0.00609,
    0.00208,
    0.00061,
    7e-05,
    1e-05,
    0.0,
    0.0
  ],
  "Mallorca": [
    0.0,
    0.0,
    0.0,
    0.0,
    0.0,
    1e-05,
    0.00015,
    0.00078,
    0.0033,
    0.00956,
    0.02731,
    0.06126,
    0.09605,
    0.14232,
    0.18944,
    0.2202,
    0.17299,
    0.06108,
    0.01495,
    0.0006
  ],
  "Ath Bilbao": [
    0.00229,
    0.04809,
    0.1486,
    0.26743,
    0.4699,
    0.05493,
    0.0074,
    0.00112,
    0.00019,
    4e-05,
    1e-05,
    0.0,
    0.0,
    0.0,
    0.0,
    0.0,
    0.0,
    0.0,
    0.0,
    0.0
  ],
  "Real Madrid": [
    0.91098,
    0.07633,
    0.01047,
    0.00193,
    0.00029,
    0.0,
    0.0,
    0.0,
    0.0,
    0.0,
    0.0,
    0.0,
    0.0,
    0.0,
    0.0,
    0.0,
    0.0,
    0.0,
    0.0,
    0.0
  ],
  "Celta": [
    0.0,
    0.0,
    0.0,
    0.0,
    0.0,
    0.0,
    2e-05,
    0.00014,
    0.00071,
    0.00333,
    0.01213,
    0.03423,
    0.06075,
    0.08682,
    0.12701,
    0.18354,
    0.27261,
    0.16992,
    0.04608,
    0.00271
  ],
  "Osasuna": [
    0.0,
    0.0,
    0.0,
    0.0,
    0.00014,
    0.00639,
    0.02902,
    0.06479,
    0.11119,
    0.17868,
    0.25072,
    0.16543,
    0.09723,
    0.05358,
    0.02809,
    0.01185,
    0.00272,
    0.00016,
    1e-05,
    0.0
  ],
  "Villarreal": [
    0.0,
    0.0,
    0.0,
    0.0,
    1e-05,
    0.00011,
    0.00076,
    0.00291,
    0.00889,
    0.02475,
    0.064,
    0.12122,
    0.16092,
    0.17596,
    0.17545,
    0.14915,
    0.08898,
    0.02334,
    0.00351,
    4e-05
  ],
  "Betis": [
    0.0,
    0.0,
    0.00011,
    0.0017,
    0.01592,
    0.19309,
    0.29089,
    0.22028,
    0.14805,
    0.08345,
    0.03332,
    0.00964,
    0.00272,
    0.00062,
    0.00016,
    5e-05,
    0.0,
    0.0,
    0.0,
    0.0
  ],
  "Getafe": [
    0.0,
    0.0,
    0.0,
    9e-05,
    0.00138,
    0.03598,
    0.09834,
    0.15257,
    0.19996,
    0.23104,
    0.14968,
    0.07315,
    0.03409,
    0.01555,
    0.00597,
    0.00182,
    0.00037,
    1e-05,
    0.0,
    0.0
  ],
  "Barcelona": [
    0.01246,
    0.17262,
    0.30915,
    0.29517,
    0.19409,
    0.0157,
    0.00077,
    4e-05,
    0.0,
    0.0,
    0.0,
    0.0,
    0.0,
    0.0,
    0.0,
    0.0,
    0.0,
    0.0,
    0.0,
    0.0
  ],
  "Cadiz": [
    0.0,
    0.0,
    0.0,
    0.0,
    0.0,
    0.0,
    0.0,
    0.0,
    1e-05,
    4e-05,
    0.00052,
    0.00184,
    0.00604,
    0.01202,
    0.02684,
    0.06028,
    0.16289,
    0.38999,
    0.30158,
    0.03795
  ],
  "Alaves": [
    0.0,
    0.0,
    0.0,
    0.0,
    0.0,
    0.00072,
    0.00357,
    0.01326,
    0.02975,
    0.06594,
    0.12529,
    0.18822,
    0.17467,
    0.15057,
    0.11742,
    0.08136,
    0.04077,
    0.00756,
    0.00089,
    1e-05
  ],
  "Ath Madrid": [
    0.00772,
    0.15671,
    0.29391,
    0.31075,
    0.21041,
    0.01855,
    0.00183,
    9e-05,
    2e-05,
    1e-05,
    0.0,
    0.0,
    0.0,
    0.0,
    0.0,
    0.0,
    0.0,
    0.0,
    0.0,
    0.0
  ],
  "Granada": [
    0.0,
    0.0,
    0.0,
    0.0,
    0.0,
    0.0,
    0.0,
    0.0,
    0.0,
    1e-05,
    7e-05,
    0.00039,
    0.00137,
    0.0036,
    0.0097,
    0.02706,
    0.07485,
    0.25994,
    0.5038,
    0.11921
  ]
}