{
  "Empoli": [
    0.0,
    0.0,
    0.0,
    0.0,
    0.0,
    0.0,
    0.0,
    0.0,
    0.0,
    8e-05,
    0.00038,
    0.00293,
    0.01488,
    0.03935,
    0.07711,
    0.1189,
    0.16949,
    0.22511,
    0.25537,
    0.0964
  ],
  "Verona": [
    0.0,
    0.0,
    0.0,
    0.0,
    0.0,
    0.0,
    0.0,
    0.0,
    0.0,
    9e-05,
    0.00097,
    0.00518,
    0.01792,
    0.04732,
    0.08914,
    0.13342,
    0.18726,
    0.21098,
    0.24704,
    0.06068
  ],
  "Frosinone": [
    0.0,
    0.0,
    0.0,
    0.0,
    0.0,
    2e-05,
    8e-05,
    0.00052,
    0.00133,
    0.00584,
    0.02624,
    0.07221,
    0.15765,
    0.22842,
    0.1948,
    0.14605,
    0.09092,
    0.05293,
    0.02113,
    0.00186
  ],
  "Napoli": [
    0.0,
    0.0,
    0.00016,
    0.05793,
    0.08562,
    0.11045,
    0.13247,
    0.15574,
    0.17153,
    0.16266,
    0.07991,
    0.03207,
    0.00895,
    0.00201,
    0.00039,
    0.0001,
    1e-05,
    0.0,
    0.0,
    0.0
  ],
  "Genoa": [
    0.0,
    0.0,
    0.0,
    0.00047,
    0.00149,
    0.00399,
    0.00882,
    0.01959,
    0.04255,
    0.09796,
    0.23922,
    0.29473,
    0.16916,
    0.07565,
    0.03056,
    0.01153,
    0.00348,
    0.00073,
    7e-05,
    0.0
  ],
  "Fiorentina": [
    0.0,
    0.0,
    0.00065,
    0.09923,
    0.12677,
    0.14366,
    0.15137,
    0.15596,
    0.14284,
    0.11231,
    0.04838,
    0.01518,
    0.00307,
    0.00048,
    9e-05,
    1e-05,
    0.0,
    0.0,
    0.0,
    0.0
  ],
  "Inter": [
    0.77804,
    0.19521,
    0.02674,
    1e-05,
    0.0,
    0.0,
    0.0,
    0.0,
    0.0,
    0.0,
    0.0,
    0.0,
    0.0,
    0.0,
    0.0,
    0.0,
    0.0,
    0.0,
    0.0,
    0.0
  ],
  "Monza": [
    0.0,
    0.0,
    0.0,
    0.00085,
    0.00307,
    0.00671,
    0.01519,
    0.02968,
    0.0623,
    0.13238,
    0.28591,
    0.241,
    0.13828,
    0.05771,
    0.0196,
    0.00562,
    0.00139,
    0.00027,
    4e-05,
    0.0
  ],
  "Roma": [
    0.0,
    1e-05,
    0.00054,
    0.1166,
    0.1428,
    0.15456,
    0.1588,
    0.14879,
    0.13151,
    0.09559,
    0.03663,
    0.01128,
    0.00247,
    0.00037,
    5e-05,
    0.0,
    0.0,
    0.0,
    0.0,
    0.0
  ],
  "Salernitana": [
    0.0,
    0.0,
    0.0,
    0.0,
    0.0,
    0.0,
    0.0,
    0.0,
    0.0,
    0.0,
    0.0,
    3e-05,
    0.00019,
    0.00119,
    0.00403,
    0.00989,
    0.02336,
    0.05414,
    0.12812,
    0.77905
  ],
  "Sassuolo": [
    0.0,
    0.0,
    0.0,
    0.0,
    0.0,
    1e-05,
    5e-05,
    0.00021,
    0.00045,
    0.00241,
    0.01164,
    0.03611,
    0.08965,
    0.14996,
    0.18488,
    0.1851,
    0.14698,
    0.11451,
    0.06852,
    0.00952
  ],
  "Atalanta": [
    0.0,
    6e-05,
    0.00362,
    0.296,
    0.20649,
    0.1588,
    0.12287,
    0.09263,
    0.06617,
    0.0378,
    0.01211,
    0.00274,
    0.00068,
    3e-05,
    0.0,
    0.0,
    0.0,
    0.0,
    0.0,
    0.0
  ],
  "Lecce": [
    0.0,
    0.0,
    0.0,
    0.0,
    0.0001,
    0.00034,
    0.00118,
    0.00327,
    0.00973,
    0.02887,
    0.09583,
    0.19074,
    0.27589,
    0.19106,
    0.10665,
    0.05497,
    0.0258,
    0.01177,
    0.00362,
    0.00018
  ],
  "Lazio": [
    0.0,
    0.0,
    0.00134,
    0.18181,
    0.17872,
    0.16434,
    0.14769,
    0.12802,
    0.10003,
    0.06554,
    0.02433,
    0.00689,
    0.0011,
    0.00018,
    1e-05,
    0.0,
    0.0,
    0.0,
    0.0,
    0.0
  ],
  "Udinese": [
    0.0,
    0.0,
    0.0,
    0.0,
    0.0,
    0.0,
    0.0,
    5e-05,
    0.00036,
    0.00144,
    0.00921,
    0.03255,
    0.07929,
    0.14323,
    0.18772,
    0.18721,
    0.15415,
    0.11959,
    0.07482,
    0.01038
  ],
  "Juventus": [
    0.19862,
    0.61292,
    0.18804,
    0.0004,
    2e-05,
    0.0,
    0.0,
    0.0,
    0.0,
    0.0,
    0.0,
    0.0,
    0.0,
    0.0,
    0.0,
    0.0,
    0.0,
    0.0,
    0.0,
    0.0
  ],
  "Torino": [
    0.0,
    0.0,
    0.00017,
    0.04002,
    0.0686,
    0.09113,
    0.11883,
    0.1457,
    0.1776,
    0.19604,
    0.1049,
    0.04105,
    0.01231,
    0.00296,
    0.00058,
    0.0001,
    0.0,
    0.0,
    1e-05,
    0.0
  ],
  "Cagliari": [
    0.0,
    0.0,
    0.0,
    0.0,
    0.0,
    0.0,
    0.0,
    1e-05,
    4e-05,
    0.00027,
    0.00211,
    0.00874,
    0.02716,
    0.0599,
    0.10435,
    0.1471,
    0.19716,
    0.20997,
    0.20126,
    0.04193
  ],
  "Bologna": [
    0.0,
    3e-05,
    0.00138,
    0.19965,
    0.18594,
    0.16592,
    0.1426,
    0.11983,
    0.09356,
    0.06072,
    0.02223,
    0.00657,
    0.00135,
    0.00018,
    4e-05,
    0.0,
    0.0,
    0.0,
    0.0,
    0.0
  ],
  "Milan": [
    0.02334,
    0.19177,
    0.77736,
    0.00703,
    0.00038,
    7e-05,
    5e-05,
    0.0,
    0.0,
    0.0,
    0.0,
    0.0,
    0.0,
    0.0,
    0.0,
    0.0,
    0.0,
    0.0,
    0.0,
    0.0
  ]
}