{
  "Le Havre": [
    0.0,
    0.0,
    1e-05,
    1e-05,
    5e-05,
    0.00019,
    0.00043,
    0.0012,
    0.00352,
    0.00812,
    0.0159,
    0.02726,
    0.04673,
    0.07473,
    0.11916,
    0.18532,
    0.28827,
    0.2291
  ],
  "Paris SG": [
    0.9518,
    0.04035,
    0.00603,
    0.00131,
    0.00036,
    0.00012,
    2e-05,
    1e-05,
    0.0,
    0.0,
    0.0,
    0.0,
    0.0,
    0.0,
    0.0,
    0.0,
    0.0,
    0.0
  ],
  "Brest": [
    0.0,
    0.00017,
    0.00075,
    0.00169,
    0.00439,
    0.00994,
    0.01982,
    0.03808,
    0.06309,
    0.09142,
    0.11763,
    0.13711,
    0.14273,
    0.13131,
    0.10836,
    0.07866,
    0.04176,
    0.01309
  ],
  "Marseille": [
    0.00499,
    0.1522,
    0.183,
    0.17661,
    0.15362,
    0.12504,
    0.09112,
    0.05408,
    0.03064,
    0.01583,
    0.0076,
    0.0034,
    0.00127,
    0.00035,
    0.00021,
    3e-05,
    1e-05,
    0.0
  ],
  "Reims": [
    0.0001,
    0.01179,
    0.02791,
    0.04828,
    0.07378,
    0.10491,
    0.13625,
    0.1627,
    0.1487,
    0.11112,
    0.07498,
    0.04606,
    0.02743,
    0.01502,
    0.00691,
    0.00303,
    0.00088,
    0.00015
  ],
  "Lille": [
    0.00764,
    0.18566,
    0.2128,
    0.17942,
    0.14519,
    0.1102,
    0.07502,
    0.04395,
    0.02248,
    0.01057,
    0.00439,
    0.0016,
    0.00076,
    0.00018,
    0.00011,
    2e-05,
    1e-05,
    0.0
  ],
  "Monaco": [
    0.03003,
    0.41074,
    0.22427,
    0.13921,
    0.08687,
    0.05436,
    0.03059,
    0.01475,
    0.00592,
    0.00209,
    0.00068,
    0.00039,
    6e-05,
    3e-05,
    1e-05,
    0.0,
    0.0,
    0.0
  ],
  "St Etienne": [
    0.0,
    0.0,
    2e-05,
    0.00012,
    0.00033,
    0.00093,
    0.0026,
    0.00694,
    0.01458,
    0.02862,
    0.04868,
    0.07648,
    0.10842,
    0.13802,
    0.17086,
    0.18214,
    0.14778,
    0.07348
  ],
  "Auxerre": [
    3e-05,
    0.00292,
    0.00819,
    0.01728,
    0.03101,
    0.05049,
    0.08595,
    0.12806,
    0.16083,
    0.15434,
    0.12649,
    0.09355,
    0.06233,
    0.03967,
    0.02274,
    0.01079,
    0.00452,
    0.00081
  ],
  "Nice": [
    0.00205,
    0.07063,
    0.11671,
    0.14405,
    0.15619,
    0.15465,
    0.1353,
    0.09568,
    0.05931,
    0.03432,
    0.01721,
    0.00815,
    0.00365,
    0.00143,
    0.00049,
    0.00013,
    5e-05,
    0.0
  ],
  "Angers": [
    0.0,
    5e-05,
    0.00029,
    0.00098,
    0.00268,
    0.00675,
    0.01511,
    0.02905,
    0.05394,
    0.08658,
    0.11711,
    0.13712,
    0.14196,
    0.1356,
    0.11382,
    0.08803,
    0.05264,
    0.01829
  ],
  "Lens": [
    0.00108,
    0.05569,
    0.09827,
    0.12732,
    0.14841,
    0.15527,
    0.14263,
    0.11295,
    0.07419,
    0.04233,
    0.02223,
    0.01101,
    0.00542,
    0.00206,
    0.00092,
    0.00015,
    6e-05,
    1e-05
  ],
  "Montpellier": [
    0.0,
    0.0,
    0.0,
    0.0,
    0.0,
    1e-05,
    5e-05,
    9e-05,
    0.0004,
    0.00113,
    0.00318,
    0.00659,
    0.01404,
    0.02701,
    0.05257,
    0.10246,
    0.22754,
    0.56493
  ],
  "Strasbourg": [
    0.0,
    0.00077,
    0.00329,
    0.0083,
    0.01721,
    0.03145,
    0.05369,
    0.08789,
    0.12006,
    0.14469,
    0.14119,
    0.12735,
    0.09878,
    0.073,
    0.04854,
    0.02778,
    0.0126,
    0.00341
  ],
  "Toulouse": [
    0.0,
    0.00132,
    0.00477,
    0.01161,
    0.02238,
    0.03932,
    0.0654,
    0.10287,
    0.12903,
    0.14461,
    0.14045,
    0.11581,
    0.08986,
    0.0629,
    0.03919,
    0.02066,
    0.00835,
    0.00147
  ],
  "Nantes": [
    0.0,
    1e-05,
    3e-05,
    0.00027,
    0.00067,
    0.00171,
    0.00411,
    0.0097,
    0.02002,
    0.03518,
    0.05659,
    0.08179,
    0.11465,
    0.14688,
    0.16788,
    0.16789,
    0.13064,
    0.06198
  ],
  "Rennes": [
    0.0,
    3e-05,
    0.00013,
    0.00046,
    0.00127,
    0.00252,
    0.0069,
    0.01572,
    0.03058,
    0.05305,
    0.08648,
    0.11653,
    0.13811,
    0.14978,
    0.14758,
    0.13271,
    0.08487,
    0.03328
  ],
  "Lyon": [
    0.00228,
    0.06767,
    0.11353,
    0.14308,
    0.15559,
    0.15214,
    0.13501,
    0.09628,
    0.06271,
    0.036,
    0.01921,
    0.0098,
    0.0038,
    0.00203,
    0.00065,
    0.0002,
    2e-05,
    0.0
  ]
}