{
  "Valencia": [
    0.0,
    0.00039,
    0.02345,
    0.04318,
    0.06407,
    0.08231,
    0.10955,
    0.13025,
    0.13898,
    0.12944,
    0.11361,
    0.08263,
    0.0486,
    0.02398,
    0.00711,
    0.00202,
    0.00034,
    8e-05,
    1e-05,
    0.0
  ],
  "Getafe": [
    0.0,
    0.0,
    0.0,
    0.0,
    0.0,
    0.0,
    0.00012,
    0.00043,
    0.00095,
    0.00263,
    0.00645,
    0.01489,
    0.0358,
    0.07959,
    0.16285,
    0.22472,
    0.21128,
    0.16089,
    0.08303,
    0.01637
  ],
  "Cadiz": [
    0.0,
    0.0,
    0.0,
    0.0,
    0.0,
    0.0,
    0.0,
    0.0,
    0.0,
    1e-05,
    0.00013,
    0.00026,
    0.00162,
    0.00639,
    0.02199,
    0.05597,
    0.10746,
    0.19945,
    0.40117,
    0.20555
  ],
  "Levante": [
    0.0,
    0.0,
    0.0,
    0.0,
    0.0,
    0.0,
    0.0,
    0.0,
    0.0,
    0.0,
    0.0,
    1e-05,
    7e-05,
    0.00025,
    0.00186,
    0.00708,
    0.02064,
    0.06139,
    0.20033,
    0.70837
  ],
  "Mallorca": [
    0.0,
    0.0,
    0.0,
    1e-05,
    6e-05,
    0.00011,
    0.00046,
    0.00112,
    0.00276,
    0.00636,
    0.01482,
    0.03188,
    0.06644,
    0.1345,
    0.24893,
    0.21445,
    0.15249,
    0.09045,
    0.03203,
    0.00313
  ],
  "Betis": [
    0.00024,
    0.01276,
    0.28776,
    0.21363,
    0.15813,
    0.11939,
    0.08352,
    0.05688,
    0.03295,
    0.02033,
    0.00902,
    0.00395,
    0.0012,
    0.0002,
    2e-05,
    2e-05,
    0.0,
    0.0,
    0.0,
    0.0
  ],
  "Alaves": [
    0.0,
    0.0,
    0.0,
    0.0,
    0.0,
    0.0,
    0.0,
    3e-05,
    0.00011,
    0.00045,
    0.00138,
    0.0043,
    0.0128,
    0.03445,
    0.09281,
    0.15755,
    0.22267,
    0.26662,
    0.16692,
    0.03991
  ],
  "Real Madrid": [
    0.7859,
    0.21207,
    0.00186,
    0.00015,
    2e-05,
    0.0,
    0.0,
    0.0,
    0.0,
    0.0,
    0.0,
    0.0,
    0.0,
    0.0,
    0.0,
    0.0,
    0.0,
    0.0,
    0.0,
    0.0
  ],
  "Osasuna": [
    0.0,
    0.0,
    0.00046,
    0.00188,
    0.00474,
    0.00868,
    0.01709,
    0.03095,
    0.05141,
    0.0871,
    0.13204,
    0.17765,
    0.19831,
    0.16269,
    0.07994,
    0.03216,
    0.01196,
    0.00262,
    0.0003,
    2e-05
  ],
  "Espanol": [
    0.0,
    8e-05,
    0.00821,
    0.01773,
    0.03101,
    0.04695,
    0.06639,
    0.09579,
    0.11817,
    0.13573,
    0.14984,
    0.13651,
    0.10084,
    0.05952,
    0.02346,
    0.00707,
    0.00217,
    0.00046,
    7e-05,
    0.0
  ],
  "Celta": [
    0.0,
    0.0,
    0.00014,
    0.00044,
    0.00094,
    0.00252,
    0.00525,
    0.01198,
    0.0234,
    0.04358,
    0.08708,
    0.14026,
    0.19628,
    0.2342,
    0.14087,
    0.07,
    0.0304,
    0.01044,
    0.00208,
    0.00014
  ],
  "Ath Madrid": [
    0.00019,
    0.00762,
    0.21694,
    0.19546,
    0.16701,
    0.1373,
    0.10609,
    0.07267,
    0.04697,
    0.02907,
    0.0135,
    0.00494,
    0.00169,
    0.00053,
    2e-05,
    0.0,
    0.0,
    0.0,
    0.0,
    0.0
  ],
  "Barcelona": [
    8e-05,
    0.004,
    0.14811,
    0.16333,
    0.15787,
    0.14725,
    0.12632,
    0.09727,
    0.0758,
    0.0445,
    0.02131,
    0.0093,
    0.00369,
    0.00102,
    0.00014,
    1e-05,
    0.0,
    0.0,
    0.0,
    0.0
  ],
  "Sociedad": [
    9e-05,
    0.00504,
    0.1801,
    0.18051,
    0.16506,
    0.14363,
    0.11197,
    0.08704,
    0.06185,
    0.03655,
    0.01748,
    0.00764,
    0.0024,
    0.00051,
    0.00011,
    1e-05,
    1e-05,
    0.0,
    0.0,
    0.0
  ],
  "Sevilla": [
    0.21349,
    0.75566,
    0.02571,
    0.00392,
    0.00088,
    0.00027,
    5e-05,
    2e-05,
    0.0,
    0.0,
    0.0,
    0.0,
    0.0,
    0.0,
    0.0,
    0.0,
    0.0,
    0.0,
    0.0,
    0.0
  ],
  "Vallecano": [
    1e-05,
    0.00177,
    0.06332,
    0.09667,
    0.12023,
    0.13413,
    0.1393,
    0.12994,
    0.1199,
    0.09361,
    0.05479,
    0.02807,
    0.01276,
    0.00439,
    0.00094,
    0.00015,
    2e-05,
    0.0,
    0.0,
    0.0
  ],
  "Villarreal": [
    0.0,
    0.00047,
    0.03076,
    0.05458,
    0.07967,
    0.10232,
    0.12132,
    0.13126,
    0.13356,
    0.13977,
    0.09838,
    0.05975,
    0.03095,
    0.01333,
    0.00308,
    0.0007,
    9e-05,
    1e-05,
    0.0,
    0.0
  ],
  "Granada": [
    0.0,
    2e-05,
    0.00103,
    0.00261,
    0.0059,
    0.0115,
    0.0213,
    0.03392,
    0.0528,
    0.08421,
    0.14367,
    0.18559,
    0.19357,
    0.15123,
    0.07096,
    0.02858,
    0.0099,
    0.0028,
    0.0004,
    1e-05
  ],
  "Elche": [
    0.0,
    0.0,
    0.0,
    0.0,
    1e-05,
    2e-05,
    6e-05,
    0.00014,
    0.00048,
    0.00106,
    0.00335,
    0.00931,
    0.02376,
    0.05839,
    0.13278,
    0.19602,
    0.22983,
    0.20464,
    0.11365,
    0.0265
  ],
  "Ath Bilbao": [
    0.0,
    0.00012,
    0.01215,
    0.0259,
    0.0444,
    0.06362,
    0.09121,
    0.12031,
    0.13991,
    0.1456,
    0.13315,
    0.10306,
    0.06922,
    0.03483,
    0.01213,
    0.00349,
    0.00074,
    0.00015,
    1e-05,
    0.0
  ]
}