{
  "São Paulo / SP": [
    0.0,
    0.0001,
    0.00096,
    0.0131,
    0.04735,
    0.10908,
    0.18883,
    0.16572,
    0.12823,
    0.10457,
    0.08361,
    0.06063,
    0.04392,
    0.02851,
    0.01623,
    0.00646,
    0.00205,
    0.00061,
    4e-05,
    0.0
  ],
  "Sport / PE": [
    0.0,
    0.0,
    0.0,
    0.0,
    0.0,
    0.0,
    0.0,
    0.0,
    1e-05,
    3e-05,
    0.0,
    9e-05,
    0.00038,
    0.00063,
    0.00212,
    0.00664,
    0.02654,
    0.06616,
    0.15871,
    0.73869
  ],
  "Cruzeiro / MG": [
    0.06805,
    0.35009,
    0.4429,
    0.10773,
    0.0247,
    0.00541,
    0.00097,
    0.00013,
    2e-05,
    0.0,
    0.0,
    0.0,
    0.0,
    0.0,
    0.0,
    0.0,
    0.0,
    0.0,
    0.0,
    0.0
  ],
  "Mirassol / SP": [
    0.00283,
    0.03378,
    0.12962,
    0.40659,
    0.24274,
    0.1175,
    0.04202,
    0.01548,
    0.00566,
    0.00222,
    0.00098,
    0.00038,
    0.00015,
    5e-05,
    0.0,
    0.0,
    0.0,
    0.0,
    0.0,
    0.0
  ],
  "Grêmio / RS": [
    0.0,
    0.0,
    0.0001,
    0.00106,
    0.00783,
    0.02786,
    0.06781,
    0.1019,
    0.11678,
    0.12306,
    0.11816,
    0.11406,
    0.10587,
    0.09002,
    0.06518,
    0.04018,
    0.01497,
    0.00427,
    0.00086,
    3e-05
  ],
  "Atlético Mineiro / MG": [
    0.0,
    0.0,
    7e-05,
    0.00095,
    0.00547,
    0.01969,
    0.04982,
    0.07545,
    0.09592,
    0.10649,
    0.11163,
    0.11902,
    0.11144,
    0.10363,
    0.08918,
    0.06596,
    0.03014,
    0.01135,
    0.00343,
    0.00036
  ],
  "Fortaleza / CE": [
    0.0,
    0.0,
    0.0,
    0.0,
    0.0,
    1e-05,
    0.00018,
    0.00053,
    0.001,
    0.00242,
    0.00503,
    0.00927,
    0.01645,
    0.02881,
    0.05588,
    0.10591,
    0.21743,
    0.25502,
    0.23711,
    0.06495
  ],
  "Fluminense / RJ": [
    0.0,
    0.00013,
    0.00166,
    0.01423,
    0.04149,
    0.09573,
    0.16847,
    0.16634,
    0.13818,
    0.10844,
    0.08172,
    0.06575,
    0.04941,
    0.03592,
    0.0209,
    0.00871,
    0.00244,
    0.00044,
    4e-05,
    0.0
  ],
  "Juventude / RS": [
    0.0,
    0.0,
    0.0,
    0.0,
    0.0,
    1e-05,
    9e-05,
    0.00042,
    0.00085,
    0.00168,
    0.00398,
    0.00647,
    0.014,
    0.02575,
    0.04903,
    0.10154,
    0.21703,
    0.25709,
    0.24814,
    0.07392
  ],
  "Vitória / BA": [
    0.0,
    0.0,
    0.0,
    0.0,
    0.0,
    1e-05,
    0.0001,
    0.0001,
    0.00053,
    0.00117,
    0.00242,
    0.00425,
    0.00834,
    0.01602,
    0.03258,
    0.07179,
    0.17488,
    0.26765,
    0.30311,
    0.11705
  ],
  "Flamengo / RJ": [
    0.79724,
    0.1584,
    0.03965,
    0.0042,
    0.00043,
    8e-05,
    0.0,
    0.0,
    0.0,
    0.0,
    0.0,
    0.0,
    0.0,
    0.0,
    0.0,
    0.0,
    0.0,
    0.0,
    0.0,
    0.0
  ],
  "Internacional / RS": [
    0.0,
    0.0,
    1e-05,
    0.00029,
    0.00171,
    0.00707,
    0.02084,
    0.03795,
    0.05335,
    0.07456,
    0.09026,
    0.10275,
    0.11988,
    0.13329,
    0.14171,
    0.12223,
    0.06147,
    0.0247,
    0.00725,
    0.00068
  ],
  "Palmeiras / SP": [
    0.13143,
    0.44649,
    0.31258,
    0.08425,
    0.01995,
    0.00439,
    0.00079,
    0.0001,
    0.0,
    2e-05,
    0.0,
    0.0,
    0.0,
    0.0,
    0.0,
    0.0,
    0.0,
    0.0,
    0.0,
    0.0
  ],
  "Botafogo / RJ": [
    0.00018,
    0.00451,
    0.03244,
    0.15912,
    0.27349,
    0.28871,
    0.12626,
    0.0606,
    0.02764,
    0.01413,
    0.00719,
    0.00327,
    0.00154,
    0.00061,
    0.00027,
    2e-05,
    2e-05,
    0.0,
    0.0,
    0.0
  ],
  "Vasco da Gama / RJ": [
    0.0,
    0.0,
    8e-05,
    0.00126,
    0.00682,
    0.02331,
    0.05819,
    0.08658,
    0.10338,
    0.11307,
    0.11449,
    0.11549,
    0.11068,
    0.10086,
    0.08275,
    0.0519,
    0.02184,
    0.00747,
    0.00173,
    0.0001
  ],
  "Santos / SP": [
    0.0,
    0.0,
    0.0,
    6e-05,
    0.00032,
    0.00162,
    0.00605,
    0.01411,
    0.0232,
    0.03429,
    0.04698,
    0.06205,
    0.08545,
    0.11837,
    0.16186,
    0.20577,
    0.13576,
    0.07036,
    0.02994,
    0.00381
  ],
  "Bahia / BA": [
    0.00027,
    0.00649,
    0.03966,
    0.20299,
    0.30783,
    0.23421,
    0.10816,
    0.04999,
    0.02441,
    0.01295,
    0.00643,
    0.00357,
    0.0019,
    0.00076,
    0.00026,
    0.00012,
    0.0,
    0.0,
    0.0,
    0.0
  ],
  "Corinthians / SP": [
    0.0,
    0.0,
    2e-05,
    0.00035,
    0.00205,
    0.00854,
    0.02494,
    0.04296,
    0.06112,
    0.07596,
    0.08574,
    0.09906,
    0.11323,
    0.12975,
    0.1375,
    0.12418,
    0.0626,
    0.02422,
    0.00748,
    0.0003
  ],
  "Red Bull Bragantino / SP": [
    0.0,
    1e-05,
    3e-05,
    0.00069,
    0.00458,
    0.01696,
    0.04933,
    0.07684,
    0.10596,
    0.11016,
    0.11697,
    0.12711,
    0.12068,
    0.1071,
    0.08345,
    0.05261,
    0.01996,
    0.00632,
    0.0012,
    4e-05
  ],
  "Ceará / CE": [
    0.0,
    0.0,
    0.00022,
    0.00313,
    0.01324,
    0.03981,
    0.08715,
    0.1048,
    0.11376,
    0.11478,
    0.12441,
    0.10678,
    0.09668,
    0.07992,
    0.0611,
    0.03598,
    0.01287,
    0.00434,
    0.00096,
    7e-05
  ]
}