{
  "Volendam": [
    0.0,
    0.0,
    0.0,
    0.00011,
    0.00062,
    0.00177,
    0.00352,
    0.00756,
    0.01114,
    0.01676,
    0.02303,
    0.03008,
    0.04421,
    0.06061,
    0.08607,
    0.13041,
    0.20868,
    0.37543
  ],
  "Vitesse": [
    0.0,
    0.0,
    0.0,
    0.0002,
    0.00115,
    0.0035,
    0.00804,
    0.01157,
    0.01759,
    0.02307,
    0.03045,
    0.04221,
    0.05639,
    0.07466,
    0.10392,
    0.14562,
    0.21844,
    0.26319
  ],
  "PSV Eindhoven": [
    0.9288,
    0.06215,
    0.00824,
    0.00077,
    4e-05,
    0.0,
    0.0,
    0.0,
    0.0,
    0.0,
    0.0,
    0.0,
    0.0,
    0.0,
    0.0,
    0.0,
    0.0,
    0.0
  ],
  "Utrecht": [
    0.0,
    0.00013,
    0.00118,
    0.00578,
    0.01871,
    0.0371,
    0.05403,
    0.06772,
    0.07788,
    0.08627,
    0.09086,
    0.09858,
    0.09989,
    0.09391,
    0.09285,
    0.08413,
    0.05873,
    0.03225
  ],
  "Heerenveen": [
    0.0,
    0.00046,
    0.00281,
    0.01293,
    0.03978,
    0.06681,
    0.08901,
    0.09707,
    0.09944,
    0.10152,
    0.1,
    0.0878,
    0.08149,
    0.07405,
    0.06209,
    0.04509,
    0.02813,
    0.01152
  ],
  "Waalwijk": [
    0.0,
    0.0,
    7e-05,
    0.00045,
    0.00216,
    0.00587,
    0.01142,
    0.01744,
    0.0255,
    0.0357,
    0.04943,
    0.05875,
    0.07536,
    0.10291,
    0.12699,
    0.15577,
    0.17525,
    0.15693
  ],
  "Ajax": [
    0.00043,
    0.02127,
    0.06888,
    0.16405,
    0.24721,
    0.17494,
    0.11295,
    0.07621,
    0.04881,
    0.03293,
    0.02085,
    0.01445,
    0.00864,
    0.00471,
    0.0024,
    0.00092,
    0.00028,
    7e-05
  ],
  "Heracles": [
    0.0,
    0.00016,
    0.00098,
    0.00584,
    0.01912,
    0.03738,
    0.05482,
    0.06838,
    0.07654,
    0.08463,
    0.09275,
    0.10587,
    0.10236,
    0.09986,
    0.09021,
    0.07593,
    0.0562,
    0.02897
  ],
  "Zwolle": [
    0.0,
    0.00027,
    0.00139,
    0.00612,
    0.01969,
    0.04057,
    0.05751,
    0.07686,
    0.08821,
    0.09489,
    0.10083,
    0.09433,
    0.09816,
    0.08989,
    0.08299,
    0.06669,
    0.05101,
    0.03059
  ],
  "Sparta Rotterdam": [
    8e-05,
    0.0055,
    0.02522,
    0.07638,
    0.15517,
    0.17386,
    0.14606,
    0.11067,
    0.0888,
    0.06941,
    0.05007,
    0.03679,
    0.02596,
    0.01692,
    0.01017,
    0.00598,
    0.0024,
    0.00056
  ],
  "Nijmegen": [
    0.0,
    0.00073,
    0.00533,
    0.02269,
    0.06223,
    0.09647,
    0.10985,
    0.11273,
    0.11215,
    0.10212,
    0.08942,
    0.07859,
    0.06581,
    0.05318,
    0.04011,
    0.02854,
    0.01517,
    0.00488
  ],
  "Excelsior": [
    0.0,
    4e-05,
    0.00058,
    0.00393,
    0.01286,
    0.02812,
    0.04126,
    0.05481,
    0.0686,
    0.0764,
    0.08644,
    0.09306,
    0.09862,
    0.10502,
    0.10528,
    0.10098,
    0.07827,
    0.04573
  ],
  "AZ Alkmaar": [
    0.00356,
    0.09464,
    0.20613,
    0.34393,
    0.18106,
    0.08656,
    0.04123,
    0.02045,
    0.01111,
    0.00586,
    0.00303,
    0.00142,
    0.00062,
    0.00033,
    3e-05,
    3e-05,
    1e-05,
    0.0
  ],
  "Go Ahead Eagles": [
    1e-05,
    0.00151,
    0.00953,
    0.03793,
    0.0863,
    0.11942,
    0.12712,
    0.11765,
    0.10267,
    0.09115,
    0.0758,
    0.06552,
    0.05467,
    0.04301,
    0.03171,
    0.02195,
    0.01071,
    0.00334
  ],
  "Feyenoord": [
    0.04213,
    0.47834,
    0.30566,
    0.12177,
    0.03669,
    0.01082,
    0.00328,
    0.00095,
    0.00025,
    7e-05,
    1e-05,
    2e-05,
    1e-05,
    0.0,
    0.0,
    0.0,
    0.0,
    0.0
  ],
  "For Sittard": [
    0.0,
    0.00019,
    0.00136,
    0.00805,
    0.02439,
    0.04554,
    0.06319,
    0.07318,
    0.07973,
    0.08437,
    0.08613,
    0.09132,
    0.09399,
    0.09499,
    0.0913,
    0.07889,
    0.05636,
    0.02702
  ],
  "Almere City": [
    0.0,
    0.00019,
    0.00163,
    0.00924,
    0.02762,
    0.04949,
    0.06887,
    0.08367,
    0.09049,
    0.09437,
    0.1007,
    0.10115,
    0.0938,
    0.08595,
    0.07388,
    0.05907,
    0.04036,
    0.01952
  ],
  "Twente": [
    0.02499,
    0.33442,
    0.36101,
    0.17983,
    0.0652,
    0.02178,
    0.00784,
    0.00308,
    0.00109,
    0.00048,
    0.0002,
    6e-05,
    2e-05,
    0.0,
    0.0,
    0.0,
    0.0,
    0.0
  ]
}