{
  "Portimonense": [
    0.00595,
    0.01216,
    0.01678,
    0.02265,
    0.02708,
    0.03349,
    0.03895,
    0.04358,
    0.05017,
    0.05569,
    0.05866,
    0.06506,
    0.0703,
    0.07892,
    0.08715,
    0.09654,
    0.11064,
    0.12623
  ],
  "Belenenses": [
    0.00514,
    0.01104,
    0.017,
    0.02335,
    0.02962,
    0.03602,
    0.04102,
    0.04507,
    0.04974,
    0.05399,
    0.05841,
    0.06455,
    0.07162,
    0.07831,
    0.0872,
    0.09707,
    0.10848,
    0.12237
  ],
  "Santa Clara": [
    0.03872,
    0.05749,
    0.06881,
    0.07368,
    0.07477,
    0.07417,
    0.07293,
    0.06894,
    0.067,
    0.06307,
    0.05929,
    0.05499,
    0.0526,
    0.04879,
    0.04131,
    0.03618,
    0.0284,
    0.01886
  ],
  "Famalicao": [
    0.27013,
    0.18311,
    0.13351,
    0.09975,
    0.07713,
    0.05842,
    0.045,
    0.03361,
    0.02683,
    0.02056,
    0.01642,
    0.0124,
    0.00877,
    0.00592,
    0.00425,
    0.00239,
    0.00125,
    0.00055
  ],
  "Gil Vicente": [
    0.0069,
    0.01336,
    0.02088,
    0.02869,
    0.03549,
    0.04084,
    0.04719,
    0.05365,
    0.05811,
    0.06392,
    0.06845,
    0.07132,
    0.0729,
    0.07799,
    0.08341,
    0.08414,
    0.08561,
    0.08715
  ],
  "Porto": [
    0.21137,
    0.16943,
    0.13615,
    0.10732,
    0.08415,
    0.06694,
    0.05365,
    0.04271,
    0.0336,
    0.02664,
    0.02092,
    0.01496,
    0.01096,
    0.00888,
    0.00597,
    0.00355,
    0.00199,
    0.00081
  ],
  "Benfica": [
    0.21638,
    0.17581,
    0.13538,
    0.10576,
    0.08363,
    0.06638,
    0.05183,
    0.04126,
    0.03271,
    0.02511,
    0.01916,
    0.01532,
    0.01196,
    0.00798,
    0.00525,
    0.00333,
    0.00209,
    0.00066
  ],
  "Pacos Ferreira": [
    0.00325,
    0.00769,
    0.01246,
    0.01715,
    0.02264,
    0.02894,
    0.03479,
    0.04117,
    0.04687,
    0.05087,
    0.0565,
    0.07099,
    0.07531,
    0.08346,
    0.09371,
    0.10381,
    0.11552,
    0.13487
  ],
  "Boavista": [
    0.04303,
    0.06132,
    0.06707,
    0.07272,
    0.07207,
    0.07288,
    0.07339,
    0.07087,
    0.06823,
    0.0636,
    0.06053,
    0.05448,
    0.04975,
    0.04583,
    0.04046,
    0.03479,
    0.02879,
    0.02019
  ],
  "Aves": [
    0.00245,
    0.00526,
    0.00879,
    0.01316,
    0.01794,
    0.02272,
    0.02897,
    0.03313,
    0.03807,
    0.04944,
    0.05678,
    0.06254,
    0.07336,
    0.08081,
    0.09251,
    0.10772,
    0.13148,
    0.17487
  ],
  "Maritimo": [
    0.01499,
    0.02506,
    0.03622,
    0.04389,
    0.05073,
    0.057,
    0.06027,
    0.06404,
    0.06958,
    0.07045,
    0.07189,
    0.0718,
    0.07048,
    0.06836,
    0.06431,
    0.06124,
    0.05469,
    0.045
  ],
  "Sp Lisbon": [
    0.0373,
    0.05603,
    0.06659,
    0.0724,
    0.07588,
    0.07704,
    0.07272,
    0.07536,
    0.07124,
    0.06649,
    0.06173,
    0.05533,
    0.05213,
    0.044,
    0.04023,
    0.03296,
    0.02585,
    0.01672
  ],
  "Sp Braga": [
    0.01488,
    0.0264,
    0.03704,
    0.04541,
    0.05112,
    0.0549,
    0.06232,
    0.06442,
    0.06726,
    0.06989,
    0.06995,
    0.06969,
    0.06949,
    0.06855,
    0.06472,
    0.06163,
    0.05679,
    0.04554
  ],
  "Moreirense": [
    0.0112,
    0.02038,
    0.02903,
    0.03558,
    0.04223,
    0.04922,
    0.05287,
    0.0584,
    0.06184,
    0.06581,
    0.06847,
    0.07059,
    0.07258,
    0.07533,
    0.07525,
    0.07551,
    0.07099,
    0.06472
  ],
  "Setubal": [
    0.01089,
    0.02041,
    0.02875,
    0.03795,
    0.04453,
    0.04909,
    0.05383,
    0.05801,
    0.06091,
    0.06378,
    0.06521,
    0.0694,
    0.07198,
    0.0748,
    0.07459,
    0.07578,
    0.07366,
    0.06643
  ],
  "Tondela": [
    0.02262,
    0.03567,
    0.04671,
    0.05372,
    0.0598,
    0.06336,
    0.06552,
    0.065,
    0.06586,
    0.06511,
    0.06446,
    0.06564,
    0.06425,
    0.06174,
    0.05913,
    0.05556,
    0.04808,
    0.03777
  ],
  "Rio Ave": [
    0.02781,
    0.04238,
    0.05593,
    0.06362,
    0.06906,
    0.07212,
    0.06972,
    0.07169,
    0.06909,
    0.06726,
    0.06886,
    0.06378,
    0.05958,
    0.05261,
    0.0485,
    0.04109,
    0.03412,
    0.02278
  ],
  "Guimaraes": [
    0.05699,
    0.077,
    0.0829,
    0.0832,
    0.08213,
    0.07647,
    0.07503,
    0.06909,
    0.06289,
    0.05832,
    0.05431,
    0.04716,
    0.04198,
    0.03772,
    0.03205,
    0.02671,
    0.02157,
    0.01448
  ]
}