{
  "Nice": [
    0.0,
    0.00028,
    0.00532,
    0.04775,
    0.30368,
    0.34349,
    0.17702,
    0.0822,
    0.03094,
    0.00849,
    0.00077,
    5e-05,
    1e-05,
    0.0,
    0.0,
    0.0,
    0.0,
    0.0
  ],
  "Lille": [
    2e-05,
    0.1259,
    0.302,
    0.47657,
    0.07643,
    0.01729,
    0.00161,
    0.00013,
    4e-05,
    1e-05,
    0.0,
    0.0,
    0.0,
    0.0,
    0.0,
    0.0,
    0.0,
    0.0
  ],
  "Marseille": [
    0.0,
    0.0,
    4e-05,
    0.00183,
    0.0614,
    0.12729,
    0.21877,
    0.25981,
    0.20806,
    0.08045,
    0.03004,
    0.00957,
    0.00249,
    0.00024,
    1e-05,
    0.0,
    0.0,
    0.0
  ],
  "Reims": [
    0.0,
    0.0,
    7e-05,
    0.0015,
    0.03689,
    0.09966,
    0.20195,
    0.2421,
    0.27072,
    0.09425,
    0.03733,
    0.01348,
    0.00198,
    7e-05,
    0.0,
    0.0,
    0.0,
    0.0
  ],
  "Paris SG": [
    0.9994,
    0.00058,
    2e-05,
    0.0,
    0.0,
    0.0,
    0.0,
    0.0,
    0.0,
    0.0,
    0.0,
    0.0,
    0.0,
    0.0,
    0.0,
    0.0,
    0.0,
    0.0
  ],
  "Lorient": [
    0.0,
    0.0,
    0.0,
    0.0,
    0.0,
    0.0,
    0.0,
    0.0,
    1e-05,
    0.00031,
    0.00147,
    0.00666,
    0.03383,
    0.12508,
    0.331,
    0.36385,
    0.11184,
    0.02595
  ],
  "Brest": [
    0.00047,
    0.55844,
    0.30119,
    0.13123,
    0.00785,
    0.00079,
    3e-05,
    0.0,
    0.0,
    0.0,
    0.0,
    0.0,
    0.0,
    0.0,
    0.0,
    0.0,
    0.0,
    0.0
  ],
  "Lens": [
    0.0,
    0.00029,
    0.00656,
    0.06271,
    0.43757,
    0.27869,
    0.13123,
    0.06075,
    0.01828,
    0.00342,
    0.00046,
    3e-05,
    1e-05,
    0.0,
    0.0,
    0.0,
    0.0,
    0.0
  ],
  "Clermont": [
    0.0,
    0.0,
    0.0,
    0.0,
    0.0,
    0.0,
    0.0,
    0.0,
    0.0,
    0.0,
    0.0,
    2e-05,
    0.00014,
    0.00162,
    0.01429,
    0.04828,
    0.21028,
    0.72537
  ],
  "Monaco": [
    0.00011,
    0.31451,
    0.38476,
    0.27657,
    0.02189,
    0.00209,
    5e-05,
    2e-05,
    0.0,
    0.0,
    0.0,
    0.0,
    0.0,
    0.0,
    0.0,
    0.0,
    0.0,
    0.0
  ],
  "Montpellier": [
    0.0,
    0.0,
    0.0,
    0.0,
    9e-05,
    0.0008,
    0.00409,
    0.01555,
    0.05206,
    0.14698,
    0.27656,
    0.25777,
    0.18459,
    0.0516,
    0.00896,
    0.00093,
    2e-05,
    0.0
  ],
  "Le Havre": [
    0.0,
    0.0,
    0.0,
    0.0,
    0.0,
    0.0,
    0.0,
    1e-05,
    0.00053,
    0.00445,
    0.02016,
    0.06227,
    0.16314,
    0.42618,
    0.20549,
    0.09726,
    0.01965,
    0.00086
  ],
  "Nantes": [
    0.0,
    0.0,
    0.0,
    0.0,
    0.0,
    0.0,
    0.0,
    1e-05,
    4e-05,
    0.00045,
    0.00335,
    0.01124,
    0.04418,
    0.15345,
    0.34328,
    0.36591,
    0.07369,
    0.0044
  ],
  "Toulouse": [
    0.0,
    0.0,
    0.0,
    0.0,
    1e-05,
    9e-05,
    0.00156,
    0.00673,
    0.02416,
    0.06487,
    0.1399,
    0.22397,
    0.33488,
    0.1549,
    0.04111,
    0.00772,
    0.0001,
    0.0
  ],
  "Rennes": [
    0.0,
    0.0,
    4e-05,
    0.00175,
    0.05216,
    0.11965,
    0.23465,
    0.2498,
    0.18816,
    0.09867,
    0.03829,
    0.01332,
    0.00323,
    0.00028,
    0.0,
    0.0,
    0.0,
    0.0
  ],
  "Metz": [
    0.0,
    0.0,
    0.0,
    0.0,
    0.0,
    0.0,
    0.0,
    0.0,
    0.0,
    1e-05,
    1e-05,
    0.00013,
    0.0012,
    0.01116,
    0.04453,
    0.11514,
    0.5844,
    0.24342
  ],
  "Strasbourg": [
    0.0,
    0.0,
    0.0,
    0.0,
    6e-05,
    0.00049,
    0.00276,
    0.01177,
    0.03752,
    0.10615,
    0.24665,
    0.3063,
    0.2024,
    0.07366,
    0.01131,
    0.00091,
    2e-05,
    0.0
  ],
  "Lyon": [
    0.0,
    0.0,
    0.0,
    9e-05,
    0.00197,
    0.00967,
    0.02628,
    0.07112,
    0.16948,
    0.39149,
    0.20501,
    0.09519,
    0.02792,
    0.00176,
    2e-05,
    0.0,
    0.0,
    0.0
  ]
}