{
  "Groningen": [
    0.0,
    0.0,
    0.0,
    0.0,
    2e-05,
    0.00039,
    0.00499,
    0.01801,
    0.03734,
    0.06801,
    0.11485,
    0.16394,
    0.18673,
    0.17969,
    0.14774,
    0.06535,
    0.01179,
    0.00115
  ],
  "NAC Breda": [
    0.0,
    0.0,
    4e-05,
    0.00013,
    0.00183,
    0.01168,
    0.07141,
    0.15595,
    0.20439,
    0.19185,
    0.1558,
    0.10111,
    0.05925,
    0.03043,
    0.01337,
    0.0026,
    0.00016,
    0.0
  ],
  "Feyenoord": [
    0.00648,
    0.13163,
    0.31124,
    0.3308,
    0.14971,
    0.05965,
    0.00916,
    0.00116,
    0.00014,
    2e-05,
    1e-05,
    0.0,
    0.0,
    0.0,
    0.0,
    0.0,
    0.0,
    0.0
  ],
  "Willem II": [
    0.0,
    0.0,
    1e-05,
    0.00017,
    0.00205,
    0.01236,
    0.06924,
    0.16019,
    0.22122,
    0.22034,
    0.14613,
    0.0864,
    0.04746,
    0.02337,
    0.00904,
    0.00183,
    0.00017,
    2e-05
  ],
  "Nijmegen": [
    0.0,
    0.0,
    0.0,
    0.0,
    0.0,
    8e-05,
    0.00133,
    0.00713,
    0.02053,
    0.04925,
    0.09725,
    0.15174,
    0.18165,
    0.20474,
    0.17892,
    0.08821,
    0.01753,
    0.00164
  ],
  "Twente": [
    0.00016,
    0.01033,
    0.04988,
    0.13346,
    0.31901,
    0.34089,
    0.10786,
    0.02941,
    0.00719,
    0.00152,
    0.00026,
    3e-05,
    0.0,
    0.0,
    0.0,
    0.0,
    0.0,
    0.0
  ],
  "Almere City": [
    0.0,
    0.0,
    0.0,
    0.0,
    0.0,
    0.0,
    0.0,
    0.0,
    1e-05,
    6e-05,
    0.00048,
    0.00129,
    0.00496,
    0.01447,
    0.04272,
    0.15724,
    0.48795,
    0.29082
  ],
  "AZ Alkmaar": [
    0.00024,
    0.01262,
    0.05977,
    0.14663,
    0.3183,
    0.33015,
    0.10192,
    0.02367,
    0.00513,
    0.00123,
    0.0003,
    3e-05,
    1e-05,
    0.0,
    0.0,
    0.0,
    0.0,
    0.0
  ],
  "PSV Eindhoven": [
    0.91033,
    0.07842,
    0.00976,
    0.00137,
    0.0001,
    2e-05,
    0.0,
    0.0,
    0.0,
    0.0,
    0.0,
    0.0,
    0.0,
    0.0,
    0.0,
    0.0,
    0.0,
    0.0
  ],
  "Waalwijk": [
    0.0,
    0.0,
    0.0,
    0.0,
    0.0,
    0.0,
    0.0,
    0.0,
    0.0,
    0.0,
    6e-05,
    0.0002,
    0.00078,
    0.0031,
    0.01274,
    0.06435,
    0.26387,
    0.6549
  ],
  "Sparta Rotterdam": [
    0.0,
    0.0,
    0.0,
    0.0,
    1e-05,
    0.0,
    0.0,
    0.00023,
    0.00078,
    0.00274,
    0.00894,
    0.02334,
    0.05214,
    0.0982,
    0.1945,
    0.40334,
    0.17037,
    0.04541
  ],
  "Heracles": [
    0.0,
    0.0,
    0.0,
    0.0,
    0.0,
    2e-05,
    0.00082,
    0.00447,
    0.01406,
    0.03329,
    0.06387,
    0.11398,
    0.1587,
    0.19831,
    0.22665,
    0.1439,
    0.03698,
    0.00495
  ],
  "Go Ahead Eagles": [
    0.0,
    0.00015,
    0.00158,
    0.00941,
    0.05155,
    0.15217,
    0.416,
    0.21112,
    0.09515,
    0.04003,
    0.01596,
    0.00502,
    0.0015,
    0.00029,
    5e-05,
    2e-05,
    0.0,
    0.0
  ],
  "For Sittard": [
    0.0,
    0.0,
    8e-05,
    0.00096,
    0.00795,
    0.03856,
    0.17314,
    0.28552,
    0.21562,
    0.13993,
    0.07955,
    0.03622,
    0.01479,
    0.00587,
    0.00163,
    0.00018,
    0.0,
    0.0
  ],
  "Utrecht": [
    0.00929,
    0.16505,
    0.35545,
    0.29286,
    0.12613,
    0.04491,
    0.00559,
    0.00065,
    7e-05,
    0.0,
    0.0,
    0.0,
    0.0,
    0.0,
    0.0,
    0.0,
    0.0,
    0.0
  ],
  "Zwolle": [
    0.0,
    0.0,
    0.0,
    0.0,
    2e-05,
    0.00025,
    0.00393,
    0.01617,
    0.03715,
    0.06492,
    0.11056,
    0.16997,
    0.19424,
    0.18295,
    0.14309,
    0.06522,
    0.01044,
    0.00109
  ],
  "Ajax": [
    0.0735,
    0.6018,
    0.21219,
    0.08419,
    0.02287,
    0.00505,
    0.00037,
    3e-05,
    0.0,
    0.0,
    0.0,
    0.0,
    0.0,
    0.0,
    0.0,
    0.0,
    0.0,
    0.0
  ],
  "Heerenveen": [
    0.0,
    0.0,
    0.0,
    2e-05,
    0.00045,
    0.00382,
    0.03424,
    0.08629,
    0.14122,
    0.18681,
    0.20598,
    0.14673,
    0.09779,
    0.05858,
    0.02955,
    0.00776,
    0.00074,
    2e-05
  ]
}