{
  "Benfica": [
    0.88091,
    0.07942,
    0.0227,
    0.00879,
    0.00411,
    0.00203,
    0.00088,
    0.00057,
    0.00033,
    0.00014,
    5e-05,
    2e-05,
    4e-05,
    1e-05,
    0.0,
    0.0,
    0.0,
    0.0
  ],
  "Arouca": [
    0.00122,
    0.02169,
    0.03392,
    0.04471,
    0.05347,
    0.06269,
    0.06708,
    0.07153,
    0.07695,
    0.07678,
    0.08158,
    0.08173,
    0.07801,
    0.07383,
    0.06587,
    0.05491,
    0.03657,
    0.01746
  ],
  "Rio Ave": [
    0.00075,
    0.01377,
    0.02552,
    0.03454,
    0.04437,
    0.05179,
    0.0614,
    0.06773,
    0.07244,
    0.07899,
    0.08122,
    0.08416,
    0.08378,
    0.08316,
    0.0761,
    0.06672,
    0.04795,
    0.02561
  ],
  "Vizela": [
    0.00102,
    0.0178,
    0.03014,
    0.0414,
    0.05161,
    0.05945,
    0.06889,
    0.07531,
    0.07967,
    0.0826,
    0.08369,
    0.08291,
    0.08051,
    0.07348,
    0.06468,
    0.05416,
    0.03568,
    0.017
  ],
  "Estoril": [
    0.04109,
    0.24404,
    0.17446,
    0.13049,
    0.1003,
    0.07972,
    0.06028,
    0.04796,
    0.03622,
    0.02612,
    0.02074,
    0.01419,
    0.00931,
    0.00716,
    0.0044,
    0.00246,
    0.00087,
    0.00019
  ],
  "Famalicao": [
    7e-05,
    0.00183,
    0.00491,
    0.00918,
    0.0145,
    0.02035,
    0.02779,
    0.03603,
    0.0466,
    0.05627,
    0.06804,
    0.07818,
    0.09345,
    0.10853,
    0.12192,
    0.12791,
    0.11313,
    0.07131
  ],
  "Porto": [
    0.02959,
    0.21216,
    0.17604,
    0.13971,
    0.11083,
    0.08519,
    0.06796,
    0.05166,
    0.03774,
    0.029,
    0.02146,
    0.01473,
    0.0103,
    0.00663,
    0.004,
    0.00203,
    0.00081,
    0.00016
  ],
  "Maritimo": [
    0.0,
    9e-05,
    0.00033,
    0.00059,
    0.00114,
    0.00222,
    0.00353,
    0.00501,
    0.00776,
    0.01071,
    0.01569,
    0.02352,
    0.03352,
    0.04926,
    0.07278,
    0.11686,
    0.20911,
    0.44788
  ],
  "Santa Clara": [
    0.00025,
    0.00317,
    0.00724,
    0.01188,
    0.01661,
    0.02224,
    0.0292,
    0.03711,
    0.04437,
    0.05382,
    0.06296,
    0.07695,
    0.08981,
    0.10276,
    0.11875,
    0.12806,
    0.11736,
    0.07746
  ],
  "Casa Pia": [
    0.00071,
    0.01354,
    0.02573,
    0.03556,
    0.04737,
    0.05876,
    0.0679,
    0.07409,
    0.0813,
    0.08816,
    0.09038,
    0.08869,
    0.08481,
    0.07693,
    0.06876,
    0.05182,
    0.03212,
    0.01337
  ],
  "Sp Braga": [
    0.00876,
    0.08099,
    0.09313,
    0.09981,
    0.09691,
    0.09527,
    0.08884,
    0.08006,
    0.07565,
    0.0656,
    0.05622,
    0.04638,
    0.03882,
    0.02967,
    0.02114,
    0.01367,
    0.00693,
    0.00215
  ],
  "Sp Lisbon": [
    0.00187,
    0.02478,
    0.04121,
    0.05221,
    0.06318,
    0.06935,
    0.07304,
    0.08225,
    0.08341,
    0.08273,
    0.07904,
    0.07614,
    0.07032,
    0.06331,
    0.05469,
    0.0433,
    0.02733,
    0.01184
  ],
  "Chaves": [
    0.00065,
    0.00896,
    0.01775,
    0.02551,
    0.03375,
    0.04341,
    0.0539,
    0.06291,
    0.06946,
    0.07685,
    0.08137,
    0.08835,
    0.09076,
    0.09079,
    0.0884,
    0.07769,
    0.06009,
    0.0294
  ],
  "Guimaraes": [
    0.00054,
    0.01009,
    0.01926,
    0.02818,
    0.03796,
    0.04878,
    0.05788,
    0.06483,
    0.07301,
    0.08032,
    0.08347,
    0.08989,
    0.08928,
    0.08876,
    0.08426,
    0.07051,
    0.04947,
    0.02351
  ],
  "Portimonense": [
    0.00773,
    0.07414,
    0.09338,
    0.09931,
    0.10235,
    0.09636,
    0.09036,
    0.08164,
    0.07161,
    0.0652,
    0.05624,
    0.04642,
    0.03853,
    0.03065,
    0.02212,
    0.01398,
    0.00776,
    0.00222
  ],
  "Boavista": [
    0.01265,
    0.10423,
    0.11246,
    0.10996,
    0.10243,
    0.09162,
    0.08374,
    0.07422,
    0.06607,
    0.05688,
    0.04952,
    0.03961,
    0.03206,
    0.02522,
    0.01801,
    0.01245,
    0.00664,
    0.00223
  ],
  "Gil Vicente": [
    0.0,
    0.00016,
    0.00074,
    0.00123,
    0.00238,
    0.004,
    0.00595,
    0.00932,
    0.01323,
    0.01834,
    0.02717,
    0.03664,
    0.05132,
    0.07157,
    0.10152,
    0.15558,
    0.24401,
    0.25684
  ],
  "Pacos Ferreira": [
    0.01219,
    0.08914,
    0.12108,
    0.12694,
    0.11673,
    0.10677,
    0.09138,
    0.07777,
    0.06418,
    0.05149,
    0.04116,
    0.03149,
    0.02537,
    0.01828,
    0.0126,
    0.00789,
    0.00417,
    0.00137
  ]
}