{
  "Genoa": [
    0.0,
    0.0,
    0.0,
    0.0,
    5e-05,
    0.00023,
    0.00142,
    0.00902,
    0.06408,
    0.13628,
    0.15533,
    0.15141,
    0.14373,
    0.11048,
    0.08715,
    0.06077,
    0.04051,
    0.02484,
    0.01154,
    0.00316
  ],
  "Inter": [
    0.3639,
    0.31886,
    0.21672,
    0.06618,
    0.02317,
    0.00807,
    0.00255,
    0.00051,
    4e-05,
    0.0,
    0.0,
    0.0,
    0.0,
    0.0,
    0.0,
    0.0,
    0.0,
    0.0,
    0.0,
    0.0
  ],
  "Parma": [
    0.0,
    0.0,
    0.0,
    0.0,
    0.0,
    6e-05,
    0.00032,
    0.00313,
    0.02751,
    0.08227,
    0.10556,
    0.12211,
    0.12933,
    0.13866,
    0.12417,
    0.10263,
    0.07725,
    0.05047,
    0.02794,
    0.00859
  ],
  "Fiorentina": [
    0.00407,
    0.01694,
    0.05275,
    0.15438,
    0.21303,
    0.21809,
    0.19617,
    0.11872,
    0.02277,
    0.00255,
    0.00039,
    0.0001,
    3e-05,
    1e-05,
    0.0,
    0.0,
    0.0,
    0.0,
    0.0,
    0.0
  ],
  "Empoli": [
    0.0,
    0.0,
    0.0,
    1e-05,
    4e-05,
    0.00021,
    0.00148,
    0.0109,
    0.07186,
    0.16875,
    0.16766,
    0.16006,
    0.13448,
    0.10148,
    0.07467,
    0.04975,
    0.0318,
    0.01745,
    0.00732,
    0.00208
  ],
  "Monza": [
    0.0,
    0.0,
    0.0,
    0.0,
    0.0,
    0.0,
    0.0,
    0.0,
    3e-05,
    0.00026,
    0.00084,
    0.00195,
    0.00502,
    0.01027,
    0.01954,
    0.03589,
    0.06393,
    0.11253,
    0.21132,
    0.53842
  ],
  "Milan": [
    0.00024,
    0.00159,
    0.00765,
    0.03579,
    0.07858,
    0.13897,
    0.22372,
    0.36233,
    0.11716,
    0.02407,
    0.00661,
    0.0021,
    0.00081,
    0.00023,
    0.00011,
    2e-05,
    2e-05,
    0.0,
    0.0,
    0.0
  ],
  "Torino": [
    0.0,
    0.0,
    0.0,
    2e-05,
    0.00012,
    0.00046,
    0.00271,
    0.0151,
    0.09716,
    0.19009,
    0.18624,
    0.14419,
    0.11569,
    0.09742,
    0.0674,
    0.04122,
    0.02399,
    0.01251,
    0.00453,
    0.00115
  ],
  "Bologna": [
    0.00176,
    0.00765,
    0.02864,
    0.09846,
    0.16292,
    0.21593,
    0.24507,
    0.18889,
    0.04316,
    0.00605,
    0.00116,
    0.00023,
    7e-05,
    1e-05,
    0.0,
    0.0,
    0.0,
    0.0,
    0.0,
    0.0
  ],
  "Udinese": [
    0.0,
    0.0,
    7e-05,
    0.00127,
    0.00435,
    0.01421,
    0.0412,
    0.13602,
    0.44975,
    0.17123,
    0.08358,
    0.04595,
    0.02649,
    0.0137,
    0.00688,
    0.00321,
    0.00148,
    0.00044,
    0.00016,
    1e-05
  ],
  "Verona": [
    0.0,
    0.0,
    0.0,
    0.0,
    1e-05,
    0.0,
    0.0,
    0.00011,
    0.00177,
    0.00643,
    0.0159,
    0.03011,
    0.04767,
    0.07536,
    0.10342,
    0.13652,
    0.16458,
    0.17522,
    0.15711,
    0.08579
  ],
  "Napoli": [
    0.21413,
    0.28806,
    0.3127,
    0.11772,
    0.04402,
    0.01663,
    0.00549,
    0.00119,
    6e-05,
    0.0,
    0.0,
    0.0,
    0.0,
    0.0,
    0.0,
    0.0,
    0.0,
    0.0,
    0.0,
    0.0
  ],
  "Cagliari": [
    0.0,
    0.0,
    0.0,
    0.0,
    0.0,
    0.0,
    0.0,
    0.00012,
    0.00266,
    0.0105,
    0.02184,
    0.03777,
    0.05939,
    0.08341,
    0.11348,
    0.14004,
    0.15724,
    0.15974,
    0.1375,
    0.07631
  ],
  "Roma": [
    0.0,
    0.0,
    0.0,
    1e-05,
    4e-05,
    0.00016,
    0.0012,
    0.0084,
    0.05433,
    0.12659,
    0.14366,
    0.152,
    0.14268,
    0.12174,
    0.09566,
    0.06925,
    0.04447,
    0.02575,
    0.01129,
    0.00277
  ],
  "Lazio": [
    0.01439,
    0.04576,
    0.12243,
    0.28846,
    0.2268,
    0.15796,
    0.09637,
    0.04148,
    0.00578,
    0.00046,
    0.00011,
    0.0,
    0.0,
    0.0,
    0.0,
    0.0,
    0.0,
    0.0,
    0.0,
    0.0
  ],
  "Venezia": [
    0.0,
    0.0,
    0.0,
    0.0,
    0.0,
    0.0,
    0.0,
    1e-05,
    0.00064,
    0.00354,
    0.00756,
    0.01528,
    0.02438,
    0.04074,
    0.06558,
    0.09726,
    0.13425,
    0.18345,
    0.23817,
    0.18914
  ],
  "Lecce": [
    0.0,
    0.0,
    0.0,
    0.0,
    0.0,
    1e-05,
    0.00021,
    0.00173,
    0.01793,
    0.05497,
    0.07591,
    0.09376,
    0.10891,
    0.12613,
    0.13699,
    0.12688,
    0.10661,
    0.07882,
    0.05197,
    0.01917
  ],
  "Atalanta": [
    0.39701,
    0.30325,
    0.20075,
    0.06667,
    0.02195,
    0.00751,
    0.00247,
    0.00036,
    3e-05,
    0.0,
    0.0,
    0.0,
    0.0,
    0.0,
    0.0,
    0.0,
    0.0,
    0.0,
    0.0,
    0.0
  ],
  "Juventus": [
    0.0045,
    0.01789,
    0.05829,
    0.17103,
    0.22492,
    0.22149,
    0.17958,
    0.10174,
    0.01849,
    0.00168,
    0.00032,
    7e-05,
    0.0,
    0.0,
    0.0,
    0.0,
    0.0,
    0.0,
    0.0,
    0.0
  ],
  "Como": [
    0.0,
    0.0,
    0.0,
    0.0,
    0.0,
    1e-05,
    4e-05,
    0.00024,
    0.00479,
    0.01428,
    0.02733,
    0.04291,
    0.06132,
    0.08036,
    0.10495,
    0.13656,
    0.15387,
    0.15878,
    0.14115,
    0.07341
  ]
}