{
  "Nice": [
    0.0001,
    0.01582,
    0.05413,
    0.10506,
    0.16629,
    0.21858,
    0.21818,
    0.14196,
    0.06298,
    0.01421,
    0.00224,
    0.00039,
    6e-05,
    0.0,
    0.0,
    0.0,
    0.0,
    0.0
  ],
  "Lille": [
    0.00035,
    0.10166,
    0.17261,
    0.20867,
    0.20997,
    0.15744,
    0.0984,
    0.03986,
    0.00954,
    0.00129,
    0.00019,
    2e-05,
    0.0,
    0.0,
    0.0,
    0.0,
    0.0,
    0.0
  ],
  "Marseille": [
    5e-05,
    0.01339,
    0.04377,
    0.08916,
    0.14572,
    0.20397,
    0.2193,
    0.17742,
    0.08385,
    0.01813,
    0.00399,
    0.00104,
    0.00019,
    2e-05,
    0.0,
    0.0,
    0.0,
    0.0
  ],
  "Reims": [
    1e-05,
    0.00055,
    0.00272,
    0.00863,
    0.02465,
    0.05792,
    0.11773,
    0.22364,
    0.35264,
    0.12514,
    0.051,
    0.0231,
    0.00845,
    0.003,
    0.00069,
    0.00012,
    1e-05,
    0.0
  ],
  "Paris SG": [
    0.99139,
    0.00804,
    0.00054,
    3e-05,
    0.0,
    0.0,
    0.0,
    0.0,
    0.0,
    0.0,
    0.0,
    0.0,
    0.0,
    0.0,
    0.0,
    0.0,
    0.0,
    0.0
  ],
  "Lorient": [
    0.0,
    0.0,
    0.0,
    0.0,
    0.0,
    0.0,
    7e-05,
    0.00036,
    0.00301,
    0.01958,
    0.03974,
    0.06082,
    0.09699,
    0.15208,
    0.20856,
    0.23251,
    0.16006,
    0.02622
  ],
  "Brest": [
    0.00552,
    0.46655,
    0.25864,
    0.1457,
    0.07497,
    0.03254,
    0.01185,
    0.00369,
    0.00054,
    0.0,
    0.0,
    0.0,
    0.0,
    0.0,
    0.0,
    0.0,
    0.0,
    0.0
  ],
  "Lens": [
    0.00027,
    0.07889,
    0.16817,
    0.2243,
    0.20741,
    0.15727,
    0.10067,
    0.04812,
    0.01321,
    0.00142,
    0.00024,
    3e-05,
    0.0,
    0.0,
    0.0,
    0.0,
    0.0,
    0.0
  ],
  "Clermont": [
    0.0,
    0.0,
    0.0,
    0.0,
    0.0,
    0.0,
    0.0,
    0.0,
    0.0,
    4e-05,
    0.00016,
    0.00034,
    0.0013,
    0.00334,
    0.01001,
    0.02706,
    0.09558,
    0.86217
  ],
  "Monaco": [
    0.00231,
    0.31279,
    0.29033,
    0.19392,
    0.11384,
    0.05525,
    0.02282,
    0.00731,
    0.00134,
    9e-05,
    0.0,
    0.0,
    0.0,
    0.0,
    0.0,
    0.0,
    0.0,
    0.0
  ],
  "Montpellier": [
    0.0,
    0.0,
    0.0,
    1e-05,
    4e-05,
    0.00015,
    0.00124,
    0.00657,
    0.03204,
    0.10581,
    0.1629,
    0.18,
    0.16827,
    0.13958,
    0.10644,
    0.06852,
    0.02621,
    0.00222
  ],
  "Le Havre": [
    0.0,
    0.0,
    0.0,
    0.0,
    1e-05,
    0.00029,
    0.00155,
    0.00615,
    0.02814,
    0.1004,
    0.15203,
    0.16842,
    0.1661,
    0.15202,
    0.11448,
    0.07469,
    0.03284,
    0.00288
  ],
  "Nantes": [
    0.0,
    0.0,
    0.0,
    0.0,
    0.0,
    1e-05,
    0.00015,
    0.00074,
    0.00496,
    0.02363,
    0.04726,
    0.07171,
    0.10268,
    0.14767,
    0.1996,
    0.23381,
    0.15166,
    0.01612
  ],
  "Toulouse": [
    0.0,
    0.0,
    0.0,
    2e-05,
    0.00022,
    0.00122,
    0.00568,
    0.02267,
    0.07223,
    0.1866,
    0.17472,
    0.16401,
    0.14046,
    0.10835,
    0.07438,
    0.03875,
    0.01018,
    0.00051
  ],
  "Rennes": [
    0.0,
    0.00231,
    0.00905,
    0.02441,
    0.05611,
    0.11225,
    0.19195,
    0.28201,
    0.21069,
    0.06965,
    0.02661,
    0.00991,
    0.00366,
    0.00105,
    0.00031,
    3e-05,
    0.0,
    0.0
  ],
  "Metz": [
    0.0,
    0.0,
    0.0,
    0.0,
    0.0,
    0.0,
    4e-05,
    7e-05,
    0.00091,
    0.00396,
    0.00913,
    0.01805,
    0.03396,
    0.06337,
    0.11301,
    0.20908,
    0.46319,
    0.08523
  ],
  "Strasbourg": [
    0.0,
    0.0,
    0.0,
    0.0,
    1e-05,
    6e-05,
    0.00067,
    0.00369,
    0.01727,
    0.05692,
    0.11258,
    0.15129,
    0.17206,
    0.17305,
    0.14447,
    0.10524,
    0.05814,
    0.00455
  ],
  "Lyon": [
    0.0,
    0.0,
    4e-05,
    9e-05,
    0.00076,
    0.00305,
    0.0097,
    0.03574,
    0.10665,
    0.27313,
    0.21721,
    0.15087,
    0.10582,
    0.05647,
    0.02805,
    0.01019,
    0.00213,
    0.0001
  ]
}