{
  "Man United": [
    0.0,
    0.0,
    0.0,
    0.0,
    0.0,
    0.0,
    8e-05,
    0.00069,
    0.00403,
    0.02497,
    0.07759,
    0.14734,
    0.26107,
    0.20836,
    0.15033,
    0.09243,
    0.03311,
    0.0,
    0.0,
    0.0
  ],
  "Fulham": [
    0.0,
    1e-05,
    0.00147,
    0.01181,
    0.03312,
    0.07443,
    0.14648,
    0.29657,
    0.25092,
    0.1263,
    0.04528,
    0.0121,
    0.0014,
    0.0001,
    1e-05,
    0.0,
    0.0,
    0.0,
    0.0,
    0.0
  ],
  "Ipswich": [
    0.0,
    0.0,
    0.0,
    0.0,
    0.0,
    0.0,
    0.0,
    0.0,
    0.0,
    0.0,
    0.0,
    0.0,
    0.0,
    0.0,
    0.0,
    1e-05,
    0.00027,
    0.7442,
    0.25525,
    0.00027
  ],
  "Liverpool": [
    0.99596,
    0.00403,
    1e-05,
    0.0,
    0.0,
    0.0,
    0.0,
    0.0,
    0.0,
    0.0,
    0.0,
    0.0,
    0.0,
    0.0,
    0.0,
    0.0,
    0.0,
    0.0,
    0.0,
    0.0
  ],
  "Arsenal": [
    0.00403,
    0.8698,
    0.108,
    0.01537,
    0.00249,
    0.00029,
    2e-05,
    0.0,
    0.0,
    0.0,
    0.0,
    0.0,
    0.0,
    0.0,
    0.0,
    0.0,
    0.0,
    0.0,
    0.0,
    0.0
  ],
  "Wolves": [
    0.0,
    0.0,
    0.0,
    0.0,
    0.0,
    0.0,
    0.0,
    0.0,
    0.0,
    0.00015,
    0.00158,
    0.006,
    0.02311,
    0.0594,
    0.1012,
    0.22613,
    0.58218,
    0.00025,
    0.0,
    0.0
  ],
  "Everton": [
    0.0,
    0.0,
    0.0,
    0.0,
    0.0,
    0.0,
    0.0,
    0.0,
    0.00014,
    0.00161,
    0.01045,
    0.03642,
    0.12171,
    0.20476,
    0.27819,
    0.22287,
    0.12383,
    2e-05,
    0.0,
    0.0
  ],
  "Brighton": [
    0.0,
    0.0,
    0.00037,
    0.00391,
    0.0153,
    0.04431,
    0.10855,
    0.25074,
    0.32854,
    0.16656,
    0.05961,
    0.01887,
    0.00295,
    0.00025,
    4e-05,
    0.0,
    0.0,
    0.0,
    0.0,
    0.0
  ],
  "Newcastle": [
    0.0,
    0.01396,
    0.10318,
    0.24551,
    0.23558,
    0.18508,
    0.13436,
    0.05729,
    0.0204,
    0.00419,
    0.00043,
    2e-05,
    0.0,
    0.0,
    0.0,
    0.0,
    0.0,
    0.0,
    0.0,
    0.0
  ],
  "Southampton": [
    0.0,
    0.0,
    0.0,
    0.0,
    0.0,
    0.0,
    0.0,
    0.0,
    0.0,
    0.0,
    0.0,
    0.0,
    0.0,
    0.0,
    0.0,
    0.0,
    0.0,
    0.00016,
    0.00906,
    0.99078
  ],
  "Nott'm Forest": [
    1e-05,
    0.10452,
    0.58189,
    0.1859,
    0.08112,
    0.03314,
    0.01134,
    0.0018,
    0.00025,
    3e-05,
    0.0,
    0.0,
    0.0,
    0.0,
    0.0,
    0.0,
    0.0,
    0.0,
    0.0,
    0.0
  ],
  "Bournemouth": [
    0.0,
    0.0,
    2e-05,
    0.00045,
    0.00192,
    0.00756,
    0.02737,
    0.09142,
    0.17746,
    0.33401,
    0.2051,
    0.11489,
    0.03279,
    0.00612,
    0.00084,
    5e-05,
    0.0,
    0.0,
    0.0,
    0.0
  ],
  "West Ham": [
    0.0,
    0.0,
    0.0,
    0.0,
    0.0,
    0.0,
    0.0,
    5e-05,
    0.00032,
    0.0023,
    0.01277,
    0.04457,
    0.15471,
    0.21957,
    0.20005,
    0.22878,
    0.13686,
    2e-05,
    0.0,
    0.0
  ],
  "Aston Villa": [
    0.0,
    0.00071,
    0.02794,
    0.10047,
    0.15323,
    0.22858,
    0.27048,
    0.1381,
    0.06099,
    0.01637,
    0.00278,
    0.00035,
    0.0,
    0.0,
    0.0,
    0.0,
    0.0,
    0.0,
    0.0,
    0.0
  ],
  "Brentford": [
    0.0,
    0.0,
    0.0,
    0.0,
    4e-05,
    0.00037,
    0.00322,
    0.02053,
    0.05628,
    0.14182,
    0.27382,
    0.28813,
    0.14316,
    0.04813,
    0.01785,
    0.00567,
    0.00098,
    0.0,
    0.0,
    0.0
  ],
  "Crystal Palace": [
    0.0,
    0.0,
    0.0,
    0.0,
    2e-05,
    0.00041,
    0.00283,
    0.01568,
    0.05383,
    0.17111,
    0.29071,
    0.2759,
    0.12067,
    0.04596,
    0.01733,
    0.00489,
    0.00066,
    0.0,
    0.0,
    0.0
  ],
  "Chelsea": [
    0.0,
    0.00191,
    0.053,
    0.12497,
    0.20188,
    0.26493,
    0.20908,
    0.09907,
    0.03858,
    0.00602,
    0.00052,
    4e-05,
    0.0,
    0.0,
    0.0,
    0.0,
    0.0,
    0.0,
    0.0,
    0.0
  ],
  "Man City": [
    0.0,
    0.00506,
    0.12412,
    0.31161,
    0.2753,
    0.1609,
    0.08619,
    0.02797,
    0.00785,
    0.001,
    0.0,
    0.0,
    0.0,
    0.0,
    0.0,
    0.0,
    0.0,
    0.0,
    0.0,
    0.0
  ],
  "Leicester": [
    0.0,
    0.0,
    0.0,
    0.0,
    0.0,
    0.0,
    0.0,
    0.0,
    0.0,
    0.0,
    0.0,
    0.0,
    0.0,
    0.0,
    0.0,
    0.0,
    2e-05,
    0.25534,
    0.73569,
    0.00895
  ],
  "Tottenham": [
    0.0,
    0.0,
    0.0,
    0.0,
    0.0,
    0.0,
    0.0,
    9e-05,
    0.00041,
    0.00356,
    0.01936,
    0.05537,
    0.13843,
    0.20735,
    0.23416,
    0.21917,
    0.12209,
    1e-05,
    0.0,
    0.0
  ]
}