{
  "Bayern Munich": [
    0.66668,
    0.2082,
    0.09098,
    0.02937,
    0.00477,
    0.0,
    0.0,
    0.0,
    0.0,
    0.0,
    0.0,
    0.0,
    0.0,
    0.0,
    0.0,
    0.0,
    0.0,
    0.0
  ],
  "Hertha": [
    0.0,
    0.0,
    0.0,
    0.0,
    0.0,
    9e-05,
    0.00027,
    0.00121,
    0.004,
    0.01035,
    0.03253,
    0.07815,
    0.18369,
    0.31111,
    0.28572,
    0.08374,
    0.0088,
    0.00034
  ],
  "Dortmund": [
    0.10211,
    0.32057,
    0.35228,
    0.18086,
    0.04396,
    0.00022,
    0.0,
    0.0,
    0.0,
    0.0,
    0.0,
    0.0,
    0.0,
    0.0,
    0.0,
    0.0,
    0.0,
    0.0
  ],
  "Augsburg": [
    0.0,
    0.0,
    0.0,
    0.0,
    0.0,
    0.00014,
    0.00111,
    0.00412,
    0.0106,
    0.0263,
    0.06318,
    0.14793,
    0.31164,
    0.22472,
    0.15259,
    0.05085,
    0.00647,
    0.00035
  ],
  "Freiburg": [
    0.0,
    0.0,
    0.0,
    3e-05,
    0.00142,
    0.10791,
    0.14868,
    0.17611,
    0.19161,
    0.17741,
    0.11904,
    0.06121,
    0.01421,
    0.00225,
    0.00012,
    0.0,
    0.0,
    0.0
  ],
  "Mainz": [
    0.0,
    0.0,
    0.0,
    0.0,
    0.0,
    1e-05,
    0.00017,
    0.00064,
    0.00242,
    0.00701,
    0.0211,
    0.05903,
    0.16361,
    0.27427,
    0.31343,
    0.12839,
    0.0272,
    0.00272
  ],
  "Leverkusen": [
    0.00134,
    0.01564,
    0.0709,
    0.22577,
    0.66153,
    0.02175,
    0.00267,
    0.00032,
    8e-05,
    0.0,
    0.0,
    0.0,
    0.0,
    0.0,
    0.0,
    0.0,
    0.0,
    0.0
  ],
  "Paderborn": [
    0.0,
    0.0,
    0.0,
    0.0,
    0.0,
    0.0,
    0.0,
    0.0,
    0.0,
    0.0,
    1e-05,
    0.00014,
    0.00077,
    0.00455,
    0.01843,
    0.09477,
    0.31364,
    0.56769
  ],
  "Werder Bremen": [
    0.0,
    0.0,
    0.0,
    0.0,
    0.0,
    0.0,
    0.0,
    0.0,
    1e-05,
    1e-05,
    8e-05,
    0.00051,
    0.00212,
    0.01037,
    0.0361,
    0.15343,
    0.42439,
    0.37298
  ],
  "Fortuna Dusseldorf": [
    0.0,
    0.0,
    0.0,
    0.0,
    0.0,
    0.0,
    0.0,
    1e-05,
    1e-05,
    0.00018,
    0.00079,
    0.0042,
    0.01933,
    0.06018,
    0.15644,
    0.4837,
    0.21925,
    0.05591
  ],
  "Wolfsburg": [
    0.0,
    0.0,
    0.0,
    0.00018,
    0.00938,
    0.27659,
    0.24619,
    0.19159,
    0.13924,
    0.08448,
    0.03915,
    0.01208,
    0.00108,
    4e-05,
    0.0,
    0.0,
    0.0,
    0.0
  ],
  "FC Koln": [
    0.0,
    0.0,
    0.0,
    0.0,
    0.00098,
    0.06106,
    0.11246,
    0.14708,
    0.17306,
    0.18688,
    0.15575,
    0.10575,
    0.04294,
    0.01129,
    0.00255,
    0.0002,
    0.0,
    0.0
  ],
  "M'gladbach": [
    0.01096,
    0.07126,
    0.21171,
    0.46001,
    0.2431,
    0.00284,
    0.00011,
    1e-05,
    0.0,
    0.0,
    0.0,
    0.0,
    0.0,
    0.0,
    0.0,
    0.0,
    0.0,
    0.0
  ],
  "Schalke 04": [
    0.0,
    0.0,
    2e-05,
    0.00057,
    0.01322,
    0.35757,
    0.22987,
    0.1622,
    0.11086,
    0.07208,
    0.03642,
    0.01401,
    0.00294,
    0.00021,
    3e-05,
    0.0,
    0.0,
    0.0
  ],
  "Ein Frankfurt": [
    0.0,
    0.0,
    0.0,
    0.0,
    0.00017,
    0.02634,
    0.04948,
    0.07547,
    0.10991,
    0.1517,
    0.21595,
    0.20046,
    0.10628,
    0.04532,
    0.01695,
    0.00178,
    0.00018,
    1e-05
  ],
  "Hoffenheim": [
    0.0,
    0.0,
    2e-05,
    7e-05,
    0.00195,
    0.13566,
    0.18193,
    0.19022,
    0.17114,
    0.14659,
    0.09631,
    0.05253,
    0.01869,
    0.00421,
    0.00067,
    1e-05,
    0.0,
    0.0
  ],
  "Union Berlin": [
    0.0,
    0.0,
    0.0,
    0.0,
    1e-05,
    0.0098,
    0.02706,
    0.05102,
    0.08706,
    0.13701,
    0.21969,
    0.264,
    0.1327,
    0.05148,
    0.01697,
    0.00313,
    7e-05,
    0.0
  ],
  "RB Leipzig": [
    0.21891,
    0.38433,
    0.27409,
    0.10314,
    0.01951,
    2e-05,
    0.0,
    0.0,
    0.0,
    0.0,
    0.0,
    0.0,
    0.0,
    0.0,
    0.0,
    0.0,
    0.0,
    0.0
  ]
}