{
  "Fortaleza / CE": [
    1e-05,
    0.00017,
    0.00117,
    0.00353,
    0.00808,
    0.01587,
    0.02643,
    0.0402,
    0.05449,
    0.06801,
    0.07842,
    0.09028,
    0.09482,
    0.10042,
    0.09909,
    0.09355,
    0.08236,
    0.06855,
    0.04799,
    0.02656
  ],
  "Athletico Paranaense / PR": [
    2e-05,
    0.00024,
    0.00166,
    0.00524,
    0.01248,
    0.02206,
    0.03542,
    0.04861,
    0.06262,
    0.07749,
    0.08442,
    0.09146,
    0.09578,
    0.09776,
    0.09191,
    0.08356,
    0.0726,
    0.05665,
    0.03876,
    0.02126
  ],
  "Coritiba / PR": [
    0.0,
    0.0,
    2e-05,
    6e-05,
    0.00013,
    0.00027,
    0.00056,
    0.00164,
    0.00314,
    0.00516,
    0.00825,
    0.01352,
    0.02167,
    0.03141,
    0.04651,
    0.06726,
    0.09788,
    0.14378,
    0.22001,
    0.33873
  ],
  "Internacional / RS": [
    0.67471,
    0.25179,
    0.05362,
    0.01363,
    0.0042,
    0.00139,
    0.00042,
    0.00015,
    6e-05,
    3e-05,
    0.0,
    0.0,
    0.0,
    0.0,
    0.0,
    0.0,
    0.0,
    0.0,
    0.0,
    0.0
  ],
  "Sport / PE": [
    0.0,
    2e-05,
    0.00019,
    0.00074,
    0.00205,
    0.00424,
    0.00807,
    0.01329,
    0.02159,
    0.0301,
    0.04052,
    0.05387,
    0.06856,
    0.08386,
    0.10025,
    0.11642,
    0.12599,
    0.12829,
    0.11589,
    0.08606
  ],
  "Ceará / CE": [
    0.0,
    3e-05,
    0.00045,
    0.00148,
    0.00326,
    0.00685,
    0.01119,
    0.01875,
    0.02627,
    0.0369,
    0.04912,
    0.06258,
    0.07394,
    0.08868,
    0.09888,
    0.11205,
    0.11707,
    0.11376,
    0.10261,
    0.07613
  ],
  "Flamengo / RJ": [
    0.0,
    0.0,
    2e-05,
    3e-05,
    0.00013,
    0.00049,
    0.00086,
    0.00199,
    0.00371,
    0.00578,
    0.01067,
    0.01685,
    0.02471,
    0.0376,
    0.05515,
    0.07761,
    0.10914,
    0.15328,
    0.21776,
    0.28422
  ],
  "Atlético Mineiro / MG": [
    0.0047,
    0.03284,
    0.10548,
    0.14629,
    0.15376,
    0.14207,
    0.11709,
    0.08805,
    0.06704,
    0.04688,
    0.03486,
    0.02279,
    0.01613,
    0.00998,
    0.0059,
    0.00339,
    0.0019,
    0.00056,
    0.0002,
    9e-05
  ],
  "Santos / SP": [
    0.0008,
    0.00817,
    0.03551,
    0.06359,
    0.08815,
    0.10606,
    0.11668,
    0.11749,
    0.10701,
    0.09069,
    0.07004,
    0.05909,
    0.04574,
    0.03381,
    0.02376,
    0.01515,
    0.00944,
    0.00568,
    0.00236,
    0.00078
  ],
  "Red Bull Bragantino / SP": [
    5e-05,
    0.00044,
    0.00207,
    0.00683,
    0.0135,
    0.02376,
    0.03774,
    0.0519,
    0.06602,
    0.08152,
    0.08797,
    0.09295,
    0.09175,
    0.08999,
    0.08964,
    0.07761,
    0.06914,
    0.0554,
    0.03998,
    0.02174
  ],
  "Grêmio / RS": [
    0.00021,
    0.00324,
    0.01977,
    0.04221,
    0.07158,
    0.09792,
    0.12005,
    0.12958,
    0.11643,
    0.10474,
    0.09129,
    0.06918,
    0.051,
    0.03393,
    0.02191,
    0.01406,
    0.00742,
    0.00364,
    0.00158,
    0.00026
  ],
  "Fluminense / RJ": [
    0.0271,
    0.11981,
    0.27932,
    0.19925,
    0.1365,
    0.09008,
    0.05851,
    0.03588,
    0.02231,
    0.01366,
    0.00815,
    0.00456,
    0.00246,
    0.00124,
    0.00071,
    0.00029,
    9e-05,
    6e-05,
    2e-05,
    0.0
  ],
  "Botafogo / RJ": [
    8e-05,
    0.00062,
    0.00384,
    0.00952,
    0.01896,
    0.03173,
    0.04601,
    0.0608,
    0.08004,
    0.09368,
    0.10183,
    0.10374,
    0.10146,
    0.0904,
    0.07727,
    0.06289,
    0.05153,
    0.0342,
    0.02199,
    0.00941
  ],
  "Corinthians / SP": [
    0.001,
    0.01045,
    0.03965,
    0.06828,
    0.08801,
    0.10626,
    0.11116,
    0.1104,
    0.10197,
    0.08788,
    0.07379,
    0.0592,
    0.04479,
    0.03401,
    0.02496,
    0.01741,
    0.01025,
    0.00621,
    0.00305,
    0.00127
  ],
  "Goiás / GO": [
    1e-05,
    0.00015,
    0.00162,
    0.00365,
    0.00881,
    0.01424,
    0.02332,
    0.03309,
    0.04351,
    0.05649,
    0.07131,
    0.08075,
    0.09365,
    0.09924,
    0.10096,
    0.09863,
    0.09034,
    0.08123,
    0.06063,
    0.03837
  ],
  "Bahia / BA": [
    8e-05,
    0.00162,
    0.00878,
    0.02024,
    0.03553,
    0.05364,
    0.07214,
    0.08596,
    0.09685,
    0.10072,
    0.10065,
    0.09502,
    0.08728,
    0.0719,
    0.05873,
    0.04461,
    0.03168,
    0.01997,
    0.01051,
    0.00409
  ],
  "Atlético Goianiense / GO": [
    0.0,
    5e-05,
    0.00033,
    0.00122,
    0.00286,
    0.00589,
    0.00897,
    0.01614,
    0.02269,
    0.03113,
    0.04206,
    0.05328,
    0.06622,
    0.084,
    0.0971,
    0.11185,
    0.12104,
    0.12795,
    0.11626,
    0.09096
  ],
  "Palmeiras / SP": [
    0.00629,
    0.03686,
    0.12051,
    0.16336,
    0.16293,
    0.1398,
    0.10776,
    0.08036,
    0.05983,
    0.0417,
    0.02831,
    0.0194,
    0.0134,
    0.00854,
    0.00536,
    0.00277,
    0.00176,
    0.00067,
    0.00032,
    7e-05
  ],
  "São Paulo / SP": [
    0.01135,
    0.06066,
    0.17465,
    0.19369,
    0.1641,
    0.12653,
    0.09272,
    0.06332,
    0.04341,
    0.02696,
    0.01812,
    0.01135,
    0.00661,
    0.00318,
    0.0019,
    0.00088,
    0.00037,
    0.00012,
    8e-05,
    0.0
  ],
  "Vasco da Gama / RJ": [
    0.27359,
    0.47284,
    0.15134,
    0.05716,
    0.02498,
    0.01085,
    0.0049,
    0.0024,
    0.00101,
    0.00048,
    0.00022,
    0.00013,
    3e-05,
    5e-05,
    1e-05,
    1e-05,
    0.0,
    0.0,
    0.0,
    0.0
  ]
}