{
  "Genoa": [
    0.0,
    0.0,
    0.0,
    0.0,
    0.0,
    0.0,
    6e-05,
    0.00257,
    0.00834,
    0.01746,
    0.03188,
    0.05745,
    0.10197,
    0.14922,
    0.17793,
    0.14774,
    0.12051,
    0.09287,
    0.06084,
    0.03116
  ],
  "Inter": [
    0.31627,
    0.26252,
    0.18318,
    0.11685,
    0.06985,
    0.03589,
    0.01444,
    0.00094,
    6e-05,
    0.0,
    0.0,
    0.0,
    0.0,
    0.0,
    0.0,
    0.0,
    0.0,
    0.0,
    0.0,
    0.0
  ],
  "Parma": [
    0.0,
    0.0,
    0.0,
    2e-05,
    0.00018,
    0.00109,
    0.00779,
    0.08841,
    0.15353,
    0.16713,
    0.16644,
    0.14745,
    0.11204,
    0.07362,
    0.04132,
    0.02261,
    0.01106,
    0.00513,
    0.00174,
    0.00044
  ],
  "Fiorentina": [
    0.18082,
    0.21077,
    0.2147,
    0.16816,
    0.1179,
    0.07227,
    0.03281,
    0.00236,
    0.00019,
    1e-05,
    1e-05,
    0.0,
    0.0,
    0.0,
    0.0,
    0.0,
    0.0,
    0.0,
    0.0,
    0.0
  ],
  "Empoli": [
    0.0,
    0.0,
    0.0,
    0.0,
    0.00013,
    0.00084,
    0.0075,
    0.09212,
    0.1648,
    0.182,
    0.17694,
    0.15281,
    0.11145,
    0.05985,
    0.02934,
    0.01357,
    0.00609,
    0.00189,
    0.0006,
    7e-05
  ],
  "Monza": [
    0.0,
    0.0,
    0.0,
    0.0,
    0.0,
    1e-05,
    4e-05,
    0.00201,
    0.00845,
    0.0189,
    0.03563,
    0.06377,
    0.10727,
    0.15028,
    0.16208,
    0.16264,
    0.12343,
    0.08427,
    0.05403,
    0.02719
  ],
  "Milan": [
    0.00656,
    0.01988,
    0.04472,
    0.08558,
    0.14701,
    0.23778,
    0.37058,
    0.07031,
    0.01277,
    0.00345,
    0.00095,
    0.00031,
    6e-05,
    4e-05,
    0.0,
    0.0,
    0.0,
    0.0,
    0.0,
    0.0
  ],
  "Torino": [
    0.0,
    0.0,
    0.0,
    1e-05,
    0.0001,
    0.00075,
    0.00713,
    0.08347,
    0.14611,
    0.16437,
    0.17224,
    0.15687,
    0.12367,
    0.07898,
    0.03805,
    0.01724,
    0.0071,
    0.00286,
    0.00087,
    0.00018
  ],
  "Bologna": [
    1e-05,
    9e-05,
    0.00051,
    0.00138,
    0.00502,
    0.01829,
    0.08148,
    0.4402,
    0.20375,
    0.11507,
    0.06608,
    0.03765,
    0.01892,
    0.00842,
    0.00226,
    0.00063,
    0.0002,
    4e-05,
    0.0,
    0.0
  ],
  "Udinese": [
    0.0,
    0.0,
    1e-05,
    6e-05,
    0.00036,
    0.00174,
    0.01158,
    0.12221,
    0.19653,
    0.18668,
    0.16007,
    0.12965,
    0.09199,
    0.05166,
    0.02682,
    0.01204,
    0.00543,
    0.00223,
    0.00075,
    0.00019
  ],
  "Verona": [
    0.0,
    0.0,
    0.0,
    0.0,
    0.0,
    0.0,
    0.0,
    4e-05,
    0.00055,
    0.0016,
    0.00327,
    0.00844,
    0.01934,
    0.04042,
    0.07096,
    0.11293,
    0.15493,
    0.19102,
    0.20324,
    0.19326
  ],
  "Napoli": [
    0.07264,
    0.12607,
    0.17852,
    0.20879,
    0.18992,
    0.13939,
    0.0777,
    0.00638,
    0.00053,
    5e-05,
    1e-05,
    0.0,
    0.0,
    0.0,
    0.0,
    0.0,
    0.0,
    0.0,
    0.0,
    0.0
  ],
  "Cagliari": [
    0.0,
    0.0,
    0.0,
    0.0,
    0.0,
    0.0,
    5e-05,
    0.00119,
    0.00488,
    0.01259,
    0.02469,
    0.04718,
    0.08207,
    0.13805,
    0.16129,
    0.17324,
    0.14536,
    0.10708,
    0.06773,
    0.0346
  ],
  "Roma": [
    0.0,
    0.0,
    0.0,
    1e-05,
    1e-05,
    0.00032,
    0.00342,
    0.04301,
    0.09108,
    0.1223,
    0.14559,
    0.16344,
    0.15959,
    0.11307,
    0.07431,
    0.0448,
    0.02336,
    0.0105,
    0.00409,
    0.0011
  ],
  "Lazio": [
    0.04004,
    0.07936,
    0.12997,
    0.17927,
    0.21255,
    0.19932,
    0.14105,
    0.01605,
    0.00189,
    0.00037,
    0.00013,
    0.0,
    0.0,
    0.0,
    0.0,
    0.0,
    0.0,
    0.0,
    0.0,
    0.0
  ],
  "Venezia": [
    0.0,
    0.0,
    0.0,
    0.0,
    0.0,
    0.0,
    0.0,
    1e-05,
    0.00012,
    0.00062,
    0.00146,
    0.00429,
    0.00908,
    0.02134,
    0.03837,
    0.06857,
    0.11284,
    0.16695,
    0.23384,
    0.34251
  ],
  "Lecce": [
    0.0,
    0.0,
    0.0,
    0.0,
    0.0,
    0.0,
    0.0,
    3e-05,
    0.00015,
    0.00067,
    0.00215,
    0.0054,
    0.01233,
    0.02944,
    0.05137,
    0.08355,
    0.13262,
    0.1829,
    0.23649,
    0.2629
  ],
  "Atalanta": [
    0.3678,
    0.2598,
    0.16837,
    0.10407,
    0.05849,
    0.02967,
    0.01138,
    0.0004,
    2e-05,
    0.0,
    0.0,
    0.0,
    0.0,
    0.0,
    0.0,
    0.0,
    0.0,
    0.0,
    0.0,
    0.0
  ],
  "Juventus": [
    0.01586,
    0.04151,
    0.08002,
    0.1358,
    0.19848,
    0.26264,
    0.23298,
    0.02777,
    0.00387,
    0.0009,
    0.00015,
    2e-05,
    0.0,
    0.0,
    0.0,
    0.0,
    0.0,
    0.0,
    0.0,
    0.0
  ],
  "Como": [
    0.0,
    0.0,
    0.0,
    0.0,
    0.0,
    0.0,
    1e-05,
    0.00052,
    0.00238,
    0.00583,
    0.01231,
    0.02527,
    0.05022,
    0.08561,
    0.1259,
    0.14044,
    0.15707,
    0.15226,
    0.13578,
    0.1064
  ]
}