{
  "Benfica": [
    0.53814,
    0.28396,
    0.14804,
    0.02871,
    0.00104,
    7e-05,
    4e-05,
    0.0,
    0.0,
    0.0,
    0.0,
    0.0,
    0.0,
    0.0,
    0.0,
    0.0,
    0.0,
    0.0
  ],
  "Arouca": [
    0.0,
    0.0,
    0.0,
    0.0,
    0.00022,
    0.00083,
    0.00211,
    0.00536,
    0.01479,
    0.03443,
    0.07389,
    0.13813,
    0.20301,
    0.2101,
    0.18714,
    0.11825,
    0.01104,
    0.0007
  ],
  "Rio Ave": [
    1e-05,
    9e-05,
    0.00174,
    0.03076,
    0.17737,
    0.19258,
    0.18238,
    0.16127,
    0.11778,
    0.07446,
    0.03903,
    0.01508,
    0.00525,
    0.00174,
    0.00035,
    0.0001,
    1e-05,
    0.0
  ],
  "Vizela": [
    0.0,
    1e-05,
    7e-05,
    0.00239,
    0.02157,
    0.04618,
    0.07714,
    0.11884,
    0.17028,
    0.2048,
    0.17114,
    0.10057,
    0.05107,
    0.02355,
    0.00997,
    0.00234,
    8e-05,
    0.0
  ],
  "Estoril": [
    4e-05,
    0.00024,
    0.00316,
    0.04642,
    0.23502,
    0.21561,
    0.18291,
    0.13633,
    0.09145,
    0.05264,
    0.02411,
    0.00849,
    0.00275,
    0.0007,
    0.00013,
    0.0,
    0.0,
    0.0
  ],
  "Famalicao": [
    0.0,
    0.0,
    0.0,
    0.0,
    7e-05,
    0.00044,
    0.00127,
    0.00346,
    0.00929,
    0.025,
    0.05691,
    0.1155,
    0.17648,
    0.2178,
    0.22776,
    0.15037,
    0.0145,
    0.00115
  ],
  "Porto": [
    0.29618,
    0.3898,
    0.25818,
    0.05341,
    0.00213,
    0.00024,
    5e-05,
    1e-05,
    0.0,
    0.0,
    0.0,
    0.0,
    0.0,
    0.0,
    0.0,
    0.0,
    0.0,
    0.0
  ],
  "Maritimo": [
    0.0,
    0.0,
    0.0,
    0.0,
    0.0,
    0.0,
    0.0,
    0.0,
    0.0,
    1e-05,
    5e-05,
    0.00022,
    0.00087,
    0.00383,
    0.01209,
    0.05457,
    0.51253,
    0.41583
  ],
  "Santa Clara": [
    0.0,
    0.0,
    0.0,
    0.0,
    1e-05,
    3e-05,
    7e-05,
    0.00046,
    0.00168,
    0.00503,
    0.01596,
    0.0413,
    0.09042,
    0.14924,
    0.23632,
    0.3896,
    0.06102,
    0.00886
  ],
  "Casa Pia": [
    0.0,
    1e-05,
    0.00016,
    0.00463,
    0.04556,
    0.08031,
    0.11487,
    0.1559,
    0.1972,
    0.1781,
    0.12613,
    0.06168,
    0.02275,
    0.00907,
    0.00298,
    0.00064,
    1e-05,
    0.0
  ],
  "Sp Braga": [
    0.15497,
    0.28011,
    0.42232,
    0.13204,
    0.00889,
    0.00133,
    0.0003,
    4e-05,
    0.0,
    0.0,
    0.0,
    0.0,
    0.0,
    0.0,
    0.0,
    0.0,
    0.0,
    0.0
  ],
  "Sp Lisbon": [
    0.01061,
    0.04525,
    0.16116,
    0.61915,
    0.11165,
    0.03333,
    0.01276,
    0.0044,
    0.00129,
    0.00024,
    0.00013,
    3e-05,
    0.0,
    0.0,
    0.0,
    0.0,
    0.0,
    0.0
  ],
  "Chaves": [
    3e-05,
    0.00039,
    0.00293,
    0.04663,
    0.21449,
    0.21173,
    0.18544,
    0.14585,
    0.09574,
    0.05605,
    0.02638,
    0.01041,
    0.00278,
    0.0008,
    0.00027,
    8e-05,
    0.0,
    0.0
  ],
  "Guimaraes": [
    2e-05,
    0.00014,
    0.00223,
    0.03515,
    0.17096,
    0.18982,
    0.18594,
    0.16366,
    0.11954,
    0.07366,
    0.03851,
    0.01415,
    0.00449,
    0.00142,
    0.00029,
    2e-05,
    0.0,
    0.0
  ],
  "Portimonense": [
    0.0,
    0.0,
    1e-05,
    0.00063,
    0.00973,
    0.02347,
    0.04424,
    0.07994,
    0.12887,
    0.18774,
    0.22294,
    0.15319,
    0.08219,
    0.04181,
    0.01828,
    0.00674,
    0.00022,
    0.0
  ],
  "Boavista": [
    0.0,
    0.0,
    0.0,
    6e-05,
    0.00121,
    0.00376,
    0.00949,
    0.02162,
    0.04434,
    0.08677,
    0.15424,
    0.23237,
    0.18326,
    0.13149,
    0.08381,
    0.04501,
    0.00248,
    9e-05
  ],
  "Gil Vicente": [
    0.0,
    0.0,
    0.0,
    2e-05,
    8e-05,
    0.00027,
    0.00099,
    0.00286,
    0.00775,
    0.02107,
    0.05057,
    0.10878,
    0.17417,
    0.20645,
    0.21215,
    0.1916,
    0.02137,
    0.00187
  ],
  "Pacos Ferreira": [
    0.0,
    0.0,
    0.0,
    0.0,
    0.0,
    0.0,
    0.0,
    0.0,
    0.0,
    0.0,
    1e-05,
    0.0001,
    0.00051,
    0.002,
    0.00846,
    0.04068,
    0.37674,
    0.5715
  ]
}