{
  "Fluminense / RJ": [
    0.00154,
    0.01063,
    0.0178,
    0.02573,
    0.03309,
    0.04331,
    0.04863,
    0.05398,
    0.06126,
    0.06715,
    0.06974,
    0.07447,
    0.07833,
    0.07961,
    0.07901,
    0.07642,
    0.07122,
    0.05742,
    0.03625,
    0.01441
  ],
  "Santos / SP": [
    0.02179,
    0.08797,
    0.11063,
    0.11586,
    0.10578,
    0.09254,
    0.0803,
    0.0692,
    0.06113,
    0.05231,
    0.04566,
    0.03811,
    0.03264,
    0.02741,
    0.02075,
    0.01612,
    0.01113,
    0.00697,
    0.00276,
    0.00094
  ],
  "Atlético Goianiense / GO": [
    0.00028,
    0.00254,
    0.00624,
    0.01102,
    0.01627,
    0.02176,
    0.02737,
    0.03268,
    0.04031,
    0.04696,
    0.05439,
    0.06344,
    0.07143,
    0.08181,
    0.09142,
    0.10057,
    0.1067,
    0.10188,
    0.07978,
    0.04315
  ],
  "Flamengo / RJ": [
    0.00213,
    0.01433,
    0.02585,
    0.03781,
    0.04777,
    0.05498,
    0.06065,
    0.06564,
    0.06948,
    0.07225,
    0.07289,
    0.07526,
    0.07333,
    0.07137,
    0.06841,
    0.06209,
    0.05296,
    0.03975,
    0.0232,
    0.00985
  ],
  "Palmeiras / SP": [
    0.76489,
    0.14107,
    0.04984,
    0.02173,
    0.01071,
    0.00532,
    0.0027,
    0.00167,
    0.00096,
    0.00049,
    0.00034,
    0.00013,
    7e-05,
    5e-05,
    2e-05,
    1e-05,
    0.0,
    0.0,
    0.0,
    0.0
  ],
  "Ceará / CE": [
    0.00396,
    0.02547,
    0.04215,
    0.05628,
    0.06504,
    0.07072,
    0.07568,
    0.07921,
    0.07772,
    0.07557,
    0.07475,
    0.06843,
    0.06342,
    0.05493,
    0.04923,
    0.0423,
    0.03381,
    0.02324,
    0.01333,
    0.00476
  ],
  "Coritiba / PR": [
    0.00142,
    0.01277,
    0.02352,
    0.03464,
    0.04496,
    0.05217,
    0.06142,
    0.06705,
    0.0738,
    0.07667,
    0.07729,
    0.07598,
    0.07243,
    0.07259,
    0.0667,
    0.0608,
    0.05185,
    0.03873,
    0.02506,
    0.01015
  ],
  "Goiás / GO": [
    0.00057,
    0.00568,
    0.01206,
    0.01949,
    0.02675,
    0.03697,
    0.04372,
    0.05206,
    0.06151,
    0.06871,
    0.07322,
    0.07613,
    0.07852,
    0.08226,
    0.08314,
    0.08071,
    0.07335,
    0.0636,
    0.04276,
    0.01879
  ],
  "Atlético Mineiro / MG": [
    0.02155,
    0.09485,
    0.11235,
    0.11837,
    0.10923,
    0.0976,
    0.08882,
    0.07562,
    0.06118,
    0.0502,
    0.04106,
    0.03489,
    0.02851,
    0.02136,
    0.01709,
    0.01171,
    0.00848,
    0.00451,
    0.00207,
    0.00055
  ],
  "Internacional / RS": [
    0.05915,
    0.17927,
    0.15911,
    0.12481,
    0.10005,
    0.08455,
    0.06574,
    0.05288,
    0.04256,
    0.03478,
    0.02689,
    0.02171,
    0.01599,
    0.01203,
    0.00841,
    0.00614,
    0.0035,
    0.00162,
    0.00068,
    0.00013
  ],
  "Botafogo / RJ": [
    0.00057,
    0.00535,
    0.01053,
    0.01754,
    0.02425,
    0.03302,
    0.04091,
    0.05128,
    0.05425,
    0.06214,
    0.07146,
    0.07711,
    0.08002,
    0.08422,
    0.08692,
    0.08523,
    0.08161,
    0.06901,
    0.04542,
    0.01916
  ],
  "Corinthians / SP": [
    0.08445,
    0.24362,
    0.18238,
    0.12888,
    0.09614,
    0.0698,
    0.05265,
    0.0385,
    0.03022,
    0.02306,
    0.01677,
    0.01197,
    0.00809,
    0.00551,
    0.00394,
    0.00198,
    0.00135,
    0.00046,
    0.0002,
    3e-05
  ],
  "Fortaleza / CE": [
    0.0,
    1e-05,
    5e-05,
    7e-05,
    0.00021,
    0.0004,
    0.00074,
    0.0014,
    0.00212,
    0.00349,
    0.0058,
    0.0091,
    0.01247,
    0.01865,
    0.02779,
    0.04293,
    0.06812,
    0.11717,
    0.22652,
    0.46296
  ],
  "Cuiabá / MT": [
    4e-05,
    0.0004,
    0.00125,
    0.00254,
    0.00514,
    0.00674,
    0.01027,
    0.01553,
    0.02124,
    0.02714,
    0.03393,
    0.04374,
    0.05358,
    0.0668,
    0.08085,
    0.10043,
    0.12578,
    0.1554,
    0.15059,
    0.09861
  ],
  "São Paulo / SP": [
    0.01877,
    0.07658,
    0.10057,
    0.10407,
    0.10357,
    0.09409,
    0.08999,
    0.08067,
    0.06775,
    0.05877,
    0.049,
    0.04096,
    0.03401,
    0.02529,
    0.02051,
    0.01543,
    0.01065,
    0.00571,
    0.00291,
    0.0007
  ],
  "Athletico Paranaense / PR": [
    0.0029,
    0.01903,
    0.03315,
    0.04489,
    0.0541,
    0.06453,
    0.07126,
    0.0762,
    0.07857,
    0.07673,
    0.07544,
    0.07229,
    0.07024,
    0.06485,
    0.05763,
    0.04959,
    0.03999,
    0.02855,
    0.01546,
    0.0046
  ],
  "Avaí / SC": [
    0.00159,
    0.00985,
    0.01947,
    0.02925,
    0.03888,
    0.04563,
    0.05214,
    0.05972,
    0.06482,
    0.06994,
    0.07368,
    0.07609,
    0.07953,
    0.07875,
    0.07648,
    0.0709,
    0.06286,
    0.04901,
    0.02992,
    0.01149
  ],
  "América / MG": [
    0.00101,
    0.00719,
    0.01311,
    0.02121,
    0.02876,
    0.03511,
    0.04131,
    0.04718,
    0.05287,
    0.0599,
    0.06821,
    0.07311,
    0.07843,
    0.08299,
    0.08598,
    0.0862,
    0.0812,
    0.06921,
    0.04561,
    0.02141
  ],
  "Juventude / RS": [
    1e-05,
    3e-05,
    0.00017,
    0.00036,
    0.00073,
    0.00157,
    0.00219,
    0.00392,
    0.00585,
    0.00812,
    0.01184,
    0.0165,
    0.02408,
    0.03196,
    0.04492,
    0.06645,
    0.09737,
    0.15574,
    0.2514,
    0.27679
  ],
  "Red Bull Bragantino / SP": [
    0.01338,
    0.06336,
    0.07977,
    0.08545,
    0.08857,
    0.08919,
    0.08351,
    0.07561,
    0.0724,
    0.06562,
    0.05764,
    0.05058,
    0.04488,
    0.03756,
    0.0308,
    0.02399,
    0.01807,
    0.01202,
    0.00608,
    0.00152
  ]
}