{
  "Groningen": [
    0.0,
    0.0,
    1e-05,
    9e-05,
    0.00043,
    0.00287,
    0.02339,
    0.04487,
    0.06556,
    0.08883,
    0.11583,
    0.14454,
    0.16389,
    0.15621,
    0.11579,
    0.06508,
    0.01123,
    0.00138
  ],
  "NAC Breda": [
    0.0,
    2e-05,
    0.00015,
    0.00142,
    0.00541,
    0.02738,
    0.13516,
    0.14769,
    0.14719,
    0.13912,
    0.12485,
    0.10427,
    0.08232,
    0.05102,
    0.02471,
    0.00845,
    0.00078,
    6e-05
  ],
  "Feyenoord": [
    0.00552,
    0.33699,
    0.3263,
    0.1863,
    0.09748,
    0.0422,
    0.00419,
    0.00081,
    0.00016,
    2e-05,
    2e-05,
    1e-05,
    0.0,
    0.0,
    0.0,
    0.0,
    0.0,
    0.0
  ],
  "Willem II": [
    0.0,
    4e-05,
    0.00013,
    0.00168,
    0.00786,
    0.03579,
    0.15649,
    0.17467,
    0.16178,
    0.14347,
    0.11766,
    0.08985,
    0.05959,
    0.03295,
    0.01385,
    0.0038,
    0.00036,
    3e-05
  ],
  "Nijmegen": [
    0.0,
    0.0,
    0.0001,
    0.00078,
    0.00399,
    0.0202,
    0.10416,
    0.13412,
    0.14706,
    0.15116,
    0.14598,
    0.12075,
    0.0838,
    0.05258,
    0.02602,
    0.00825,
    0.00095,
    0.0001
  ],
  "Twente": [
    0.00037,
    0.05689,
    0.12302,
    0.21751,
    0.27215,
    0.25429,
    0.05275,
    0.01523,
    0.00526,
    0.00167,
    0.00057,
    0.0002,
    9e-05,
    0.0,
    0.0,
    0.0,
    0.0,
    0.0
  ],
  "Almere City": [
    0.0,
    0.0,
    0.0,
    0.0,
    0.0,
    0.0,
    0.0,
    1e-05,
    4e-05,
    9e-05,
    0.00021,
    0.00047,
    0.00241,
    0.00784,
    0.03061,
    0.1038,
    0.40659,
    0.44793
  ],
  "AZ Alkmaar": [
    0.00016,
    0.04346,
    0.09974,
    0.18454,
    0.26252,
    0.30591,
    0.07015,
    0.02127,
    0.00767,
    0.00292,
    0.00112,
    0.0004,
    0.00014,
    0.0,
    0.0,
    0.0,
    0.0,
    0.0
  ],
  "PSV Eindhoven": [
    0.98131,
    0.01702,
    0.00148,
    0.00019,
    0.0,
    0.0,
    0.0,
    0.0,
    0.0,
    0.0,
    0.0,
    0.0,
    0.0,
    0.0,
    0.0,
    0.0,
    0.0,
    0.0
  ],
  "Waalwijk": [
    0.0,
    0.0,
    0.0,
    0.0,
    0.0,
    0.0,
    0.0,
    0.0,
    3e-05,
    7e-05,
    0.00039,
    0.00098,
    0.00339,
    0.01257,
    0.03821,
    0.11144,
    0.34516,
    0.48776
  ],
  "Sparta Rotterdam": [
    0.0,
    1e-05,
    1e-05,
    0.0002,
    0.00119,
    0.00663,
    0.04175,
    0.06846,
    0.09606,
    0.12333,
    0.14391,
    0.15685,
    0.1535,
    0.11304,
    0.06389,
    0.02699,
    0.00386,
    0.00032
  ],
  "Heracles": [
    0.0,
    0.0,
    0.0,
    0.0,
    0.0,
    7e-05,
    0.0006,
    0.00176,
    0.00486,
    0.00966,
    0.01773,
    0.03497,
    0.06698,
    0.13427,
    0.23531,
    0.32583,
    0.12883,
    0.03913
  ],
  "Go Ahead Eagles": [
    0.0,
    9e-05,
    0.00081,
    0.00418,
    0.01678,
    0.05858,
    0.22297,
    0.19205,
    0.15369,
    0.11851,
    0.08938,
    0.06485,
    0.04356,
    0.02292,
    0.00868,
    0.00266,
    0.00026,
    3e-05
  ],
  "For Sittard": [
    0.0,
    4e-05,
    0.00025,
    0.00132,
    0.00663,
    0.02952,
    0.13712,
    0.15683,
    0.15474,
    0.13919,
    0.12055,
    0.10266,
    0.07724,
    0.04563,
    0.02101,
    0.00642,
    0.0008,
    5e-05
  ],
  "Utrecht": [
    0.00114,
    0.10001,
    0.17288,
    0.25268,
    0.24484,
    0.18111,
    0.03352,
    0.00916,
    0.00292,
    0.00111,
    0.00047,
    0.00011,
    3e-05,
    2e-05,
    0.0,
    0.0,
    0.0,
    0.0
  ],
  "Zwolle": [
    0.0,
    0.0,
    0.0,
    0.0,
    3e-05,
    0.00023,
    0.00262,
    0.00698,
    0.01225,
    0.02104,
    0.03481,
    0.05754,
    0.0996,
    0.17453,
    0.256,
    0.23748,
    0.07774,
    0.01915
  ],
  "Ajax": [
    0.0115,
    0.44543,
    0.27512,
    0.1491,
    0.08058,
    0.0342,
    0.0034,
    0.00051,
    0.00012,
    3e-05,
    1e-05,
    0.0,
    0.0,
    0.0,
    0.0,
    0.0,
    0.0,
    0.0
  ],
  "Heerenveen": [
    0.0,
    0.0,
    0.0,
    1e-05,
    0.00011,
    0.00102,
    0.01173,
    0.02558,
    0.04061,
    0.05978,
    0.08651,
    0.12155,
    0.16346,
    0.19642,
    0.16592,
    0.0998,
    0.02344,
    0.00406
  ]
}