{
  "Monaco": [
    0.01463,
    0.03938,
    0.04711,
    0.05532,
    0.0616,
    0.06599,
    0.06731,
    0.06725,
    0.0679,
    0.06784,
    0.06642,
    0.06309,
    0.05737,
    0.0553,
    0.04956,
    0.04434,
    0.03836,
    0.0313,
    0.02513,
    0.0148
  ],
  "Nantes": [
    0.01382,
    0.03728,
    0.04992,
    0.05911,
    0.0662,
    0.06832,
    0.06712,
    0.06829,
    0.06582,
    0.06489,
    0.0624,
    0.05921,
    0.05724,
    0.05356,
    0.05029,
    0.04614,
    0.03965,
    0.03294,
    0.02383,
    0.01397
  ],
  "Lyon": [
    0.01781,
    0.04699,
    0.06154,
    0.0701,
    0.07312,
    0.07311,
    0.07487,
    0.07035,
    0.06634,
    0.06384,
    0.06029,
    0.05747,
    0.05154,
    0.04733,
    0.04426,
    0.03699,
    0.03206,
    0.02519,
    0.01695,
    0.00985
  ],
  "Brest": [
    0.0011,
    0.00478,
    0.00855,
    0.01293,
    0.01787,
    0.02306,
    0.02754,
    0.03317,
    0.03878,
    0.04409,
    0.04985,
    0.05592,
    0.06428,
    0.06847,
    0.0767,
    0.08423,
    0.09155,
    0.0987,
    0.10232,
    0.09611
  ],
  "Troyes": [
    0.00186,
    0.00669,
    0.01157,
    0.01683,
    0.02231,
    0.02943,
    0.03422,
    0.03917,
    0.04571,
    0.05179,
    0.05677,
    0.06169,
    0.06763,
    0.07281,
    0.07593,
    0.0817,
    0.08442,
    0.08523,
    0.08227,
    0.07197
  ],
  "Paris SG": [
    0.63665,
    0.17395,
    0.08054,
    0.04484,
    0.02383,
    0.01484,
    0.00965,
    0.00604,
    0.00401,
    0.00212,
    0.00138,
    0.00113,
    0.00046,
    0.0003,
    0.00018,
    5e-05,
    2e-05,
    1e-05,
    0.0,
    0.0
  ],
  "Rennes": [
    0.03967,
    0.09709,
    0.10316,
    0.10041,
    0.0927,
    0.08504,
    0.07717,
    0.071,
    0.06249,
    0.05473,
    0.04822,
    0.04096,
    0.03301,
    0.02782,
    0.02227,
    0.01701,
    0.01203,
    0.00811,
    0.00512,
    0.00199
  ],
  "Lens": [
    0.07571,
    0.14486,
    0.13098,
    0.11389,
    0.09762,
    0.08477,
    0.06998,
    0.05903,
    0.05001,
    0.04199,
    0.03312,
    0.02667,
    0.02123,
    0.01642,
    0.01277,
    0.00892,
    0.00582,
    0.00362,
    0.00192,
    0.00067
  ],
  "Bordeaux": [
    0.00088,
    0.00457,
    0.00864,
    0.01285,
    0.01778,
    0.02362,
    0.0289,
    0.03541,
    0.04208,
    0.04688,
    0.05051,
    0.05715,
    0.0675,
    0.07576,
    0.07948,
    0.08527,
    0.08907,
    0.0935,
    0.0951,
    0.08505
  ],
  "Clermont": [
    0.00225,
    0.00821,
    0.01371,
    0.01815,
    0.02192,
    0.02826,
    0.03333,
    0.03759,
    0.04386,
    0.05012,
    0.05559,
    0.06072,
    0.06523,
    0.06872,
    0.07331,
    0.08145,
    0.08375,
    0.08652,
    0.08942,
    0.07789
  ],
  "Nice": [
    0.07877,
    0.14596,
    0.13401,
    0.11488,
    0.09784,
    0.08286,
    0.06974,
    0.05748,
    0.0481,
    0.03952,
    0.03485,
    0.02734,
    0.02068,
    0.01581,
    0.01173,
    0.00893,
    0.00507,
    0.00381,
    0.00196,
    0.00066
  ],
  "Reims": [
    0.00115,
    0.00485,
    0.0093,
    0.01299,
    0.01826,
    0.02278,
    0.02813,
    0.03323,
    0.03911,
    0.04879,
    0.0552,
    0.06009,
    0.06746,
    0.0745,
    0.08044,
    0.08363,
    0.09042,
    0.09306,
    0.09341,
    0.0832
  ],
  "St Etienne": [
    0.0002,
    0.00133,
    0.00287,
    0.00493,
    0.00745,
    0.01057,
    0.01315,
    0.01705,
    0.02292,
    0.02909,
    0.03455,
    0.04131,
    0.05071,
    0.05898,
    0.07009,
    0.08178,
    0.09865,
    0.11933,
    0.14613,
    0.18891
  ],
  "Lorient": [
    0.00418,
    0.01315,
    0.0225,
    0.02931,
    0.03633,
    0.04255,
    0.04962,
    0.05594,
    0.06072,
    0.06425,
    0.06771,
    0.0687,
    0.07048,
    0.07086,
    0.06966,
    0.06716,
    0.06337,
    0.05763,
    0.05007,
    0.03581
  ],
  "Strasbourg": [
    0.01218,
    0.03643,
    0.04918,
    0.05692,
    0.06287,
    0.06433,
    0.0699,
    0.07191,
    0.07097,
    0.06746,
    0.06724,
    0.06374,
    0.05984,
    0.05511,
    0.05031,
    0.04311,
    0.03715,
    0.02938,
    0.02035,
    0.01162
  ],
  "Angers": [
    0.01151,
    0.03654,
    0.04971,
    0.05751,
    0.06411,
    0.0672,
    0.06902,
    0.06967,
    0.06916,
    0.06712,
    0.06626,
    0.06246,
    0.05947,
    0.05406,
    0.05146,
    0.04362,
    0.03756,
    0.03054,
    0.0218,
    0.01122
  ],
  "Metz": [
    0.0002,
    0.00088,
    0.00199,
    0.00343,
    0.00537,
    0.00803,
    0.01063,
    0.01356,
    0.01699,
    0.02097,
    0.02607,
    0.03242,
    0.03857,
    0.04898,
    0.0599,
    0.07469,
    0.09505,
    0.1211,
    0.16275,
    0.25842
  ],
  "Lille": [
    0.00667,
    0.02018,
    0.03108,
    0.03961,
    0.04623,
    0.05047,
    0.05579,
    0.05769,
    0.05869,
    0.06331,
    0.06267,
    0.06574,
    0.06654,
    0.06615,
    0.06384,
    0.06351,
    0.05844,
    0.05191,
    0.04255,
    0.02893
  ],
  "Montpellier": [
    0.01535,
    0.04447,
    0.05841,
    0.06814,
    0.07205,
    0.0728,
    0.07481,
    0.07639,
    0.07366,
    0.06608,
    0.0624,
    0.06271,
    0.05481,
    0.04848,
    0.04142,
    0.035,
    0.02825,
    0.02194,
    0.01537,
    0.00746
  ],
  "Marseille": [
    0.06541,
    0.13241,
    0.12523,
    0.10785,
    0.09454,
    0.08197,
    0.06912,
    0.05978,
    0.05268,
    0.04512,
    0.0385,
    0.03148,
    0.02595,
    0.02058,
    0.0164,
    0.01247,
    0.00931,
    0.00618,
    0.00355,
    0.00147
  ]
}