{
  "Bayern Munich": [
    0.56159,
    0.22654,
    0.11667,
    0.05993,
    0.02177,
    0.00837,
    0.00334,
    0.00128,
    0.00033,
    0.00015,
    2e-05,
    0.0,
    1e-05,
    0.0,
    0.0,
    0.0,
    0.0,
    0.0
  ],
  "Schalke 04": [
    0.0,
    0.0,
    0.0,
    0.0,
    0.0,
    0.0,
    0.0,
    0.0,
    0.0,
    1e-05,
    2e-05,
    0.00022,
    0.00079,
    0.00573,
    0.04274,
    0.1593,
    0.34126,
    0.44993
  ],
  "Ein Frankfurt": [
    3e-05,
    0.00045,
    0.0017,
    0.00627,
    0.01537,
    0.02914,
    0.04588,
    0.06613,
    0.0918,
    0.12332,
    0.15857,
    0.18383,
    0.15194,
    0.09753,
    0.02465,
    0.00307,
    0.0003,
    2e-05
  ],
  "Bielefeld": [
    0.0,
    0.0,
    0.0,
    0.0,
    0.0,
    0.0,
    0.0,
    1e-05,
    1e-05,
    0.00018,
    0.00056,
    0.00172,
    0.00815,
    0.03281,
    0.16209,
    0.41511,
    0.24796,
    0.1314
  ],
  "FC Koln": [
    0.0,
    0.0,
    0.0,
    1e-05,
    3e-05,
    0.0,
    0.00018,
    0.00059,
    0.00106,
    0.00293,
    0.00777,
    0.02127,
    0.05844,
    0.15561,
    0.4797,
    0.18841,
    0.06416,
    0.01984
  ],
  "Hoffenheim": [
    0.00021,
    0.00187,
    0.00752,
    0.02222,
    0.04703,
    0.07141,
    0.09561,
    0.11873,
    0.13324,
    0.14293,
    0.13635,
    0.11133,
    0.07051,
    0.03449,
    0.00615,
    0.00036,
    3e-05,
    1e-05
  ],
  "Stuttgart": [
    7e-05,
    0.00072,
    0.00354,
    0.01044,
    0.02664,
    0.04546,
    0.06808,
    0.08967,
    0.11597,
    0.14252,
    0.15939,
    0.15217,
    0.11018,
    0.06179,
    0.01196,
    0.00133,
    6e-05,
    1e-05
  ],
  "Freiburg": [
    0.0,
    1e-05,
    8e-05,
    0.00052,
    0.00184,
    0.00465,
    0.00902,
    0.01672,
    0.02993,
    0.05067,
    0.0889,
    0.14127,
    0.22643,
    0.28732,
    0.11245,
    0.02483,
    0.00458,
    0.00078
  ],
  "Union Berlin": [
    0.00622,
    0.01838,
    0.04527,
    0.09435,
    0.15641,
    0.15922,
    0.14265,
    0.12008,
    0.09543,
    0.06879,
    0.04745,
    0.0284,
    0.01271,
    0.00422,
    0.00042,
    0.0,
    0.0,
    0.0
  ],
  "Augsburg": [
    0.00058,
    0.00313,
    0.01215,
    0.03248,
    0.07158,
    0.10195,
    0.12272,
    0.1358,
    0.13669,
    0.12806,
    0.10599,
    0.07769,
    0.0469,
    0.02041,
    0.00358,
    0.00029,
    0.0,
    0.0
  ],
  "Werder Bremen": [
    0.0,
    0.0,
    0.00011,
    0.00042,
    0.00159,
    0.00429,
    0.00949,
    0.01776,
    0.0326,
    0.05535,
    0.09295,
    0.15522,
    0.24997,
    0.26772,
    0.09313,
    0.01665,
    0.00251,
    0.00024
  ],
  "Hertha": [
    0.00205,
    0.01114,
    0.0347,
    0.07544,
    0.13659,
    0.1529,
    0.14688,
    0.1308,
    0.10837,
    0.08281,
    0.0579,
    0.03638,
    0.01716,
    0.00597,
    0.00086,
    4e-05,
    1e-05,
    0.0
  ],
  "Dortmund": [
    0.11597,
    0.23557,
    0.27553,
    0.19606,
    0.09244,
    0.04456,
    0.02201,
    0.01025,
    0.00464,
    0.00196,
    0.0007,
    0.00023,
    7e-05,
    1e-05,
    0.0,
    0.0,
    0.0,
    0.0
  ],
  "M'gladbach": [
    0.00343,
    0.01529,
    0.04271,
    0.08868,
    0.15701,
    0.16483,
    0.14406,
    0.11828,
    0.09567,
    0.07185,
    0.04843,
    0.02917,
    0.01457,
    0.0054,
    0.0006,
    2e-05,
    0.0,
    0.0
  ],
  "RB Leipzig": [
    0.21968,
    0.33076,
    0.23142,
    0.12703,
    0.05405,
    0.02166,
    0.00904,
    0.00373,
    0.00158,
    0.00065,
    0.0003,
    6e-05,
    3e-05,
    1e-05,
    0.0,
    0.0,
    0.0,
    0.0
  ],
  "Mainz": [
    0.0,
    0.0,
    0.0,
    0.0,
    0.0,
    0.0,
    1e-05,
    0.0,
    0.0,
    1e-05,
    9e-05,
    0.00027,
    0.00189,
    0.00983,
    0.06049,
    0.19051,
    0.33913,
    0.39777
  ],
  "Wolfsburg": [
    0.00064,
    0.00413,
    0.01493,
    0.03958,
    0.08068,
    0.11819,
    0.13983,
    0.14753,
    0.13936,
    0.12155,
    0.09173,
    0.05951,
    0.02997,
    0.01111,
    0.00118,
    8e-05,
    0.0,
    0.0
  ],
  "Leverkusen": [
    0.08953,
    0.15201,
    0.21367,
    0.24657,
    0.13697,
    0.07337,
    0.0412,
    0.02264,
    0.01332,
    0.00626,
    0.00288,
    0.00126,
    0.00028,
    4e-05,
    0.0,
    0.0,
    0.0,
    0.0
  ]
}