{
  "Palmeiras / SP": [
    0.16184,
    0.12828,
    0.10465,
    0.08907,
    0.07722,
    0.06837,
    0.05883,
    0.05385,
    0.04691,
    0.04053,
    0.03573,
    0.03131,
    0.02604,
    0.02121,
    0.01781,
    0.01359,
    0.01069,
    0.00769,
    0.00455,
    0.00183
  ],
  "Cuiabá / MT": [
    0.01646,
    0.02746,
    0.03236,
    0.0387,
    0.04169,
    0.045,
    0.04779,
    0.05157,
    0.05252,
    0.05511,
    0.05777,
    0.0593,
    0.06095,
    0.06268,
    0.06434,
    0.06521,
    0.06494,
    0.06067,
    0.05527,
    0.04021
  ],
  "América / MG": [
    0.00469,
    0.00797,
    0.01128,
    0.01609,
    0.01878,
    0.02234,
    0.02634,
    0.02937,
    0.03383,
    0.0396,
    0.04489,
    0.05002,
    0.0561,
    0.06473,
    0.0725,
    0.08044,
    0.0903,
    0.10381,
    0.11203,
    0.11489
  ],
  "Fluminense / RJ": [
    0.07187,
    0.0789,
    0.07806,
    0.07673,
    0.07393,
    0.07174,
    0.06644,
    0.06303,
    0.05802,
    0.05477,
    0.0523,
    0.04695,
    0.04346,
    0.03929,
    0.03453,
    0.02871,
    0.02457,
    0.01849,
    0.01196,
    0.00625
  ],
  "Botafogo / RJ": [
    0.22505,
    0.15049,
    0.11774,
    0.09219,
    0.07652,
    0.064,
    0.0527,
    0.04373,
    0.03805,
    0.03173,
    0.02646,
    0.02194,
    0.01773,
    0.01348,
    0.00972,
    0.00771,
    0.00536,
    0.003,
    0.00169,
    0.00071
  ],
  "São Paulo / SP": [
    0.05392,
    0.06133,
    0.06595,
    0.06843,
    0.06809,
    0.06736,
    0.06613,
    0.06456,
    0.06266,
    0.06042,
    0.05768,
    0.0535,
    0.05011,
    0.04455,
    0.04048,
    0.03711,
    0.02971,
    0.02284,
    0.01679,
    0.00838
  ],
  "Red Bull Bragantino / SP": [
    0.02969,
    0.03948,
    0.04638,
    0.05199,
    0.0544,
    0.0576,
    0.05958,
    0.06113,
    0.06235,
    0.06265,
    0.06326,
    0.06031,
    0.05928,
    0.05741,
    0.05546,
    0.05079,
    0.04357,
    0.03764,
    0.02871,
    0.01832
  ],
  "Bahia / BA": [
    0.00508,
    0.01028,
    0.01438,
    0.01822,
    0.02346,
    0.02729,
    0.03149,
    0.03678,
    0.04192,
    0.04728,
    0.05255,
    0.05583,
    0.06181,
    0.07197,
    0.07782,
    0.08349,
    0.08594,
    0.08795,
    0.08865,
    0.07781
  ],
  "Athletico Paranaense / PR": [
    0.05085,
    0.06004,
    0.06414,
    0.06791,
    0.06797,
    0.07006,
    0.06906,
    0.06512,
    0.06474,
    0.06156,
    0.05559,
    0.05297,
    0.05212,
    0.04608,
    0.04055,
    0.03616,
    0.02935,
    0.0227,
    0.01506,
    0.00797
  ],
  "Goiás / GO": [
    0.00507,
    0.0083,
    0.01019,
    0.01473,
    0.01667,
    0.02055,
    0.0253,
    0.03096,
    0.03442,
    0.03922,
    0.04337,
    0.05013,
    0.05567,
    0.06336,
    0.07102,
    0.07809,
    0.08902,
    0.10312,
    0.11678,
    0.12403
  ],
  "Fortaleza / CE": [
    0.041,
    0.05115,
    0.0558,
    0.06014,
    0.06031,
    0.06289,
    0.06447,
    0.06438,
    0.06214,
    0.06022,
    0.06388,
    0.06032,
    0.05713,
    0.05071,
    0.04618,
    0.04185,
    0.03585,
    0.02895,
    0.02079,
    0.01184
  ],
  "Internacional / RS": [
    0.01624,
    0.02333,
    0.02979,
    0.03531,
    0.03998,
    0.04494,
    0.05057,
    0.05298,
    0.05589,
    0.0616,
    0.06333,
    0.06613,
    0.0646,
    0.06651,
    0.06614,
    0.06371,
    0.06215,
    0.05629,
    0.04714,
    0.03337
  ],
  "Atlético Mineiro / MG": [
    0.08792,
    0.09177,
    0.08888,
    0.08166,
    0.07864,
    0.07227,
    0.06874,
    0.06214,
    0.05923,
    0.05458,
    0.04916,
    0.04335,
    0.03834,
    0.03269,
    0.02708,
    0.02194,
    0.01795,
    0.01253,
    0.00787,
    0.00326
  ],
  "Vasco da Gama / RJ": [
    0.00264,
    0.00519,
    0.00782,
    0.01109,
    0.01502,
    0.01714,
    0.02126,
    0.02588,
    0.03122,
    0.03589,
    0.0425,
    0.04806,
    0.05606,
    0.06353,
    0.07179,
    0.08414,
    0.09339,
    0.10977,
    0.12561,
    0.132
  ],
  "Flamengo / RJ": [
    0.0719,
    0.07686,
    0.07566,
    0.07458,
    0.07398,
    0.07125,
    0.06938,
    0.06641,
    0.06164,
    0.05728,
    0.05034,
    0.04732,
    0.04359,
    0.03948,
    0.03364,
    0.029,
    0.02303,
    0.01737,
    0.01174,
    0.00555
  ],
  "Coritiba / PR": [
    0.00083,
    0.00167,
    0.00309,
    0.00415,
    0.00634,
    0.00842,
    0.01075,
    0.0142,
    0.01644,
    0.02104,
    0.02415,
    0.03009,
    0.03873,
    0.04653,
    0.05881,
    0.07222,
    0.09038,
    0.11844,
    0.16241,
    0.27131
  ],
  "Corinthians / SP": [
    0.0061,
    0.01087,
    0.01526,
    0.01996,
    0.02423,
    0.02645,
    0.03168,
    0.03667,
    0.04009,
    0.0464,
    0.05042,
    0.05438,
    0.05956,
    0.06754,
    0.07305,
    0.07884,
    0.08727,
    0.08934,
    0.09325,
    0.08864
  ],
  "Cruzeiro / MG": [
    0.03446,
    0.0421,
    0.04998,
    0.0533,
    0.05647,
    0.05792,
    0.05755,
    0.05724,
    0.05946,
    0.05781,
    0.05808,
    0.05871,
    0.05723,
    0.05642,
    0.05482,
    0.05052,
    0.04709,
    0.03935,
    0.03092,
    0.02057
  ],
  "Grêmio / RS": [
    0.08785,
    0.08997,
    0.08902,
    0.08268,
    0.07992,
    0.07317,
    0.06989,
    0.06427,
    0.05903,
    0.05149,
    0.0471,
    0.04548,
    0.0385,
    0.03214,
    0.02608,
    0.02233,
    0.01736,
    0.01195,
    0.00803,
    0.00374
  ],
  "Santos / SP": [
    0.02654,
    0.03456,
    0.03957,
    0.04307,
    0.04638,
    0.05124,
    0.05205,
    0.05573,
    0.05944,
    0.06082,
    0.06144,
    0.0639,
    0.06299,
    0.05969,
    0.05818,
    0.05415,
    0.05208,
    0.0481,
    0.04075,
    0.02932
  ]
}