{
  "Genoa": [
    0.0,
    0.0,
    0.0,
    0.0,
    0.0,
    1e-05,
    8e-05,
    0.00077,
    0.00358,
    0.02432,
    0.1105,
    0.35882,
    0.26923,
    0.13058,
    0.06088,
    0.02735,
    0.01055,
    0.00291,
    0.00042,
    0.0
  ],
  "Inter": [
    0.45749,
    0.30252,
    0.2101,
    0.02632,
    0.00319,
    0.00036,
    2e-05,
    0.0,
    0.0,
    0.0,
    0.0,
    0.0,
    0.0,
    0.0,
    0.0,
    0.0,
    0.0,
    0.0,
    0.0,
    0.0
  ],
  "Parma": [
    0.0,
    0.0,
    0.0,
    0.0,
    0.0,
    0.0,
    0.0,
    0.0,
    0.0,
    6e-05,
    0.00146,
    0.01482,
    0.04159,
    0.08517,
    0.12958,
    0.16942,
    0.19174,
    0.20195,
    0.14089,
    0.02332
  ],
  "Fiorentina": [
    0.0,
    7e-05,
    0.00147,
    0.03124,
    0.09059,
    0.16107,
    0.21543,
    0.22486,
    0.18319,
    0.08001,
    0.01152,
    0.00053,
    2e-05,
    0.0,
    0.0,
    0.0,
    0.0,
    0.0,
    0.0,
    0.0
  ],
  "Empoli": [
    0.0,
    0.0,
    0.0,
    0.0,
    0.0,
    0.0,
    0.0,
    0.0,
    0.0,
    1e-05,
    0.00115,
    0.01117,
    0.0328,
    0.07617,
    0.11981,
    0.16391,
    0.19552,
    0.20948,
    0.15705,
    0.03293
  ],
  "Monza": [
    0.0,
    0.0,
    0.0,
    0.0,
    0.0,
    0.0,
    0.0,
    0.0,
    0.0,
    0.0,
    0.0,
    2e-05,
    5e-05,
    0.00047,
    0.0018,
    0.00577,
    0.01517,
    0.04169,
    0.1388,
    0.79623
  ],
  "Milan": [
    0.0,
    3e-05,
    0.00049,
    0.00983,
    0.03958,
    0.09561,
    0.15398,
    0.22348,
    0.29448,
    0.15393,
    0.02606,
    0.00231,
    0.00021,
    1e-05,
    0.0,
    0.0,
    0.0,
    0.0,
    0.0,
    0.0
  ],
  "Torino": [
    0.0,
    0.0,
    0.0,
    0.0,
    9e-05,
    0.00052,
    0.00268,
    0.01029,
    0.04156,
    0.18457,
    0.53928,
    0.15689,
    0.04897,
    0.01185,
    0.0027,
    0.00052,
    8e-05,
    0.0,
    0.0,
    0.0
  ],
  "Bologna": [
    0.0003,
    0.00184,
    0.01183,
    0.10023,
    0.20298,
    0.248,
    0.2014,
    0.13607,
    0.0744,
    0.02161,
    0.00132,
    2e-05,
    0.0,
    0.0,
    0.0,
    0.0,
    0.0,
    0.0,
    0.0,
    0.0
  ],
  "Udinese": [
    0.0,
    0.0,
    0.0,
    0.00047,
    0.00367,
    0.01379,
    0.03661,
    0.08318,
    0.1831,
    0.44065,
    0.18607,
    0.04437,
    0.00719,
    0.0008,
    0.0001,
    0.0,
    0.0,
    0.0,
    0.0,
    0.0
  ],
  "Verona": [
    0.0,
    0.0,
    0.0,
    0.0,
    0.0,
    0.0,
    0.0,
    0.0,
    1e-05,
    0.00053,
    0.00659,
    0.04073,
    0.1372,
    0.20743,
    0.20011,
    0.165,
    0.12574,
    0.08307,
    0.03192,
    0.00167
  ],
  "Napoli": [
    0.29368,
    0.3604,
    0.29852,
    0.04061,
    0.00585,
    0.00075,
    0.00016,
    2e-05,
    1e-05,
    0.0,
    0.0,
    0.0,
    0.0,
    0.0,
    0.0,
    0.0,
    0.0,
    0.0,
    0.0,
    0.0
  ],
  "Cagliari": [
    0.0,
    0.0,
    0.0,
    0.0,
    0.0,
    0.0,
    0.0,
    0.0,
    6e-05,
    0.00061,
    0.00654,
    0.04346,
    0.14546,
    0.21839,
    0.20982,
    0.16218,
    0.11323,
    0.06903,
    0.02885,
    0.00237
  ],
  "Roma": [
    0.0,
    0.00013,
    0.00187,
    0.02893,
    0.08125,
    0.15316,
    0.21928,
    0.24303,
    0.19126,
    0.06963,
    0.01064,
    0.00081,
    1e-05,
    0.0,
    0.0,
    0.0,
    0.0,
    0.0,
    0.0,
    0.0
  ],
  "Lazio": [
    0.00089,
    0.00588,
    0.03395,
    0.23844,
    0.31784,
    0.20922,
    0.11454,
    0.05654,
    0.01919,
    0.00336,
    0.00014,
    1e-05,
    0.0,
    0.0,
    0.0,
    0.0,
    0.0,
    0.0,
    0.0,
    0.0
  ],
  "Venezia": [
    0.0,
    0.0,
    0.0,
    0.0,
    0.0,
    0.0,
    0.0,
    0.0,
    0.0,
    0.0,
    5e-05,
    0.00133,
    0.00753,
    0.0227,
    0.04977,
    0.08047,
    0.12712,
    0.19829,
    0.38107,
    0.13167
  ],
  "Lecce": [
    0.0,
    0.0,
    0.0,
    0.0,
    0.0,
    0.0,
    0.0,
    0.0,
    0.0,
    0.00013,
    0.00214,
    0.01541,
    0.0531,
    0.09771,
    0.14283,
    0.17798,
    0.19658,
    0.1837,
    0.1187,
    0.01172
  ],
  "Atalanta": [
    0.24488,
    0.31184,
    0.36176,
    0.06561,
    0.01291,
    0.0024,
    0.00051,
    6e-05,
    3e-05,
    0.0,
    0.0,
    0.0,
    0.0,
    0.0,
    0.0,
    0.0,
    0.0,
    0.0,
    0.0,
    0.0
  ],
  "Juventus": [
    0.00276,
    0.01729,
    0.08001,
    0.45832,
    0.24205,
    0.11511,
    0.05525,
    0.02137,
    0.00675,
    0.00106,
    3e-05,
    0.0,
    0.0,
    0.0,
    0.0,
    0.0,
    0.0,
    0.0,
    0.0,
    0.0
  ],
  "Como": [
    0.0,
    0.0,
    0.0,
    0.0,
    0.0,
    0.0,
    6e-05,
    0.00033,
    0.00238,
    0.01952,
    0.09651,
    0.3093,
    0.25664,
    0.14872,
    0.0826,
    0.0474,
    0.02427,
    0.00988,
    0.0023,
    9e-05
  ]
}