{
  "Almeria": [
    0.0,
    0.0,
    0.0,
    0.0,
    0.0,
    0.0,
    1e-05,
    2e-05,
    3e-05,
    7e-05,
    0.00021,
    0.0005,
    0.00177,
    0.00391,
    0.00718,
    0.01527,
    0.03037,
    0.06522,
    0.1632,
    0.71224
  ],
  "Vallecano": [
    5e-05,
    0.00066,
    0.00268,
    0.01354,
    0.04671,
    0.08313,
    0.11283,
    0.12678,
    0.12739,
    0.12121,
    0.10697,
    0.08544,
    0.06561,
    0.04548,
    0.02877,
    0.01772,
    0.00941,
    0.00417,
    0.00128,
    0.00017
  ],
  "Sevilla": [
    0.0,
    5e-05,
    0.00031,
    0.00219,
    0.01186,
    0.02462,
    0.0434,
    0.06178,
    0.07947,
    0.10009,
    0.11184,
    0.11745,
    0.11261,
    0.09932,
    0.08185,
    0.06386,
    0.0444,
    0.02974,
    0.01322,
    0.00194
  ],
  "Valencia": [
    8e-05,
    0.00059,
    0.00333,
    0.01392,
    0.05079,
    0.08889,
    0.12186,
    0.12977,
    0.13082,
    0.11342,
    0.09848,
    0.0811,
    0.06049,
    0.0441,
    0.02845,
    0.01771,
    0.01027,
    0.00444,
    0.00141,
    8e-05
  ],
  "Sociedad": [
    0.00191,
    0.01007,
    0.03491,
    0.09411,
    0.21587,
    0.20828,
    0.14533,
    0.10169,
    0.06791,
    0.04601,
    0.03013,
    0.01952,
    0.0117,
    0.00637,
    0.00359,
    0.00165,
    0.00065,
    0.00027,
    3e-05,
    0.0
  ],
  "Girona": [
    0.16875,
    0.26492,
    0.26832,
    0.19252,
    0.06846,
    0.02386,
    0.00843,
    0.00306,
    0.00109,
    0.00041,
    0.00013,
    4e-05,
    1e-05,
    0.0,
    0.0,
    0.0,
    0.0,
    0.0,
    0.0,
    0.0
  ],
  "Las Palmas": [
    3e-05,
    0.00041,
    0.00198,
    0.00921,
    0.03859,
    0.07014,
    0.10086,
    0.11759,
    0.12323,
    0.11943,
    0.11171,
    0.09244,
    0.0742,
    0.05519,
    0.03949,
    0.02459,
    0.01315,
    0.00572,
    0.00178,
    0.00026
  ],
  "Mallorca": [
    0.0,
    0.0,
    2e-05,
    0.00014,
    0.00078,
    0.003,
    0.00719,
    0.01399,
    0.02378,
    0.03701,
    0.05548,
    0.07119,
    0.09281,
    0.11723,
    0.13148,
    0.13783,
    0.12762,
    0.10076,
    0.06381,
    0.01588
  ],
  "Ath Bilbao": [
    0.00318,
    0.01473,
    0.04509,
    0.11383,
    0.24707,
    0.20947,
    0.13814,
    0.08901,
    0.05783,
    0.03679,
    0.02109,
    0.01199,
    0.00645,
    0.00319,
    0.00144,
    0.00048,
    0.00017,
    5e-05,
    0.0,
    0.0
  ],
  "Real Madrid": [
    0.55189,
    0.25233,
    0.12494,
    0.0539,
    0.01288,
    0.00303,
    0.0008,
    0.00017,
    4e-05,
    2e-05,
    0.0,
    0.0,
    0.0,
    0.0,
    0.0,
    0.0,
    0.0,
    0.0,
    0.0,
    0.0
  ],
  "Celta": [
    0.0,
    0.0,
    0.0,
    0.0,
    9e-05,
    0.00032,
    0.00076,
    0.00209,
    0.00492,
    0.00894,
    0.01489,
    0.02453,
    0.03821,
    0.05627,
    0.08393,
    0.11631,
    0.15019,
    0.21732,
    0.21071,
    0.07052
  ],
  "Osasuna": [
    0.0,
    4e-05,
    0.00016,
    0.00124,
    0.00806,
    0.01898,
    0.03533,
    0.05329,
    0.07143,
    0.09032,
    0.10334,
    0.1182,
    0.12022,
    0.10942,
    0.09443,
    0.07343,
    0.05531,
    0.02999,
    0.01444,
    0.00237
  ],
  "Villarreal": [
    0.0,
    1e-05,
    0.0,
    0.00012,
    0.00089,
    0.0026,
    0.00702,
    0.01374,
    0.02434,
    0.03413,
    0.05165,
    0.07255,
    0.09232,
    0.11362,
    0.13095,
    0.13916,
    0.1271,
    0.10527,
    0.07076,
    0.01377
  ],
  "Betis": [
    0.0003,
    0.00176,
    0.00751,
    0.02861,
    0.08943,
    0.13492,
    0.15368,
    0.14808,
    0.12346,
    0.09819,
    0.07453,
    0.05285,
    0.03717,
    0.02297,
    0.01378,
    0.00754,
    0.00337,
    0.00143,
    0.00042,
    0.0
  ],
  "Getafe": [
    1e-05,
    0.00025,
    0.00132,
    0.00595,
    0.02667,
    0.05432,
    0.0832,
    0.10025,
    0.11366,
    0.11961,
    0.11458,
    0.10302,
    0.08971,
    0.06898,
    0.05028,
    0.03292,
    0.02048,
    0.01024,
    0.00404,
    0.00051
  ],
  "Barcelona": [
    0.0801,
    0.17086,
    0.25138,
    0.29441,
    0.12151,
    0.04811,
    0.01951,
    0.00815,
    0.00335,
    0.00147,
    0.0007,
    0.00031,
    9e-05,
    5e-05,
    0.0,
    0.0,
    0.0,
    0.0,
    0.0,
    0.0
  ],
  "Cadiz": [
    0.0,
    1e-05,
    2e-05,
    6e-05,
    0.00097,
    0.00315,
    0.00764,
    0.01432,
    0.02164,
    0.03432,
    0.04903,
    0.06837,
    0.08643,
    0.1065,
    0.12277,
    0.13222,
    0.13641,
    0.11466,
    0.08415,
    0.01733
  ],
  "Alaves": [
    0.0,
    0.0,
    0.0,
    9e-05,
    0.00091,
    0.00316,
    0.00719,
    0.01331,
    0.02312,
    0.0347,
    0.04853,
    0.06787,
    0.08723,
    0.10898,
    0.12415,
    0.13127,
    0.13935,
    0.11296,
    0.08085,
    0.01633
  ],
  "Ath Madrid": [
    0.1937,
    0.28331,
    0.25803,
    0.17616,
    0.05846,
    0.01999,
    0.00664,
    0.00223,
    0.00095,
    0.00034,
    0.00013,
    4e-05,
    1e-05,
    1e-05,
    0.0,
    0.0,
    0.0,
    0.0,
    0.0,
    0.0
  ],
  "Granada": [
    0.0,
    0.0,
    0.0,
    0.0,
    0.0,
    3e-05,
    0.00018,
    0.00068,
    0.00154,
    0.00352,
    0.00658,
    0.01259,
    0.02296,
    0.03841,
    0.05746,
    0.08804,
    0.13175,
    0.19776,
    0.2899,
    0.1486
  ]
}