{
  "São Paulo / SP": [
    2e-05,
    0.01041,
    0.04927,
    0.17417,
    0.19314,
    0.19461,
    0.16943,
    0.12645,
    0.06812,
    0.01188,
    0.00216,
    0.00027,
    6e-05,
    1e-05,
    0.0,
    0.0,
    0.0,
    0.0,
    0.0,
    0.0
  ],
  "Botafogo / RJ": [
    0.0,
    0.0,
    0.0,
    0.0,
    6e-05,
    0.00015,
    0.00062,
    0.00193,
    0.01093,
    0.07186,
    0.11901,
    0.15282,
    0.17508,
    0.17521,
    0.14668,
    0.0908,
    0.04206,
    0.01216,
    0.00063,
    0.0
  ],
  "Atlético Mineiro / MG": [
    0.0,
    0.0,
    0.0,
    0.00013,
    0.00037,
    0.00119,
    0.00301,
    0.00975,
    0.03404,
    0.17681,
    0.19407,
    0.17358,
    0.14496,
    0.11809,
    0.08174,
    0.04227,
    0.01667,
    0.00321,
    0.00011,
    0.0
  ],
  "Avaí / SC": [
    0.0,
    0.0,
    0.0,
    0.0,
    0.0,
    0.0,
    0.0,
    0.0,
    0.0,
    0.0,
    0.0,
    1e-05,
    1e-05,
    2e-05,
    0.00012,
    0.00047,
    0.00294,
    0.01939,
    0.2599,
    0.71714
  ],
  "Chapecoense / SC": [
    0.0,
    0.0,
    0.0,
    0.0,
    0.0,
    0.0,
    0.0,
    0.0,
    0.0,
    0.0,
    1e-05,
    2e-05,
    0.00023,
    0.00045,
    0.00148,
    0.00599,
    0.02153,
    0.08542,
    0.60933,
    0.27554
  ],
  "Internacional / RS": [
    0.0,
    0.00248,
    0.02039,
    0.11458,
    0.15346,
    0.15595,
    0.17064,
    0.17625,
    0.16539,
    0.0313,
    0.00705,
    0.00196,
    0.00042,
    0.00011,
    2e-05,
    0.0,
    0.0,
    0.0,
    0.0,
    0.0
  ],
  "Flamengo / RJ": [
    0.96826,
    0.02949,
    0.00222,
    3e-05,
    0.0,
    0.0,
    0.0,
    0.0,
    0.0,
    0.0,
    0.0,
    0.0,
    0.0,
    0.0,
    0.0,
    0.0,
    0.0,
    0.0,
    0.0,
    0.0
  ],
  "Cruzeiro / MG": [
    0.0,
    0.0,
    0.0,
    0.0,
    0.0,
    0.0,
    0.0,
    0.0,
    6e-05,
    0.00209,
    0.00649,
    0.0143,
    0.02854,
    0.0533,
    0.09997,
    0.19255,
    0.29956,
    0.26823,
    0.03287,
    0.00204
  ],
  "Grêmio / RS": [
    0.0,
    0.00394,
    0.02733,
    0.13786,
    0.17175,
    0.175,
    0.1694,
    0.15435,
    0.12966,
    0.0241,
    0.00491,
    0.00132,
    0.00027,
    9e-05,
    2e-05,
    0.0,
    0.0,
    0.0,
    0.0,
    0.0
  ],
  "Santos / SP": [
    0.00626,
    0.30595,
    0.51256,
    0.10628,
    0.03871,
    0.01904,
    0.00775,
    0.00272,
    0.00066,
    6e-05,
    1e-05,
    0.0,
    0.0,
    0.0,
    0.0,
    0.0,
    0.0,
    0.0,
    0.0,
    0.0
  ],
  "Ceará / CE": [
    0.0,
    0.0,
    0.0,
    0.0,
    0.0,
    0.0,
    1e-05,
    2e-05,
    0.00059,
    0.00783,
    0.02164,
    0.04147,
    0.07163,
    0.11126,
    0.16819,
    0.24335,
    0.2079,
    0.11304,
    0.01268,
    0.00039
  ],
  "CSA / AL": [
    0.0,
    0.0,
    0.0,
    0.0,
    0.0,
    0.0,
    0.0,
    0.0,
    2e-05,
    0.00036,
    0.00169,
    0.00426,
    0.0114,
    0.02449,
    0.05445,
    0.12861,
    0.24901,
    0.43942,
    0.08146,
    0.00483
  ],
  "Bahia / BA": [
    0.0,
    0.00173,
    0.01421,
    0.07526,
    0.11796,
    0.16192,
    0.18315,
    0.20727,
    0.18479,
    0.04064,
    0.00961,
    0.00282,
    0.00054,
    0.0001,
    0.0,
    0.0,
    0.0,
    0.0,
    0.0,
    0.0
  ],
  "Corinthians / SP": [
    3e-05,
    0.01651,
    0.08386,
    0.29494,
    0.2228,
    0.15809,
    0.10949,
    0.07412,
    0.03577,
    0.00376,
    0.00052,
    7e-05,
    4e-05,
    0.0,
    0.0,
    0.0,
    0.0,
    0.0,
    0.0,
    0.0
  ],
  "Athletico Paranaense / PR": [
    0.0,
    0.00074,
    0.00745,
    0.0523,
    0.0876,
    0.12587,
    0.17302,
    0.21277,
    0.25635,
    0.06045,
    0.01657,
    0.00482,
    0.0015,
    0.00047,
    8e-05,
    1e-05,
    0.0,
    0.0,
    0.0,
    0.0
  ],
  "Vasco da Gama / RJ": [
    0.0,
    0.0,
    0.0,
    4e-05,
    0.0002,
    0.00073,
    0.00329,
    0.00931,
    0.03457,
    0.18753,
    0.21339,
    0.19113,
    0.14906,
    0.10684,
    0.0631,
    0.02937,
    0.00945,
    0.00194,
    5e-05,
    0.0
  ],
  "Palmeiras / SP": [
    0.02543,
    0.62875,
    0.28269,
    0.04413,
    0.01296,
    0.00426,
    0.00138,
    0.00033,
    7e-05,
    0.0,
    0.0,
    0.0,
    0.0,
    0.0,
    0.0,
    0.0,
    0.0,
    0.0,
    0.0,
    0.0
  ],
  "Fortaleza / CE": [
    0.0,
    0.0,
    0.0,
    0.0,
    1e-05,
    4e-05,
    0.00035,
    0.00113,
    0.00671,
    0.05836,
    0.0942,
    0.12155,
    0.14934,
    0.16255,
    0.16719,
    0.12606,
    0.07872,
    0.03243,
    0.00134,
    2e-05
  ],
  "Fluminense / RJ": [
    0.0,
    0.0,
    0.0,
    0.0,
    2e-05,
    4e-05,
    0.00018,
    0.0008,
    0.00519,
    0.04676,
    0.08955,
    0.12347,
    0.15337,
    0.17433,
    0.18082,
    0.1295,
    0.0697,
    0.0246,
    0.00163,
    4e-05
  ],
  "Goiás / GO": [
    0.0,
    0.0,
    2e-05,
    0.00028,
    0.00096,
    0.00311,
    0.00828,
    0.0228,
    0.06708,
    0.27621,
    0.21912,
    0.16613,
    0.11355,
    0.07268,
    0.03614,
    0.01102,
    0.00246,
    0.00016,
    0.0,
    0.0
  ]
}