{
  "São Paulo / SP": [
    0.05312,
    0.12173,
    0.15364,
    0.18133,
    0.15381,
    0.12368,
    0.08656,
    0.0563,
    0.03228,
    0.01923,
    0.00987,
    0.00493,
    0.00213,
    0.00086,
    0.00042,
    7e-05,
    3e-05,
    1e-05,
    0.0,
    0.0
  ],
  "Botafogo / RJ": [
    0.00012,
    0.00086,
    0.00362,
    0.00882,
    0.01797,
    0.03025,
    0.0476,
    0.06806,
    0.09475,
    0.11646,
    0.128,
    0.12617,
    0.11374,
    0.09221,
    0.06831,
    0.04334,
    0.02397,
    0.01145,
    0.00362,
    0.00068
  ],
  "Atlético Mineiro / MG": [
    0.00369,
    0.01557,
    0.03772,
    0.06613,
    0.09609,
    0.11845,
    0.13186,
    0.13308,
    0.12024,
    0.0945,
    0.06942,
    0.04904,
    0.03058,
    0.0175,
    0.00948,
    0.0043,
    0.00176,
    0.0005,
    8e-05,
    1e-05
  ],
  "Avaí / SC": [
    0.0,
    0.0,
    0.0,
    0.0,
    0.0,
    0.0,
    1e-05,
    4e-05,
    0.00012,
    0.00029,
    0.00098,
    0.00187,
    0.00412,
    0.00896,
    0.01785,
    0.03599,
    0.07136,
    0.13698,
    0.25921,
    0.46222
  ],
  "Chapecoense / SC": [
    0.0,
    0.0,
    0.0,
    2e-05,
    6e-05,
    0.0002,
    0.00048,
    0.00124,
    0.00308,
    0.00646,
    0.01225,
    0.02238,
    0.03816,
    0.05933,
    0.08963,
    0.13488,
    0.18422,
    0.20315,
    0.15986,
    0.0846
  ],
  "Internacional / RS": [
    0.00365,
    0.01579,
    0.03886,
    0.0652,
    0.09511,
    0.11886,
    0.13394,
    0.13413,
    0.12132,
    0.09648,
    0.06993,
    0.04567,
    0.02981,
    0.01695,
    0.00845,
    0.00389,
    0.00136,
    0.00052,
    8e-05,
    0.0
  ],
  "Flamengo / RJ": [
    0.5748,
    0.226,
    0.10839,
    0.04964,
    0.0231,
    0.01067,
    0.00434,
    0.00188,
    0.00081,
    0.00026,
    8e-05,
    3e-05,
    0.0,
    0.0,
    0.0,
    0.0,
    0.0,
    0.0,
    0.0,
    0.0
  ],
  "Cruzeiro / MG": [
    0.0,
    1e-05,
    5e-05,
    0.00022,
    0.00074,
    0.00185,
    0.00449,
    0.00859,
    0.01574,
    0.02874,
    0.04411,
    0.06452,
    0.09109,
    0.12075,
    0.14726,
    0.1621,
    0.14051,
    0.09909,
    0.05188,
    0.01826
  ],
  "Grêmio / RS": [
    0.00017,
    0.00111,
    0.00417,
    0.00996,
    0.01989,
    0.03775,
    0.05627,
    0.08305,
    0.10607,
    0.12832,
    0.13131,
    0.1195,
    0.09959,
    0.07838,
    0.05701,
    0.03677,
    0.01919,
    0.00845,
    0.0026,
    0.00044
  ],
  "Santos / SP": [
    0.20428,
    0.27284,
    0.19624,
    0.13088,
    0.08299,
    0.05309,
    0.02962,
    0.01646,
    0.00736,
    0.00376,
    0.00151,
    0.00068,
    0.00019,
    6e-05,
    4e-05,
    0.0,
    0.0,
    0.0,
    0.0,
    0.0
  ],
  "Ceará / CE": [
    3e-05,
    0.00023,
    0.00127,
    0.00358,
    0.00887,
    0.01794,
    0.03299,
    0.05217,
    0.07622,
    0.10338,
    0.12511,
    0.13208,
    0.12883,
    0.11136,
    0.08748,
    0.06132,
    0.03418,
    0.01605,
    0.00583,
    0.00108
  ],
  "CSA / AL": [
    0.0,
    0.0,
    0.0,
    0.0,
    0.0,
    0.0,
    5e-05,
    6e-05,
    0.00028,
    0.00076,
    0.00162,
    0.00342,
    0.0075,
    0.01503,
    0.03043,
    0.05706,
    0.10718,
    0.18029,
    0.28726,
    0.30906
  ],
  "Bahia / BA": [
    0.00423,
    0.01806,
    0.04131,
    0.07066,
    0.10494,
    0.13692,
    0.14395,
    0.13483,
    0.11636,
    0.08439,
    0.05817,
    0.03768,
    0.02398,
    0.01343,
    0.00688,
    0.00292,
    0.00097,
    0.00029,
    3e-05,
    0.0
  ],
  "Corinthians / SP": [
    0.03989,
    0.10583,
    0.16122,
    0.18105,
    0.16948,
    0.1252,
    0.0868,
    0.05849,
    0.03487,
    0.01909,
    0.0096,
    0.005,
    0.00231,
    0.0008,
    0.00029,
    8e-05,
    0.0,
    0.0,
    0.0,
    0.0
  ],
  "Athletico Paranaense / PR": [
    0.0033,
    0.01491,
    0.03583,
    0.06029,
    0.09404,
    0.12108,
    0.14458,
    0.14088,
    0.12051,
    0.09145,
    0.06676,
    0.04579,
    0.0283,
    0.01753,
    0.009,
    0.00375,
    0.00151,
    0.00036,
    0.00012,
    1e-05
  ],
  "Vasco da Gama / RJ": [
    0.0,
    4e-05,
    0.00044,
    0.00088,
    0.00277,
    0.00724,
    0.01398,
    0.02463,
    0.04059,
    0.06345,
    0.08496,
    0.10979,
    0.1279,
    0.14149,
    0.13179,
    0.10884,
    0.07519,
    0.0435,
    0.0177,
    0.00482
  ],
  "Palmeiras / SP": [
    0.1127,
    0.20674,
    0.21592,
    0.16713,
    0.12109,
    0.07663,
    0.04459,
    0.02624,
    0.0152,
    0.00754,
    0.00358,
    0.00146,
    0.00074,
    0.00025,
    0.00015,
    2e-05,
    2e-05,
    0.0,
    0.0,
    0.0
  ],
  "Fortaleza / CE": [
    2e-05,
    0.00026,
    0.00122,
    0.00376,
    0.00768,
    0.01678,
    0.03085,
    0.04605,
    0.06893,
    0.09328,
    0.11349,
    0.12851,
    0.12974,
    0.1175,
    0.09645,
    0.07075,
    0.0428,
    0.02179,
    0.00825,
    0.00189
  ],
  "Fluminense / RJ": [
    0.0,
    0.0,
    0.0,
    1e-05,
    7e-05,
    0.00022,
    0.00063,
    0.00133,
    0.00319,
    0.00585,
    0.01178,
    0.02132,
    0.03554,
    0.05339,
    0.08436,
    0.12751,
    0.17634,
    0.20289,
    0.16922,
    0.10635
  ],
  "Goiás / GO": [
    0.0,
    2e-05,
    0.0001,
    0.00044,
    0.0013,
    0.00319,
    0.00641,
    0.01249,
    0.02208,
    0.03631,
    0.05747,
    0.08016,
    0.10575,
    0.13422,
    0.15472,
    0.14641,
    0.11941,
    0.07468,
    0.03426,
    0.01058
  ]
}