{
  "Heerenveen": [
    0.01503,
    0.04496,
    0.07103,
    0.09136,
    0.111,
    0.11627,
    0.11255,
    0.10572,
    0.09027,
    0.07548,
    0.05878,
    0.04145,
    0.02991,
    0.01824,
    0.01047,
    0.00528,
    0.00183,
    0.00037
  ],
  "Willem II": [
    0.18713,
    0.24291,
    0.18013,
    0.12982,
    0.08872,
    0.06152,
    0.04178,
    0.02742,
    0.01662,
    0.01018,
    0.00628,
    0.00349,
    0.00219,
    0.00114,
    0.00043,
    0.00021,
    2e-05,
    1e-05
  ],
  "Zwolle": [
    2e-05,
    0.00018,
    0.0005,
    0.00118,
    0.00243,
    0.00491,
    0.0084,
    0.01401,
    0.0222,
    0.03348,
    0.04676,
    0.06575,
    0.08925,
    0.12136,
    0.15449,
    0.19228,
    0.153,
    0.0898
  ],
  "Feyenoord": [
    0.03534,
    0.07456,
    0.10245,
    0.11988,
    0.11924,
    0.11481,
    0.10423,
    0.08851,
    0.07108,
    0.05644,
    0.04032,
    0.02937,
    0.02016,
    0.01241,
    0.00696,
    0.00308,
    0.00095,
    0.00021
  ],
  "Twente": [
    0.11579,
    0.17679,
    0.1758,
    0.14625,
    0.11404,
    0.0865,
    0.06455,
    0.04529,
    0.03033,
    0.01917,
    0.01172,
    0.00692,
    0.0036,
    0.00196,
    0.00088,
    0.00035,
    6e-05,
    0.0
  ],
  "For Sittard": [
    0.0003,
    0.0011,
    0.00359,
    0.00727,
    0.01262,
    0.01996,
    0.03083,
    0.04334,
    0.05853,
    0.07515,
    0.09241,
    0.10401,
    0.11786,
    0.13109,
    0.12354,
    0.09613,
    0.05693,
    0.02534
  ],
  "FC Emmen": [
    0.02961,
    0.06795,
    0.09443,
    0.11222,
    0.11878,
    0.11717,
    0.10713,
    0.09199,
    0.07583,
    0.05805,
    0.04275,
    0.03169,
    0.02339,
    0.0151,
    0.00808,
    0.00405,
    0.00138,
    0.0004
  ],
  "VVV Venlo": [
    0.00064,
    0.00377,
    0.00926,
    0.01963,
    0.03227,
    0.0486,
    0.06873,
    0.09065,
    0.11078,
    0.11844,
    0.11769,
    0.11656,
    0.09732,
    0.07528,
    0.05043,
    0.02716,
    0.01034,
    0.00245
  ],
  "Heracles": [
    0.00047,
    0.00171,
    0.0047,
    0.00885,
    0.01632,
    0.0255,
    0.03635,
    0.05023,
    0.06627,
    0.0842,
    0.10482,
    0.11182,
    0.12414,
    0.11413,
    0.10374,
    0.08121,
    0.04769,
    0.01785
  ],
  "Den Haag": [
    0.0,
    0.0,
    0.0,
    7e-05,
    9e-05,
    0.0002,
    0.00039,
    0.00093,
    0.00165,
    0.00321,
    0.00629,
    0.0117,
    0.02077,
    0.03743,
    0.07188,
    0.13009,
    0.26069,
    0.45461
  ],
  "Sparta Rotterdam": [
    0.00016,
    0.00063,
    0.00202,
    0.0044,
    0.00794,
    0.01261,
    0.01974,
    0.03029,
    0.04362,
    0.05733,
    0.07328,
    0.09242,
    0.10957,
    0.12827,
    0.14081,
    0.13669,
    0.09165,
    0.04857
  ],
  "Ajax": [
    0.5363,
    0.21063,
    0.11023,
    0.06156,
    0.03575,
    0.02154,
    0.01169,
    0.00632,
    0.00324,
    0.00137,
    0.00072,
    0.00033,
    0.00017,
    9e-05,
    4e-05,
    2e-05,
    0.0,
    0.0
  ],
  "Groningen": [
    0.00071,
    0.00286,
    0.00677,
    0.01324,
    0.02091,
    0.03196,
    0.04553,
    0.05858,
    0.07542,
    0.0901,
    0.10291,
    0.11187,
    0.11346,
    0.10907,
    0.0955,
    0.07124,
    0.0364,
    0.01347
  ],
  "PSV Eindhoven": [
    0.0031,
    0.01059,
    0.02099,
    0.03276,
    0.04757,
    0.06343,
    0.07867,
    0.09324,
    0.1034,
    0.10607,
    0.10091,
    0.09427,
    0.08207,
    0.06672,
    0.05045,
    0.03028,
    0.01229,
    0.00319
  ],
  "Waalwijk": [
    0.00141,
    0.00536,
    0.01141,
    0.01951,
    0.03039,
    0.04389,
    0.05719,
    0.07256,
    0.08548,
    0.09567,
    0.09773,
    0.10224,
    0.09766,
    0.09482,
    0.08275,
    0.06091,
    0.03053,
    0.01049
  ],
  "Vitesse": [
    0.05549,
    0.10844,
    0.13214,
    0.13549,
    0.13048,
    0.11068,
    0.09489,
    0.07306,
    0.05342,
    0.03742,
    0.02711,
    0.01817,
    0.01123,
    0.00682,
    0.00341,
    0.00141,
    0.00028,
    6e-05
  ],
  "Utrecht": [
    0.01849,
    0.04756,
    0.0745,
    0.09637,
    0.11118,
    0.11989,
    0.11609,
    0.10566,
    0.08758,
    0.07173,
    0.05678,
    0.03949,
    0.02601,
    0.01556,
    0.00848,
    0.00346,
    0.00099,
    0.00018
  ],
  "AZ Alkmaar": [
    1e-05,
    0.0,
    5e-05,
    0.00014,
    0.00027,
    0.00056,
    0.00126,
    0.0022,
    0.00428,
    0.00651,
    0.01274,
    0.01845,
    0.03124,
    0.05051,
    0.08766,
    0.15615,
    0.29497,
    0.333
  ]
}