{
  "Sp Braga": [
    0.00787,
    0.01347,
    0.01934,
    0.02448,
    0.02999,
    0.03579,
    0.04346,
    0.05008,
    0.05845,
    0.06715,
    0.07582,
    0.08182,
    0.09104,
    0.0962,
    0.1014,
    0.09637,
    0.08175,
    0.02552
  ],
  "Famalicao": [
    0.00094,
    0.00232,
    0.00429,
    0.00633,
    0.01008,
    0.0142,
    0.01987,
    0.02653,
    0.03485,
    0.04442,
    0.0557,
    0.0714,
    0.08796,
    0.11228,
    0.136,
    0.15942,
    0.15905,
    0.05436
  ],
  "Gil Vicente": [
    0.15328,
    0.13698,
    0.11909,
    0.10375,
    0.09222,
    0.07969,
    0.06788,
    0.05832,
    0.04774,
    0.03866,
    0.03072,
    0.0243,
    0.01938,
    0.01273,
    0.00832,
    0.00456,
    0.0021,
    0.00028
  ],
  "Portimonense": [
    0.02273,
    0.03306,
    0.04256,
    0.05109,
    0.05816,
    0.06342,
    0.06915,
    0.07485,
    0.07833,
    0.07985,
    0.07779,
    0.07644,
    0.07303,
    0.06452,
    0.0565,
    0.04411,
    0.02815,
    0.00626
  ],
  "Farense": [
    0.04935,
    0.06232,
    0.07177,
    0.07769,
    0.08116,
    0.08297,
    0.08236,
    0.08153,
    0.07719,
    0.07136,
    0.0659,
    0.05759,
    0.04511,
    0.03612,
    0.02835,
    0.01825,
    0.0094,
    0.00158
  ],
  "Casa Pia": [
    0.11493,
    0.11894,
    0.11231,
    0.10472,
    0.09701,
    0.08842,
    0.07765,
    0.06797,
    0.05601,
    0.04823,
    0.03773,
    0.02665,
    0.01945,
    0.0147,
    0.00848,
    0.00476,
    0.0019,
    0.00014
  ],
  "Sp Lisbon": [
    0.22322,
    0.16178,
    0.12826,
    0.10139,
    0.08439,
    0.0702,
    0.05822,
    0.04616,
    0.03774,
    0.02763,
    0.02142,
    0.01553,
    0.01147,
    0.00637,
    0.0036,
    0.00182,
    0.00067,
    0.00013
  ],
  "Vizela": [
    0.00082,
    0.00201,
    0.00404,
    0.00563,
    0.00844,
    0.01212,
    0.01658,
    0.02363,
    0.03114,
    0.03886,
    0.04874,
    0.07001,
    0.08927,
    0.11007,
    0.1318,
    0.15823,
    0.18293,
    0.06568
  ],
  "Rio Ave": [
    0.01555,
    0.02464,
    0.03288,
    0.04065,
    0.04667,
    0.05342,
    0.06127,
    0.06595,
    0.07489,
    0.07754,
    0.08332,
    0.08291,
    0.08145,
    0.07889,
    0.06993,
    0.05878,
    0.04262,
    0.00864
  ],
  "Chaves": [
    0.02542,
    0.03844,
    0.04859,
    0.05638,
    0.0632,
    0.06985,
    0.0745,
    0.07874,
    0.07821,
    0.08392,
    0.08153,
    0.07622,
    0.06707,
    0.0561,
    0.04465,
    0.03301,
    0.02023,
    0.00394
  ],
  "Estrela": [
    0.00071,
    0.00183,
    0.00352,
    0.00519,
    0.00815,
    0.01217,
    0.01654,
    0.0224,
    0.03211,
    0.04072,
    0.05336,
    0.07231,
    0.09215,
    0.11432,
    0.13825,
    0.16021,
    0.17463,
    0.05143
  ],
  "Guimaraes": [
    0.03417,
    0.04515,
    0.05495,
    0.06199,
    0.06792,
    0.07278,
    0.07618,
    0.08252,
    0.08016,
    0.07869,
    0.07484,
    0.06998,
    0.06137,
    0.0522,
    0.04073,
    0.02785,
    0.01549,
    0.00303
  ],
  "Arouca": [
    0.0037,
    0.00682,
    0.01137,
    0.01517,
    0.02117,
    0.02612,
    0.03389,
    0.03993,
    0.04958,
    0.05866,
    0.0692,
    0.07978,
    0.09735,
    0.10953,
    0.11698,
    0.12007,
    0.11043,
    0.03025
  ],
  "Estoril": [
    0.0,
    0.0,
    3e-05,
    4e-05,
    7e-05,
    0.00014,
    0.00032,
    0.00045,
    0.00068,
    0.00121,
    0.0022,
    0.00407,
    0.00754,
    0.01316,
    0.02698,
    0.05617,
    0.14275,
    0.74419
  ],
  "Moreirense": [
    0.12633,
    0.12241,
    0.11181,
    0.10385,
    0.09264,
    0.08181,
    0.07056,
    0.06017,
    0.05152,
    0.04574,
    0.03731,
    0.02952,
    0.02487,
    0.01831,
    0.01228,
    0.00714,
    0.0032,
    0.00053
  ],
  "Porto": [
    0.08293,
    0.09016,
    0.09231,
    0.09159,
    0.08809,
    0.08207,
    0.07689,
    0.06975,
    0.06443,
    0.0591,
    0.05248,
    0.04567,
    0.03738,
    0.02889,
    0.01971,
    0.01169,
    0.00591,
    0.00095
  ],
  "Boavista": [
    0.1231,
    0.11086,
    0.10122,
    0.09674,
    0.08805,
    0.08272,
    0.07336,
    0.06613,
    0.05762,
    0.04873,
    0.04545,
    0.03599,
    0.02662,
    0.01891,
    0.01275,
    0.00792,
    0.00346,
    0.00037
  ],
  "Benfica": [
    0.01495,
    0.02881,
    0.04166,
    0.05332,
    0.06259,
    0.07211,
    0.08132,
    0.08489,
    0.08935,
    0.08953,
    0.08649,
    0.07981,
    0.06749,
    0.0567,
    0.04329,
    0.02964,
    0.01533,
    0.00272
  ]
}