{
  "Parma": [
    0.00014,
    0.00162,
    0.00956,
    0.01904,
    0.02971,
    0.03877,
    0.04875,
    0.05969,
    0.06639,
    0.07339,
    0.07925,
    0.0812,
    0.08345,
    0.0813,
    0.07977,
    0.07309,
    0.06449,
    0.05446,
    0.03755,
    0.01838
  ],
  "Juventus": [
    0.27348,
    0.4874,
    0.13543,
    0.05412,
    0.02465,
    0.01225,
    0.00606,
    0.00346,
    0.00165,
    0.00078,
    0.00035,
    0.00018,
    0.00013,
    4e-05,
    2e-05,
    0.0,
    0.0,
    0.0,
    0.0,
    0.0
  ],
  "Fiorentina": [
    7e-05,
    0.00116,
    0.00814,
    0.0159,
    0.02533,
    0.03593,
    0.04608,
    0.05571,
    0.06493,
    0.07425,
    0.07903,
    0.08421,
    0.08277,
    0.08511,
    0.08068,
    0.07724,
    0.06761,
    0.05695,
    0.0393,
    0.0196
  ],
  "Napoli": [
    0.00566,
    0.03561,
    0.12062,
    0.13492,
    0.12933,
    0.11584,
    0.10028,
    0.08397,
    0.06898,
    0.05384,
    0.04217,
    0.0339,
    0.02493,
    0.01824,
    0.01299,
    0.00875,
    0.0053,
    0.00291,
    0.00133,
    0.00043
  ],
  "Udinese": [
    0.0,
    0.00011,
    0.00076,
    0.00236,
    0.00445,
    0.0077,
    0.01063,
    0.016,
    0.02296,
    0.0312,
    0.04043,
    0.05169,
    0.06313,
    0.07682,
    0.08962,
    0.10459,
    0.12429,
    0.1338,
    0.12496,
    0.0945
  ],
  "Milan": [
    9e-05,
    0.00132,
    0.00794,
    0.01602,
    0.02517,
    0.03505,
    0.04485,
    0.05562,
    0.06623,
    0.07308,
    0.08193,
    0.08798,
    0.09038,
    0.08434,
    0.07996,
    0.0796,
    0.06573,
    0.05268,
    0.03468,
    0.01735
  ],
  "Cagliari": [
    0.01004,
    0.0602,
    0.16634,
    0.16182,
    0.1379,
    0.11338,
    0.08945,
    0.06952,
    0.05449,
    0.0427,
    0.03052,
    0.02224,
    0.01513,
    0.0103,
    0.00759,
    0.00432,
    0.0022,
    0.00126,
    0.00049,
    0.00011
  ],
  "Brescia": [
    0.00013,
    0.00169,
    0.00936,
    0.01897,
    0.02979,
    0.04183,
    0.05252,
    0.06219,
    0.07188,
    0.08028,
    0.08672,
    0.08588,
    0.08522,
    0.08843,
    0.07877,
    0.06724,
    0.05669,
    0.04272,
    0.02682,
    0.01287
  ],
  "Roma": [
    0.00422,
    0.02855,
    0.09527,
    0.11873,
    0.12271,
    0.11694,
    0.10589,
    0.09108,
    0.077,
    0.06334,
    0.04898,
    0.03627,
    0.03067,
    0.02271,
    0.01541,
    0.01035,
    0.00621,
    0.00359,
    0.00148,
    0.0006
  ],
  "Genoa": [
    0.0002,
    0.00197,
    0.01076,
    0.02073,
    0.03166,
    0.04392,
    0.05464,
    0.06372,
    0.0718,
    0.0762,
    0.07878,
    0.08126,
    0.08206,
    0.07769,
    0.07539,
    0.06955,
    0.06029,
    0.04895,
    0.03348,
    0.01695
  ],
  "Sampdoria": [
    0.0,
    0.0,
    3e-05,
    0.00023,
    0.00032,
    0.00081,
    0.00158,
    0.00247,
    0.00394,
    0.00672,
    0.01032,
    0.01581,
    0.02261,
    0.03422,
    0.04923,
    0.0679,
    0.09749,
    0.14618,
    0.22353,
    0.31661
  ],
  "Lazio": [
    0.00049,
    0.00547,
    0.02547,
    0.04246,
    0.05653,
    0.06914,
    0.07835,
    0.08461,
    0.0875,
    0.08935,
    0.08601,
    0.07872,
    0.07026,
    0.06092,
    0.0525,
    0.04135,
    0.0322,
    0.02137,
    0.01275,
    0.00455
  ],
  "Spal": [
    0.0,
    0.0,
    3e-05,
    8e-05,
    0.00035,
    0.00072,
    0.00125,
    0.00208,
    0.00357,
    0.00606,
    0.00983,
    0.01371,
    0.02089,
    0.03024,
    0.04298,
    0.06074,
    0.09196,
    0.13642,
    0.22434,
    0.35475
  ],
  "Atalanta": [
    0.02028,
    0.09029,
    0.22243,
    0.17643,
    0.13406,
    0.09911,
    0.07419,
    0.05553,
    0.03978,
    0.02854,
    0.02063,
    0.01432,
    0.00941,
    0.00618,
    0.004,
    0.00254,
    0.00131,
    0.00071,
    0.00022,
    4e-05
  ],
  "Torino": [
    0.00255,
    0.01775,
    0.06627,
    0.09204,
    0.10335,
    0.10496,
    0.10392,
    0.09471,
    0.08318,
    0.07303,
    0.06277,
    0.05291,
    0.04204,
    0.03297,
    0.02475,
    0.01867,
    0.01215,
    0.00738,
    0.00347,
    0.00113
  ],
  "Sassuolo": [
    0.0,
    0.00031,
    0.0021,
    0.00573,
    0.00952,
    0.01556,
    0.02165,
    0.03092,
    0.03935,
    0.04726,
    0.05556,
    0.0668,
    0.07493,
    0.08863,
    0.09466,
    0.10237,
    0.10686,
    0.10172,
    0.08404,
    0.05203
  ],
  "Verona": [
    2e-05,
    0.00073,
    0.00492,
    0.01055,
    0.01644,
    0.02474,
    0.0329,
    0.04129,
    0.05135,
    0.06041,
    0.06868,
    0.07394,
    0.08098,
    0.0864,
    0.09106,
    0.09305,
    0.08927,
    0.07809,
    0.06098,
    0.0342
  ],
  "Bologna": [
    0.00227,
    0.01822,
    0.06341,
    0.08818,
    0.10182,
    0.10416,
    0.10163,
    0.09478,
    0.08357,
    0.07293,
    0.06006,
    0.05172,
    0.04347,
    0.03439,
    0.02796,
    0.02055,
    0.01557,
    0.00917,
    0.00455,
    0.00159
  ],
  "Inter": [
    0.68034,
    0.24709,
    0.04838,
    0.0151,
    0.00552,
    0.00205,
    0.00083,
    0.00043,
    0.00016,
    7e-05,
    3e-05,
    0.0,
    0.0,
    0.0,
    0.0,
    0.0,
    0.0,
    0.0,
    0.0,
    0.0
  ],
  "Lecce": [
    2e-05,
    0.00051,
    0.00278,
    0.00659,
    0.01139,
    0.01714,
    0.02455,
    0.03222,
    0.04129,
    0.04657,
    0.05795,
    0.06726,
    0.07754,
    0.08107,
    0.09266,
    0.0981,
    0.10038,
    0.10164,
    0.08603,
    0.05431
  ]
}