{
  "Ein Frankfurt": [
    0.00859,
    0.02939,
    0.07004,
    0.12444,
    0.194,
    0.25502,
    0.16784,
    0.09297,
    0.03555,
    0.01522,
    0.00524,
    0.00133,
    0.00033,
    4e-05,
    0.0,
    0.0,
    0.0,
    0.0
  ],
  "Bayern Munich": [
    0.41171,
    0.31655,
    0.15901,
    0.07522,
    0.0282,
    0.00778,
    0.00136,
    0.00015,
    2e-05,
    0.0,
    0.0,
    0.0,
    0.0,
    0.0,
    0.0,
    0.0,
    0.0,
    0.0
  ],
  "Augsburg": [
    0.0,
    0.0,
    2e-05,
    0.00016,
    0.00101,
    0.0051,
    0.01333,
    0.03107,
    0.05895,
    0.0953,
    0.14202,
    0.19588,
    0.21588,
    0.12557,
    0.0662,
    0.03175,
    0.01397,
    0.00379
  ],
  "Freiburg": [
    0.02731,
    0.07841,
    0.16537,
    0.23434,
    0.24149,
    0.14295,
    0.06745,
    0.0283,
    0.01057,
    0.00295,
    0.0007,
    0.00014,
    1e-05,
    1e-05,
    0.0,
    0.0,
    0.0,
    0.0
  ],
  "Bochum": [
    0.0,
    0.0,
    0.0,
    0.0,
    0.0,
    2e-05,
    9e-05,
    0.00067,
    0.00214,
    0.00595,
    0.01479,
    0.0339,
    0.07704,
    0.14375,
    0.18394,
    0.19189,
    0.18239,
    0.16343
  ],
  "Mainz": [
    0.00039,
    0.0021,
    0.00832,
    0.02565,
    0.06739,
    0.13183,
    0.20102,
    0.20152,
    0.15448,
    0.10254,
    0.06006,
    0.03087,
    0.01088,
    0.00241,
    0.00047,
    7e-05,
    0.0,
    0.0
  ],
  "M'gladbach": [
    1e-05,
    4e-05,
    0.00035,
    0.00192,
    0.00789,
    0.02512,
    0.05915,
    0.10067,
    0.14639,
    0.16833,
    0.17021,
    0.15036,
    0.1035,
    0.04341,
    0.01519,
    0.00554,
    0.0017,
    0.00022
  ],
  "Hoffenheim": [
    0.0,
    0.0,
    0.0,
    0.0,
    0.0,
    0.0,
    5e-05,
    0.00037,
    0.00129,
    0.00389,
    0.01105,
    0.02518,
    0.05918,
    0.12938,
    0.16982,
    0.19182,
    0.1998,
    0.20817
  ],
  "Union Berlin": [
    0.08933,
    0.17916,
    0.26448,
    0.21188,
    0.13856,
    0.07513,
    0.02908,
    0.00948,
    0.00219,
    0.00063,
    7e-05,
    1e-05,
    0.0,
    0.0,
    0.0,
    0.0,
    0.0,
    0.0
  ],
  "Hertha": [
    0.0,
    0.0,
    0.0,
    0.0,
    0.0,
    5e-05,
    0.00017,
    0.00075,
    0.0031,
    0.00724,
    0.01849,
    0.04272,
    0.09101,
    0.17392,
    0.18429,
    0.17661,
    0.16099,
    0.14066
  ],
  "Wolfsburg": [
    0.00012,
    0.00147,
    0.00722,
    0.02299,
    0.06542,
    0.13224,
    0.2177,
    0.2017,
    0.15232,
    0.0974,
    0.05854,
    0.02823,
    0.01097,
    0.00309,
    0.0005,
    8e-05,
    1e-05,
    0.0
  ],
  "Werder Bremen": [
    0.0,
    5e-05,
    0.00026,
    0.00158,
    0.00764,
    0.02219,
    0.06083,
    0.11309,
    0.15368,
    0.17641,
    0.17206,
    0.14267,
    0.091,
    0.03837,
    0.01418,
    0.0045,
    0.0012,
    0.00029
  ],
  "Dortmund": [
    0.42938,
    0.30419,
    0.16171,
    0.06949,
    0.02594,
    0.0073,
    0.00178,
    0.00019,
    2e-05,
    0.0,
    0.0,
    0.0,
    0.0,
    0.0,
    0.0,
    0.0,
    0.0,
    0.0
  ],
  "Leverkusen": [
    0.0,
    8e-05,
    0.0006,
    0.00254,
    0.00901,
    0.03379,
    0.08079,
    0.13312,
    0.1736,
    0.17973,
    0.16004,
    0.11878,
    0.07083,
    0.02501,
    0.00909,
    0.00239,
    0.00054,
    6e-05
  ],
  "Stuttgart": [
    0.0,
    0.0,
    0.0,
    0.0,
    0.0,
    0.0,
    4e-05,
    0.00026,
    0.00111,
    0.00318,
    0.00844,
    0.02178,
    0.05307,
    0.11969,
    0.1598,
    0.18734,
    0.21328,
    0.23201
  ],
  "RB Leipzig": [
    0.03316,
    0.08856,
    0.16258,
    0.22957,
    0.21167,
    0.15431,
    0.07407,
    0.03034,
    0.01074,
    0.00362,
    0.00109,
    0.00028,
    1e-05,
    0.0,
    0.0,
    0.0,
    0.0,
    0.0
  ],
  "FC Koln": [
    0.0,
    0.0,
    4e-05,
    0.00022,
    0.00178,
    0.00716,
    0.02525,
    0.05519,
    0.09298,
    0.1345,
    0.16888,
    0.1877,
    0.16799,
    0.08945,
    0.04197,
    0.01858,
    0.00671,
    0.0016
  ],
  "Schalke 04": [
    0.0,
    0.0,
    0.0,
    0.0,
    0.0,
    1e-05,
    0.0,
    0.00016,
    0.00087,
    0.00311,
    0.00832,
    0.02017,
    0.0483,
    0.1059,
    0.15455,
    0.18943,
    0.21941,
    0.24977
  ]
}