{
  "Fortaleza / CE": [
    0.00381,
    0.01211,
    0.02706,
    0.05593,
    0.09901,
    0.14759,
    0.16964,
    0.15844,
    0.12323,
    0.07983,
    0.04866,
    0.03049,
    0.01871,
    0.0111,
    0.00686,
    0.00415,
    0.00203,
    0.00096,
    0.00035,
    4e-05
  ],
  "Athletico Paranaense / PR": [
    0.0,
    0.0,
    0.0,
    0.0,
    1e-05,
    0.00014,
    0.00027,
    0.0011,
    0.0027,
    0.0065,
    0.01111,
    0.01771,
    0.02602,
    0.03642,
    0.05319,
    0.07652,
    0.11137,
    0.17018,
    0.26511,
    0.22165
  ],
  "Coritiba / PR": [
    0.0,
    0.0,
    0.0,
    3e-05,
    3e-05,
    0.00028,
    0.0013,
    0.00306,
    0.00838,
    0.01689,
    0.02722,
    0.03672,
    0.05084,
    0.06679,
    0.0882,
    0.11392,
    0.14566,
    0.17805,
    0.16875,
    0.09388
  ],
  "Internacional / RS": [
    0.29963,
    0.25718,
    0.19137,
    0.12571,
    0.06901,
    0.03272,
    0.01466,
    0.00654,
    0.00224,
    0.00068,
    0.00019,
    3e-05,
    3e-05,
    1e-05,
    0.0,
    0.0,
    0.0,
    0.0,
    0.0,
    0.0
  ],
  "Sport / PE": [
    1e-05,
    5e-05,
    0.00015,
    0.0007,
    0.0026,
    0.00677,
    0.01546,
    0.03132,
    0.05909,
    0.0885,
    0.10559,
    0.11138,
    0.11573,
    0.11165,
    0.10104,
    0.08994,
    0.0726,
    0.05133,
    0.02735,
    0.00874
  ],
  "Ceará / CE": [
    3e-05,
    0.00017,
    0.00094,
    0.00277,
    0.00759,
    0.01903,
    0.03502,
    0.06038,
    0.09168,
    0.12249,
    0.12804,
    0.11783,
    0.10889,
    0.08886,
    0.07233,
    0.05877,
    0.04191,
    0.02615,
    0.01318,
    0.00394
  ],
  "Flamengo / RJ": [
    0.10308,
    0.15083,
    0.19046,
    0.19923,
    0.15301,
    0.09539,
    0.05543,
    0.02981,
    0.01403,
    0.00542,
    0.00195,
    0.00098,
    0.00026,
    0.0001,
    2e-05,
    0.0,
    0.0,
    0.0,
    0.0,
    0.0
  ],
  "Atlético Mineiro / MG": [
    0.24077,
    0.22626,
    0.19493,
    0.14832,
    0.09231,
    0.05071,
    0.02584,
    0.0124,
    0.00537,
    0.00206,
    0.00069,
    0.00024,
    8e-05,
    1e-05,
    1e-05,
    0.0,
    0.0,
    0.0,
    0.0,
    0.0
  ],
  "Santos / SP": [
    0.00693,
    0.01993,
    0.04307,
    0.08151,
    0.13189,
    0.17457,
    0.1723,
    0.14167,
    0.10324,
    0.05804,
    0.03106,
    0.01712,
    0.00986,
    0.00526,
    0.00203,
    0.00092,
    0.00041,
    0.00017,
    2e-05,
    0.0
  ],
  "Red Bull Bragantino / SP": [
    0.0,
    3e-05,
    0.00012,
    0.0006,
    0.00188,
    0.00534,
    0.01232,
    0.02295,
    0.04038,
    0.06638,
    0.07769,
    0.09104,
    0.09638,
    0.10349,
    0.10482,
    0.10321,
    0.09855,
    0.08667,
    0.06316,
    0.02499
  ],
  "Grêmio / RS": [
    0.00255,
    0.00927,
    0.02151,
    0.0465,
    0.08357,
    0.12901,
    0.16132,
    0.16424,
    0.13676,
    0.08997,
    0.06408,
    0.03957,
    0.02345,
    0.01353,
    0.0078,
    0.00393,
    0.00197,
    0.00074,
    0.00019,
    4e-05
  ],
  "Fluminense / RJ": [
    0.03868,
    0.07819,
    0.12563,
    0.17173,
    0.19948,
    0.15623,
    0.10313,
    0.06302,
    0.03443,
    0.01625,
    0.0078,
    0.00318,
    0.00149,
    0.00048,
    0.00021,
    6e-05,
    0.0,
    1e-05,
    0.0,
    0.0
  ],
  "Botafogo / RJ": [
    1e-05,
    6e-05,
    0.00014,
    0.0005,
    0.00175,
    0.00493,
    0.01125,
    0.02397,
    0.04086,
    0.0634,
    0.08885,
    0.10843,
    0.11756,
    0.1183,
    0.11363,
    0.10027,
    0.08495,
    0.06543,
    0.04196,
    0.01375
  ],
  "Corinthians / SP": [
    2e-05,
    0.00012,
    0.00059,
    0.00188,
    0.00653,
    0.0165,
    0.03185,
    0.05807,
    0.08768,
    0.11832,
    0.13086,
    0.12692,
    0.11248,
    0.09451,
    0.07622,
    0.05691,
    0.04004,
    0.0256,
    0.012,
    0.0029
  ],
  "Goiás / GO": [
    0.0,
    0.0,
    0.0,
    0.0,
    1e-05,
    1e-05,
    5e-05,
    0.00015,
    0.00049,
    0.0012,
    0.00261,
    0.00481,
    0.00775,
    0.01425,
    0.02278,
    0.03576,
    0.05993,
    0.10474,
    0.20319,
    0.54227
  ],
  "Bahia / BA": [
    0.0,
    1e-05,
    8e-05,
    0.00032,
    0.00122,
    0.00347,
    0.00845,
    0.01707,
    0.03203,
    0.05277,
    0.06946,
    0.08517,
    0.09471,
    0.10973,
    0.11292,
    0.11514,
    0.10948,
    0.09245,
    0.06586,
    0.02966
  ],
  "Atlético Goianiense / GO": [
    0.0,
    0.0,
    1e-05,
    0.00013,
    0.00048,
    0.00208,
    0.00533,
    0.01218,
    0.02454,
    0.04351,
    0.05958,
    0.074,
    0.08747,
    0.10359,
    0.12024,
    0.13013,
    0.12686,
    0.10777,
    0.07273,
    0.02937
  ],
  "Palmeiras / SP": [
    0.00265,
    0.00766,
    0.01908,
    0.03843,
    0.06994,
    0.1105,
    0.14527,
    0.16116,
    0.148,
    0.10313,
    0.06637,
    0.04502,
    0.03127,
    0.02135,
    0.01429,
    0.00849,
    0.00448,
    0.00205,
    0.00071,
    0.00015
  ],
  "São Paulo / SP": [
    0.30183,
    0.23809,
    0.18475,
    0.12518,
    0.07748,
    0.03908,
    0.01917,
    0.00897,
    0.00369,
    0.00115,
    0.00038,
    0.00017,
    4e-05,
    0.0,
    1e-05,
    0.0,
    1e-05,
    0.0,
    0.0,
    0.0
  ],
  "Vasco da Gama / RJ": [
    0.0,
    4e-05,
    0.00011,
    0.00053,
    0.0022,
    0.00565,
    0.01194,
    0.0235,
    0.04118,
    0.06351,
    0.07781,
    0.08919,
    0.09698,
    0.10057,
    0.1034,
    0.10188,
    0.09975,
    0.0877,
    0.06544,
    0.02862
  ]
}