{
  "Brentford": [
    0.00632,
    0.01256,
    0.02124,
    0.02938,
    0.03831,
    0.04403,
    0.05262,
    0.0584,
    0.06505,
    0.06835,
    0.06976,
    0.07066,
    0.07181,
    0.0692,
    0.06834,
    0.06601,
    0.06264,
    0.05427,
    0.0447,
    0.02635
  ],
  "Arsenal": [
    0.05745,
    0.08652,
    0.10084,
    0.10915,
    0.10265,
    0.09219,
    0.07906,
    0.0692,
    0.05999,
    0.04976,
    0.04247,
    0.03652,
    0.03033,
    0.02521,
    0.01957,
    0.01573,
    0.01125,
    0.00705,
    0.00379,
    0.00127
  ],
  "Man United": [
    0.0111,
    0.02392,
    0.03643,
    0.04959,
    0.05948,
    0.06623,
    0.07186,
    0.07231,
    0.07085,
    0.07021,
    0.06652,
    0.06649,
    0.06081,
    0.05988,
    0.05509,
    0.04955,
    0.04243,
    0.03288,
    0.02277,
    0.0116
  ],
  "Leeds": [
    0.00095,
    0.00304,
    0.00581,
    0.00984,
    0.01486,
    0.01998,
    0.02701,
    0.03288,
    0.03923,
    0.04392,
    0.05037,
    0.0574,
    0.06454,
    0.07269,
    0.08015,
    0.09141,
    0.09912,
    0.10395,
    0.10226,
    0.08059
  ],
  "Burnley": [
    0.00049,
    0.00147,
    0.00332,
    0.00632,
    0.00996,
    0.01418,
    0.01778,
    0.02207,
    0.02681,
    0.03322,
    0.03927,
    0.04711,
    0.05584,
    0.06628,
    0.07612,
    0.08922,
    0.10569,
    0.12043,
    0.1342,
    0.13022
  ],
  "Brighton": [
    0.0112,
    0.02409,
    0.0359,
    0.04812,
    0.05896,
    0.06525,
    0.07021,
    0.07327,
    0.07434,
    0.07188,
    0.07196,
    0.06807,
    0.06545,
    0.05895,
    0.05395,
    0.04754,
    0.03968,
    0.0312,
    0.02063,
    0.00935
  ],
  "Chelsea": [
    0.29699,
    0.21137,
    0.15069,
    0.10382,
    0.07144,
    0.05109,
    0.03599,
    0.0253,
    0.01738,
    0.01217,
    0.00849,
    0.00613,
    0.00382,
    0.00233,
    0.00157,
    0.00078,
    0.0004,
    0.00016,
    5e-05,
    3e-05
  ],
  "Crystal Palace": [
    0.00512,
    0.012,
    0.02043,
    0.02971,
    0.04102,
    0.04877,
    0.05598,
    0.0611,
    0.06657,
    0.07011,
    0.0714,
    0.07129,
    0.07164,
    0.07495,
    0.06976,
    0.06492,
    0.05762,
    0.05036,
    0.03682,
    0.02043
  ],
  "Everton": [
    0.00366,
    0.00895,
    0.01553,
    0.02391,
    0.03129,
    0.0397,
    0.04653,
    0.05363,
    0.06088,
    0.0657,
    0.06723,
    0.07131,
    0.07898,
    0.07886,
    0.0793,
    0.07303,
    0.06698,
    0.05909,
    0.04725,
    0.02819
  ],
  "Southampton": [
    0.00278,
    0.00664,
    0.01202,
    0.01773,
    0.02376,
    0.03075,
    0.03704,
    0.04372,
    0.05179,
    0.0592,
    0.06349,
    0.06681,
    0.07263,
    0.0729,
    0.07983,
    0.07907,
    0.08192,
    0.07875,
    0.06946,
    0.04971
  ],
  "Leicester": [
    0.01068,
    0.02343,
    0.03627,
    0.04715,
    0.05681,
    0.06726,
    0.07231,
    0.07364,
    0.07051,
    0.0725,
    0.07568,
    0.07094,
    0.06432,
    0.06095,
    0.05531,
    0.04626,
    0.03754,
    0.02932,
    0.01932,
    0.0098
  ],
  "Wolves": [
    0.0235,
    0.04202,
    0.05779,
    0.07074,
    0.07827,
    0.08215,
    0.08125,
    0.07982,
    0.07414,
    0.07343,
    0.06603,
    0.05782,
    0.05286,
    0.04387,
    0.03674,
    0.02955,
    0.02218,
    0.01543,
    0.00907,
    0.00334
  ],
  "Watford": [
    0.00179,
    0.00451,
    0.00833,
    0.01393,
    0.019,
    0.02648,
    0.03208,
    0.03797,
    0.04774,
    0.05362,
    0.06094,
    0.06759,
    0.07318,
    0.07891,
    0.08206,
    0.08707,
    0.08813,
    0.08779,
    0.07627,
    0.05261
  ],
  "Aston Villa": [
    0.00562,
    0.01238,
    0.02091,
    0.03141,
    0.03983,
    0.04865,
    0.05554,
    0.06344,
    0.06708,
    0.06914,
    0.07261,
    0.07322,
    0.07099,
    0.0709,
    0.06942,
    0.06589,
    0.05837,
    0.04773,
    0.03671,
    0.02016
  ],
  "Norwich": [
    0.00017,
    0.00058,
    0.00148,
    0.00265,
    0.00491,
    0.00724,
    0.01114,
    0.01476,
    0.01993,
    0.02304,
    0.0299,
    0.03642,
    0.04413,
    0.05569,
    0.06923,
    0.08544,
    0.10762,
    0.13654,
    0.1718,
    0.17733
  ],
  "Liverpool": [
    0.1979,
    0.1877,
    0.15556,
    0.11858,
    0.09064,
    0.06839,
    0.04991,
    0.03718,
    0.02676,
    0.02035,
    0.01472,
    0.01091,
    0.00813,
    0.00516,
    0.00366,
    0.00222,
    0.00134,
    0.00058,
    0.00024,
    7e-05
  ],
  "Newcastle": [
    5e-05,
    0.00013,
    0.00042,
    0.00066,
    0.00168,
    0.00247,
    0.0036,
    0.00565,
    0.00746,
    0.01092,
    0.01367,
    0.01854,
    0.02416,
    0.03329,
    0.0438,
    0.06205,
    0.08399,
    0.12198,
    0.19169,
    0.37379
  ],
  "West Ham": [
    0.06083,
    0.08702,
    0.10424,
    0.10719,
    0.10023,
    0.08923,
    0.0796,
    0.06892,
    0.05841,
    0.05107,
    0.04303,
    0.03725,
    0.03139,
    0.02465,
    0.01913,
    0.01516,
    0.01083,
    0.00706,
    0.00358,
    0.00118
  ],
  "Tottenham": [
    0.02604,
    0.04475,
    0.06289,
    0.07447,
    0.08234,
    0.08317,
    0.08337,
    0.08007,
    0.07415,
    0.06626,
    0.06117,
    0.05783,
    0.04945,
    0.04212,
    0.03471,
    0.02763,
    0.02137,
    0.01498,
    0.00928,
    0.00395
  ],
  "Man City": [
    0.27736,
    0.20692,
    0.1499,
    0.10565,
    0.07456,
    0.05279,
    0.03712,
    0.02667,
    0.02093,
    0.01515,
    0.01129,
    0.00769,
    0.00554,
    0.00321,
    0.00226,
    0.00147,
    0.0009,
    0.00045,
    0.00011,
    3e-05
  ]
}