{
  "Osasuna": [
    0.00191,
    0.01085,
    0.04189,
    0.09676,
    0.15367,
    0.17932,
    0.17157,
    0.14144,
    0.10242,
    0.06232,
    0.02506,
    0.00873,
    0.00293,
    0.00083,
    0.00023,
    5e-05,
    1e-05,
    1e-05,
    0.0,
    0.0
  ],
  "Sevilla": [
    0.0,
    0.0,
    0.0,
    0.0,
    2e-05,
    0.00018,
    0.00071,
    0.00224,
    0.00709,
    0.01902,
    0.04893,
    0.09009,
    0.14343,
    0.18747,
    0.18103,
    0.14424,
    0.10613,
    0.06651,
    0.00278,
    0.00013
  ],
  "Celta": [
    0.0,
    0.0,
    9e-05,
    0.00054,
    0.00169,
    0.00488,
    0.01238,
    0.02714,
    0.05513,
    0.10433,
    0.18636,
    0.21291,
    0.16818,
    0.10871,
    0.06352,
    0.03357,
    0.01512,
    0.00538,
    7e-05,
    0.0
  ],
  "Espanol": [
    0.0,
    0.0,
    3e-05,
    0.00019,
    0.00072,
    0.00206,
    0.00562,
    0.01416,
    0.0309,
    0.06933,
    0.13716,
    0.18578,
    0.20814,
    0.15199,
    0.09654,
    0.05507,
    0.03001,
    0.01204,
    0.00025,
    1e-05
  ],
  "Valladolid": [
    0.0,
    0.0,
    0.0,
    0.0,
    0.0,
    0.0,
    0.0,
    7e-05,
    0.00036,
    0.00126,
    0.00479,
    0.01393,
    0.0336,
    0.07064,
    0.11396,
    0.17722,
    0.26299,
    0.29371,
    0.02579,
    0.00168
  ],
  "Villarreal": [
    0.02318,
    0.07984,
    0.20081,
    0.27546,
    0.18347,
    0.1126,
    0.06468,
    0.03486,
    0.01642,
    0.00632,
    0.00182,
    0.00046,
    5e-05,
    3e-05,
    0.0,
    0.0,
    0.0,
    0.0,
    0.0,
    0.0
  ],
  "Barcelona": [
    0.35578,
    0.38743,
    0.16601,
    0.06038,
    0.02009,
    0.0068,
    0.0025,
    0.00079,
    0.00019,
    1e-05,
    2e-05,
    0.0,
    0.0,
    0.0,
    0.0,
    0.0,
    0.0,
    0.0,
    0.0,
    0.0
  ],
  "Vallecano": [
    0.00026,
    0.00185,
    0.0098,
    0.02909,
    0.06145,
    0.09936,
    0.13903,
    0.17629,
    0.1847,
    0.15198,
    0.08166,
    0.04015,
    0.01601,
    0.00608,
    0.00171,
    0.00047,
    8e-05,
    3e-05,
    0.0,
    0.0
  ],
  "Cadiz": [
    0.0,
    0.0,
    0.0,
    0.0,
    0.0,
    0.0,
    0.0,
    0.0,
    0.0,
    0.0,
    0.0,
    0.0,
    0.0,
    1e-05,
    1e-05,
    0.00013,
    0.00088,
    0.00968,
    0.26837,
    0.72092
  ],
  "Sociedad": [
    0.0,
    0.0,
    0.0,
    0.0,
    0.0,
    7e-05,
    0.00013,
    0.0004,
    0.00161,
    0.00568,
    0.01749,
    0.03916,
    0.07764,
    0.13243,
    0.18226,
    0.22345,
    0.18665,
    0.12439,
    0.00829,
    0.00035
  ],
  "Valencia": [
    0.00017,
    0.00132,
    0.00742,
    0.02298,
    0.04828,
    0.08439,
    0.12841,
    0.16682,
    0.18555,
    0.17038,
    0.09883,
    0.05165,
    0.02225,
    0.00807,
    0.00246,
    0.00084,
    0.00013,
    5e-05,
    0.0,
    0.0
  ],
  "Girona": [
    0.0,
    0.0,
    0.00014,
    0.00067,
    0.00253,
    0.00707,
    0.01664,
    0.03484,
    0.06913,
    0.12399,
    0.21398,
    0.20788,
    0.15115,
    0.09018,
    0.04984,
    0.02147,
    0.00832,
    0.00213,
    4e-05,
    0.0
  ],
  "Almeria": [
    0.0,
    0.0,
    0.0,
    0.0,
    4e-05,
    5e-05,
    0.0002,
    0.00098,
    0.00347,
    0.01049,
    0.03111,
    0.06529,
    0.11505,
    0.1708,
    0.20101,
    0.18127,
    0.13651,
    0.08033,
    0.00332,
    8e-05
  ],
  "Real Madrid": [
    0.54539,
    0.29913,
    0.10378,
    0.03505,
    0.01151,
    0.00359,
    0.00116,
    0.00037,
    1e-05,
    1e-05,
    0.0,
    0.0,
    0.0,
    0.0,
    0.0,
    0.0,
    0.0,
    0.0,
    0.0,
    0.0
  ],
  "Ath Bilbao": [
    0.00307,
    0.01689,
    0.05826,
    0.11748,
    0.17522,
    0.18541,
    0.16644,
    0.12436,
    0.08294,
    0.0441,
    0.01799,
    0.0059,
    0.00146,
    0.0003,
    0.00013,
    3e-05,
    2e-05,
    0.0,
    0.0,
    0.0
  ],
  "Mallorca": [
    0.00011,
    0.00072,
    0.00522,
    0.01725,
    0.03933,
    0.07228,
    0.11094,
    0.15426,
    0.18638,
    0.19088,
    0.11629,
    0.06045,
    0.02863,
    0.01122,
    0.00422,
    0.00125,
    0.00049,
    8e-05,
    0.0,
    0.0
  ],
  "Getafe": [
    0.0,
    0.0,
    0.0,
    0.0,
    0.0,
    0.0,
    0.0,
    9e-05,
    0.00024,
    0.00109,
    0.00423,
    0.01307,
    0.03009,
    0.06076,
    0.10246,
    0.15812,
    0.2423,
    0.35293,
    0.0322,
    0.00242
  ],
  "Ath Madrid": [
    0.00428,
    0.0215,
    0.07179,
    0.13707,
    0.19266,
    0.18655,
    0.15207,
    0.10847,
    0.06852,
    0.03698,
    0.01396,
    0.00448,
    0.00131,
    0.00028,
    4e-05,
    3e-05,
    1e-05,
    0.0,
    0.0,
    0.0
  ],
  "Betis": [
    0.06585,
    0.18047,
    0.33476,
    0.20708,
    0.10932,
    0.05539,
    0.02752,
    0.01242,
    0.00494,
    0.00183,
    0.00032,
    7e-05,
    3e-05,
    0.0,
    0.0,
    0.0,
    0.0,
    0.0,
    0.0,
    0.0
  ],
  "Elche": [
    0.0,
    0.0,
    0.0,
    0.0,
    0.0,
    0.0,
    0.0,
    0.0,
    0.0,
    0.0,
    0.0,
    0.0,
    5e-05,
    0.0002,
    0.00058,
    0.00279,
    0.01035,
    0.05273,
    0.65889,
    0.27441
  ]
}