{
  "Le Havre": [
    0.0,
    1e-05,
    1e-05,
    2e-05,
    0.0002,
    0.00089,
    0.00214,
    0.00515,
    0.01045,
    0.02067,
    0.03394,
    0.05448,
    0.08384,
    0.11624,
    0.15608,
    0.19471,
    0.21893,
    0.10224
  ],
  "Paris SG": [
    0.96907,
    0.02576,
    0.00408,
    0.00083,
    0.0002,
    6e-05,
    0.0,
    0.0,
    0.0,
    0.0,
    0.0,
    0.0,
    0.0,
    0.0,
    0.0,
    0.0,
    0.0,
    0.0
  ],
  "Brest": [
    0.0,
    6e-05,
    0.00046,
    0.0015,
    0.00395,
    0.01124,
    0.02287,
    0.04048,
    0.06477,
    0.08856,
    0.11343,
    0.13326,
    0.13945,
    0.12868,
    0.10645,
    0.07818,
    0.05099,
    0.01567
  ],
  "Marseille": [
    0.01051,
    0.31527,
    0.23692,
    0.18048,
    0.12556,
    0.06814,
    0.03333,
    0.01641,
    0.00807,
    0.00312,
    0.00134,
    0.00067,
    0.00011,
    4e-05,
    2e-05,
    1e-05,
    0.0,
    0.0
  ],
  "Reims": [
    0.00012,
    0.01099,
    0.02866,
    0.05252,
    0.09371,
    0.13955,
    0.16017,
    0.15195,
    0.12842,
    0.09276,
    0.06169,
    0.03804,
    0.02097,
    0.01165,
    0.00526,
    0.0026,
    0.00084,
    0.0001
  ],
  "Lille": [
    0.00412,
    0.16206,
    0.19223,
    0.20288,
    0.1799,
    0.11585,
    0.06868,
    0.03819,
    0.02059,
    0.00894,
    0.00395,
    0.00156,
    0.00058,
    0.00038,
    9e-05,
    0.0,
    0.0,
    0.0
  ],
  "Monaco": [
    0.00966,
    0.24336,
    0.22817,
    0.19773,
    0.14643,
    0.08683,
    0.0471,
    0.02379,
    0.00996,
    0.00417,
    0.00165,
    0.00078,
    0.00029,
    6e-05,
    2e-05,
    0.0,
    0.0,
    0.0
  ],
  "St Etienne": [
    0.0,
    0.0,
    0.0,
    5e-05,
    0.00015,
    0.00063,
    0.00185,
    0.00493,
    0.01068,
    0.02157,
    0.03612,
    0.06435,
    0.0952,
    0.12948,
    0.16712,
    0.19447,
    0.19423,
    0.07917
  ],
  "Auxerre": [
    3e-05,
    0.00477,
    0.01371,
    0.03078,
    0.05721,
    0.09618,
    0.12945,
    0.14795,
    0.15162,
    0.13,
    0.09565,
    0.06303,
    0.03859,
    0.02127,
    0.01161,
    0.00564,
    0.00211,
    0.0004
  ],
  "Nice": [
    0.00637,
    0.21215,
    0.22974,
    0.20008,
    0.15162,
    0.0941,
    0.05306,
    0.0283,
    0.01392,
    0.00666,
    0.00268,
    0.0008,
    0.00037,
    0.0001,
    4e-05,
    1e-05,
    0.0,
    0.0
  ],
  "Angers": [
    0.0,
    2e-05,
    8e-05,
    0.00071,
    0.00194,
    0.00562,
    0.01356,
    0.02569,
    0.04691,
    0.07836,
    0.10398,
    0.12841,
    0.13909,
    0.13747,
    0.12208,
    0.09939,
    0.07258,
    0.02411
  ],
  "Lens": [
    1e-05,
    0.00946,
    0.02536,
    0.05092,
    0.09272,
    0.1395,
    0.1546,
    0.15562,
    0.13286,
    0.09523,
    0.0639,
    0.03806,
    0.02116,
    0.01191,
    0.00549,
    0.00235,
    0.00079,
    6e-05
  ],
  "Montpellier": [
    0.0,
    0.0,
    0.0,
    0.0,
    0.0,
    1e-05,
    2e-05,
    8e-05,
    0.00029,
    0.00071,
    0.00228,
    0.00464,
    0.00942,
    0.02037,
    0.03834,
    0.07894,
    0.17766,
    0.66724
  ],
  "Strasbourg": [
    0.0,
    0.0003,
    0.00144,
    0.00502,
    0.01217,
    0.02798,
    0.04987,
    0.07379,
    0.10189,
    0.1334,
    0.14225,
    0.13021,
    0.1119,
    0.08554,
    0.0584,
    0.03963,
    0.02101,
    0.0052
  ],
  "Toulouse": [
    2e-05,
    0.00137,
    0.00489,
    0.01237,
    0.02607,
    0.05301,
    0.08266,
    0.10804,
    0.12678,
    0.14196,
    0.13337,
    0.10859,
    0.08148,
    0.05378,
    0.0349,
    0.01973,
    0.00898,
    0.002
  ],
  "Nantes": [
    0.0,
    0.0,
    3e-05,
    0.00013,
    0.0005,
    0.00174,
    0.00412,
    0.0094,
    0.01657,
    0.02966,
    0.04807,
    0.07435,
    0.1029,
    0.13372,
    0.16125,
    0.17156,
    0.16867,
    0.07733
  ],
  "Rennes": [
    0.0,
    2e-05,
    0.0001,
    0.00044,
    0.00179,
    0.00459,
    0.01094,
    0.02296,
    0.04039,
    0.06337,
    0.10208,
    0.12722,
    0.13763,
    0.14041,
    0.12849,
    0.1106,
    0.08255,
    0.02642
  ],
  "Lyon": [
    9e-05,
    0.0144,
    0.03412,
    0.06354,
    0.10588,
    0.15408,
    0.16558,
    0.14727,
    0.11583,
    0.08086,
    0.05362,
    0.03155,
    0.01702,
    0.0089,
    0.00436,
    0.00218,
    0.00066,
    6e-05
  ]
}