{
  "São Paulo / SP": [
    0.0,
    0.0,
    1e-05,
    0.00011,
    0.00031,
    0.00132,
    0.00417,
    0.01001,
    0.02079,
    0.03377,
    0.05185,
    0.07172,
    0.0948,
    0.11674,
    0.13431,
    0.15567,
    0.16756,
    0.10339,
    0.03246,
    0.00101
  ],
  "Sport / PE": [
    0.0,
    0.0,
    0.0,
    0.0,
    0.0,
    0.0,
    0.0,
    0.0,
    0.0,
    0.0,
    0.0,
    0.0,
    1e-05,
    1e-05,
    6e-05,
    0.00033,
    0.00197,
    0.01167,
    0.08454,
    0.90141
  ],
  "Cruzeiro / MG": [
    0.20757,
    0.49822,
    0.17845,
    0.07266,
    0.02947,
    0.00983,
    0.00278,
    0.0007,
    0.00025,
    5e-05,
    1e-05,
    1e-05,
    0.0,
    0.0,
    0.0,
    0.0,
    0.0,
    0.0,
    0.0,
    0.0
  ],
  "Mirassol / SP": [
    0.00055,
    0.00452,
    0.0259,
    0.05441,
    0.09777,
    0.1507,
    0.18622,
    0.16014,
    0.11742,
    0.07991,
    0.05267,
    0.03182,
    0.01915,
    0.01026,
    0.00537,
    0.00203,
    0.00091,
    0.00023,
    2e-05,
    0.0
  ],
  "Grêmio / RS": [
    0.0,
    0.0,
    5e-05,
    0.00023,
    0.00127,
    0.00407,
    0.01047,
    0.02348,
    0.04334,
    0.06597,
    0.09033,
    0.11891,
    0.13977,
    0.14817,
    0.1251,
    0.10638,
    0.07794,
    0.03645,
    0.00791,
    0.00016
  ],
  "Atlético Mineiro / MG": [
    0.00023,
    0.00255,
    0.01606,
    0.03904,
    0.07599,
    0.12672,
    0.17264,
    0.18352,
    0.1388,
    0.09579,
    0.06451,
    0.03977,
    0.02192,
    0.01207,
    0.00632,
    0.00288,
    0.00095,
    0.00023,
    1e-05,
    0.0
  ],
  "Fortaleza / CE": [
    0.0,
    0.0,
    0.0,
    0.0,
    0.0,
    2e-05,
    6e-05,
    0.00024,
    0.00095,
    0.00211,
    0.00471,
    0.00948,
    0.01703,
    0.02917,
    0.05896,
    0.10143,
    0.18418,
    0.37309,
    0.20352,
    0.01505
  ],
  "Fluminense / RJ": [
    3e-05,
    0.00062,
    0.00403,
    0.01274,
    0.02882,
    0.05719,
    0.09963,
    0.13441,
    0.15526,
    0.14393,
    0.11518,
    0.08906,
    0.06392,
    0.04498,
    0.02759,
    0.01463,
    0.0062,
    0.00153,
    0.00025,
    0.0
  ],
  "Juventude / RS": [
    0.0,
    0.0,
    0.0,
    0.0,
    0.0,
    0.0,
    0.0,
    0.0,
    2e-05,
    0.00022,
    0.00046,
    0.00092,
    0.00239,
    0.00553,
    0.01235,
    0.02958,
    0.0714,
    0.20149,
    0.59592,
    0.07972
  ],
  "Vitória / BA": [
    0.0,
    0.0,
    1e-05,
    3e-05,
    0.00025,
    0.0006,
    0.00224,
    0.00601,
    0.01332,
    0.0234,
    0.03965,
    0.05828,
    0.08441,
    0.11106,
    0.14007,
    0.16801,
    0.18958,
    0.1236,
    0.03762,
    0.00186
  ],
  "Flamengo / RJ": [
    0.73924,
    0.20288,
    0.04206,
    0.01171,
    0.0031,
    0.00075,
    0.00019,
    7e-05,
    0.0,
    0.0,
    0.0,
    0.0,
    0.0,
    0.0,
    0.0,
    0.0,
    0.0,
    0.0,
    0.0,
    0.0
  ],
  "Internacional / RS": [
    0.0,
    0.0,
    1e-05,
    0.0002,
    0.0007,
    0.00265,
    0.00649,
    0.01524,
    0.02892,
    0.04623,
    0.06774,
    0.09201,
    0.11388,
    0.13356,
    0.14868,
    0.14459,
    0.11773,
    0.06436,
    0.01672,
    0.00029
  ],
  "Palmeiras / SP": [
    0.0103,
    0.06089,
    0.16636,
    0.21615,
    0.22048,
    0.14956,
    0.08855,
    0.04668,
    0.02277,
    0.0102,
    0.00445,
    0.0021,
    0.00101,
    0.00038,
    9e-05,
    2e-05,
    1e-05,
    0.0,
    0.0,
    0.0
  ],
  "Botafogo / RJ": [
    0.02109,
    0.1089,
    0.25762,
    0.24331,
    0.17359,
    0.10137,
    0.05299,
    0.02399,
    0.01042,
    0.00401,
    0.00175,
    0.00062,
    0.00022,
    9e-05,
    3e-05,
    0.0,
    0.0,
    0.0,
    0.0,
    0.0
  ],
  "Vasco da Gama / RJ": [
    0.0,
    0.0,
    5e-05,
    0.00033,
    0.00108,
    0.00368,
    0.00921,
    0.02002,
    0.03581,
    0.05424,
    0.07714,
    0.09959,
    0.11921,
    0.12884,
    0.14044,
    0.13407,
    0.10445,
    0.05545,
    0.01596,
    0.00043
  ],
  "Santos / SP": [
    0.0,
    7e-05,
    0.00029,
    0.00178,
    0.00573,
    0.01644,
    0.03492,
    0.06252,
    0.09498,
    0.12297,
    0.13451,
    0.13235,
    0.11454,
    0.0979,
    0.07781,
    0.05675,
    0.03133,
    0.01266,
    0.00239,
    6e-05
  ],
  "Bahia / BA": [
    0.01976,
    0.10853,
    0.253,
    0.23475,
    0.17604,
    0.10453,
    0.05625,
    0.02712,
    0.01194,
    0.0047,
    0.00203,
    0.00084,
    0.00037,
    9e-05,
    4e-05,
    1e-05,
    0.0,
    0.0,
    0.0,
    0.0
  ],
  "Corinthians / SP": [
    0.0,
    9e-05,
    0.00114,
    0.0041,
    0.01134,
    0.02695,
    0.05205,
    0.08905,
    0.12543,
    0.14271,
    0.1364,
    0.11647,
    0.09334,
    0.07408,
    0.05886,
    0.03984,
    0.02038,
    0.00662,
    0.00114,
    1e-05
  ],
  "Red Bull Bragantino / SP": [
    0.00123,
    0.01265,
    0.05425,
    0.10533,
    0.1655,
    0.22124,
    0.17583,
    0.11941,
    0.07,
    0.0374,
    0.01941,
    0.01053,
    0.00425,
    0.00206,
    0.00058,
    0.00026,
    6e-05,
    1e-05,
    0.0,
    0.0
  ],
  "Ceará / CE": [
    0.0,
    8e-05,
    0.00071,
    0.00312,
    0.00856,
    0.02238,
    0.04531,
    0.07739,
    0.10958,
    0.13239,
    0.1372,
    0.12552,
    0.10978,
    0.08501,
    0.06334,
    0.04352,
    0.02535,
    0.00922,
    0.00154,
    0.0
  ]
}