{
  "Ath Bilbao": [
    0.0,
    0.0,
    0.00024,
    0.00138,
    0.00823,
    0.02291,
    0.05418,
    0.10836,
    0.21971,
    0.29069,
    0.14817,
    0.07962,
    0.0426,
    0.01826,
    0.00502,
    0.00057,
    6e-05,
    0.0,
    0.0,
    0.0
  ],
  "Barcelona": [
    0.62513,
    0.37312,
    0.00167,
    8e-05,
    0.0,
    0.0,
    0.0,
    0.0,
    0.0,
    0.0,
    0.0,
    0.0,
    0.0,
    0.0,
    0.0,
    0.0,
    0.0,
    0.0,
    0.0,
    0.0
  ],
  "Celta": [
    0.0,
    0.0,
    0.0,
    0.0,
    0.0,
    0.0,
    0.0,
    0.0,
    1e-05,
    0.00051,
    0.00229,
    0.00736,
    0.01748,
    0.04095,
    0.09084,
    0.21499,
    0.28018,
    0.188,
    0.11429,
    0.0431
  ],
  "Real Madrid": [
    0.37478,
    0.62299,
    0.00212,
    0.00011,
    0.0,
    0.0,
    0.0,
    0.0,
    0.0,
    0.0,
    0.0,
    0.0,
    0.0,
    0.0,
    0.0,
    0.0,
    0.0,
    0.0,
    0.0,
    0.0
  ],
  "Valencia": [
    0.0,
    0.0,
    0.0039,
    0.01558,
    0.05416,
    0.12106,
    0.18889,
    0.22712,
    0.19113,
    0.1261,
    0.04953,
    0.01617,
    0.00501,
    0.00122,
    0.00012,
    1e-05,
    0.0,
    0.0,
    0.0,
    0.0
  ],
  "Sociedad": [
    0.0,
    6e-05,
    0.05291,
    0.12668,
    0.22356,
    0.24341,
    0.1772,
    0.10645,
    0.05146,
    0.01481,
    0.00292,
    0.00048,
    6e-05,
    0.0,
    0.0,
    0.0,
    0.0,
    0.0,
    0.0,
    0.0
  ],
  "Mallorca": [
    0.0,
    0.0,
    0.0,
    0.0,
    0.0,
    0.0,
    0.0,
    0.0,
    0.0,
    1e-05,
    7e-05,
    0.00045,
    0.00137,
    0.0048,
    0.01632,
    0.06417,
    0.15685,
    0.27188,
    0.27746,
    0.20662
  ],
  "Eibar": [
    0.0,
    0.0,
    0.0,
    0.0,
    0.0,
    0.0,
    1e-05,
    3e-05,
    0.00018,
    0.00092,
    0.00397,
    0.01271,
    0.02982,
    0.06716,
    0.14949,
    0.30123,
    0.24452,
    0.11979,
    0.05283,
    0.01734
  ],
  "Leganes": [
    0.0,
    0.0,
    0.0,
    0.0,
    0.0,
    0.0,
    0.0,
    0.0,
    0.0,
    0.0,
    3e-05,
    8e-05,
    0.00041,
    0.0017,
    0.00705,
    0.03577,
    0.0845,
    0.18162,
    0.25382,
    0.43502
  ],
  "Osasuna": [
    0.0,
    0.0,
    0.0,
    1e-05,
    0.00014,
    0.0008,
    0.00266,
    0.00991,
    0.03708,
    0.09097,
    0.1572,
    0.19511,
    0.19356,
    0.16029,
    0.09943,
    0.03891,
    0.01161,
    0.00212,
    0.0002,
    0.0
  ],
  "Villarreal": [
    0.0,
    0.0,
    0.00686,
    0.02603,
    0.07605,
    0.13875,
    0.20071,
    0.22146,
    0.17752,
    0.10283,
    0.03707,
    0.01007,
    0.00223,
    0.00037,
    5e-05,
    0.0,
    0.0,
    0.0,
    0.0,
    0.0
  ],
  "Granada": [
    0.0,
    0.0,
    0.00268,
    0.01537,
    0.05579,
    0.11786,
    0.18444,
    0.20735,
    0.19792,
    0.15045,
    0.04841,
    0.01439,
    0.00412,
    0.0011,
    0.00012,
    0.0,
    0.0,
    0.0,
    0.0,
    0.0
  ],
  "Alaves": [
    0.0,
    0.0,
    0.0,
    0.0,
    1e-05,
    6e-05,
    0.00058,
    0.00249,
    0.0086,
    0.02749,
    0.10343,
    0.15838,
    0.19499,
    0.21863,
    0.18569,
    0.07482,
    0.02189,
    0.00268,
    0.00026,
    0.0
  ],
  "Levante": [
    0.0,
    0.0,
    0.0,
    8e-05,
    0.00044,
    0.0018,
    0.00634,
    0.01697,
    0.04266,
    0.09696,
    0.21887,
    0.21331,
    0.17489,
    0.12353,
    0.07173,
    0.02534,
    0.00611,
    0.00089,
    8e-05,
    0.0
  ],
  "Espanol": [
    0.0,
    0.0,
    0.0,
    0.0,
    0.0,
    0.0,
    0.0,
    0.0,
    0.0,
    0.0,
    1e-05,
    0.00024,
    0.00082,
    0.00326,
    0.01385,
    0.05405,
    0.11605,
    0.21532,
    0.2986,
    0.2978
  ],
  "Sevilla": [
    9e-05,
    0.0029,
    0.54882,
    0.27615,
    0.11,
    0.04214,
    0.01417,
    0.00418,
    0.00128,
    0.00025,
    2e-05,
    0.0,
    0.0,
    0.0,
    0.0,
    0.0,
    0.0,
    0.0,
    0.0,
    0.0
  ],
  "Betis": [
    0.0,
    0.0,
    0.0,
    0.0,
    0.00013,
    0.00075,
    0.00349,
    0.01279,
    0.03265,
    0.0722,
    0.1763,
    0.20043,
    0.19209,
    0.15554,
    0.10193,
    0.03824,
    0.01127,
    0.00194,
    0.00023,
    2e-05
  ],
  "Valladolid": [
    0.0,
    0.0,
    0.0,
    0.0,
    0.0,
    1e-05,
    0.0002,
    0.00127,
    0.00436,
    0.01488,
    0.04954,
    0.09075,
    0.14049,
    0.20319,
    0.25836,
    0.1519,
    0.06696,
    0.01576,
    0.00223,
    0.0001
  ],
  "Ath Madrid": [
    0.0,
    0.00081,
    0.30117,
    0.36485,
    0.1924,
    0.09133,
    0.0354,
    0.01115,
    0.00253,
    0.00029,
    6e-05,
    1e-05,
    0.0,
    0.0,
    0.0,
    0.0,
    0.0,
    0.0,
    0.0,
    0.0
  ],
  "Getafe": [
    0.0,
    0.00012,
    0.07963,
    0.17368,
    0.27909,
    0.21912,
    0.13173,
    0.07047,
    0.03291,
    0.01064,
    0.00211,
    0.00044,
    6e-05,
    0.0,
    0.0,
    0.0,
    0.0,
    0.0,
    0.0,
    0.0
  ]
}