{
  "Fiorentina": [
    0.0,
    0.0,
    0.0,
    0.0,
    0.0,
    0.0,
    0.0,
    0.00173,
    0.00603,
    0.02033,
    0.04601,
    0.08457,
    0.12634,
    0.19651,
    0.18832,
    0.1761,
    0.11744,
    0.03484,
    0.00177,
    1e-05
  ],
  "Torino": [
    0.0,
    0.0,
    0.0,
    0.0,
    0.0,
    0.0,
    0.0,
    0.00016,
    0.00076,
    0.00425,
    0.0122,
    0.02965,
    0.05374,
    0.08411,
    0.11672,
    0.17614,
    0.37009,
    0.12426,
    0.02681,
    0.00111
  ],
  "Verona": [
    0.0,
    0.0,
    0.0,
    0.0,
    0.0,
    0.00013,
    0.00438,
    0.37698,
    0.3407,
    0.16271,
    0.07338,
    0.02814,
    0.00969,
    0.00279,
    0.00094,
    0.00015,
    1e-05,
    0.0,
    0.0,
    0.0
  ],
  "Roma": [
    0.0,
    0.002,
    0.0095,
    0.03118,
    0.09358,
    0.32867,
    0.52864,
    0.00617,
    0.00026,
    0.0,
    0.0,
    0.0,
    0.0,
    0.0,
    0.0,
    0.0,
    0.0,
    0.0,
    0.0,
    0.0
  ],
  "Parma": [
    0.0,
    0.0,
    0.0,
    0.0,
    0.0,
    0.0,
    0.0,
    0.0,
    0.0,
    0.0,
    0.0,
    1e-05,
    0.00011,
    0.00041,
    0.00157,
    0.00643,
    0.04535,
    0.22848,
    0.56794,
    0.1497
  ],
  "Napoli": [
    0.00044,
    0.09583,
    0.184,
    0.25709,
    0.29131,
    0.13235,
    0.03893,
    5e-05,
    0.0,
    0.0,
    0.0,
    0.0,
    0.0,
    0.0,
    0.0,
    0.0,
    0.0,
    0.0,
    0.0,
    0.0
  ],
  "Genoa": [
    0.0,
    0.0,
    0.0,
    0.0,
    0.0,
    0.0,
    0.0,
    0.00383,
    0.01476,
    0.04748,
    0.10172,
    0.15653,
    0.20128,
    0.17085,
    0.15635,
    0.10335,
    0.03935,
    0.00442,
    8e-05,
    0.0
  ],
  "Crotone": [
    0.0,
    0.0,
    0.0,
    0.0,
    0.0,
    0.0,
    0.0,
    0.0,
    0.0,
    0.0,
    0.0,
    0.0,
    0.0,
    0.0,
    2e-05,
    0.00028,
    0.00196,
    0.02534,
    0.15021,
    0.82219
  ],
  "Sassuolo": [
    0.0,
    0.0,
    0.0,
    0.0,
    0.0,
    0.00027,
    0.00632,
    0.44349,
    0.30565,
    0.14757,
    0.06264,
    0.02328,
    0.00802,
    0.00221,
    0.00048,
    7e-05,
    0.0,
    0.0,
    0.0,
    0.0
  ],
  "Cagliari": [
    0.0,
    0.0,
    0.0,
    0.0,
    0.0,
    0.0,
    0.0,
    0.0,
    0.0,
    2e-05,
    0.00013,
    0.00089,
    0.00248,
    0.00855,
    0.01767,
    0.03816,
    0.11892,
    0.53523,
    0.25099,
    0.02696
  ],
  "Juventus": [
    0.00245,
    0.27495,
    0.26317,
    0.23034,
    0.16808,
    0.05205,
    0.00895,
    1e-05,
    0.0,
    0.0,
    0.0,
    0.0,
    0.0,
    0.0,
    0.0,
    0.0,
    0.0,
    0.0,
    0.0,
    0.0
  ],
  "Sampdoria": [
    0.0,
    0.0,
    0.0,
    0.0,
    0.0,
    0.0,
    0.00042,
    0.11577,
    0.1871,
    0.27139,
    0.20324,
    0.12039,
    0.06088,
    0.02535,
    0.01141,
    0.0036,
    0.00044,
    1e-05,
    0.0,
    0.0
  ],
  "Milan": [
    0.00196,
    0.31581,
    0.2635,
    0.20728,
    0.15062,
    0.05067,
    0.01016,
    0.0,
    0.0,
    0.0,
    0.0,
    0.0,
    0.0,
    0.0,
    0.0,
    0.0,
    0.0,
    0.0,
    0.0,
    0.0
  ],
  "Bologna": [
    0.0,
    0.0,
    0.0,
    0.0,
    0.0,
    0.0,
    2e-05,
    0.02923,
    0.07989,
    0.16933,
    0.21922,
    0.18539,
    0.13413,
    0.08784,
    0.05752,
    0.02886,
    0.00832,
    0.00023,
    2e-05,
    0.0
  ],
  "Atalanta": [
    0.00123,
    0.29688,
    0.25279,
    0.21417,
    0.16105,
    0.0599,
    0.01397,
    1e-05,
    0.0,
    0.0,
    0.0,
    0.0,
    0.0,
    0.0,
    0.0,
    0.0,
    0.0,
    0.0,
    0.0,
    0.0
  ],
  "Lazio": [
    1e-05,
    0.00897,
    0.02658,
    0.05987,
    0.13536,
    0.37596,
    0.3882,
    0.00481,
    0.00024,
    0.0,
    0.0,
    0.0,
    0.0,
    0.0,
    0.0,
    0.0,
    0.0,
    0.0,
    0.0,
    0.0
  ],
  "Benevento": [
    0.0,
    0.0,
    0.0,
    0.0,
    0.0,
    0.0,
    0.0,
    0.00051,
    0.00319,
    0.0131,
    0.03319,
    0.06894,
    0.10956,
    0.13982,
    0.17475,
    0.24321,
    0.17742,
    0.03439,
    0.00189,
    3e-05
  ],
  "Inter": [
    0.99391,
    0.00556,
    0.00046,
    7e-05,
    0.0,
    0.0,
    0.0,
    0.0,
    0.0,
    0.0,
    0.0,
    0.0,
    0.0,
    0.0,
    0.0,
    0.0,
    0.0,
    0.0,
    0.0,
    0.0
  ],
  "Spezia": [
    0.0,
    0.0,
    0.0,
    0.0,
    0.0,
    0.0,
    0.0,
    0.00086,
    0.0046,
    0.01719,
    0.04199,
    0.08456,
    0.14112,
    0.17835,
    0.21649,
    0.19354,
    0.1095,
    0.01156,
    0.00024,
    0.0
  ],
  "Udinese": [
    0.0,
    0.0,
    0.0,
    0.0,
    0.0,
    0.0,
    1e-05,
    0.01639,
    0.05682,
    0.14663,
    0.20628,
    0.21765,
    0.15265,
    0.10321,
    0.05776,
    0.03011,
    0.0112,
    0.00124,
    5e-05,
    0.0
  ]
}