{
  "Bayern Munich": [
    0.04451,
    0.16904,
    0.24047,
    0.26272,
    0.16811,
    0.07004,
    0.02924,
    0.01083,
    0.00339,
    0.00127,
    0.00028,
    8e-05,
    2e-05,
    0.0,
    0.0,
    0.0,
    0.0,
    0.0
  ],
  "Hertha": [
    0.0,
    0.0,
    0.0,
    0.0,
    6e-05,
    0.00043,
    0.00197,
    0.00585,
    0.01345,
    0.02948,
    0.06082,
    0.11654,
    0.20303,
    0.22481,
    0.16849,
    0.10369,
    0.05288,
    0.0185
  ],
  "Dortmund": [
    0.07284,
    0.25194,
    0.28366,
    0.20741,
    0.11006,
    0.04761,
    0.01802,
    0.00572,
    0.00185,
    0.00068,
    0.00014,
    6e-05,
    1e-05,
    0.0,
    0.0,
    0.0,
    0.0,
    0.0
  ],
  "Augsburg": [
    0.0,
    4e-05,
    0.00025,
    0.00123,
    0.00526,
    0.01704,
    0.0393,
    0.07914,
    0.12426,
    0.16991,
    0.20648,
    0.17339,
    0.10307,
    0.04993,
    0.0214,
    0.00711,
    0.00182,
    0.00037
  ],
  "Freiburg": [
    0.00062,
    0.00762,
    0.02671,
    0.06992,
    0.13557,
    0.21424,
    0.21412,
    0.14868,
    0.09304,
    0.0519,
    0.02432,
    0.00961,
    0.0028,
    0.00072,
    0.00012,
    1e-05,
    0.0,
    0.0
  ],
  "Mainz": [
    0.0,
    0.0,
    0.0,
    0.0,
    0.0,
    0.00011,
    0.00042,
    0.00117,
    0.00345,
    0.01049,
    0.02544,
    0.06034,
    0.12,
    0.17912,
    0.21984,
    0.18781,
    0.12878,
    0.06303
  ],
  "Leverkusen": [
    0.00055,
    0.00731,
    0.02513,
    0.06845,
    0.14126,
    0.22624,
    0.20758,
    0.14365,
    0.08877,
    0.05156,
    0.02529,
    0.01031,
    0.00296,
    0.00079,
    0.00014,
    1e-05,
    0.0,
    0.0
  ],
  "Paderborn": [
    0.0,
    0.0,
    0.0,
    0.0,
    0.0,
    0.0,
    0.0,
    1e-05,
    6e-05,
    0.0003,
    0.00097,
    0.004,
    0.01288,
    0.03321,
    0.07112,
    0.13573,
    0.24249,
    0.49923
  ],
  "Werder Bremen": [
    0.0,
    0.0,
    1e-05,
    1e-05,
    0.00016,
    0.00083,
    0.00295,
    0.00834,
    0.01975,
    0.03844,
    0.07303,
    0.13057,
    0.20552,
    0.20811,
    0.1536,
    0.09278,
    0.04849,
    0.01741
  ],
  "Fortuna Dusseldorf": [
    0.0,
    0.0,
    0.0,
    0.0,
    0.0,
    2e-05,
    2e-05,
    0.00021,
    0.00073,
    0.00291,
    0.00766,
    0.02177,
    0.05302,
    0.10435,
    0.17702,
    0.23813,
    0.23778,
    0.15638
  ],
  "Wolfsburg": [
    0.0,
    0.0006,
    0.00316,
    0.01144,
    0.03687,
    0.08908,
    0.14526,
    0.19137,
    0.18137,
    0.14616,
    0.10307,
    0.05852,
    0.0229,
    0.00772,
    0.00197,
    0.00043,
    8e-05,
    0.0
  ],
  "FC Koln": [
    0.0,
    0.0,
    0.0,
    0.0,
    0.0,
    0.0,
    1e-05,
    4e-05,
    0.00027,
    0.00104,
    0.00379,
    0.01108,
    0.03141,
    0.07052,
    0.13723,
    0.21724,
    0.28295,
    0.24442
  ],
  "M'gladbach": [
    0.10977,
    0.35962,
    0.25792,
    0.16187,
    0.07456,
    0.02528,
    0.00803,
    0.00215,
    0.00059,
    0.00015,
    4e-05,
    2e-05,
    0.0,
    0.0,
    0.0,
    0.0,
    0.0,
    0.0
  ],
  "Schalke 04": [
    0.00613,
    0.04982,
    0.10605,
    0.18525,
    0.28036,
    0.18646,
    0.10119,
    0.04794,
    0.02277,
    0.00955,
    0.00337,
    0.00082,
    0.00024,
    5e-05,
    0.0,
    0.0,
    0.0,
    0.0
  ],
  "Ein Frankfurt": [
    0.0,
    0.00027,
    0.00141,
    0.00617,
    0.0232,
    0.06294,
    0.11323,
    0.16199,
    0.18027,
    0.16979,
    0.13163,
    0.08318,
    0.04118,
    0.01728,
    0.00571,
    0.00137,
    0.00034,
    4e-05
  ],
  "Hoffenheim": [
    0.0,
    1e-05,
    8e-05,
    0.00064,
    0.00254,
    0.00973,
    0.02535,
    0.05213,
    0.08996,
    0.1313,
    0.18136,
    0.21875,
    0.15053,
    0.08308,
    0.03642,
    0.01361,
    0.00394,
    0.00057
  ],
  "Union Berlin": [
    0.0,
    0.00013,
    0.00098,
    0.00466,
    0.01663,
    0.04911,
    0.09312,
    0.14075,
    0.17602,
    0.18507,
    0.15231,
    0.10096,
    0.05043,
    0.02031,
    0.00694,
    0.00208,
    0.00045,
    5e-05
  ],
  "RB Leipzig": [
    0.76558,
    0.1536,
    0.05417,
    0.02023,
    0.00536,
    0.00084,
    0.00019,
    3e-05,
    0.0,
    0.0,
    0.0,
    0.0,
    0.0,
    0.0,
    0.0,
    0.0,
    0.0,
    0.0
  ]
}