{
  "Bayern Munich": [
    0.75209,
    0.1699,
    0.05881,
    0.01425,
    0.00373,
    0.00077,
    0.00034,
    9e-05,
    2e-05,
    0.0,
    0.0,
    0.0,
    0.0,
    0.0,
    0.0,
    0.0,
    0.0,
    0.0
  ],
  "Schalke 04": [
    0.0,
    0.0,
    0.0,
    0.0,
    0.0,
    0.0,
    0.0,
    0.0,
    0.0,
    0.0,
    1e-05,
    3e-05,
    0.00011,
    0.00048,
    0.00246,
    0.01606,
    0.45112,
    0.52973
  ],
  "Ein Frankfurt": [
    0.00083,
    0.01318,
    0.04674,
    0.10288,
    0.14321,
    0.16579,
    0.18451,
    0.17298,
    0.10739,
    0.04485,
    0.01269,
    0.00375,
    0.00092,
    0.00023,
    4e-05,
    1e-05,
    0.0,
    0.0
  ],
  "Bielefeld": [
    0.0,
    0.0,
    0.0,
    0.0,
    2e-05,
    0.0001,
    0.00023,
    0.00147,
    0.00744,
    0.02367,
    0.06023,
    0.09793,
    0.13957,
    0.18452,
    0.23178,
    0.24309,
    0.00947,
    0.00048
  ],
  "FC Koln": [
    0.0,
    0.0,
    0.0,
    0.0,
    0.0,
    2e-05,
    9e-05,
    0.00041,
    0.00242,
    0.00993,
    0.02959,
    0.05887,
    0.09444,
    0.15059,
    0.23659,
    0.39017,
    0.02487,
    0.00201
  ],
  "Hoffenheim": [
    0.0,
    0.0,
    0.0,
    5e-05,
    0.00032,
    0.00101,
    0.00339,
    0.01082,
    0.03494,
    0.09374,
    0.17653,
    0.19339,
    0.18255,
    0.14514,
    0.10393,
    0.05285,
    0.00132,
    2e-05
  ],
  "Stuttgart": [
    0.0,
    8e-05,
    0.00058,
    0.0028,
    0.00839,
    0.01953,
    0.03987,
    0.08593,
    0.18711,
    0.29737,
    0.17234,
    0.09514,
    0.05193,
    0.02514,
    0.01073,
    0.00304,
    2e-05,
    0.0
  ],
  "Freiburg": [
    2e-05,
    0.00062,
    0.00339,
    0.01238,
    0.02829,
    0.05373,
    0.09422,
    0.16676,
    0.29303,
    0.19397,
    0.08654,
    0.03951,
    0.01754,
    0.00662,
    0.00281,
    0.00057,
    0.0,
    0.0
  ],
  "Union Berlin": [
    0.00209,
    0.01524,
    0.05224,
    0.1224,
    0.15799,
    0.17598,
    0.17759,
    0.1578,
    0.09192,
    0.03463,
    0.00862,
    0.00256,
    0.00071,
    0.00019,
    4e-05,
    0.0,
    0.0,
    0.0
  ],
  "Augsburg": [
    0.0,
    0.0,
    1e-05,
    0.00012,
    0.00038,
    0.00136,
    0.00397,
    0.01302,
    0.04464,
    0.11139,
    0.18197,
    0.18658,
    0.16771,
    0.13804,
    0.09725,
    0.05245,
    0.00107,
    4e-05
  ],
  "Werder Bremen": [
    0.0,
    0.0,
    0.0,
    1e-05,
    0.00018,
    0.00065,
    0.00239,
    0.00862,
    0.03201,
    0.08373,
    0.15281,
    0.17798,
    0.17548,
    0.16041,
    0.12739,
    0.07613,
    0.00215,
    6e-05
  ],
  "Hertha": [
    0.0,
    0.0,
    1e-05,
    0.0,
    5e-05,
    0.00022,
    0.00071,
    0.00299,
    0.01582,
    0.04693,
    0.10528,
    0.14093,
    0.1682,
    0.1876,
    0.18329,
    0.14214,
    0.00559,
    0.00024
  ],
  "Dortmund": [
    0.00151,
    0.0205,
    0.06708,
    0.14447,
    0.17322,
    0.17764,
    0.17049,
    0.14216,
    0.07233,
    0.02371,
    0.00513,
    0.0014,
    0.00027,
    8e-05,
    1e-05,
    0.0,
    0.0,
    0.0
  ],
  "M'gladbach": [
    0.00153,
    0.01925,
    0.06813,
    0.14919,
    0.17475,
    0.18317,
    0.16554,
    0.13629,
    0.06996,
    0.02449,
    0.00589,
    0.00137,
    0.00035,
    9e-05,
    0.0,
    0.0,
    0.0,
    0.0
  ],
  "RB Leipzig": [
    0.14727,
    0.47129,
    0.24241,
    0.08206,
    0.03429,
    0.01453,
    0.00578,
    0.00177,
    0.00056,
    4e-05,
    0.0,
    0.0,
    0.0,
    0.0,
    0.0,
    0.0,
    0.0,
    0.0
  ],
  "Mainz": [
    0.0,
    0.0,
    0.0,
    0.0,
    0.0,
    0.0,
    0.0,
    0.0,
    0.0,
    0.0,
    0.0,
    3e-05,
    0.00016,
    0.00084,
    0.00368,
    0.02348,
    0.50439,
    0.46742
  ],
  "Wolfsburg": [
    0.00446,
    0.04155,
    0.11837,
    0.20523,
    0.19269,
    0.16518,
    0.13118,
    0.08975,
    0.03756,
    0.01107,
    0.00233,
    0.00053,
    6e-05,
    3e-05,
    0.0,
    1e-05,
    0.0,
    0.0
  ],
  "Leverkusen": [
    0.0902,
    0.24839,
    0.34223,
    0.16416,
    0.08249,
    0.04032,
    0.0197,
    0.00914,
    0.00285,
    0.00048,
    4e-05,
    0.0,
    0.0,
    0.0,
    0.0,
    0.0,
    0.0,
    0.0
  ]
}