{
  "Bayern Munich": [
    0.03371,
    0.31318,
    0.25304,
    0.18075,
    0.10609,
    0.05682,
    0.02937,
    0.0157,
    0.00693,
    0.0029,
    0.00111,
    0.00032,
    8e-05,
    0.0,
    0.0,
    0.0,
    0.0,
    0.0
  ],
  "Schalke 04": [
    0.0,
    0.0,
    0.0,
    0.0,
    0.0,
    4e-05,
    9e-05,
    0.0004,
    0.00085,
    0.00235,
    0.00626,
    0.01577,
    0.03622,
    0.07619,
    0.15089,
    0.20639,
    0.24579,
    0.25876
  ],
  "Ein Frankfurt": [
    2e-05,
    0.00254,
    0.00852,
    0.02012,
    0.0413,
    0.0699,
    0.10093,
    0.13259,
    0.15595,
    0.15103,
    0.12741,
    0.09329,
    0.05541,
    0.02797,
    0.00934,
    0.00288,
    0.00071,
    9e-05
  ],
  "Bielefeld": [
    0.0,
    0.0,
    0.0,
    0.0,
    2e-05,
    5e-05,
    0.00032,
    0.00081,
    0.00221,
    0.00571,
    0.0135,
    0.0294,
    0.05957,
    0.11726,
    0.20401,
    0.21811,
    0.19836,
    0.15067
  ],
  "FC Koln": [
    0.0,
    0.0,
    0.0,
    0.0,
    0.0,
    0.0,
    4e-05,
    0.00012,
    0.00027,
    0.0008,
    0.00259,
    0.00744,
    0.01861,
    0.0491,
    0.1117,
    0.18075,
    0.25538,
    0.3732
  ],
  "Hoffenheim": [
    0.0,
    7e-05,
    0.00025,
    0.00122,
    0.00318,
    0.00864,
    0.01788,
    0.03337,
    0.05947,
    0.09125,
    0.13301,
    0.17519,
    0.18673,
    0.15347,
    0.08062,
    0.03641,
    0.01477,
    0.00447
  ],
  "Stuttgart": [
    1e-05,
    0.0015,
    0.00467,
    0.01257,
    0.02772,
    0.05148,
    0.07956,
    0.1132,
    0.14274,
    0.1588,
    0.1505,
    0.11735,
    0.07821,
    0.04112,
    0.01494,
    0.00433,
    0.00111,
    0.00019
  ],
  "Freiburg": [
    0.0,
    0.0,
    6e-05,
    0.0003,
    0.00109,
    0.00363,
    0.00828,
    0.01725,
    0.03425,
    0.05807,
    0.09677,
    0.14255,
    0.18916,
    0.20338,
    0.12666,
    0.07134,
    0.03422,
    0.01299
  ],
  "Union Berlin": [
    0.00066,
    0.01792,
    0.043,
    0.07836,
    0.1193,
    0.15012,
    0.16227,
    0.14406,
    0.11091,
    0.07982,
    0.04981,
    0.02681,
    0.01183,
    0.00396,
    0.00099,
    0.00017,
    1e-05,
    0.0
  ],
  "Augsburg": [
    0.00014,
    0.00813,
    0.02294,
    0.04754,
    0.08871,
    0.12603,
    0.15246,
    0.15805,
    0.13558,
    0.10504,
    0.07347,
    0.04559,
    0.02391,
    0.00896,
    0.0027,
    0.00064,
    0.0001,
    1e-05
  ],
  "Werder Bremen": [
    0.0,
    0.00079,
    0.00319,
    0.00921,
    0.02251,
    0.04291,
    0.07015,
    0.10015,
    0.13601,
    0.15811,
    0.16032,
    0.13096,
    0.0897,
    0.04908,
    0.01795,
    0.00693,
    0.00172,
    0.00031
  ],
  "Hertha": [
    0.0,
    1e-05,
    0.00015,
    0.00062,
    0.00206,
    0.00572,
    0.01314,
    0.02664,
    0.04782,
    0.07893,
    0.11792,
    0.16494,
    0.19021,
    0.16811,
    0.09785,
    0.05263,
    0.02481,
    0.00844
  ],
  "Dortmund": [
    0.01578,
    0.22468,
    0.23922,
    0.21246,
    0.13814,
    0.08186,
    0.04565,
    0.02353,
    0.0114,
    0.00494,
    0.00168,
    0.00056,
    7e-05,
    3e-05,
    0.0,
    0.0,
    0.0,
    0.0
  ],
  "M'gladbach": [
    0.00042,
    0.02136,
    0.05086,
    0.09086,
    0.13956,
    0.1727,
    0.16237,
    0.13127,
    0.09469,
    0.06349,
    0.0391,
    0.02015,
    0.00902,
    0.00336,
    0.00062,
    0.00015,
    2e-05,
    0.0
  ],
  "RB Leipzig": [
    0.02075,
    0.28901,
    0.25317,
    0.19167,
    0.11949,
    0.06419,
    0.03313,
    0.01671,
    0.00731,
    0.00307,
    0.00119,
    0.00024,
    6e-05,
    1e-05,
    0.0,
    0.0,
    0.0,
    0.0
  ],
  "Mainz": [
    0.0,
    0.0,
    0.0,
    1e-05,
    1e-05,
    3e-05,
    0.00016,
    0.00043,
    0.00154,
    0.00397,
    0.00986,
    0.02295,
    0.04893,
    0.09737,
    0.18163,
    0.21924,
    0.223,
    0.19087
  ],
  "Wolfsburg": [
    0.00232,
    0.06209,
    0.10947,
    0.15132,
    0.19028,
    0.16583,
    0.12416,
    0.08571,
    0.05207,
    0.03172,
    0.0155,
    0.00649,
    0.00228,
    0.00063,
    0.0001,
    3e-05,
    0.0,
    0.0
  ],
  "Leverkusen": [
    0.92619,
    0.05872,
    0.01146,
    0.00299,
    0.00054,
    5e-05,
    4e-05,
    1e-05,
    0.0,
    0.0,
    0.0,
    0.0,
    0.0,
    0.0,
    0.0,
    0.0,
    0.0,
    0.0
  ]
}