{
  "Fluminense / RJ": [
    0.02342,
    0.23872,
    0.20948,
    0.18705,
    0.17091,
    0.09997,
    0.0478,
    0.01612,
    0.00473,
    0.0013,
    0.0003,
    0.00015,
    5e-05,
    0.0,
    0.0,
    0.0,
    0.0,
    0.0,
    0.0,
    0.0
  ],
  "Santos / SP": [
    6e-05,
    0.00131,
    0.00551,
    0.01545,
    0.03482,
    0.07485,
    0.14621,
    0.21746,
    0.17558,
    0.12271,
    0.0831,
    0.05513,
    0.03466,
    0.01898,
    0.00906,
    0.00363,
    0.00114,
    0.00029,
    5e-05,
    0.0
  ],
  "Atlético Goianiense / GO": [
    0.0,
    0.0,
    0.0,
    0.0,
    0.0,
    3e-05,
    2e-05,
    0.00013,
    0.00035,
    0.0011,
    0.00236,
    0.00515,
    0.01052,
    0.02077,
    0.0405,
    0.07795,
    0.13331,
    0.22162,
    0.36544,
    0.12075
  ],
  "Flamengo / RJ": [
    0.02717,
    0.2508,
    0.24377,
    0.20782,
    0.13281,
    0.08282,
    0.03779,
    0.01213,
    0.00344,
    0.00107,
    0.00029,
    8e-05,
    1e-05,
    0.0,
    0.0,
    0.0,
    0.0,
    0.0,
    0.0,
    0.0
  ],
  "Palmeiras / SP": [
    0.90849,
    0.07118,
    0.01515,
    0.00406,
    0.0008,
    0.00026,
    6e-05,
    0.0,
    0.0,
    0.0,
    0.0,
    0.0,
    0.0,
    0.0,
    0.0,
    0.0,
    0.0,
    0.0,
    0.0,
    0.0
  ],
  "Ceará / CE": [
    0.0,
    1e-05,
    3e-05,
    8e-05,
    0.00048,
    0.0019,
    0.00802,
    0.02401,
    0.04351,
    0.0661,
    0.09172,
    0.11353,
    0.1366,
    0.14911,
    0.137,
    0.1069,
    0.06917,
    0.03655,
    0.01389,
    0.00139
  ],
  "Coritiba / PR": [
    0.0,
    0.0,
    0.0,
    0.0,
    0.0,
    8e-05,
    0.00026,
    0.00178,
    0.00544,
    0.01203,
    0.02154,
    0.03767,
    0.05698,
    0.0892,
    0.13354,
    0.17541,
    0.19327,
    0.16033,
    0.09465,
    0.01782
  ],
  "Goiás / GO": [
    0.0,
    0.0002,
    0.00086,
    0.00277,
    0.00935,
    0.02435,
    0.06645,
    0.13705,
    0.16349,
    0.1577,
    0.1335,
    0.10711,
    0.08254,
    0.05655,
    0.03391,
    0.01641,
    0.00591,
    0.00155,
    0.0003,
    0.0
  ],
  "Atlético Mineiro / MG": [
    0.00025,
    0.00763,
    0.02239,
    0.04922,
    0.09805,
    0.1728,
    0.28121,
    0.17277,
    0.09247,
    0.05005,
    0.02703,
    0.01411,
    0.00745,
    0.00285,
    0.0013,
    0.00036,
    4e-05,
    0.0,
    2e-05,
    0.0
  ],
  "Internacional / RS": [
    0.02322,
    0.2123,
    0.2016,
    0.18784,
    0.17978,
    0.10971,
    0.0552,
    0.02099,
    0.00653,
    0.00179,
    0.00072,
    0.00026,
    5e-05,
    1e-05,
    0.0,
    0.0,
    0.0,
    0.0,
    0.0,
    0.0
  ],
  "Botafogo / RJ": [
    0.0,
    0.0,
    0.0,
    1e-05,
    6e-05,
    0.00057,
    0.00279,
    0.00925,
    0.01931,
    0.03292,
    0.05106,
    0.07347,
    0.10112,
    0.13999,
    0.16754,
    0.15709,
    0.12598,
    0.08124,
    0.03523,
    0.00237
  ],
  "Corinthians / SP": [
    0.01489,
    0.17657,
    0.21261,
    0.20856,
    0.17098,
    0.12858,
    0.05901,
    0.01986,
    0.00635,
    0.00195,
    0.00045,
    0.00015,
    4e-05,
    0.0,
    0.0,
    0.0,
    0.0,
    0.0,
    0.0,
    0.0
  ],
  "Fortaleza / CE": [
    0.0,
    2e-05,
    0.00015,
    0.0007,
    0.00223,
    0.00942,
    0.03096,
    0.0677,
    0.10418,
    0.12808,
    0.13845,
    0.14226,
    0.12919,
    0.103,
    0.07145,
    0.04154,
    0.02014,
    0.00851,
    0.00192,
    0.0001
  ],
  "Cuiabá / MT": [
    0.0,
    0.0,
    0.0,
    0.0,
    3e-05,
    8e-05,
    0.00039,
    0.0021,
    0.00548,
    0.01134,
    0.01916,
    0.03383,
    0.0555,
    0.08713,
    0.12939,
    0.17534,
    0.19216,
    0.16982,
    0.1042,
    0.01405
  ],
  "São Paulo / SP": [
    0.0,
    1e-05,
    0.00016,
    0.00048,
    0.00205,
    0.00908,
    0.03146,
    0.0692,
    0.10607,
    0.12964,
    0.14194,
    0.1384,
    0.12283,
    0.10068,
    0.07064,
    0.04241,
    0.02294,
    0.00934,
    0.00253,
    0.00014
  ],
  "Athletico Paranaense / PR": [
    0.0025,
    0.04118,
    0.08761,
    0.13377,
    0.19001,
    0.26284,
    0.16217,
    0.07079,
    0.02974,
    0.01171,
    0.0049,
    0.0018,
    0.00069,
    0.00024,
    2e-05,
    3e-05,
    0.0,
    0.0,
    0.0,
    0.0
  ],
  "Avaí / SC": [
    0.0,
    0.0,
    0.0,
    0.0,
    0.0,
    2e-05,
    4e-05,
    0.00043,
    0.00117,
    0.00295,
    0.00608,
    0.01256,
    0.02285,
    0.04146,
    0.06972,
    0.11869,
    0.18062,
    0.24869,
    0.23343,
    0.06129
  ],
  "América / MG": [
    0.0,
    4e-05,
    0.0005,
    0.00159,
    0.00488,
    0.01472,
    0.04461,
    0.10168,
    0.13997,
    0.14904,
    0.1413,
    0.12404,
    0.10308,
    0.07847,
    0.05181,
    0.02713,
    0.01209,
    0.00419,
    0.00083,
    3e-05
  ],
  "Juventude / RS": [
    0.0,
    0.0,
    0.0,
    0.0,
    0.0,
    0.0,
    0.0,
    0.0,
    0.0,
    1e-05,
    2e-05,
    8e-05,
    0.00023,
    0.00077,
    0.00187,
    0.00629,
    0.01712,
    0.04695,
    0.14471,
    0.78195
  ],
  "Red Bull Bragantino / SP": [
    0.0,
    3e-05,
    0.00018,
    0.0006,
    0.00276,
    0.00792,
    0.02555,
    0.05655,
    0.09219,
    0.11851,
    0.13608,
    0.14022,
    0.13561,
    0.11079,
    0.08225,
    0.05082,
    0.02611,
    0.01092,
    0.0028,
    0.00011
  ]
}