{
  "Fortaleza / CE": [
    0.0,
    0.0,
    0.0,
    0.0,
    0.0,
    0.0,
    0.0,
    0.00012,
    0.00083,
    0.0023,
    0.00587,
    0.01979,
    0.05587,
    0.15375,
    0.1946,
    0.21777,
    0.24318,
    0.08436,
    0.02088,
    0.00068
  ],
  "Athletico Paranaense / PR": [
    0.0,
    0.0,
    0.0,
    7e-05,
    0.00138,
    0.00741,
    0.02299,
    0.05658,
    0.08613,
    0.11651,
    0.15259,
    0.19251,
    0.22049,
    0.09018,
    0.03845,
    0.01252,
    0.00213,
    6e-05,
    0.0,
    0.0
  ],
  "Coritiba / PR": [
    0.0,
    0.0,
    0.0,
    0.0,
    0.0,
    0.0,
    0.0,
    0.0,
    0.0,
    0.0,
    0.0,
    0.0,
    0.0001,
    0.00111,
    0.00651,
    0.01784,
    0.05787,
    0.23244,
    0.49509,
    0.18904
  ],
  "Internacional / RS": [
    0.6666,
    0.21488,
    0.08492,
    0.02981,
    0.00348,
    0.0003,
    1e-05,
    0.0,
    0.0,
    0.0,
    0.0,
    0.0,
    0.0,
    0.0,
    0.0,
    0.0,
    0.0,
    0.0,
    0.0,
    0.0
  ],
  "Sport / PE": [
    0.0,
    0.0,
    0.0,
    0.0,
    0.0,
    0.0,
    0.0,
    0.00011,
    0.00072,
    0.00246,
    0.00739,
    0.02113,
    0.06148,
    0.18167,
    0.23374,
    0.24372,
    0.19166,
    0.04762,
    0.00793,
    0.00037
  ],
  "Ceará / CE": [
    0.0,
    1e-05,
    0.00027,
    0.00188,
    0.01417,
    0.04274,
    0.08899,
    0.15268,
    0.16737,
    0.16557,
    0.15112,
    0.12349,
    0.07501,
    0.01432,
    0.00222,
    0.00016,
    0.0,
    0.0,
    0.0,
    0.0
  ],
  "Flamengo / RJ": [
    0.14903,
    0.26273,
    0.26017,
    0.22848,
    0.07329,
    0.0212,
    0.0046,
    0.00049,
    1e-05,
    0.0,
    0.0,
    0.0,
    0.0,
    0.0,
    0.0,
    0.0,
    0.0,
    0.0,
    0.0,
    0.0
  ],
  "Atlético Mineiro / MG": [
    0.06647,
    0.18861,
    0.27659,
    0.27096,
    0.12499,
    0.05253,
    0.01748,
    0.00216,
    0.0002,
    1e-05,
    0.0,
    0.0,
    0.0,
    0.0,
    0.0,
    0.0,
    0.0,
    0.0,
    0.0,
    0.0
  ],
  "Santos / SP": [
    0.0,
    0.0,
    0.00012,
    0.00135,
    0.01241,
    0.03524,
    0.07445,
    0.13866,
    0.1681,
    0.1709,
    0.15835,
    0.12949,
    0.08216,
    0.02473,
    0.00373,
    0.00031,
    0.0,
    0.0,
    0.0,
    0.0
  ],
  "Red Bull Bragantino / SP": [
    0.0,
    1e-05,
    8e-05,
    0.00088,
    0.00876,
    0.02898,
    0.06466,
    0.12714,
    0.16696,
    0.17637,
    0.16572,
    0.13424,
    0.08305,
    0.03158,
    0.00954,
    0.00185,
    0.00018,
    0.0,
    0.0,
    0.0
  ],
  "Grêmio / RS": [
    0.00066,
    0.00871,
    0.03259,
    0.07846,
    0.20051,
    0.25374,
    0.22248,
    0.10852,
    0.05349,
    0.02548,
    0.01114,
    0.00364,
    0.00058,
    0.0,
    0.0,
    0.0,
    0.0,
    0.0,
    0.0,
    0.0
  ],
  "Fluminense / RJ": [
    0.00023,
    0.00431,
    0.01871,
    0.053,
    0.15517,
    0.23606,
    0.2413,
    0.14128,
    0.07892,
    0.04233,
    0.02023,
    0.00726,
    0.00117,
    3e-05,
    0.0,
    0.0,
    0.0,
    0.0,
    0.0,
    0.0
  ],
  "Botafogo / RJ": [
    0.0,
    0.0,
    0.0,
    0.0,
    0.0,
    0.0,
    0.0,
    0.0,
    0.0,
    0.0,
    0.0,
    0.0,
    0.0,
    0.0,
    8e-05,
    0.00104,
    0.00663,
    0.06783,
    0.19823,
    0.72619
  ],
  "Corinthians / SP": [
    0.0,
    5e-05,
    0.00036,
    0.00181,
    0.01278,
    0.04057,
    0.08827,
    0.1596,
    0.16456,
    0.15728,
    0.14725,
    0.12006,
    0.0773,
    0.0256,
    0.00415,
    0.00035,
    1e-05,
    0.0,
    0.0,
    0.0
  ],
  "Goiás / GO": [
    0.0,
    0.0,
    0.0,
    0.0,
    0.0,
    0.0,
    0.0,
    0.0,
    0.0,
    0.0,
    1e-05,
    7e-05,
    0.0004,
    0.00615,
    0.02515,
    0.06093,
    0.14025,
    0.43117,
    0.25282,
    0.08305
  ],
  "Bahia / BA": [
    0.0,
    0.0,
    0.0,
    0.0,
    0.0,
    0.0,
    3e-05,
    0.00012,
    0.00073,
    0.00266,
    0.00733,
    0.0197,
    0.05629,
    0.14452,
    0.22293,
    0.24271,
    0.20285,
    0.08355,
    0.01602,
    0.00056
  ],
  "Atlético Goianiense / GO": [
    0.0,
    0.0,
    0.0,
    4e-05,
    0.00159,
    0.0073,
    0.02153,
    0.0559,
    0.08985,
    0.12406,
    0.15534,
    0.18967,
    0.19239,
    0.10448,
    0.04359,
    0.01248,
    0.00173,
    5e-05,
    0.0,
    0.0
  ],
  "Palmeiras / SP": [
    0.00383,
    0.02568,
    0.0645,
    0.13232,
    0.30611,
    0.24025,
    0.14387,
    0.0551,
    0.01951,
    0.0069,
    0.00174,
    0.00016,
    3e-05,
    0.0,
    0.0,
    0.0,
    0.0,
    0.0,
    0.0,
    0.0
  ],
  "São Paulo / SP": [
    0.11318,
    0.29501,
    0.26169,
    0.20094,
    0.08536,
    0.03368,
    0.00929,
    0.00082,
    3e-05,
    0.0,
    0.0,
    0.0,
    0.0,
    0.0,
    0.0,
    0.0,
    0.0,
    0.0,
    0.0,
    0.0
  ],
  "Vasco da Gama / RJ": [
    0.0,
    0.0,
    0.0,
    0.0,
    0.0,
    0.0,
    5e-05,
    0.00072,
    0.00259,
    0.00717,
    0.01592,
    0.03879,
    0.09368,
    0.22188,
    0.21531,
    0.18832,
    0.15351,
    0.05292,
    0.00903,
    0.00011
  ]
}