{
  "Go Ahead Eagles": [
    0.0224,
    0.02902,
    0.03388,
    0.04011,
    0.04364,
    0.04778,
    0.05308,
    0.0559,
    0.05844,
    0.06218,
    0.06251,
    0.06798,
    0.06789,
    0.07047,
    0.07105,
    0.07386,
    0.07221,
    0.0676
  ],
  "Heerenveen": [
    0.07229,
    0.08272,
    0.08256,
    0.07943,
    0.07334,
    0.06892,
    0.06452,
    0.06183,
    0.05916,
    0.05516,
    0.05321,
    0.04837,
    0.04612,
    0.04095,
    0.0376,
    0.0309,
    0.02558,
    0.01734
  ],
  "Waalwijk": [
    0.00954,
    0.01781,
    0.02413,
    0.02893,
    0.03318,
    0.03781,
    0.04141,
    0.04609,
    0.04946,
    0.05586,
    0.06062,
    0.06627,
    0.07085,
    0.07868,
    0.08539,
    0.09149,
    0.0979,
    0.10458
  ],
  "AZ Alkmaar": [
    0.02027,
    0.02975,
    0.03597,
    0.04087,
    0.04584,
    0.04949,
    0.05148,
    0.05431,
    0.05762,
    0.05889,
    0.06222,
    0.06572,
    0.06816,
    0.06983,
    0.07201,
    0.07184,
    0.07355,
    0.07218
  ],
  "Heracles": [
    0.01472,
    0.02364,
    0.02956,
    0.03498,
    0.03814,
    0.04358,
    0.04708,
    0.05061,
    0.05414,
    0.05826,
    0.06258,
    0.06739,
    0.07036,
    0.07345,
    0.07704,
    0.08243,
    0.08559,
    0.08645
  ],
  "PSV Eindhoven": [
    0.11695,
    0.11527,
    0.10266,
    0.09261,
    0.08288,
    0.07517,
    0.06616,
    0.05981,
    0.05183,
    0.04673,
    0.04085,
    0.03541,
    0.03046,
    0.02653,
    0.02161,
    0.01654,
    0.0115,
    0.00703
  ],
  "For Sittard": [
    0.00897,
    0.01706,
    0.02181,
    0.02796,
    0.03317,
    0.03834,
    0.04406,
    0.04827,
    0.05321,
    0.05602,
    0.06108,
    0.06652,
    0.07345,
    0.07826,
    0.08469,
    0.09054,
    0.09627,
    0.10032
  ],
  "Twente": [
    0.03639,
    0.04974,
    0.059,
    0.06205,
    0.06366,
    0.06645,
    0.06627,
    0.06528,
    0.06621,
    0.06263,
    0.06292,
    0.06218,
    0.05867,
    0.05429,
    0.04997,
    0.04523,
    0.0403,
    0.02876
  ],
  "Ajax": [
    0.2701,
    0.15647,
    0.11556,
    0.08677,
    0.07499,
    0.06075,
    0.04986,
    0.04069,
    0.03388,
    0.02742,
    0.02194,
    0.01816,
    0.0141,
    0.01038,
    0.00823,
    0.00528,
    0.00381,
    0.00161
  ],
  "Nijmegen": [
    0.051,
    0.06609,
    0.07091,
    0.07215,
    0.07259,
    0.07002,
    0.06936,
    0.06568,
    0.06299,
    0.06296,
    0.05853,
    0.05343,
    0.05184,
    0.04592,
    0.04151,
    0.03621,
    0.02904,
    0.01977
  ],
  "Cambuur": [
    0.01973,
    0.03204,
    0.03932,
    0.04527,
    0.0488,
    0.053,
    0.0555,
    0.05731,
    0.06466,
    0.06567,
    0.06801,
    0.06731,
    0.06764,
    0.06815,
    0.06675,
    0.06523,
    0.06158,
    0.05403
  ],
  "Groningen": [
    0.02009,
    0.03104,
    0.03801,
    0.04341,
    0.04957,
    0.05276,
    0.05575,
    0.06159,
    0.06383,
    0.06707,
    0.06704,
    0.06567,
    0.06641,
    0.06743,
    0.06655,
    0.06586,
    0.06282,
    0.0551
  ],
  "Utrecht": [
    0.03877,
    0.05336,
    0.05874,
    0.06358,
    0.06493,
    0.06631,
    0.06989,
    0.06736,
    0.06653,
    0.0649,
    0.06192,
    0.05817,
    0.05504,
    0.05181,
    0.05022,
    0.04331,
    0.03793,
    0.02723
  ],
  "Sparta Rotterdam": [
    0.01424,
    0.02323,
    0.03129,
    0.03619,
    0.04055,
    0.04904,
    0.0514,
    0.05508,
    0.0579,
    0.061,
    0.06495,
    0.0669,
    0.06983,
    0.07316,
    0.07468,
    0.07745,
    0.0782,
    0.07491
  ],
  "Zwolle": [
    0.00296,
    0.00664,
    0.01026,
    0.0134,
    0.01693,
    0.02058,
    0.02421,
    0.02989,
    0.03459,
    0.04008,
    0.0455,
    0.05358,
    0.06249,
    0.07443,
    0.08913,
    0.10935,
    0.14362,
    0.22236
  ],
  "Vitesse": [
    0.02932,
    0.04226,
    0.04878,
    0.05261,
    0.05446,
    0.05578,
    0.05801,
    0.05937,
    0.06086,
    0.06274,
    0.06366,
    0.0643,
    0.06398,
    0.06336,
    0.06045,
    0.05936,
    0.05538,
    0.04532
  ],
  "Willem II": [
    0.11977,
    0.11651,
    0.10607,
    0.09597,
    0.08543,
    0.07473,
    0.06695,
    0.06137,
    0.05153,
    0.04612,
    0.04091,
    0.03473,
    0.02896,
    0.02385,
    0.01801,
    0.01442,
    0.00955,
    0.00512
  ],
  "Feyenoord": [
    0.13249,
    0.10735,
    0.09149,
    0.08371,
    0.0779,
    0.06949,
    0.06501,
    0.05956,
    0.05316,
    0.04631,
    0.04155,
    0.03791,
    0.03375,
    0.02905,
    0.02511,
    0.0207,
    0.01517,
    0.01029
  ]
}