{
  "Man United": [
    0.00065,
    0.00386,
    0.00862,
    0.01579,
    0.02353,
    0.03148,
    0.04208,
    0.05149,
    0.06387,
    0.07426,
    0.08505,
    0.0983,
    0.10547,
    0.10854,
    0.10138,
    0.07793,
    0.05357,
    0.03438,
    0.015,
    0.00475
  ],
  "Fulham": [
    0.00977,
    0.03062,
    0.05213,
    0.0703,
    0.08445,
    0.09143,
    0.09547,
    0.09684,
    0.09399,
    0.08522,
    0.07689,
    0.06443,
    0.05176,
    0.03942,
    0.02663,
    0.01677,
    0.0089,
    0.00374,
    0.00118,
    6e-05
  ],
  "Ipswich": [
    0.0,
    2e-05,
    3e-05,
    6e-05,
    0.00021,
    0.00051,
    0.00093,
    0.00192,
    0.00358,
    0.00577,
    0.00992,
    0.01588,
    0.02589,
    0.04102,
    0.06269,
    0.09663,
    0.13935,
    0.19969,
    0.2525,
    0.1434
  ],
  "Liverpool": [
    0.63007,
    0.19218,
    0.08711,
    0.04333,
    0.02267,
    0.01202,
    0.00625,
    0.00324,
    0.0016,
    0.00082,
    0.00045,
    0.0002,
    5e-05,
    1e-05,
    0.0,
    0.0,
    0.0,
    0.0,
    0.0,
    0.0
  ],
  "Arsenal": [
    0.12493,
    0.22669,
    0.18196,
    0.1371,
    0.09942,
    0.07248,
    0.05258,
    0.03695,
    0.02619,
    0.01672,
    0.0114,
    0.0068,
    0.00378,
    0.00192,
    0.00065,
    0.00033,
    8e-05,
    2e-05,
    0.0,
    0.0
  ],
  "Wolves": [
    0.0,
    3e-05,
    0.00018,
    0.00055,
    0.00159,
    0.00228,
    0.00425,
    0.00684,
    0.01005,
    0.01727,
    0.02418,
    0.03674,
    0.05327,
    0.07358,
    0.10284,
    0.14624,
    0.17013,
    0.16513,
    0.13184,
    0.05301
  ],
  "Everton": [
    9e-05,
    0.0006,
    0.00183,
    0.00349,
    0.00701,
    0.01058,
    0.01567,
    0.02234,
    0.02984,
    0.0412,
    0.05534,
    0.07359,
    0.0886,
    0.10805,
    0.13546,
    0.13366,
    0.11744,
    0.08608,
    0.0521,
    0.01703
  ],
  "Brighton": [
    0.00391,
    0.01475,
    0.02692,
    0.04161,
    0.05568,
    0.06709,
    0.07729,
    0.08607,
    0.09221,
    0.09739,
    0.09763,
    0.08957,
    0.0797,
    0.06745,
    0.04634,
    0.02969,
    0.01666,
    0.00725,
    0.00247,
    0.00032
  ],
  "Newcastle": [
    0.01292,
    0.04077,
    0.06421,
    0.08016,
    0.09377,
    0.09833,
    0.10033,
    0.09941,
    0.0898,
    0.07972,
    0.06912,
    0.0556,
    0.04625,
    0.03308,
    0.01922,
    0.01042,
    0.00504,
    0.00149,
    0.00032,
    4e-05
  ],
  "Southampton": [
    0.0,
    0.0,
    0.0,
    0.0,
    0.0,
    3e-05,
    4e-05,
    0.00013,
    0.00014,
    0.0004,
    0.00074,
    0.00191,
    0.00326,
    0.00611,
    0.01247,
    0.02299,
    0.0445,
    0.08834,
    0.19389,
    0.62505
  ],
  "Nott'm Forest": [
    0.07004,
    0.1481,
    0.15831,
    0.14127,
    0.1186,
    0.09645,
    0.0766,
    0.0575,
    0.04437,
    0.03152,
    0.02288,
    0.0157,
    0.00954,
    0.00504,
    0.00254,
    0.0011,
    0.00031,
    0.0001,
    3e-05,
    0.0
  ],
  "Bournemouth": [
    0.01339,
    0.04116,
    0.06483,
    0.08383,
    0.09087,
    0.10132,
    0.10049,
    0.09579,
    0.08881,
    0.08078,
    0.06924,
    0.05745,
    0.04398,
    0.03082,
    0.01898,
    0.01083,
    0.00522,
    0.00173,
    0.00044,
    4e-05
  ],
  "West Ham": [
    0.00106,
    0.00466,
    0.01039,
    0.01746,
    0.02604,
    0.03774,
    0.04793,
    0.05867,
    0.07171,
    0.08364,
    0.09299,
    0.1012,
    0.10699,
    0.10007,
    0.08621,
    0.06673,
    0.04693,
    0.02622,
    0.01144,
    0.00192
  ],
  "Aston Villa": [
    0.00904,
    0.03073,
    0.05154,
    0.0715,
    0.08339,
    0.09166,
    0.09649,
    0.09453,
    0.09357,
    0.08499,
    0.0772,
    0.06512,
    0.0531,
    0.04037,
    0.02793,
    0.0163,
    0.0085,
    0.00308,
    0.00083,
    0.00013
  ],
  "Brentford": [
    0.00159,
    0.00759,
    0.01646,
    0.02605,
    0.03724,
    0.04862,
    0.05931,
    0.07204,
    0.08002,
    0.08872,
    0.09285,
    0.09619,
    0.09454,
    0.08786,
    0.07383,
    0.05478,
    0.03494,
    0.01881,
    0.00742,
    0.00114
  ],
  "Crystal Palace": [
    2e-05,
    0.00025,
    0.00078,
    0.00164,
    0.00368,
    0.00594,
    0.00966,
    0.01495,
    0.02075,
    0.02972,
    0.04138,
    0.05478,
    0.06882,
    0.09016,
    0.11272,
    0.13933,
    0.14994,
    0.1312,
    0.0915,
    0.03278
  ],
  "Chelsea": [
    0.1029,
    0.19407,
    0.17722,
    0.14292,
    0.10963,
    0.08233,
    0.05941,
    0.04492,
    0.03083,
    0.02197,
    0.01418,
    0.00868,
    0.00532,
    0.00326,
    0.00148,
    0.0006,
    0.00019,
    9e-05,
    0.0,
    0.0
  ],
  "Man City": [
    0.01846,
    0.05821,
    0.0849,
    0.10146,
    0.11127,
    0.10851,
    0.10124,
    0.09074,
    0.0789,
    0.06778,
    0.05469,
    0.04252,
    0.03151,
    0.02214,
    0.01398,
    0.00827,
    0.00364,
    0.00146,
    0.00029,
    3e-05
  ],
  "Leicester": [
    0.0,
    0.0,
    5e-05,
    0.0001,
    0.00028,
    0.00066,
    0.00092,
    0.00186,
    0.00368,
    0.00632,
    0.01013,
    0.01698,
    0.02878,
    0.04569,
    0.07214,
    0.10733,
    0.15215,
    0.20615,
    0.22877,
    0.11801
  ],
  "Tottenham": [
    0.00116,
    0.00571,
    0.01253,
    0.02138,
    0.03067,
    0.04054,
    0.05306,
    0.06377,
    0.07609,
    0.08579,
    0.09374,
    0.09836,
    0.09939,
    0.09541,
    0.08251,
    0.06007,
    0.04251,
    0.02504,
    0.00998,
    0.00229
  ]
}