{
  "Osasuna": [
    0.0,
    4e-05,
    0.00386,
    0.01668,
    0.04312,
    0.07822,
    0.11236,
    0.14563,
    0.17585,
    0.15561,
    0.10783,
    0.06935,
    0.04242,
    0.02478,
    0.01377,
    0.00706,
    0.00269,
    0.00067,
    6e-05,
    0.0
  ],
  "Sevilla": [
    0.0,
    0.0,
    2e-05,
    0.00019,
    0.00104,
    0.00289,
    0.00742,
    0.01437,
    0.02845,
    0.04545,
    0.06872,
    0.09462,
    0.11261,
    0.12445,
    0.13026,
    0.12792,
    0.1131,
    0.08398,
    0.04395,
    0.00056
  ],
  "Celta": [
    0.0,
    0.0,
    0.0,
    7e-05,
    0.00076,
    0.00202,
    0.00586,
    0.01229,
    0.02328,
    0.04076,
    0.06526,
    0.09379,
    0.11403,
    0.12787,
    0.135,
    0.12956,
    0.11829,
    0.08679,
    0.0438,
    0.00057
  ],
  "Espanol": [
    0.0,
    0.0,
    3e-05,
    8e-05,
    0.00086,
    0.00237,
    0.00524,
    0.01168,
    0.023,
    0.04083,
    0.06718,
    0.09295,
    0.11692,
    0.13074,
    0.1315,
    0.12688,
    0.11352,
    0.08848,
    0.04723,
    0.00051
  ],
  "Valladolid": [
    0.0,
    0.0,
    0.0,
    1e-05,
    9e-05,
    0.00051,
    0.00138,
    0.00356,
    0.00799,
    0.0168,
    0.03191,
    0.05475,
    0.08016,
    0.10779,
    0.13287,
    0.15331,
    0.16602,
    0.15136,
    0.09009,
    0.0014
  ],
  "Villarreal": [
    0.0,
    0.00026,
    0.02053,
    0.06763,
    0.14902,
    0.17327,
    0.17138,
    0.14529,
    0.11017,
    0.07536,
    0.04488,
    0.02309,
    0.01101,
    0.00485,
    0.00217,
    0.00084,
    0.0002,
    4e-05,
    1e-05,
    0.0
  ],
  "Barcelona": [
    0.98079,
    0.01915,
    6e-05,
    0.0,
    0.0,
    0.0,
    0.0,
    0.0,
    0.0,
    0.0,
    0.0,
    0.0,
    0.0,
    0.0,
    0.0,
    0.0,
    0.0,
    0.0,
    0.0,
    0.0
  ],
  "Vallecano": [
    0.0,
    0.00067,
    0.04375,
    0.11367,
    0.2079,
    0.18585,
    0.15553,
    0.12213,
    0.08113,
    0.04584,
    0.02364,
    0.0117,
    0.00488,
    0.002,
    0.00085,
    0.00034,
    8e-05,
    3e-05,
    1e-05,
    0.0
  ],
  "Cadiz": [
    0.0,
    0.0,
    0.0,
    0.0,
    0.0,
    0.0,
    1e-05,
    0.00013,
    0.00043,
    0.0011,
    0.00327,
    0.00728,
    0.01487,
    0.02566,
    0.04388,
    0.07366,
    0.12287,
    0.22685,
    0.45813,
    0.02186
  ],
  "Sociedad": [
    1e-05,
    0.03727,
    0.525,
    0.26691,
    0.09788,
    0.04187,
    0.01846,
    0.00759,
    0.00307,
    0.00144,
    0.00039,
    8e-05,
    3e-05,
    0.0,
    0.0,
    0.0,
    0.0,
    0.0,
    0.0,
    0.0
  ],
  "Valencia": [
    0.0,
    0.0,
    2e-05,
    0.00043,
    0.00252,
    0.00678,
    0.01417,
    0.02693,
    0.0491,
    0.07838,
    0.12133,
    0.14207,
    0.13804,
    0.12337,
    0.10318,
    0.08285,
    0.06015,
    0.03579,
    0.01468,
    0.00021
  ],
  "Girona": [
    0.0,
    0.0,
    0.0002,
    0.00199,
    0.00867,
    0.01966,
    0.03441,
    0.05846,
    0.09103,
    0.13418,
    0.158,
    0.14258,
    0.11702,
    0.08729,
    0.06218,
    0.04188,
    0.02565,
    0.0129,
    0.0039,
    0.0
  ],
  "Almeria": [
    0.0,
    0.0,
    2e-05,
    7e-05,
    0.0008,
    0.00234,
    0.0055,
    0.01195,
    0.0255,
    0.04702,
    0.07695,
    0.10541,
    0.12559,
    0.1352,
    0.13213,
    0.12146,
    0.10228,
    0.0731,
    0.03427,
    0.00041
  ],
  "Real Madrid": [
    0.0192,
    0.92636,
    0.04826,
    0.00547,
    0.0006,
    0.00011,
    0.0,
    0.0,
    0.0,
    0.0,
    0.0,
    0.0,
    0.0,
    0.0,
    0.0,
    0.0,
    0.0,
    0.0,
    0.0,
    0.0
  ],
  "Ath Bilbao": [
    0.0,
    0.00031,
    0.02129,
    0.0691,
    0.14513,
    0.17047,
    0.17213,
    0.15055,
    0.11236,
    0.07408,
    0.04248,
    0.02162,
    0.01107,
    0.00571,
    0.00257,
    0.00074,
    0.00028,
    0.00011,
    0.0,
    0.0
  ],
  "Mallorca": [
    0.0,
    0.0,
    0.00176,
    0.00917,
    0.02997,
    0.0575,
    0.09027,
    0.1244,
    0.15337,
    0.16606,
    0.13591,
    0.09414,
    0.06194,
    0.0366,
    0.0213,
    0.01074,
    0.00488,
    0.00174,
    0.00025,
    0.0
  ],
  "Getafe": [
    0.0,
    0.0,
    0.0,
    0.0,
    1e-05,
    0.00012,
    0.00037,
    0.00092,
    0.00245,
    0.0057,
    0.0124,
    0.02456,
    0.03934,
    0.05941,
    0.08654,
    0.12188,
    0.16901,
    0.23442,
    0.23528,
    0.00759
  ],
  "Ath Madrid": [
    0.0,
    0.01559,
    0.31172,
    0.37191,
    0.15532,
    0.07472,
    0.03747,
    0.01884,
    0.00872,
    0.00347,
    0.00159,
    0.00052,
    0.0001,
    2e-05,
    1e-05,
    0.0,
    0.0,
    0.0,
    0.0,
    0.0
  ],
  "Betis": [
    0.0,
    0.00035,
    0.02348,
    0.07662,
    0.15631,
    0.1813,
    0.16804,
    0.14528,
    0.1041,
    0.06792,
    0.03826,
    0.02149,
    0.00996,
    0.00426,
    0.00172,
    0.00063,
    0.00022,
    5e-05,
    1e-05,
    0.0
  ],
  "Elche": [
    0.0,
    0.0,
    0.0,
    0.0,
    0.0,
    0.0,
    0.0,
    0.0,
    0.0,
    0.0,
    0.0,
    0.0,
    1e-05,
    0.0,
    7e-05,
    0.00025,
    0.00076,
    0.00369,
    0.02833,
    0.96689
  ]
}