{
  "Werder Bremen": [
    2e-05,
    0.00017,
    0.00067,
    0.00161,
    0.00371,
    0.00954,
    0.0249,
    0.05977,
    0.10715,
    0.1404,
    0.14649,
    0.14422,
    0.13642,
    0.10962,
    0.07215,
    0.03323,
    0.00983,
    0.0001
  ],
  "Bayern Munich": [
    0.27601,
    0.21679,
    0.17221,
    0.13065,
    0.09436,
    0.0615,
    0.03113,
    0.01222,
    0.00363,
    0.00101,
    0.00035,
    9e-05,
    4e-05,
    1e-05,
    0.0,
    0.0,
    0.0,
    0.0
  ],
  "Augsburg": [
    2e-05,
    0.00012,
    0.00036,
    0.00119,
    0.00412,
    0.00928,
    0.02534,
    0.05776,
    0.10125,
    0.12352,
    0.13525,
    0.13825,
    0.13871,
    0.12209,
    0.08323,
    0.04536,
    0.01408,
    7e-05
  ],
  "M'gladbach": [
    0.0,
    1e-05,
    0.0,
    0.0,
    2e-05,
    0.00034,
    0.00091,
    0.00298,
    0.0082,
    0.01706,
    0.02835,
    0.04809,
    0.07751,
    0.12625,
    0.21367,
    0.25605,
    0.2178,
    0.00276
  ],
  "Hoffenheim": [
    0.11486,
    0.14286,
    0.15946,
    0.16565,
    0.15408,
    0.12721,
    0.07782,
    0.03633,
    0.01337,
    0.00537,
    0.00195,
    0.00065,
    0.0003,
    8e-05,
    1e-05,
    0.0,
    0.0,
    0.0
  ],
  "Freiburg": [
    0.00321,
    0.00869,
    0.01791,
    0.03489,
    0.06338,
    0.10847,
    0.18223,
    0.21983,
    0.14529,
    0.09098,
    0.05702,
    0.03421,
    0.01951,
    0.00986,
    0.00339,
    0.00097,
    0.00016,
    0.0
  ],
  "Leverkusen": [
    0.27262,
    0.2176,
    0.1696,
    0.13057,
    0.09465,
    0.06216,
    0.0339,
    0.01337,
    0.00367,
    0.00123,
    0.00039,
    0.00014,
    7e-05,
    3e-05,
    0.0,
    0.0,
    0.0,
    0.0
  ],
  "RB Leipzig": [
    0.18133,
    0.18552,
    0.17463,
    0.15354,
    0.12523,
    0.09101,
    0.05384,
    0.02278,
    0.00794,
    0.00273,
    0.00087,
    0.00048,
    7e-05,
    3e-05,
    0.0,
    0.0,
    0.0,
    0.0
  ],
  "Stuttgart": [
    0.07046,
    0.10056,
    0.12976,
    0.15154,
    0.16726,
    0.15854,
    0.11415,
    0.06254,
    0.02656,
    0.01157,
    0.00441,
    0.0016,
    0.00069,
    0.00028,
    8e-05,
    0.0,
    0.0,
    0.0
  ],
  "Bochum": [
    1e-05,
    4e-05,
    0.00016,
    0.00075,
    0.0026,
    0.00703,
    0.02005,
    0.04781,
    0.08387,
    0.11727,
    0.1393,
    0.15207,
    0.15132,
    0.13268,
    0.08356,
    0.04398,
    0.01747,
    3e-05
  ],
  "Wolfsburg": [
    0.00929,
    0.02108,
    0.03917,
    0.06429,
    0.10359,
    0.15639,
    0.21429,
    0.17481,
    0.10212,
    0.05528,
    0.03084,
    0.01605,
    0.00811,
    0.00322,
    0.00119,
    0.00023,
    5e-05,
    0.0
  ],
  "Heidenheim": [
    1e-05,
    0.00024,
    0.00065,
    0.0018,
    0.00522,
    0.01371,
    0.03561,
    0.07546,
    0.12359,
    0.14076,
    0.14441,
    0.14396,
    0.12312,
    0.09967,
    0.05661,
    0.02659,
    0.00854,
    5e-05
  ],
  "Dortmund": [
    0.07195,
    0.10556,
    0.13339,
    0.15798,
    0.1686,
    0.16129,
    0.10821,
    0.05474,
    0.02286,
    0.00905,
    0.00385,
    0.0017,
    0.00059,
    0.00017,
    4e-05,
    2e-05,
    0.0,
    0.0
  ],
  "FC Koln": [
    0.0,
    0.0,
    0.0,
    0.0,
    0.0,
    0.00013,
    0.00056,
    0.00203,
    0.0059,
    0.01274,
    0.0237,
    0.04053,
    0.07046,
    0.12362,
    0.20921,
    0.2674,
    0.23968,
    0.00404
  ],
  "Union Berlin": [
    1e-05,
    7e-05,
    0.0003,
    0.00101,
    0.00236,
    0.00776,
    0.02072,
    0.05008,
    0.08489,
    0.10906,
    0.12381,
    0.13825,
    0.14633,
    0.14035,
    0.10001,
    0.05502,
    0.01993,
    4e-05
  ],
  "Mainz": [
    0.0,
    0.0,
    0.0,
    0.0,
    0.0,
    4e-05,
    0.00018,
    0.00067,
    0.00183,
    0.00465,
    0.01,
    0.01761,
    0.03262,
    0.0681,
    0.14311,
    0.25751,
    0.45367,
    0.01001
  ],
  "Ein Frankfurt": [
    0.0002,
    0.00069,
    0.00173,
    0.00453,
    0.01082,
    0.0256,
    0.05616,
    0.10682,
    0.15788,
    0.15732,
    0.14901,
    0.1221,
    0.09413,
    0.06392,
    0.03361,
    0.01247,
    0.00301,
    0.0
  ],
  "Darmstadt": [
    0.0,
    0.0,
    0.0,
    0.0,
    0.0,
    0.0,
    0.0,
    0.0,
    0.0,
    0.0,
    0.0,
    0.0,
    0.0,
    2e-05,
    0.00013,
    0.00117,
    0.01578,
    0.9829
  ]
}