{
  "Empoli": [
    0.0,
    0.0,
    0.0,
    0.0,
    1e-05,
    1e-05,
    7e-05,
    7e-05,
    0.00014,
    0.00037,
    0.00075,
    0.0015,
    0.0032,
    0.00492,
    0.00981,
    0.01999,
    0.04522,
    0.10839,
    0.24497,
    0.56058
  ],
  "Verona": [
    6e-05,
    0.00057,
    0.0019,
    0.00422,
    0.00653,
    0.00977,
    0.01435,
    0.01881,
    0.02684,
    0.03346,
    0.04421,
    0.05427,
    0.06651,
    0.08237,
    0.10541,
    0.12812,
    0.1538,
    0.13397,
    0.08538,
    0.02945
  ],
  "Frosinone": [
    0.0748,
    0.29163,
    0.20222,
    0.13515,
    0.09237,
    0.06277,
    0.04454,
    0.03109,
    0.02323,
    0.01572,
    0.00998,
    0.00712,
    0.00428,
    0.00259,
    0.00142,
    0.00066,
    0.00033,
    8e-05,
    2e-05,
    0.0
  ],
  "Napoli": [
    0.04705,
    0.18306,
    0.17312,
    0.13825,
    0.10722,
    0.08522,
    0.06563,
    0.05225,
    0.04142,
    0.03078,
    0.02429,
    0.01743,
    0.01295,
    0.00968,
    0.00597,
    0.00313,
    0.00186,
    0.00047,
    0.00019,
    3e-05
  ],
  "Genoa": [
    0.00286,
    0.02379,
    0.04099,
    0.05627,
    0.06792,
    0.07522,
    0.08158,
    0.08177,
    0.08251,
    0.08059,
    0.07741,
    0.07304,
    0.06594,
    0.05991,
    0.04855,
    0.03851,
    0.02524,
    0.01325,
    0.00383,
    0.00082
  ],
  "Fiorentina": [
    0.03115,
    0.14248,
    0.15347,
    0.13818,
    0.11045,
    0.09535,
    0.07732,
    0.06095,
    0.04945,
    0.03961,
    0.03083,
    0.02427,
    0.01822,
    0.01222,
    0.00811,
    0.00477,
    0.00223,
    0.00075,
    0.00018,
    1e-05
  ],
  "Inter": [
    0.81274,
    0.12112,
    0.03877,
    0.01518,
    0.00653,
    0.00285,
    0.00152,
    0.0006,
    0.00029,
    0.00025,
    9e-05,
    4e-05,
    1e-05,
    0.0,
    1e-05,
    0.0,
    0.0,
    0.0,
    0.0,
    0.0
  ],
  "Monza": [
    0.00149,
    0.01899,
    0.03421,
    0.05083,
    0.0634,
    0.07577,
    0.0822,
    0.08741,
    0.09171,
    0.09035,
    0.08479,
    0.07774,
    0.07055,
    0.06013,
    0.04874,
    0.0323,
    0.01848,
    0.00848,
    0.00211,
    0.00032
  ],
  "Roma": [
    8e-05,
    0.00162,
    0.00385,
    0.00753,
    0.01205,
    0.01708,
    0.0228,
    0.03043,
    0.03913,
    0.05072,
    0.05946,
    0.0732,
    0.09168,
    0.10777,
    0.12026,
    0.12701,
    0.11176,
    0.07721,
    0.03586,
    0.0105
  ],
  "Salernitana": [
    0.00027,
    0.00399,
    0.01025,
    0.01644,
    0.023,
    0.0288,
    0.03742,
    0.04645,
    0.05393,
    0.06583,
    0.07353,
    0.08517,
    0.09419,
    0.09581,
    0.09983,
    0.09617,
    0.0813,
    0.05361,
    0.02526,
    0.00875
  ],
  "Sassuolo": [
    0.00523,
    0.04111,
    0.06301,
    0.07656,
    0.08583,
    0.088,
    0.08711,
    0.08344,
    0.07909,
    0.07414,
    0.07173,
    0.06284,
    0.05292,
    0.04468,
    0.03463,
    0.02495,
    0.01539,
    0.00679,
    0.00202,
    0.00053
  ],
  "Atalanta": [
    0.00017,
    0.00219,
    0.00624,
    0.01175,
    0.01833,
    0.02616,
    0.0351,
    0.04519,
    0.0553,
    0.06791,
    0.08105,
    0.09296,
    0.10233,
    0.10981,
    0.10962,
    0.09979,
    0.07586,
    0.04167,
    0.01503,
    0.00354
  ],
  "Lecce": [
    0.00229,
    0.01929,
    0.03448,
    0.04918,
    0.0623,
    0.07002,
    0.07677,
    0.08115,
    0.0842,
    0.08366,
    0.0827,
    0.07837,
    0.0714,
    0.06351,
    0.05387,
    0.04174,
    0.02666,
    0.01322,
    0.0043,
    0.00089
  ],
  "Lazio": [
    0.00149,
    0.01218,
    0.02314,
    0.03488,
    0.04618,
    0.05524,
    0.06377,
    0.07253,
    0.07665,
    0.08108,
    0.08257,
    0.08265,
    0.08107,
    0.07901,
    0.07101,
    0.06026,
    0.04279,
    0.02306,
    0.0087,
    0.00174
  ],
  "Udinese": [
    0.00015,
    0.00186,
    0.00503,
    0.00959,
    0.01495,
    0.02098,
    0.02856,
    0.03693,
    0.04483,
    0.05354,
    0.06424,
    0.07259,
    0.08518,
    0.09987,
    0.11045,
    0.12014,
    0.10999,
    0.07384,
    0.03661,
    0.01067
  ],
  "Juventus": [
    0.00882,
    0.05327,
    0.07777,
    0.09305,
    0.10155,
    0.10029,
    0.09372,
    0.0881,
    0.07675,
    0.06833,
    0.05943,
    0.05011,
    0.04069,
    0.03264,
    0.02516,
    0.01658,
    0.00931,
    0.00362,
    0.00075,
    6e-05
  ],
  "Torino": [
    0.0,
    0.0,
    1e-05,
    5e-05,
    0.00013,
    0.00031,
    0.00045,
    0.00079,
    0.00125,
    0.002,
    0.00362,
    0.00603,
    0.00941,
    0.016,
    0.02902,
    0.05347,
    0.10407,
    0.20723,
    0.31942,
    0.24674
  ],
  "Cagliari": [
    1e-05,
    5e-05,
    0.00015,
    0.00053,
    0.00082,
    0.00166,
    0.00297,
    0.00456,
    0.00678,
    0.00936,
    0.01289,
    0.0196,
    0.02775,
    0.04032,
    0.06027,
    0.09425,
    0.15361,
    0.22625,
    0.21313,
    0.12504
  ],
  "Bologna": [
    0.00557,
    0.03881,
    0.0626,
    0.07909,
    0.08857,
    0.09123,
    0.09076,
    0.08957,
    0.08359,
    0.07619,
    0.0679,
    0.06343,
    0.05253,
    0.04169,
    0.0301,
    0.02025,
    0.01204,
    0.00462,
    0.00132,
    0.00014
  ],
  "Milan": [
    0.00577,
    0.04399,
    0.06879,
    0.08327,
    0.09186,
    0.09327,
    0.09336,
    0.08791,
    0.08291,
    0.07611,
    0.06853,
    0.05764,
    0.04919,
    0.03707,
    0.02776,
    0.01791,
    0.01006,
    0.00349,
    0.00092,
    0.00019
  ]
}