{
  "Sp Lisbon": [
    0.18841,
    0.51819,
    0.18244,
    0.06715,
    0.02594,
    0.0111,
    0.00416,
    0.00154,
    0.00061,
    0.0003,
    0.00012,
    3e-05,
    1e-05,
    0.0,
    0.0,
    0.0,
    0.0,
    0.0
  ],
  "Rio Ave": [
    0.0,
    0.0002,
    0.00209,
    0.00665,
    0.0154,
    0.02766,
    0.04622,
    0.06635,
    0.09145,
    0.10893,
    0.12445,
    0.12628,
    0.11719,
    0.10381,
    0.07919,
    0.05327,
    0.0251,
    0.00576
  ],
  "AVS": [
    0.00011,
    0.00306,
    0.01518,
    0.03789,
    0.06323,
    0.08953,
    0.11545,
    0.13304,
    0.13082,
    0.11703,
    0.09488,
    0.07345,
    0.05491,
    0.03537,
    0.02143,
    0.01025,
    0.00376,
    0.00061
  ],
  "Nacional": [
    0.0,
    0.0,
    6e-05,
    0.00039,
    0.00109,
    0.00265,
    0.00556,
    0.01173,
    0.02161,
    0.03493,
    0.05239,
    0.07436,
    0.10115,
    0.13447,
    0.17071,
    0.1834,
    0.14964,
    0.05586
  ],
  "Casa Pia": [
    0.0,
    3e-05,
    0.00053,
    0.00194,
    0.00607,
    0.01254,
    0.02383,
    0.0387,
    0.0594,
    0.08232,
    0.10355,
    0.12286,
    0.13493,
    0.13831,
    0.11815,
    0.09103,
    0.05143,
    0.01438
  ],
  "Boavista": [
    0.0,
    0.00018,
    0.00079,
    0.00294,
    0.00805,
    0.01567,
    0.03026,
    0.04599,
    0.06722,
    0.09407,
    0.11386,
    0.12845,
    0.13483,
    0.12666,
    0.10296,
    0.07394,
    0.04223,
    0.0119
  ],
  "Porto": [
    0.02468,
    0.17004,
    0.32723,
    0.20227,
    0.12159,
    0.07172,
    0.04006,
    0.02172,
    0.01095,
    0.00537,
    0.00253,
    0.00119,
    0.00048,
    0.00016,
    1e-05,
    0.0,
    0.0,
    0.0
  ],
  "Gil Vicente": [
    0.00012,
    0.00314,
    0.01685,
    0.04229,
    0.07035,
    0.09944,
    0.1286,
    0.13773,
    0.13421,
    0.11393,
    0.08668,
    0.06543,
    0.04532,
    0.02806,
    0.01642,
    0.00791,
    0.00303,
    0.00049
  ],
  "Estoril": [
    0.0,
    0.00021,
    0.0014,
    0.00473,
    0.01119,
    0.02171,
    0.03589,
    0.05519,
    0.0763,
    0.09754,
    0.11696,
    0.12835,
    0.12736,
    0.11691,
    0.09746,
    0.06615,
    0.03438,
    0.00827
  ],
  "Santa Clara": [
    0.00146,
    0.01992,
    0.07268,
    0.12693,
    0.15796,
    0.16361,
    0.14093,
    0.10973,
    0.07848,
    0.05368,
    0.03373,
    0.02057,
    0.01097,
    0.00586,
    0.00227,
    0.00092,
    0.00029,
    1e-05
  ],
  "Famalicao": [
    0.00593,
    0.06135,
    0.17828,
    0.21839,
    0.17726,
    0.13288,
    0.08807,
    0.05835,
    0.03622,
    0.02055,
    0.01146,
    0.00611,
    0.00297,
    0.00137,
    0.00066,
    9e-05,
    6e-05,
    0.0
  ],
  "Benfica": [
    0.00219,
    0.03341,
    0.10986,
    0.16835,
    0.17945,
    0.15319,
    0.12011,
    0.08632,
    0.06022,
    0.03821,
    0.02323,
    0.01286,
    0.00731,
    0.00338,
    0.00138,
    0.00046,
    5e-05,
    2e-05
  ],
  "Farense": [
    0.0,
    0.0,
    0.0,
    0.0,
    0.0,
    1e-05,
    1e-05,
    9e-05,
    0.00031,
    0.00067,
    0.00159,
    0.00407,
    0.00818,
    0.017,
    0.03879,
    0.08244,
    0.19849,
    0.64835
  ],
  "Moreirense": [
    1e-05,
    0.00062,
    0.00508,
    0.01444,
    0.02897,
    0.04905,
    0.07227,
    0.09789,
    0.11654,
    0.1255,
    0.12503,
    0.11228,
    0.09354,
    0.0707,
    0.04733,
    0.02685,
    0.01209,
    0.00181
  ],
  "Sp Braga": [
    0.00059,
    0.01092,
    0.05219,
    0.09787,
    0.13131,
    0.14661,
    0.14372,
    0.12517,
    0.09698,
    0.07141,
    0.05042,
    0.03198,
    0.01983,
    0.01212,
    0.00557,
    0.00255,
    0.00069,
    7e-05
  ],
  "Estrela": [
    0.0,
    0.0,
    1e-05,
    6e-05,
    0.00012,
    0.00039,
    0.00097,
    0.00262,
    0.00498,
    0.0101,
    0.01732,
    0.03069,
    0.05232,
    0.08431,
    0.13016,
    0.20221,
    0.29734,
    0.1664
  ],
  "Arouca": [
    0.0,
    1e-05,
    4e-05,
    0.00018,
    0.00053,
    0.00184,
    0.00383,
    0.00783,
    0.0137,
    0.02546,
    0.0418,
    0.06104,
    0.0887,
    0.12151,
    0.16751,
    0.19853,
    0.18142,
    0.08607
  ],
  "Guimaraes": [
    0.7765,
    0.17872,
    0.03529,
    0.00753,
    0.00149,
    0.0004,
    6e-05,
    1e-05,
    0.0,
    0.0,
    0.0,
    0.0,
    0.0,
    0.0,
    0.0,
    0.0,
    0.0,
    0.0
  ]
}