{
  "Brentford": [
    0.0,
    0.0,
    0.0,
    0.0,
    0.0,
    0.0,
    0.0,
    4e-05,
    0.00281,
    0.01334,
    0.02606,
    0.04958,
    0.083,
    0.12458,
    0.17885,
    0.19802,
    0.18607,
    0.10555,
    0.03019,
    0.00191
  ],
  "Arsenal": [
    0.0001,
    0.00187,
    0.14595,
    0.52037,
    0.20745,
    0.08814,
    0.03068,
    0.00527,
    0.00017,
    0.0,
    0.0,
    0.0,
    0.0,
    0.0,
    0.0,
    0.0,
    0.0,
    0.0,
    0.0,
    0.0
  ],
  "Man United": [
    0.0,
    2e-05,
    0.01352,
    0.10217,
    0.26852,
    0.3232,
    0.20528,
    0.07703,
    0.00967,
    0.00058,
    1e-05,
    0.0,
    0.0,
    0.0,
    0.0,
    0.0,
    0.0,
    0.0,
    0.0,
    0.0
  ],
  "Leeds": [
    0.0,
    0.0,
    0.0,
    0.0,
    0.0,
    0.0,
    0.0,
    3e-05,
    0.00186,
    0.00847,
    0.02271,
    0.04066,
    0.06707,
    0.10772,
    0.15154,
    0.19979,
    0.20993,
    0.14056,
    0.04668,
    0.00298
  ],
  "Burnley": [
    0.0,
    0.0,
    0.0,
    0.0,
    0.0,
    0.0,
    0.0,
    3e-05,
    0.00046,
    0.00161,
    0.0048,
    0.0096,
    0.01831,
    0.03606,
    0.06152,
    0.10442,
    0.17227,
    0.29569,
    0.23357,
    0.06166
  ],
  "Brighton": [
    0.0,
    0.0,
    0.0,
    0.0,
    0.0,
    1e-05,
    0.00027,
    0.00361,
    0.03068,
    0.07425,
    0.12448,
    0.16796,
    0.19273,
    0.16464,
    0.12301,
    0.07373,
    0.03485,
    0.0089,
    0.00085,
    3e-05
  ],
  "Chelsea": [
    0.00569,
    0.04289,
    0.76683,
    0.15427,
    0.02483,
    0.0048,
    0.00062,
    7e-05,
    0.0,
    0.0,
    0.0,
    0.0,
    0.0,
    0.0,
    0.0,
    0.0,
    0.0,
    0.0,
    0.0,
    0.0
  ],
  "Crystal Palace": [
    0.0,
    0.0,
    0.0,
    0.0,
    0.0,
    0.00017,
    0.00145,
    0.01148,
    0.09171,
    0.15636,
    0.17156,
    0.17471,
    0.14483,
    0.11501,
    0.07172,
    0.03956,
    0.01685,
    0.00424,
    0.00035,
    0.0
  ],
  "Everton": [
    0.0,
    0.0,
    0.0,
    0.0,
    0.0,
    0.0,
    1e-05,
    0.0003,
    0.00481,
    0.01338,
    0.02622,
    0.04563,
    0.07446,
    0.10956,
    0.14877,
    0.18227,
    0.18676,
    0.14207,
    0.0589,
    0.00686
  ],
  "Southampton": [
    0.0,
    0.0,
    0.0,
    0.0,
    2e-05,
    0.00018,
    0.00223,
    0.01534,
    0.1146,
    0.2021,
    0.18609,
    0.16802,
    0.13277,
    0.08086,
    0.05469,
    0.02711,
    0.01277,
    0.00306,
    0.00016,
    0.0
  ],
  "Leicester": [
    0.0,
    0.0,
    0.0,
    0.00016,
    0.00227,
    0.00887,
    0.02689,
    0.09194,
    0.34798,
    0.21394,
    0.14627,
    0.08099,
    0.04456,
    0.02216,
    0.00959,
    0.00333,
    0.00093,
    0.0001,
    2e-05,
    0.0
  ],
  "Wolves": [
    0.0,
    0.0,
    0.00015,
    0.0051,
    0.03252,
    0.09665,
    0.23844,
    0.46553,
    0.12416,
    0.02949,
    0.00652,
    0.00129,
    0.00014,
    1e-05,
    0.0,
    0.0,
    0.0,
    0.0,
    0.0,
    0.0
  ],
  "Watford": [
    0.0,
    0.0,
    0.0,
    0.0,
    0.0,
    0.0,
    0.0,
    0.0,
    0.0,
    0.0,
    0.00011,
    0.00058,
    0.00226,
    0.00781,
    0.0191,
    0.04396,
    0.09849,
    0.23157,
    0.46528,
    0.13084
  ],
  "Aston Villa": [
    0.0,
    0.0,
    0.0,
    0.0,
    0.00016,
    0.00104,
    0.00824,
    0.04848,
    0.19631,
    0.22561,
    0.20015,
    0.14409,
    0.09004,
    0.05019,
    0.02254,
    0.0097,
    0.00293,
    0.00052,
    0.0,
    0.0
  ],
  "Norwich": [
    0.0,
    0.0,
    0.0,
    0.0,
    0.0,
    0.0,
    0.0,
    0.0,
    0.0,
    0.0,
    0.0,
    1e-05,
    0.0,
    6e-05,
    0.00041,
    0.0019,
    0.00761,
    0.03655,
    0.15808,
    0.79538
  ],
  "Liverpool": [
    0.49049,
    0.48674,
    0.0226,
    0.00017,
    0.0,
    0.0,
    0.0,
    0.0,
    0.0,
    0.0,
    0.0,
    0.0,
    0.0,
    0.0,
    0.0,
    0.0,
    0.0,
    0.0,
    0.0,
    0.0
  ],
  "Newcastle": [
    0.0,
    0.0,
    0.0,
    0.0,
    0.0,
    2e-05,
    0.0002,
    0.00284,
    0.02706,
    0.05528,
    0.08417,
    0.11682,
    0.14981,
    0.18134,
    0.15826,
    0.11621,
    0.07054,
    0.03119,
    0.00592,
    0.00034
  ],
  "West Ham": [
    0.0,
    0.0,
    0.00169,
    0.02808,
    0.10418,
    0.21741,
    0.36343,
    0.23626,
    0.04266,
    0.00537,
    0.00085,
    5e-05,
    2e-05,
    0.0,
    0.0,
    0.0,
    0.0,
    0.0,
    0.0,
    0.0
  ],
  "Tottenham": [
    0.0,
    4e-05,
    0.02159,
    0.18951,
    0.36005,
    0.25951,
    0.12226,
    0.04175,
    0.00506,
    0.00022,
    0.0,
    1e-05,
    0.0,
    0.0,
    0.0,
    0.0,
    0.0,
    0.0,
    0.0,
    0.0
  ],
  "Man City": [
    0.50372,
    0.46844,
    0.02767,
    0.00017,
    0.0,
    0.0,
    0.0,
    0.0,
    0.0,
    0.0,
    0.0,
    0.0,
    0.0,
    0.0,
    0.0,
    0.0,
    0.0,
    0.0,
    0.0,
    0.0
  ]
}