{
  "Le Havre": [
    0.0,
    1e-05,
    4e-05,
    0.00025,
    0.00061,
    0.00181,
    0.00356,
    0.00806,
    0.01618,
    0.03089,
    0.05138,
    0.07779,
    0.10267,
    0.12072,
    0.13615,
    0.14447,
    0.15098,
    0.15443
  ],
  "Paris SG": [
    0.79307,
    0.13854,
    0.04296,
    0.01595,
    0.00593,
    0.00237,
    0.00073,
    0.00029,
    0.0001,
    2e-05,
    4e-05,
    0.0,
    0.0,
    0.0,
    0.0,
    0.0,
    0.0,
    0.0
  ],
  "Brest": [
    1e-05,
    0.00044,
    0.00168,
    0.00425,
    0.0098,
    0.01798,
    0.03163,
    0.05162,
    0.08022,
    0.11118,
    0.13721,
    0.14701,
    0.12519,
    0.10187,
    0.07222,
    0.0535,
    0.03549,
    0.0187
  ],
  "Marseille": [
    0.09849,
    0.32818,
    0.21533,
    0.14009,
    0.09024,
    0.05635,
    0.0353,
    0.01885,
    0.01004,
    0.0045,
    0.00169,
    0.00063,
    0.0002,
    3e-05,
    7e-05,
    1e-05,
    0.0,
    0.0
  ],
  "Reims": [
    0.0195,
    0.10457,
    0.14808,
    0.16194,
    0.15115,
    0.13249,
    0.10272,
    0.07428,
    0.05004,
    0.02872,
    0.01465,
    0.00704,
    0.00301,
    0.00122,
    0.00046,
    9e-05,
    2e-05,
    2e-05
  ],
  "Lille": [
    0.00584,
    0.04212,
    0.0778,
    0.1068,
    0.12637,
    0.14053,
    0.13848,
    0.12032,
    0.09496,
    0.0659,
    0.03967,
    0.02128,
    0.01081,
    0.00567,
    0.00231,
    0.00083,
    0.00024,
    7e-05
  ],
  "Monaco": [
    0.05571,
    0.20742,
    0.20672,
    0.16727,
    0.12822,
    0.09171,
    0.06148,
    0.0392,
    0.02218,
    0.01159,
    0.00502,
    0.0023,
    0.00079,
    0.00027,
    9e-05,
    3e-05,
    0.0,
    0.0
  ],
  "St Etienne": [
    0.0,
    0.0,
    5e-05,
    7e-05,
    0.00015,
    0.00042,
    0.00113,
    0.00289,
    0.00667,
    0.01349,
    0.02567,
    0.04629,
    0.07425,
    0.10971,
    0.14255,
    0.17242,
    0.19415,
    0.21009
  ],
  "Auxerre": [
    0.0,
    1e-05,
    4e-05,
    0.00017,
    0.00036,
    0.00088,
    0.00254,
    0.0053,
    0.01148,
    0.02323,
    0.03957,
    0.06352,
    0.09063,
    0.11223,
    0.13488,
    0.15156,
    0.17322,
    0.19038
  ],
  "Nice": [
    0.01603,
    0.09518,
    0.14226,
    0.15527,
    0.1563,
    0.13361,
    0.1053,
    0.0781,
    0.0527,
    0.03209,
    0.01794,
    0.00888,
    0.00415,
    0.00141,
    0.00054,
    0.00015,
    9e-05,
    0.0
  ],
  "Angers": [
    0.0,
    0.0,
    0.00012,
    0.0003,
    0.001,
    0.00242,
    0.00537,
    0.01168,
    0.02209,
    0.03815,
    0.06291,
    0.09253,
    0.12063,
    0.13744,
    0.14176,
    0.13694,
    0.11955,
    0.10711
  ],
  "Lens": [
    0.0087,
    0.05768,
    0.09882,
    0.12863,
    0.14326,
    0.14207,
    0.13175,
    0.1046,
    0.07579,
    0.04908,
    0.02981,
    0.01562,
    0.00771,
    0.004,
    0.00157,
    0.00062,
    0.00021,
    8e-05
  ],
  "Montpellier": [
    0.0,
    0.0,
    3e-05,
    0.0001,
    0.00024,
    0.00069,
    0.0017,
    0.00384,
    0.00841,
    0.0163,
    0.03079,
    0.0518,
    0.07688,
    0.1015,
    0.12965,
    0.15603,
    0.18975,
    0.23229
  ],
  "Strasbourg": [
    0.00156,
    0.01365,
    0.03227,
    0.05327,
    0.07785,
    0.10417,
    0.1281,
    0.14131,
    0.13347,
    0.11128,
    0.08181,
    0.05481,
    0.03047,
    0.01804,
    0.00964,
    0.00522,
    0.00234,
    0.00074
  ],
  "Toulouse": [
    0.0,
    8e-05,
    0.00034,
    0.00109,
    0.00275,
    0.00593,
    0.01209,
    0.02355,
    0.03897,
    0.06284,
    0.09372,
    0.11688,
    0.13073,
    0.12896,
    0.11933,
    0.1063,
    0.09052,
    0.06592
  ],
  "Nantes": [
    3e-05,
    0.0008,
    0.0023,
    0.0052,
    0.01114,
    0.02162,
    0.03777,
    0.0598,
    0.08637,
    0.11903,
    0.1426,
    0.13446,
    0.11514,
    0.0923,
    0.07191,
    0.05112,
    0.03257,
    0.01584
  ],
  "Rennes": [
    0.0006,
    0.00617,
    0.01606,
    0.03067,
    0.04776,
    0.07288,
    0.09946,
    0.12776,
    0.14265,
    0.13689,
    0.11274,
    0.08167,
    0.05535,
    0.03324,
    0.01897,
    0.01037,
    0.00509,
    0.00167
  ],
  "Lyon": [
    0.00046,
    0.00515,
    0.0151,
    0.02868,
    0.04687,
    0.07207,
    0.10089,
    0.12855,
    0.14768,
    0.14482,
    0.11278,
    0.07749,
    0.05139,
    0.03139,
    0.0179,
    0.01034,
    0.00578,
    0.00266
  ]
}