{
  "Groningen": [
    0.0001,
    0.00198,
    0.01279,
    0.03276,
    0.05838,
    0.08672,
    0.11223,
    0.13161,
    0.12462,
    0.12096,
    0.09835,
    0.07794,
    0.05834,
    0.04021,
    0.02544,
    0.01246,
    0.00423,
    0.00088
  ],
  "NAC Breda": [
    0.0,
    0.0,
    3e-05,
    0.00018,
    0.0006,
    0.00168,
    0.00403,
    0.008,
    0.01354,
    0.02281,
    0.0378,
    0.05802,
    0.09093,
    0.1323,
    0.18008,
    0.20457,
    0.15809,
    0.08734
  ],
  "Feyenoord": [
    0.01167,
    0.10152,
    0.25581,
    0.22052,
    0.1595,
    0.10051,
    0.06153,
    0.03696,
    0.02289,
    0.01314,
    0.00818,
    0.00439,
    0.00214,
    0.00086,
    0.00025,
    0.00011,
    2e-05,
    0.0
  ],
  "Willem II": [
    0.00015,
    0.00312,
    0.01842,
    0.04437,
    0.07598,
    0.11207,
    0.12939,
    0.12812,
    0.11979,
    0.10504,
    0.08907,
    0.06829,
    0.04829,
    0.03111,
    0.01627,
    0.00752,
    0.00236,
    0.00064
  ],
  "Nijmegen": [
    0.0001,
    0.00291,
    0.01782,
    0.04003,
    0.07176,
    0.10235,
    0.1217,
    0.1271,
    0.1226,
    0.10927,
    0.09385,
    0.07333,
    0.05143,
    0.03341,
    0.01899,
    0.00926,
    0.0034,
    0.00069
  ],
  "Twente": [
    0.00786,
    0.06932,
    0.19102,
    0.21365,
    0.18667,
    0.12659,
    0.08364,
    0.05087,
    0.03105,
    0.01869,
    0.01062,
    0.00543,
    0.00287,
    0.00127,
    0.00036,
    6e-05,
    3e-05,
    0.0
  ],
  "Almere City": [
    0.0,
    0.0,
    0.0,
    1e-05,
    3e-05,
    8e-05,
    0.00023,
    0.00059,
    0.00149,
    0.00289,
    0.00639,
    0.01334,
    0.02556,
    0.04858,
    0.08847,
    0.15746,
    0.29094,
    0.36394
  ],
  "AZ Alkmaar": [
    0.1647,
    0.55042,
    0.16927,
    0.06846,
    0.02899,
    0.01113,
    0.00432,
    0.00175,
    0.00055,
    0.00021,
    0.00013,
    5e-05,
    1e-05,
    1e-05,
    0.0,
    0.0,
    0.0,
    0.0
  ],
  "PSV Eindhoven": [
    0.80379,
    0.16387,
    0.0248,
    0.00562,
    0.00143,
    0.00032,
    0.0001,
    6e-05,
    1e-05,
    0.0,
    0.0,
    0.0,
    0.0,
    0.0,
    0.0,
    0.0,
    0.0,
    0.0
  ],
  "Waalwijk": [
    0.0,
    0.0,
    0.0,
    0.0,
    0.0,
    3e-05,
    0.00019,
    0.00041,
    0.00105,
    0.00231,
    0.00456,
    0.01065,
    0.02128,
    0.04116,
    0.07554,
    0.1416,
    0.27099,
    0.43023
  ],
  "Sparta Rotterdam": [
    0.0001,
    0.00388,
    0.01991,
    0.04466,
    0.07514,
    0.10833,
    0.12471,
    0.1289,
    0.12878,
    0.11202,
    0.0897,
    0.06737,
    0.04485,
    0.02765,
    0.01497,
    0.00677,
    0.00197,
    0.00029
  ],
  "Heracles": [
    0.0,
    0.00016,
    0.00219,
    0.00685,
    0.0165,
    0.03075,
    0.04893,
    0.0703,
    0.09546,
    0.11608,
    0.13307,
    0.13601,
    0.12272,
    0.09534,
    0.06526,
    0.03973,
    0.01616,
    0.00449
  ],
  "Go Ahead Eagles": [
    0.0,
    6e-05,
    0.00086,
    0.00304,
    0.00745,
    0.01726,
    0.0297,
    0.04605,
    0.06511,
    0.08754,
    0.1097,
    0.13101,
    0.14274,
    0.13177,
    0.10609,
    0.0722,
    0.03643,
    0.01299
  ],
  "For Sittard": [
    0.0,
    0.0,
    4e-05,
    0.0003,
    0.00124,
    0.00339,
    0.0063,
    0.01227,
    0.02058,
    0.03265,
    0.05114,
    0.07795,
    0.11003,
    0.15053,
    0.17935,
    0.17413,
    0.11952,
    0.06058
  ],
  "Utrecht": [
    0.01076,
    0.08971,
    0.23157,
    0.22034,
    0.16857,
    0.11089,
    0.06758,
    0.04156,
    0.02623,
    0.01588,
    0.00882,
    0.00458,
    0.00216,
    0.00094,
    0.00034,
    4e-05,
    3e-05,
    0.0
  ],
  "Zwolle": [
    1e-05,
    0.0003,
    0.00307,
    0.01008,
    0.02164,
    0.03878,
    0.05662,
    0.07412,
    0.08987,
    0.10648,
    0.12038,
    0.126,
    0.11888,
    0.09477,
    0.06893,
    0.04297,
    0.02026,
    0.00684
  ],
  "Ajax": [
    0.00076,
    0.01275,
    0.0522,
    0.08791,
    0.1233,
    0.14273,
    0.13469,
    0.11616,
    0.09853,
    0.07743,
    0.06103,
    0.04127,
    0.02523,
    0.01456,
    0.00674,
    0.0036,
    0.0009,
    0.00021
  ],
  "Heerenveen": [
    0.0,
    0.0,
    0.0002,
    0.00122,
    0.00282,
    0.00639,
    0.01411,
    0.02517,
    0.03785,
    0.0566,
    0.07721,
    0.10437,
    0.13254,
    0.15553,
    0.15292,
    0.12752,
    0.07467,
    0.03088
  ]
}