{
  "Fulham": [
    0.0,
    0.0,
    0.0,
    0.0,
    0.0,
    0.0,
    0.0,
    0.0,
    0.0,
    4e-05,
    7e-05,
    0.00012,
    0.00075,
    0.00265,
    0.00885,
    0.02626,
    0.09327,
    0.67587,
    0.15856,
    0.03356
  ],
  "Arsenal": [
    0.0,
    9e-05,
    0.00063,
    0.00245,
    0.00698,
    0.01426,
    0.02995,
    0.06095,
    0.12196,
    0.24663,
    0.23986,
    0.1437,
    0.07503,
    0.03657,
    0.01455,
    0.00527,
    0.00109,
    3e-05,
    0.0,
    0.0
  ],
  "Crystal Palace": [
    0.0,
    0.0,
    1e-05,
    4e-05,
    0.00014,
    0.00043,
    0.00115,
    0.00404,
    0.01354,
    0.04673,
    0.09541,
    0.16023,
    0.19915,
    0.19069,
    0.14807,
    0.09386,
    0.04353,
    0.00293,
    5e-05,
    0.0
  ],
  "Southampton": [
    0.0,
    0.0,
    8e-05,
    0.00018,
    0.00066,
    0.00191,
    0.00485,
    0.01236,
    0.03329,
    0.09653,
    0.1667,
    0.21869,
    0.17964,
    0.13184,
    0.08541,
    0.04777,
    0.01905,
    0.00103,
    1e-05,
    0.0
  ],
  "Liverpool": [
    0.04201,
    0.25161,
    0.23804,
    0.1781,
    0.11629,
    0.07766,
    0.04912,
    0.02849,
    0.01345,
    0.00398,
    0.00102,
    0.00018,
    4e-05,
    1e-05,
    0.0,
    0.0,
    0.0,
    0.0,
    0.0,
    0.0
  ],
  "Leeds": [
    0.0,
    9e-05,
    0.00064,
    0.002,
    0.00544,
    0.01133,
    0.02314,
    0.04589,
    0.09764,
    0.22104,
    0.23484,
    0.16076,
    0.09681,
    0.05619,
    0.02882,
    0.01179,
    0.0034,
    0.00018,
    0.0,
    0.0
  ],
  "West Ham": [
    0.00105,
    0.01484,
    0.04029,
    0.07193,
    0.10908,
    0.14014,
    0.16389,
    0.1797,
    0.16286,
    0.07737,
    0.02752,
    0.00831,
    0.00238,
    0.00054,
    7e-05,
    2e-05,
    1e-05,
    0.0,
    0.0,
    0.0
  ],
  "Newcastle": [
    0.0,
    0.0,
    0.0,
    0.0,
    0.0,
    1e-05,
    3e-05,
    7e-05,
    0.00048,
    0.00316,
    0.01093,
    0.03111,
    0.06313,
    0.11017,
    0.17887,
    0.2726,
    0.28248,
    0.04505,
    0.00185,
    6e-05
  ],
  "West Brom": [
    0.0,
    0.0,
    0.0,
    0.0,
    0.0,
    0.0,
    0.0,
    0.0,
    0.0,
    0.0,
    0.0,
    0.0,
    0.0,
    0.0,
    3e-05,
    0.00018,
    0.00169,
    0.04766,
    0.26619,
    0.68425
  ],
  "Leicester": [
    0.03415,
    0.17504,
    0.20938,
    0.20526,
    0.14099,
    0.09909,
    0.06998,
    0.03933,
    0.01951,
    0.00581,
    0.00117,
    0.00024,
    5e-05,
    0.0,
    0.0,
    0.0,
    0.0,
    0.0,
    0.0,
    0.0
  ],
  "Tottenham": [
    0.00188,
    0.02727,
    0.06119,
    0.09604,
    0.13338,
    0.15333,
    0.15911,
    0.14991,
    0.12547,
    0.05896,
    0.02354,
    0.00708,
    0.00208,
    0.0006,
    0.00015,
    1e-05,
    0.0,
    0.0,
    0.0,
    0.0
  ],
  "Everton": [
    0.00162,
    0.01908,
    0.04836,
    0.07842,
    0.1167,
    0.14096,
    0.15637,
    0.16499,
    0.15203,
    0.07703,
    0.0309,
    0.00995,
    0.00261,
    0.00082,
    0.00014,
    2e-05,
    0.0,
    0.0,
    0.0,
    0.0
  ],
  "Brighton": [
    0.0,
    0.0,
    0.0,
    0.0,
    3e-05,
    8e-05,
    0.00037,
    0.00136,
    0.00492,
    0.02091,
    0.05144,
    0.09916,
    0.15251,
    0.18685,
    0.20503,
    0.16569,
    0.1004,
    0.01093,
    0.00031,
    1e-05
  ],
  "Chelsea": [
    0.00246,
    0.03336,
    0.07399,
    0.10715,
    0.14847,
    0.16341,
    0.15656,
    0.13907,
    0.10398,
    0.0467,
    0.01815,
    0.0054,
    0.00103,
    0.00021,
    5e-05,
    1e-05,
    0.0,
    0.0,
    0.0,
    0.0
  ],
  "Sheffield United": [
    0.0,
    0.0,
    0.0,
    0.0,
    0.0,
    0.0,
    0.0,
    0.0,
    0.0,
    0.0,
    0.0,
    0.0,
    0.0,
    8e-05,
    0.00029,
    0.0015,
    0.00879,
    0.13838,
    0.56901,
    0.28195
  ],
  "Wolves": [
    0.0,
    0.0,
    0.0,
    1e-05,
    1e-05,
    0.00016,
    0.00065,
    0.00198,
    0.00713,
    0.0276,
    0.06679,
    0.12435,
    0.17343,
    0.19702,
    0.183,
    0.13227,
    0.07709,
    0.00834,
    0.00017,
    0.0
  ],
  "Man United": [
    0.06904,
    0.34609,
    0.23475,
    0.15415,
    0.09257,
    0.05322,
    0.02843,
    0.01447,
    0.00583,
    0.00128,
    0.00014,
    2e-05,
    1e-05,
    0.0,
    0.0,
    0.0,
    0.0,
    0.0,
    0.0,
    0.0
  ],
  "Burnley": [
    0.0,
    0.0,
    0.0,
    0.0,
    0.0,
    0.0,
    0.0,
    2e-05,
    0.00032,
    0.00217,
    0.00833,
    0.023,
    0.04885,
    0.08524,
    0.14652,
    0.24273,
    0.3692,
    0.0696,
    0.00385,
    0.00017
  ],
  "Aston Villa": [
    0.0024,
    0.02783,
    0.06186,
    0.0926,
    0.12472,
    0.14215,
    0.15566,
    0.15708,
    0.13756,
    0.06406,
    0.02319,
    0.0077,
    0.0025,
    0.00052,
    0.00015,
    2e-05,
    0.0,
    0.0,
    0.0,
    0.0
  ],
  "Man City": [
    0.84539,
    0.1047,
    0.03078,
    0.01167,
    0.00454,
    0.00186,
    0.00074,
    0.00029,
    3e-05,
    0.0,
    0.0,
    0.0,
    0.0,
    0.0,
    0.0,
    0.0,
    0.0,
    0.0,
    0.0,
    0.0
  ]
}