{
  "Empoli": [
    0.0,
    0.0,
    2e-05,
    4e-05,
    0.00019,
    0.00052,
    0.00112,
    0.00232,
    0.00427,
    0.00827,
    0.01417,
    0.02294,
    0.03656,
    0.05021,
    0.06936,
    0.09191,
    0.11086,
    0.14397,
    0.18265,
    0.26062
  ],
  "Verona": [
    0.0,
    0.0,
    0.0,
    0.00023,
    0.00054,
    0.00136,
    0.00275,
    0.00507,
    0.00862,
    0.01476,
    0.02389,
    0.03724,
    0.05084,
    0.0671,
    0.08614,
    0.1049,
    0.13005,
    0.14297,
    0.16987,
    0.15367
  ],
  "Frosinone": [
    0.0,
    4e-05,
    0.00051,
    0.00211,
    0.00444,
    0.00955,
    0.01487,
    0.02391,
    0.03577,
    0.04908,
    0.06569,
    0.08349,
    0.09955,
    0.10722,
    0.11009,
    0.10911,
    0.09809,
    0.08727,
    0.06487,
    0.03434
  ],
  "Napoli": [
    0.00077,
    0.00643,
    0.02889,
    0.06698,
    0.09064,
    0.1048,
    0.11184,
    0.11216,
    0.10784,
    0.09829,
    0.08254,
    0.06214,
    0.04684,
    0.03233,
    0.0219,
    0.01275,
    0.00756,
    0.00363,
    0.00137,
    0.0003
  ],
  "Genoa": [
    2e-05,
    0.00012,
    0.00132,
    0.00636,
    0.01248,
    0.02079,
    0.03118,
    0.04255,
    0.05674,
    0.07433,
    0.09322,
    0.10577,
    0.11194,
    0.11082,
    0.09426,
    0.08316,
    0.06865,
    0.04541,
    0.02895,
    0.01193
  ],
  "Fiorentina": [
    0.00764,
    0.03477,
    0.11344,
    0.18077,
    0.16352,
    0.13045,
    0.10642,
    0.08281,
    0.06182,
    0.04547,
    0.03001,
    0.01908,
    0.01191,
    0.00664,
    0.00313,
    0.00138,
    0.00055,
    0.00019,
    0.0,
    0.0
  ],
  "Inter": [
    0.51101,
    0.3317,
    0.11103,
    0.0309,
    0.00982,
    0.00352,
    0.00136,
    0.00041,
    0.00016,
    8e-05,
    1e-05,
    0.0,
    0.0,
    0.0,
    0.0,
    0.0,
    0.0,
    0.0,
    0.0,
    0.0
  ],
  "Monza": [
    0.00015,
    0.00141,
    0.00832,
    0.0256,
    0.04046,
    0.05756,
    0.07184,
    0.08767,
    0.10091,
    0.11044,
    0.11271,
    0.09911,
    0.08467,
    0.07144,
    0.05359,
    0.03446,
    0.02124,
    0.01162,
    0.00506,
    0.00174
  ],
  "Roma": [
    0.00107,
    0.00609,
    0.03117,
    0.06816,
    0.09131,
    0.10667,
    0.11404,
    0.11658,
    0.10984,
    0.09706,
    0.0799,
    0.06116,
    0.04581,
    0.03154,
    0.01936,
    0.0116,
    0.00519,
    0.00232,
    0.00095,
    0.00018
  ],
  "Salernitana": [
    0.0,
    0.0,
    3e-05,
    3e-05,
    6e-05,
    0.00028,
    0.00076,
    0.00141,
    0.0033,
    0.00553,
    0.00991,
    0.01771,
    0.02817,
    0.03998,
    0.05784,
    0.08247,
    0.10354,
    0.14364,
    0.1939,
    0.31144
  ],
  "Sassuolo": [
    2e-05,
    1e-05,
    0.00035,
    0.00169,
    0.00442,
    0.00859,
    0.01441,
    0.02238,
    0.03304,
    0.0468,
    0.06334,
    0.08272,
    0.09835,
    0.11052,
    0.11833,
    0.11381,
    0.10164,
    0.08572,
    0.06063,
    0.03323
  ],
  "Atalanta": [
    0.00229,
    0.01289,
    0.05213,
    0.1035,
    0.12259,
    0.12432,
    0.12233,
    0.11035,
    0.0955,
    0.07867,
    0.06088,
    0.04549,
    0.02983,
    0.01806,
    0.0107,
    0.00585,
    0.00293,
    0.00119,
    0.00044,
    6e-05
  ],
  "Lecce": [
    0.0,
    9e-05,
    0.00143,
    0.0052,
    0.01062,
    0.01734,
    0.02701,
    0.03856,
    0.05413,
    0.06985,
    0.08778,
    0.10309,
    0.11172,
    0.11013,
    0.10303,
    0.08806,
    0.06936,
    0.05269,
    0.03451,
    0.0154
  ],
  "Lazio": [
    0.00236,
    0.01185,
    0.05084,
    0.10804,
    0.12768,
    0.12893,
    0.11993,
    0.10923,
    0.09559,
    0.07762,
    0.0593,
    0.04297,
    0.0269,
    0.01788,
    0.01081,
    0.00552,
    0.00289,
    0.00121,
    0.00033,
    0.00012
  ],
  "Udinese": [
    0.0,
    0.0,
    0.00025,
    0.00056,
    0.00198,
    0.00436,
    0.0073,
    0.01228,
    0.02019,
    0.03053,
    0.04332,
    0.05986,
    0.07638,
    0.09324,
    0.11083,
    0.11907,
    0.12565,
    0.12206,
    0.10509,
    0.06705
  ],
  "Juventus": [
    0.39499,
    0.3854,
    0.15035,
    0.04494,
    0.01488,
    0.00605,
    0.00217,
    0.00081,
    0.00029,
    6e-05,
    6e-05,
    0.0,
    0.0,
    0.0,
    0.0,
    0.0,
    0.0,
    0.0,
    0.0,
    0.0
  ],
  "Torino": [
    0.00052,
    0.00319,
    0.01609,
    0.04442,
    0.06753,
    0.0835,
    0.09656,
    0.10532,
    0.10997,
    0.10573,
    0.09628,
    0.08101,
    0.06215,
    0.04707,
    0.03346,
    0.0227,
    0.01331,
    0.00744,
    0.00318,
    0.00057
  ],
  "Cagliari": [
    0.0,
    1e-05,
    0.0001,
    0.00017,
    0.00094,
    0.00209,
    0.00422,
    0.00766,
    0.01307,
    0.02014,
    0.03049,
    0.04429,
    0.0586,
    0.07404,
    0.09079,
    0.1102,
    0.13739,
    0.14833,
    0.14812,
    0.10935
  ],
  "Bologna": [
    0.00402,
    0.0209,
    0.07617,
    0.13835,
    0.14525,
    0.13766,
    0.1189,
    0.1011,
    0.07934,
    0.06184,
    0.04383,
    0.03084,
    0.01935,
    0.0116,
    0.00632,
    0.00301,
    0.0011,
    0.00034,
    8e-05,
    0.0
  ],
  "Milan": [
    0.07514,
    0.1851,
    0.35756,
    0.17195,
    0.09065,
    0.05166,
    0.03099,
    0.01742,
    0.00961,
    0.00545,
    0.00267,
    0.00109,
    0.00043,
    0.00018,
    6e-05,
    4e-05,
    0.0,
    0.0,
    0.0,
    0.0
  ]
}