{
  "Brentford": [
    0.0,
    0.0,
    0.0,
    0.0,
    0.0,
    0.0,
    0.0,
    2e-05,
    0.00072,
    0.00409,
    0.01201,
    0.02986,
    0.07748,
    0.17919,
    0.3102,
    0.21107,
    0.11477,
    0.05249,
    0.00789,
    0.00021
  ],
  "Arsenal": [
    0.0,
    0.00038,
    0.02052,
    0.65444,
    0.20394,
    0.07621,
    0.03269,
    0.00977,
    0.00189,
    0.00015,
    1e-05,
    0.0,
    0.0,
    0.0,
    0.0,
    0.0,
    0.0,
    0.0,
    0.0,
    0.0
  ],
  "Man United": [
    0.0,
    0.0,
    0.00017,
    0.0606,
    0.20426,
    0.29353,
    0.25524,
    0.1357,
    0.04263,
    0.00671,
    0.00101,
    0.00011,
    4e-05,
    0.0,
    0.0,
    0.0,
    0.0,
    0.0,
    0.0,
    0.0
  ],
  "Leeds": [
    0.0,
    0.0,
    0.0,
    0.0,
    0.0,
    0.0,
    0.0,
    0.0,
    0.0,
    3e-05,
    0.00032,
    0.00155,
    0.00508,
    0.02007,
    0.0619,
    0.14251,
    0.26256,
    0.3554,
    0.13164,
    0.01894
  ],
  "Burnley": [
    0.0,
    0.0,
    0.0,
    0.0,
    0.0,
    0.0,
    0.0,
    0.0,
    0.00012,
    0.00083,
    0.00331,
    0.00908,
    0.02451,
    0.08073,
    0.15803,
    0.25994,
    0.24024,
    0.16634,
    0.05036,
    0.00651
  ],
  "Brighton": [
    0.0,
    0.0,
    0.0,
    0.0,
    2e-05,
    0.00015,
    0.00093,
    0.00495,
    0.02679,
    0.07772,
    0.14458,
    0.22164,
    0.29485,
    0.15467,
    0.05758,
    0.01363,
    0.00232,
    0.00017,
    0.0,
    0.0
  ],
  "Chelsea": [
    0.00208,
    0.08412,
    0.89231,
    0.02103,
    0.00042,
    4e-05,
    0.0,
    0.0,
    0.0,
    0.0,
    0.0,
    0.0,
    0.0,
    0.0,
    0.0,
    0.0,
    0.0,
    0.0,
    0.0,
    0.0
  ],
  "Crystal Palace": [
    0.0,
    0.0,
    0.0,
    0.0,
    9e-05,
    0.00139,
    0.00651,
    0.03063,
    0.1297,
    0.24697,
    0.22903,
    0.1849,
    0.10615,
    0.04831,
    0.01331,
    0.00258,
    0.00036,
    7e-05,
    0.0,
    0.0
  ],
  "Everton": [
    0.0,
    0.0,
    0.0,
    0.0,
    0.0,
    0.0,
    0.0,
    2e-05,
    9e-05,
    0.00039,
    0.00167,
    0.00501,
    0.01781,
    0.05841,
    0.1213,
    0.22751,
    0.26531,
    0.2265,
    0.06805,
    0.00793
  ],
  "Southampton": [
    0.0,
    0.0,
    0.0,
    0.0,
    3e-05,
    0.00026,
    0.00218,
    0.01303,
    0.07489,
    0.18375,
    0.21969,
    0.22077,
    0.18302,
    0.06924,
    0.02631,
    0.00572,
    0.00101,
    0.0001,
    0.0,
    0.0
  ],
  "Leicester": [
    0.0,
    0.0,
    0.0,
    0.0018,
    0.01195,
    0.03178,
    0.06903,
    0.15139,
    0.33816,
    0.18984,
    0.11322,
    0.05957,
    0.02367,
    0.00749,
    0.00173,
    0.00032,
    4e-05,
    1e-05,
    0.0,
    0.0
  ],
  "Wolves": [
    0.0,
    0.0,
    0.0,
    0.0047,
    0.03655,
    0.11032,
    0.22104,
    0.38476,
    0.17466,
    0.05054,
    0.01373,
    0.00324,
    0.00044,
    2e-05,
    0.0,
    0.0,
    0.0,
    0.0,
    0.0,
    0.0
  ],
  "Watford": [
    0.0,
    0.0,
    0.0,
    0.0,
    0.0,
    0.0,
    0.0,
    0.0,
    0.0,
    0.0,
    0.0,
    0.0,
    5e-05,
    0.00083,
    0.00488,
    0.02335,
    0.06424,
    0.16059,
    0.56539,
    0.18067
  ],
  "Aston Villa": [
    0.0,
    0.0,
    0.0,
    0.0,
    0.0005,
    0.0025,
    0.01147,
    0.04384,
    0.13378,
    0.21192,
    0.2255,
    0.19555,
    0.11657,
    0.0425,
    0.01234,
    0.00294,
    0.00055,
    4e-05,
    0.0,
    0.0
  ],
  "Norwich": [
    0.0,
    0.0,
    0.0,
    0.0,
    0.0,
    0.0,
    0.0,
    0.0,
    0.0,
    0.0,
    0.0,
    0.0,
    0.0,
    3e-05,
    0.00018,
    0.00156,
    0.00745,
    0.02877,
    0.17627,
    0.78574
  ],
  "Liverpool": [
    0.18023,
    0.73994,
    0.07928,
    0.00055,
    0.0,
    0.0,
    0.0,
    0.0,
    0.0,
    0.0,
    0.0,
    0.0,
    0.0,
    0.0,
    0.0,
    0.0,
    0.0,
    0.0,
    0.0,
    0.0
  ],
  "Newcastle": [
    0.0,
    0.0,
    0.0,
    0.0,
    0.0,
    0.0,
    3e-05,
    0.00051,
    0.00372,
    0.01341,
    0.03315,
    0.06824,
    0.15025,
    0.33851,
    0.23224,
    0.10887,
    0.04115,
    0.00952,
    0.0004,
    0.0
  ],
  "West Ham": [
    0.0,
    0.0,
    0.0001,
    0.05299,
    0.17435,
    0.27365,
    0.26936,
    0.16317,
    0.05275,
    0.0109,
    0.00225,
    0.0004,
    8e-05,
    0.0,
    0.0,
    0.0,
    0.0,
    0.0,
    0.0,
    0.0
  ],
  "Tottenham": [
    0.0,
    0.0,
    0.00087,
    0.20389,
    0.36789,
    0.21017,
    0.13152,
    0.06221,
    0.0201,
    0.00275,
    0.00052,
    8e-05,
    0.0,
    0.0,
    0.0,
    0.0,
    0.0,
    0.0,
    0.0,
    0.0
  ],
  "Man City": [
    0.81769,
    0.17556,
    0.00675,
    0.0,
    0.0,
    0.0,
    0.0,
    0.0,
    0.0,
    0.0,
    0.0,
    0.0,
    0.0,
    0.0,
    0.0,
    0.0,
    0.0,
    0.0,
    0.0,
    0.0
  ]
}