{
  "Ein Frankfurt": [
    0.07,
    0.07491,
    0.0755,
    0.07707,
    0.07643,
    0.07817,
    0.07779,
    0.0735,
    0.07165,
    0.06663,
    0.05812,
    0.05099,
    0.04354,
    0.03539,
    0.02808,
    0.02115,
    0.01454,
    0.00654
  ],
  "Bayern Munich": [
    0.12068,
    0.12191,
    0.11221,
    0.09756,
    0.08555,
    0.07613,
    0.06618,
    0.06018,
    0.0536,
    0.04619,
    0.04009,
    0.03443,
    0.02829,
    0.02179,
    0.01629,
    0.01084,
    0.00595,
    0.00213
  ],
  "Augsburg": [
    0.01972,
    0.03222,
    0.04103,
    0.048,
    0.05384,
    0.05912,
    0.06048,
    0.06426,
    0.06721,
    0.07052,
    0.07351,
    0.07559,
    0.07439,
    0.06998,
    0.06563,
    0.05549,
    0.04355,
    0.02546
  ],
  "Freiburg": [
    0.09855,
    0.10745,
    0.10237,
    0.09579,
    0.08679,
    0.07947,
    0.0724,
    0.06487,
    0.05803,
    0.0514,
    0.04617,
    0.03803,
    0.03269,
    0.02541,
    0.0185,
    0.01251,
    0.00686,
    0.00271
  ],
  "Bochum": [
    0.00038,
    0.00104,
    0.00223,
    0.00353,
    0.0056,
    0.00765,
    0.01017,
    0.01352,
    0.01866,
    0.02408,
    0.03178,
    0.0408,
    0.05565,
    0.07233,
    0.09797,
    0.13364,
    0.1853,
    0.29567
  ],
  "Mainz": [
    0.04041,
    0.05655,
    0.0651,
    0.06947,
    0.07276,
    0.07314,
    0.07513,
    0.0741,
    0.07244,
    0.07026,
    0.06611,
    0.06016,
    0.0555,
    0.04936,
    0.03971,
    0.02996,
    0.0203,
    0.00954
  ],
  "M'gladbach": [
    0.04878,
    0.06468,
    0.07225,
    0.07435,
    0.07707,
    0.07675,
    0.07804,
    0.07496,
    0.07331,
    0.06935,
    0.06019,
    0.05547,
    0.05196,
    0.04127,
    0.03371,
    0.02476,
    0.01558,
    0.00752
  ],
  "Hoffenheim": [
    0.06938,
    0.08318,
    0.08362,
    0.08555,
    0.08458,
    0.08212,
    0.07614,
    0.072,
    0.06822,
    0.06052,
    0.05491,
    0.04849,
    0.04065,
    0.03264,
    0.02587,
    0.01748,
    0.01043,
    0.00422
  ],
  "Union Berlin": [
    0.33545,
    0.17231,
    0.11741,
    0.08547,
    0.06595,
    0.05359,
    0.04275,
    0.03272,
    0.02692,
    0.02119,
    0.01525,
    0.01112,
    0.00811,
    0.0053,
    0.00339,
    0.00177,
    0.00108,
    0.00022
  ],
  "Hertha": [
    0.00256,
    0.00666,
    0.01053,
    0.01481,
    0.01908,
    0.02461,
    0.02891,
    0.03525,
    0.0419,
    0.05454,
    0.0636,
    0.07282,
    0.08441,
    0.09669,
    0.10812,
    0.11176,
    0.11748,
    0.10627
  ],
  "Wolfsburg": [
    0.00645,
    0.01315,
    0.01824,
    0.02453,
    0.03115,
    0.03729,
    0.04159,
    0.04821,
    0.05832,
    0.06518,
    0.07314,
    0.08024,
    0.0854,
    0.09318,
    0.09283,
    0.09077,
    0.08021,
    0.06012
  ],
  "Werder Bremen": [
    0.0388,
    0.05516,
    0.0609,
    0.06778,
    0.06946,
    0.07127,
    0.07335,
    0.07594,
    0.07446,
    0.07146,
    0.06668,
    0.06401,
    0.05713,
    0.04972,
    0.0413,
    0.03183,
    0.02083,
    0.00992
  ],
  "Dortmund": [
    0.05015,
    0.06869,
    0.07625,
    0.07813,
    0.07847,
    0.07628,
    0.0772,
    0.07551,
    0.06893,
    0.06564,
    0.06211,
    0.05562,
    0.04795,
    0.04097,
    0.03231,
    0.02404,
    0.01479,
    0.00696
  ],
  "Leverkusen": [
    0.00286,
    0.00616,
    0.01061,
    0.0148,
    0.019,
    0.02389,
    0.02983,
    0.03654,
    0.04302,
    0.05003,
    0.06013,
    0.06944,
    0.08316,
    0.09461,
    0.10594,
    0.11792,
    0.12081,
    0.11125
  ],
  "Stuttgart": [
    0.00255,
    0.00601,
    0.00962,
    0.01296,
    0.01815,
    0.02183,
    0.02749,
    0.0331,
    0.03858,
    0.04553,
    0.05648,
    0.06698,
    0.0777,
    0.09243,
    0.10843,
    0.12317,
    0.13236,
    0.12663
  ],
  "RB Leipzig": [
    0.03994,
    0.05669,
    0.06337,
    0.06555,
    0.06841,
    0.06826,
    0.06996,
    0.06958,
    0.06827,
    0.06759,
    0.06596,
    0.06415,
    0.05897,
    0.05452,
    0.04535,
    0.03622,
    0.02481,
    0.0124
  ],
  "FC Koln": [
    0.05172,
    0.07009,
    0.07358,
    0.07763,
    0.07821,
    0.07707,
    0.07501,
    0.07368,
    0.06831,
    0.06478,
    0.06404,
    0.05755,
    0.04941,
    0.04142,
    0.03201,
    0.02375,
    0.01513,
    0.00661
  ],
  "Schalke 04": [
    0.00162,
    0.00314,
    0.00518,
    0.00702,
    0.0095,
    0.01336,
    0.01758,
    0.02208,
    0.02817,
    0.03511,
    0.04173,
    0.05411,
    0.06509,
    0.08299,
    0.10456,
    0.13294,
    0.16999,
    0.20583
  ]
}