{
  "São Paulo / SP": [
    0.05268,
    0.06943,
    0.07872,
    0.08833,
    0.08512,
    0.0844,
    0.07962,
    0.07376,
    0.06703,
    0.06147,
    0.05354,
    0.04811,
    0.04128,
    0.0329,
    0.02757,
    0.02204,
    0.01594,
    0.01059,
    0.00575,
    0.00172
  ],
  "Botafogo / RJ": [
    0.01899,
    0.03869,
    0.05196,
    0.06149,
    0.06459,
    0.06695,
    0.06864,
    0.07061,
    0.0706,
    0.06861,
    0.06719,
    0.06607,
    0.06108,
    0.05669,
    0.04867,
    0.04224,
    0.03269,
    0.0233,
    0.01443,
    0.00651
  ],
  "Atlético Mineiro / MG": [
    0.06243,
    0.09489,
    0.10752,
    0.10235,
    0.09379,
    0.08482,
    0.07597,
    0.0692,
    0.06074,
    0.05574,
    0.04502,
    0.03925,
    0.03236,
    0.02452,
    0.01889,
    0.01418,
    0.00958,
    0.00534,
    0.0027,
    0.00071
  ],
  "Avaí / SC": [
    1e-05,
    9e-05,
    0.00039,
    0.00087,
    0.00131,
    0.0025,
    0.00337,
    0.00512,
    0.00697,
    0.00955,
    0.01442,
    0.01853,
    0.02649,
    0.03626,
    0.0497,
    0.06672,
    0.09213,
    0.13061,
    0.1963,
    0.33866
  ],
  "Chapecoense / SC": [
    0.00012,
    0.00062,
    0.00132,
    0.00275,
    0.00412,
    0.00581,
    0.00896,
    0.01241,
    0.01717,
    0.02252,
    0.02882,
    0.03844,
    0.04718,
    0.05973,
    0.07305,
    0.09522,
    0.11576,
    0.14253,
    0.16281,
    0.16066
  ],
  "Internacional / RS": [
    0.01843,
    0.03694,
    0.05189,
    0.05979,
    0.06748,
    0.07083,
    0.07424,
    0.07392,
    0.07416,
    0.07337,
    0.0718,
    0.06531,
    0.05913,
    0.05357,
    0.04635,
    0.03749,
    0.02947,
    0.01985,
    0.01158,
    0.0044
  ],
  "Flamengo / RJ": [
    0.08054,
    0.10961,
    0.11459,
    0.1061,
    0.09782,
    0.08788,
    0.07528,
    0.0673,
    0.05609,
    0.04865,
    0.03991,
    0.03185,
    0.02612,
    0.01971,
    0.01496,
    0.01042,
    0.00664,
    0.0041,
    0.00185,
    0.00058
  ],
  "Cruzeiro / MG": [
    0.00053,
    0.00157,
    0.00344,
    0.00502,
    0.00851,
    0.01192,
    0.01625,
    0.0213,
    0.02816,
    0.03412,
    0.04154,
    0.05162,
    0.06095,
    0.07369,
    0.08858,
    0.10044,
    0.11202,
    0.1211,
    0.11854,
    0.1007
  ],
  "Grêmio / RS": [
    0.00928,
    0.02026,
    0.03281,
    0.04211,
    0.049,
    0.05611,
    0.06036,
    0.0659,
    0.06956,
    0.07129,
    0.07358,
    0.07404,
    0.07312,
    0.06791,
    0.06273,
    0.05546,
    0.04619,
    0.03566,
    0.02323,
    0.0114
  ],
  "Santos / SP": [
    0.43261,
    0.19778,
    0.11468,
    0.07608,
    0.05208,
    0.03778,
    0.02684,
    0.01984,
    0.01359,
    0.01017,
    0.00658,
    0.00471,
    0.00292,
    0.00193,
    0.00132,
    0.00066,
    0.00028,
    9e-05,
    5e-05,
    1e-05
  ],
  "Ceará / CE": [
    0.00951,
    0.0226,
    0.03444,
    0.04318,
    0.05197,
    0.05949,
    0.06502,
    0.06929,
    0.07376,
    0.07475,
    0.07809,
    0.07431,
    0.07333,
    0.06615,
    0.05916,
    0.04919,
    0.04133,
    0.02923,
    0.01783,
    0.00737
  ],
  "CSA / AL": [
    0.00012,
    0.00044,
    0.00097,
    0.00181,
    0.00347,
    0.0055,
    0.00757,
    0.00965,
    0.0145,
    0.02125,
    0.02773,
    0.03303,
    0.04305,
    0.05554,
    0.06997,
    0.08851,
    0.11104,
    0.13931,
    0.17203,
    0.19451
  ],
  "Bahia / BA": [
    0.01351,
    0.0305,
    0.04167,
    0.05025,
    0.05986,
    0.06652,
    0.06858,
    0.07375,
    0.0782,
    0.07421,
    0.07395,
    0.07001,
    0.06437,
    0.059,
    0.05171,
    0.04339,
    0.03415,
    0.02442,
    0.01532,
    0.00663
  ],
  "Corinthians / SP": [
    0.04708,
    0.07869,
    0.091,
    0.09227,
    0.09125,
    0.0866,
    0.08118,
    0.07795,
    0.06869,
    0.05896,
    0.05226,
    0.04402,
    0.03689,
    0.02972,
    0.02301,
    0.01651,
    0.01222,
    0.00681,
    0.00377,
    0.00112
  ],
  "Athletico Paranaense / PR": [
    0.03437,
    0.06015,
    0.07353,
    0.07712,
    0.08037,
    0.07872,
    0.08268,
    0.07602,
    0.07104,
    0.06735,
    0.05927,
    0.05276,
    0.04701,
    0.03966,
    0.03316,
    0.02591,
    0.01895,
    0.01242,
    0.00666,
    0.00285
  ],
  "Vasco da Gama / RJ": [
    0.00189,
    0.00558,
    0.01022,
    0.01519,
    0.02134,
    0.02765,
    0.03464,
    0.04082,
    0.04757,
    0.05492,
    0.06155,
    0.07027,
    0.07754,
    0.08263,
    0.08766,
    0.08778,
    0.08652,
    0.07955,
    0.06535,
    0.04133
  ],
  "Palmeiras / SP": [
    0.20285,
    0.20188,
    0.14211,
    0.10797,
    0.08362,
    0.06412,
    0.05095,
    0.03822,
    0.02935,
    0.02365,
    0.01718,
    0.01269,
    0.00952,
    0.00663,
    0.00423,
    0.00293,
    0.00123,
    0.00059,
    0.00022,
    6e-05
  ],
  "Fortaleza / CE": [
    0.0032,
    0.00781,
    0.01358,
    0.01947,
    0.02541,
    0.03152,
    0.03849,
    0.04411,
    0.05041,
    0.05754,
    0.06569,
    0.06957,
    0.07616,
    0.08204,
    0.0847,
    0.08293,
    0.08013,
    0.07233,
    0.05935,
    0.03556
  ],
  "Fluminense / RJ": [
    0.00094,
    0.00291,
    0.00537,
    0.00818,
    0.01246,
    0.01755,
    0.02291,
    0.0272,
    0.03515,
    0.0424,
    0.05002,
    0.06272,
    0.06974,
    0.08191,
    0.09,
    0.09922,
    0.10314,
    0.10208,
    0.09446,
    0.07164
  ],
  "Goiás / GO": [
    0.01091,
    0.01956,
    0.02979,
    0.03967,
    0.04643,
    0.05333,
    0.05845,
    0.06363,
    0.06726,
    0.06948,
    0.07186,
    0.07269,
    0.07176,
    0.06981,
    0.06458,
    0.05876,
    0.05059,
    0.04009,
    0.02777,
    0.01358
  ]
}