{
  "Brentford": [
    0.00012,
    0.00097,
    0.00361,
    0.00979,
    0.02057,
    0.03201,
    0.04733,
    0.05724,
    0.07768,
    0.08526,
    0.08882,
    0.09325,
    0.09506,
    0.08938,
    0.08778,
    0.07611,
    0.06243,
    0.04255,
    0.02268,
    0.00736
  ],
  "Arsenal": [
    0.02734,
    0.08972,
    0.15514,
    0.20478,
    0.16737,
    0.12233,
    0.08449,
    0.05635,
    0.03519,
    0.02187,
    0.01529,
    0.00939,
    0.00535,
    0.00299,
    0.00151,
    0.00062,
    0.00015,
    8e-05,
    3e-05,
    1e-05
  ],
  "Man United": [
    0.00614,
    0.02573,
    0.05688,
    0.10307,
    0.1331,
    0.1406,
    0.12649,
    0.10443,
    0.0811,
    0.06226,
    0.0472,
    0.0366,
    0.02804,
    0.02024,
    0.01333,
    0.00828,
    0.00426,
    0.00167,
    0.0005,
    8e-05
  ],
  "Leeds": [
    0.0,
    3e-05,
    0.00016,
    0.00076,
    0.00205,
    0.00482,
    0.00988,
    0.01617,
    0.02334,
    0.03203,
    0.04186,
    0.0522,
    0.06584,
    0.08356,
    0.10507,
    0.12798,
    0.14436,
    0.13872,
    0.09993,
    0.05124
  ],
  "Burnley": [
    1e-05,
    3e-05,
    0.00019,
    0.00099,
    0.00248,
    0.00519,
    0.00907,
    0.01462,
    0.02114,
    0.02716,
    0.0366,
    0.04679,
    0.05968,
    0.07617,
    0.09865,
    0.11925,
    0.14076,
    0.14723,
    0.11864,
    0.07535
  ],
  "Brighton": [
    0.0004,
    0.00334,
    0.01106,
    0.02443,
    0.04413,
    0.06267,
    0.0803,
    0.09468,
    0.0983,
    0.09766,
    0.09427,
    0.0882,
    0.0805,
    0.07078,
    0.05612,
    0.04325,
    0.02765,
    0.01411,
    0.00652,
    0.00163
  ],
  "Chelsea": [
    0.15666,
    0.28473,
    0.25345,
    0.14587,
    0.07912,
    0.0411,
    0.02035,
    0.01037,
    0.00452,
    0.00209,
    0.001,
    0.00043,
    0.00027,
    2e-05,
    1e-05,
    1e-05,
    0.0,
    0.0,
    0.0,
    0.0
  ],
  "Crystal Palace": [
    2e-05,
    0.0004,
    0.00269,
    0.00834,
    0.01696,
    0.03053,
    0.04487,
    0.06164,
    0.07576,
    0.08781,
    0.09426,
    0.09734,
    0.10132,
    0.10532,
    0.09138,
    0.07537,
    0.05331,
    0.03294,
    0.01535,
    0.00439
  ],
  "Everton": [
    6e-05,
    0.0005,
    0.00227,
    0.00696,
    0.01527,
    0.02547,
    0.03971,
    0.05271,
    0.06601,
    0.07802,
    0.08282,
    0.09369,
    0.10478,
    0.10283,
    0.09793,
    0.08612,
    0.06621,
    0.04575,
    0.02421,
    0.00868
  ],
  "Southampton": [
    7e-05,
    0.00023,
    0.00096,
    0.00366,
    0.00925,
    0.01704,
    0.02888,
    0.04076,
    0.05679,
    0.07198,
    0.07951,
    0.09134,
    0.09946,
    0.10138,
    0.10414,
    0.09774,
    0.08563,
    0.06257,
    0.03503,
    0.01358
  ],
  "Leicester": [
    0.00049,
    0.00407,
    0.01416,
    0.03197,
    0.05404,
    0.07725,
    0.09257,
    0.10137,
    0.10274,
    0.09933,
    0.09779,
    0.08786,
    0.07271,
    0.05894,
    0.04366,
    0.03019,
    0.01815,
    0.00885,
    0.00306,
    0.0008
  ],
  "Wolves": [
    0.00062,
    0.00378,
    0.01352,
    0.03267,
    0.05378,
    0.07533,
    0.09056,
    0.10197,
    0.105,
    0.10541,
    0.09699,
    0.0852,
    0.0722,
    0.05747,
    0.0452,
    0.02978,
    0.01765,
    0.00878,
    0.00343,
    0.00066
  ],
  "Watford": [
    0.0,
    0.0,
    8e-05,
    0.00035,
    0.00113,
    0.00257,
    0.00472,
    0.00859,
    0.01313,
    0.0207,
    0.02873,
    0.0404,
    0.05168,
    0.07191,
    0.09308,
    0.12228,
    0.14784,
    0.16328,
    0.13858,
    0.09095
  ],
  "Aston Villa": [
    9e-05,
    0.00087,
    0.00348,
    0.0117,
    0.02228,
    0.03808,
    0.05354,
    0.071,
    0.08149,
    0.08713,
    0.09626,
    0.09763,
    0.0964,
    0.0932,
    0.08172,
    0.06694,
    0.0489,
    0.03062,
    0.01435,
    0.00432
  ],
  "Norwich": [
    0.0,
    0.0,
    0.0,
    2e-05,
    0.0,
    7e-05,
    0.00024,
    0.00049,
    0.00088,
    0.00204,
    0.0033,
    0.00587,
    0.00952,
    0.01592,
    0.02747,
    0.04961,
    0.08476,
    0.14579,
    0.25714,
    0.39688
  ],
  "Liverpool": [
    0.16196,
    0.29565,
    0.24939,
    0.142,
    0.07541,
    0.03881,
    0.01929,
    0.00906,
    0.00432,
    0.00228,
    0.00105,
    0.00045,
    0.0002,
    8e-05,
    5e-05,
    0.0,
    0.0,
    0.0,
    0.0,
    0.0
  ],
  "Newcastle": [
    0.0,
    0.0,
    0.0,
    0.0,
    1e-05,
    0.00015,
    0.00031,
    0.00088,
    0.00167,
    0.00299,
    0.00514,
    0.00823,
    0.01295,
    0.02169,
    0.03557,
    0.05707,
    0.09377,
    0.15532,
    0.26023,
    0.34402
  ],
  "West Ham": [
    0.00508,
    0.02889,
    0.06363,
    0.11358,
    0.14306,
    0.14125,
    0.12679,
    0.10028,
    0.07598,
    0.0599,
    0.04755,
    0.03443,
    0.02378,
    0.01596,
    0.01029,
    0.0055,
    0.00265,
    0.00114,
    0.00022,
    4e-05
  ],
  "Tottenham": [
    0.00879,
    0.03551,
    0.07657,
    0.12637,
    0.14924,
    0.14071,
    0.11916,
    0.09699,
    0.07481,
    0.05402,
    0.04155,
    0.03069,
    0.02026,
    0.01216,
    0.00704,
    0.0039,
    0.00152,
    0.0006,
    0.0001,
    1e-05
  ],
  "Man City": [
    0.63215,
    0.22555,
    0.09276,
    0.03269,
    0.01075,
    0.00402,
    0.00145,
    0.0004,
    0.00015,
    6e-05,
    1e-05,
    1e-05,
    0.0,
    0.0,
    0.0,
    0.0,
    0.0,
    0.0,
    0.0,
    0.0
  ]
}