{
  "Crystal Palace": [
    0.0,
    0.0,
    1e-05,
    3e-05,
    0.00092,
    0.0038,
    0.01064,
    0.02299,
    0.04534,
    0.08745,
    0.17644,
    0.35268,
    0.17007,
    0.07255,
    0.03245,
    0.01485,
    0.00642,
    0.00248,
    0.00075,
    0.00013
  ],
  "Arsenal": [
    0.90343,
    0.09222,
    0.00405,
    0.0003,
    0.0,
    0.0,
    0.0,
    0.0,
    0.0,
    0.0,
    0.0,
    0.0,
    0.0,
    0.0,
    0.0,
    0.0,
    0.0,
    0.0,
    0.0,
    0.0
  ],
  "Fulham": [
    0.0,
    0.0,
    0.00034,
    0.00362,
    0.0381,
    0.09668,
    0.14715,
    0.18094,
    0.19446,
    0.17361,
    0.11172,
    0.04397,
    0.00777,
    0.00136,
    0.00021,
    5e-05,
    2e-05,
    0.0,
    0.0,
    0.0
  ],
  "Liverpool": [
    0.0,
    8e-05,
    0.0023,
    0.01597,
    0.08842,
    0.15289,
    0.18654,
    0.17784,
    0.15559,
    0.12124,
    0.06954,
    0.0245,
    0.00423,
    0.00069,
    0.00014,
    2e-05,
    1e-05,
    0.0,
    0.0,
    0.0
  ],
  "Bournemouth": [
    0.0,
    0.0,
    0.0,
    0.0,
    0.0,
    0.0,
    0.0,
    0.0,
    9e-05,
    0.00053,
    0.00321,
    0.01849,
    0.05893,
    0.10519,
    0.13447,
    0.15815,
    0.16562,
    0.15932,
    0.12031,
    0.07569
  ],
  "Aston Villa": [
    0.0,
    0.0,
    4e-05,
    0.00082,
    0.00802,
    0.02471,
    0.04982,
    0.08314,
    0.12952,
    0.20164,
    0.29202,
    0.14832,
    0.04422,
    0.01216,
    0.00399,
    0.00111,
    0.00038,
    8e-05,
    1e-05,
    0.0
  ],
  "Leeds": [
    0.0,
    0.0,
    0.0,
    0.0,
    0.0,
    3e-05,
    0.00019,
    0.00042,
    0.00154,
    0.00556,
    0.02317,
    0.08275,
    0.19272,
    0.19804,
    0.1637,
    0.12657,
    0.0933,
    0.06149,
    0.0347,
    0.01582
  ],
  "Wolves": [
    0.0,
    0.0,
    0.0,
    0.0,
    0.0,
    0.0,
    2e-05,
    7e-05,
    0.0002,
    0.0013,
    0.00516,
    0.02504,
    0.08347,
    0.13244,
    0.15715,
    0.16391,
    0.15172,
    0.13019,
    0.0939,
    0.05543
  ],
  "Newcastle": [
    0.00132,
    0.06252,
    0.37778,
    0.4175,
    0.10516,
    0.02576,
    0.00711,
    0.0021,
    0.00064,
    9e-05,
    2e-05,
    0.0,
    0.0,
    0.0,
    0.0,
    0.0,
    0.0,
    0.0,
    0.0,
    0.0
  ],
  "Nott'm Forest": [
    0.0,
    0.0,
    0.0,
    0.0,
    1e-05,
    0.00014,
    0.00054,
    0.00142,
    0.00441,
    0.01263,
    0.03856,
    0.13164,
    0.25527,
    0.20031,
    0.1401,
    0.09407,
    0.06174,
    0.036,
    0.01698,
    0.00618
  ],
  "Tottenham": [
    0.0,
    0.00184,
    0.03164,
    0.12215,
    0.3857,
    0.21546,
    0.12085,
    0.06513,
    0.03425,
    0.0166,
    0.00531,
    0.00099,
    8e-05,
    0.0,
    0.0,
    0.0,
    0.0,
    0.0,
    0.0,
    0.0
  ],
  "Southampton": [
    0.0,
    0.0,
    0.0,
    0.0,
    0.0,
    0.0,
    0.0,
    0.0,
    0.0,
    0.0,
    0.00021,
    0.00171,
    0.01169,
    0.02697,
    0.04725,
    0.07328,
    0.11132,
    0.16452,
    0.258,
    0.30505
  ],
  "Everton": [
    0.0,
    0.0,
    0.0,
    0.0,
    0.0,
    0.0,
    0.0,
    0.0,
    0.0,
    1e-05,
    9e-05,
    0.00112,
    0.00782,
    0.01809,
    0.03449,
    0.05612,
    0.09165,
    0.14246,
    0.24371,
    0.40444
  ],
  "Chelsea": [
    0.0,
    0.0,
    0.00018,
    0.00249,
    0.02382,
    0.06171,
    0.1047,
    0.14837,
    0.18955,
    0.20517,
    0.16044,
    0.08255,
    0.01644,
    0.00354,
    0.00082,
    0.00017,
    4e-05,
    0.0,
    1e-05,
    0.0
  ],
  "Leicester": [
    0.0,
    0.0,
    0.0,
    0.0,
    0.0,
    0.0,
    1e-05,
    0.0001,
    0.00042,
    0.00132,
    0.00576,
    0.02464,
    0.09017,
    0.13699,
    0.15994,
    0.15724,
    0.14606,
    0.1273,
    0.09431,
    0.05574
  ],
  "Brentford": [
    0.0,
    3e-05,
    0.00133,
    0.0106,
    0.07318,
    0.14419,
    0.18037,
    0.18615,
    0.15904,
    0.12039,
    0.07937,
    0.0386,
    0.00567,
    0.00085,
    0.0002,
    2e-05,
    0.0,
    1e-05,
    0.0,
    0.0
  ],
  "Man United": [
    0.00168,
    0.08136,
    0.45585,
    0.35466,
    0.0803,
    0.0192,
    0.00519,
    0.00126,
    0.0004,
    9e-05,
    1e-05,
    0.0,
    0.0,
    0.0,
    0.0,
    0.0,
    0.0,
    0.0,
    0.0,
    0.0
  ],
  "Brighton": [
    1e-05,
    0.00024,
    0.00979,
    0.04614,
    0.19428,
    0.25525,
    0.18683,
    0.13005,
    0.08449,
    0.05217,
    0.02743,
    0.01163,
    0.00145,
    0.00021,
    3e-05,
    0.0,
    0.0,
    0.0,
    0.0,
    0.0
  ],
  "West Ham": [
    0.0,
    0.0,
    0.0,
    0.0,
    0.0,
    0.0,
    0.0,
    1e-05,
    6e-05,
    0.0002,
    0.00154,
    0.01137,
    0.05,
    0.09061,
    0.12506,
    0.15444,
    0.17172,
    0.17615,
    0.13732,
    0.08152
  ],
  "Man City": [
    0.09356,
    0.76171,
    0.11669,
    0.02572,
    0.00209,
    0.00018,
    4e-05,
    1e-05,
    0.0,
    0.0,
    0.0,
    0.0,
    0.0,
    0.0,
    0.0,
    0.0,
    0.0,
    0.0,
    0.0,
    0.0
  ]
}