{
  "Ein Frankfurt": [
    0.01045,
    0.17932,
    0.19634,
    0.20686,
    0.19345,
    0.13517,
    0.06434,
    0.0111,
    0.00236,
    0.00045,
    0.00013,
    3e-05,
    0.0,
    0.0,
    0.0,
    0.0,
    0.0,
    0.0
  ],
  "Bayern Munich": [
    0.92127,
    0.06349,
    0.0118,
    0.00274,
    0.00061,
    7e-05,
    2e-05,
    0.0,
    0.0,
    0.0,
    0.0,
    0.0,
    0.0,
    0.0,
    0.0,
    0.0,
    0.0,
    0.0
  ],
  "Augsburg": [
    0.0,
    0.0,
    0.0,
    0.0,
    5e-05,
    0.00021,
    0.00157,
    0.01044,
    0.02608,
    0.05245,
    0.09284,
    0.15545,
    0.23016,
    0.20019,
    0.13048,
    0.07151,
    0.02779,
    0.00078
  ],
  "Freiburg": [
    0.00036,
    0.01063,
    0.03003,
    0.06528,
    0.13144,
    0.22789,
    0.32571,
    0.12736,
    0.05032,
    0.02041,
    0.00786,
    0.00231,
    0.00036,
    4e-05,
    0.0,
    0.0,
    0.0,
    0.0
  ],
  "Bochum": [
    0.0,
    0.0,
    0.0,
    0.0,
    0.0,
    0.0,
    5e-05,
    0.00045,
    0.00157,
    0.00441,
    0.01115,
    0.03052,
    0.07584,
    0.14595,
    0.23754,
    0.2619,
    0.2165,
    0.01412
  ],
  "Mainz": [
    0.0,
    0.0,
    0.0,
    0.00016,
    0.00056,
    0.00372,
    0.01797,
    0.07018,
    0.11563,
    0.15875,
    0.19078,
    0.19609,
    0.1336,
    0.07145,
    0.0288,
    0.01021,
    0.00206,
    4e-05
  ],
  "M'gladbach": [
    0.0,
    0.00013,
    0.00048,
    0.00201,
    0.00869,
    0.02986,
    0.09557,
    0.23751,
    0.21445,
    0.168,
    0.11927,
    0.07158,
    0.03499,
    0.01268,
    0.00376,
    0.0009,
    0.00012,
    0.0
  ],
  "Hoffenheim": [
    0.0,
    0.0,
    0.0,
    1e-05,
    2e-05,
    5e-05,
    0.00075,
    0.0046,
    0.01486,
    0.03027,
    0.05799,
    0.10821,
    0.18247,
    0.2329,
    0.18315,
    0.12227,
    0.05992,
    0.00253
  ],
  "Union Berlin": [
    0.02718,
    0.29257,
    0.23349,
    0.1873,
    0.13543,
    0.08389,
    0.03435,
    0.00504,
    0.00064,
    0.00011,
    0.0,
    0.0,
    0.0,
    0.0,
    0.0,
    0.0,
    0.0,
    0.0
  ],
  "Hertha": [
    0.0,
    0.0,
    0.0,
    0.0,
    0.0,
    0.0,
    2e-05,
    0.00015,
    0.00042,
    0.00203,
    0.00588,
    0.01606,
    0.04196,
    0.08858,
    0.1587,
    0.24879,
    0.38688,
    0.05053
  ],
  "Wolfsburg": [
    0.00038,
    0.0225,
    0.05873,
    0.10907,
    0.19195,
    0.28234,
    0.2291,
    0.07039,
    0.02296,
    0.00904,
    0.00254,
    0.00082,
    0.00017,
    1e-05,
    0.0,
    0.0,
    0.0,
    0.0
  ],
  "Werder Bremen": [
    0.0,
    2e-05,
    0.00021,
    0.00107,
    0.00427,
    0.01799,
    0.06678,
    0.19908,
    0.21519,
    0.18562,
    0.14091,
    0.09491,
    0.04745,
    0.01914,
    0.00562,
    0.00148,
    0.00026,
    0.0
  ],
  "Dortmund": [
    0.02371,
    0.23758,
    0.24845,
    0.20983,
    0.15431,
    0.08447,
    0.03445,
    0.00572,
    0.00118,
    0.00027,
    3e-05,
    0.0,
    0.0,
    0.0,
    0.0,
    0.0,
    0.0,
    0.0
  ],
  "Leverkusen": [
    0.0,
    0.0,
    0.0001,
    0.00043,
    0.00235,
    0.01265,
    0.04763,
    0.14423,
    0.18199,
    0.18523,
    0.16781,
    0.12854,
    0.07507,
    0.03482,
    0.01352,
    0.00475,
    0.00087,
    1e-05
  ],
  "Stuttgart": [
    0.0,
    0.0,
    0.0,
    0.0,
    0.0,
    0.0,
    8e-05,
    0.00056,
    0.00242,
    0.00623,
    0.0161,
    0.03432,
    0.07582,
    0.14112,
    0.2128,
    0.25704,
    0.23319,
    0.02032
  ],
  "RB Leipzig": [
    0.01665,
    0.19375,
    0.22032,
    0.21509,
    0.17564,
    0.11514,
    0.05221,
    0.00884,
    0.00184,
    0.00038,
    0.00011,
    2e-05,
    1e-05,
    0.0,
    0.0,
    0.0,
    0.0,
    0.0
  ],
  "FC Koln": [
    0.0,
    1e-05,
    5e-05,
    0.00015,
    0.00123,
    0.00655,
    0.0294,
    0.10435,
    0.14808,
    0.17635,
    0.18659,
    0.16112,
    0.10192,
    0.05229,
    0.02222,
    0.00782,
    0.00187,
    0.0
  ],
  "Schalke 04": [
    0.0,
    0.0,
    0.0,
    0.0,
    0.0,
    0.0,
    0.0,
    0.0,
    1e-05,
    0.0,
    1e-05,
    2e-05,
    0.00018,
    0.00083,
    0.00341,
    0.01333,
    0.07054,
    0.91167
  ]
}