{
  "M'gladbach": [
    0.0,
    0.0,
    5e-05,
    0.00152,
    0.00452,
    0.00975,
    0.0192,
    0.03619,
    0.06652,
    0.11481,
    0.15841,
    0.18185,
    0.1646,
    0.12815,
    0.07153,
    0.035,
    0.00781,
    9e-05
  ],
  "Bayern Munich": [
    0.86317,
    0.13022,
    0.00649,
    9e-05,
    3e-05,
    0.0,
    0.0,
    0.0,
    0.0,
    0.0,
    0.0,
    0.0,
    0.0,
    0.0,
    0.0,
    0.0,
    0.0,
    0.0
  ],
  "Augsburg": [
    0.0,
    0.0,
    0.0,
    0.0,
    7e-05,
    0.00028,
    0.00081,
    0.00248,
    0.00666,
    0.01673,
    0.03941,
    0.0817,
    0.14591,
    0.19693,
    0.21915,
    0.1983,
    0.0882,
    0.00337
  ],
  "Hoffenheim": [
    0.0,
    0.00105,
    0.03837,
    0.14588,
    0.16624,
    0.16224,
    0.14979,
    0.12674,
    0.09536,
    0.06255,
    0.03268,
    0.01383,
    0.00406,
    0.00102,
    0.00018,
    1e-05,
    0.0,
    0.0
  ],
  "Bielefeld": [
    0.0,
    0.0,
    0.0,
    0.0,
    5e-05,
    0.00012,
    0.00047,
    0.00149,
    0.00393,
    0.01154,
    0.03098,
    0.07036,
    0.11672,
    0.18307,
    0.23683,
    0.22945,
    0.11219,
    0.0028
  ],
  "Freiburg": [
    0.0,
    0.00163,
    0.04833,
    0.16526,
    0.17662,
    0.16757,
    0.14909,
    0.11874,
    0.08551,
    0.04802,
    0.02412,
    0.01059,
    0.00345,
    0.0009,
    0.00017,
    0.0,
    0.0,
    0.0
  ],
  "Stuttgart": [
    0.0,
    0.0,
    0.0,
    0.0,
    0.0,
    0.0,
    2e-05,
    2e-05,
    0.00011,
    0.00059,
    0.00205,
    0.00548,
    0.01801,
    0.04227,
    0.09217,
    0.19782,
    0.59282,
    0.04864
  ],
  "Greuther Furth": [
    0.0,
    0.0,
    0.0,
    0.0,
    0.0,
    0.0,
    0.0,
    0.0,
    0.0,
    0.0,
    1e-05,
    2e-05,
    4e-05,
    0.00018,
    0.001,
    0.00534,
    0.0522,
    0.94121
  ],
  "Union Berlin": [
    1e-05,
    0.00293,
    0.06873,
    0.24993,
    0.20175,
    0.15735,
    0.1183,
    0.08584,
    0.05869,
    0.03353,
    0.01507,
    0.00554,
    0.00173,
    0.00047,
    0.00012,
    1e-05,
    0.0,
    0.0
  ],
  "Leverkusen": [
    0.00413,
    0.09727,
    0.6727,
    0.13802,
    0.05013,
    0.02209,
    0.00928,
    0.00407,
    0.00167,
    0.00055,
    9e-05,
    0.0,
    0.0,
    0.0,
    0.0,
    0.0,
    0.0,
    0.0
  ],
  "Wolfsburg": [
    0.0,
    0.0,
    4e-05,
    0.00038,
    0.00149,
    0.00379,
    0.00811,
    0.01754,
    0.03497,
    0.06679,
    0.12469,
    0.20013,
    0.2144,
    0.16444,
    0.10417,
    0.04798,
    0.01098,
    0.0001
  ],
  "Bochum": [
    0.0,
    0.0,
    0.00061,
    0.00418,
    0.01086,
    0.021,
    0.03593,
    0.06069,
    0.09735,
    0.14932,
    0.20655,
    0.16807,
    0.1264,
    0.07356,
    0.03314,
    0.0107,
    0.00162,
    2e-05
  ],
  "Dortmund": [
    0.13269,
    0.76412,
    0.09472,
    0.007,
    0.00116,
    0.0002,
    8e-05,
    3e-05,
    0.0,
    0.0,
    0.0,
    0.0,
    0.0,
    0.0,
    0.0,
    0.0,
    0.0,
    0.0
  ],
  "Ein Frankfurt": [
    0.0,
    0.00012,
    0.00512,
    0.02877,
    0.05181,
    0.0756,
    0.10295,
    0.13395,
    0.16038,
    0.16897,
    0.12563,
    0.08038,
    0.04355,
    0.01728,
    0.00468,
    0.00076,
    5e-05,
    0.0
  ],
  "Mainz": [
    0.0,
    9e-05,
    0.00388,
    0.02161,
    0.04376,
    0.06874,
    0.10189,
    0.13415,
    0.17066,
    0.16494,
    0.12299,
    0.08535,
    0.05057,
    0.02119,
    0.00804,
    0.00195,
    0.00019,
    0.0
  ],
  "RB Leipzig": [
    0.0,
    0.00198,
    0.04284,
    0.1525,
    0.17027,
    0.16711,
    0.14817,
    0.12314,
    0.08781,
    0.05384,
    0.02928,
    0.01546,
    0.00566,
    0.00159,
    0.00029,
    6e-05,
    0.0,
    0.0
  ],
  "FC Koln": [
    0.0,
    0.00059,
    0.01812,
    0.08485,
    0.12121,
    0.14391,
    0.15528,
    0.15292,
    0.12543,
    0.0955,
    0.06096,
    0.0275,
    0.01012,
    0.00293,
    0.00056,
    0.00012,
    0.0,
    0.0
  ],
  "Hertha": [
    0.0,
    0.0,
    0.0,
    1e-05,
    3e-05,
    0.00025,
    0.00063,
    0.00201,
    0.00495,
    0.01232,
    0.02708,
    0.05374,
    0.09478,
    0.16602,
    0.22797,
    0.2725,
    0.13394,
    0.00377
  ]
}