{
  "Fiorentina": [
    0.0,
    0.0,
    0.0,
    0.0,
    6e-05,
    0.00047,
    0.0028,
    0.01514,
    0.04198,
    0.09024,
    0.15841,
    0.18074,
    0.16632,
    0.12274,
    0.08541,
    0.05968,
    0.03719,
    0.02297,
    0.01206,
    0.00379
  ],
  "Torino": [
    0.0,
    0.0,
    0.0,
    0.0,
    0.0,
    0.0,
    0.0,
    0.00011,
    0.00062,
    0.00246,
    0.00797,
    0.0201,
    0.04262,
    0.07652,
    0.10132,
    0.12166,
    0.14448,
    0.16369,
    0.17517,
    0.14328
  ],
  "Verona": [
    0.0,
    0.0001,
    0.00173,
    0.00728,
    0.01981,
    0.04977,
    0.11795,
    0.26263,
    0.25006,
    0.16136,
    0.07586,
    0.03355,
    0.01363,
    0.00426,
    0.00139,
    0.00039,
    0.00013,
    6e-05,
    4e-05,
    0.0
  ],
  "Roma": [
    0.02711,
    0.12069,
    0.36511,
    0.23496,
    0.13639,
    0.07346,
    0.03187,
    0.00826,
    0.00172,
    0.0004,
    3e-05,
    0.0,
    0.0,
    0.0,
    0.0,
    0.0,
    0.0,
    0.0,
    0.0,
    0.0
  ],
  "Parma": [
    0.0,
    0.0,
    0.0,
    0.0,
    0.0,
    0.0,
    0.0,
    0.00012,
    0.00063,
    0.00306,
    0.01066,
    0.02577,
    0.05175,
    0.09177,
    0.11252,
    0.13765,
    0.16088,
    0.16169,
    0.14806,
    0.09544
  ],
  "Napoli": [
    0.01099,
    0.05834,
    0.21858,
    0.26186,
    0.20039,
    0.13912,
    0.07793,
    0.02436,
    0.00678,
    0.00131,
    0.00029,
    4e-05,
    1e-05,
    0.0,
    0.0,
    0.0,
    0.0,
    0.0,
    0.0,
    0.0
  ],
  "Genoa": [
    0.0,
    0.0,
    0.0,
    0.0,
    0.0,
    0.0,
    1e-05,
    0.00018,
    0.0006,
    0.00289,
    0.00991,
    0.02386,
    0.04795,
    0.07504,
    0.12114,
    0.1436,
    0.1561,
    0.1602,
    0.15351,
    0.10501
  ],
  "Crotone": [
    0.0,
    0.0,
    0.0,
    0.0,
    0.0,
    0.0,
    0.0,
    0.0,
    6e-05,
    0.00013,
    0.00082,
    0.00284,
    0.00663,
    0.01671,
    0.03203,
    0.05369,
    0.08137,
    0.13018,
    0.21707,
    0.45847
  ],
  "Sassuolo": [
    0.00067,
    0.00676,
    0.04725,
    0.10532,
    0.1667,
    0.22645,
    0.25521,
    0.11996,
    0.04949,
    0.017,
    0.00415,
    0.00079,
    0.0002,
    3e-05,
    2e-05,
    0.0,
    0.0,
    0.0,
    0.0,
    0.0
  ],
  "Cagliari": [
    0.0,
    0.0,
    0.0,
    0.0,
    0.0,
    1e-05,
    0.0001,
    0.00096,
    0.00505,
    0.01587,
    0.04167,
    0.07464,
    0.109,
    0.13735,
    0.14546,
    0.13997,
    0.12117,
    0.09919,
    0.07245,
    0.03711
  ],
  "Juventus": [
    0.00182,
    0.01306,
    0.07369,
    0.14097,
    0.20096,
    0.23133,
    0.20309,
    0.08811,
    0.03318,
    0.01026,
    0.00281,
    0.00055,
    0.00015,
    2e-05,
    0.0,
    0.0,
    0.0,
    0.0,
    0.0,
    0.0
  ],
  "Sampdoria": [
    0.0,
    0.0,
    0.0,
    5e-05,
    0.00018,
    0.00115,
    0.00504,
    0.02364,
    0.05973,
    0.12392,
    0.2009,
    0.19876,
    0.16132,
    0.09949,
    0.05846,
    0.03436,
    0.01889,
    0.00939,
    0.00365,
    0.00107
  ],
  "Milan": [
    0.61455,
    0.30999,
    0.05738,
    0.01351,
    0.00342,
    0.00096,
    0.00018,
    1e-05,
    0.0,
    0.0,
    0.0,
    0.0,
    0.0,
    0.0,
    0.0,
    0.0,
    0.0,
    0.0,
    0.0,
    0.0
  ],
  "Bologna": [
    0.0,
    0.0,
    0.0,
    3e-05,
    8e-05,
    0.0007,
    0.00358,
    0.01694,
    0.04525,
    0.09748,
    0.1752,
    0.19317,
    0.1682,
    0.11814,
    0.07961,
    0.0481,
    0.02849,
    0.0156,
    0.00722,
    0.00221
  ],
  "Atalanta": [
    0.00274,
    0.01969,
    0.10544,
    0.18848,
    0.23804,
    0.21353,
    0.14861,
    0.05685,
    0.01937,
    0.00582,
    0.0012,
    0.00018,
    3e-05,
    2e-05,
    0.0,
    0.0,
    0.0,
    0.0,
    0.0,
    0.0
  ],
  "Lazio": [
    0.0,
    7e-05,
    0.00133,
    0.00599,
    0.01786,
    0.04535,
    0.10771,
    0.24206,
    0.25661,
    0.17901,
    0.08222,
    0.03681,
    0.01504,
    0.00667,
    0.00239,
    0.00062,
    0.00018,
    5e-05,
    3e-05,
    0.0
  ],
  "Benevento": [
    0.0,
    0.0,
    8e-05,
    0.00088,
    0.00398,
    0.01424,
    0.04482,
    0.13824,
    0.21938,
    0.25887,
    0.1565,
    0.08564,
    0.04227,
    0.02067,
    0.00896,
    0.00332,
    0.00141,
    0.00055,
    0.00016,
    3e-05
  ],
  "Inter": [
    0.34212,
    0.4713,
    0.12941,
    0.04067,
    0.01213,
    0.00344,
    0.0008,
    0.00011,
    2e-05,
    0.0,
    0.0,
    0.0,
    0.0,
    0.0,
    0.0,
    0.0,
    0.0,
    0.0,
    0.0,
    0.0
  ],
  "Spezia": [
    0.0,
    0.0,
    0.0,
    0.0,
    0.0,
    0.0,
    0.0,
    0.00015,
    0.0006,
    0.00288,
    0.00879,
    0.02111,
    0.04245,
    0.07915,
    0.1074,
    0.13215,
    0.15284,
    0.16184,
    0.15981,
    0.13083
  ],
  "Udinese": [
    0.0,
    0.0,
    0.0,
    0.0,
    0.0,
    2e-05,
    0.0003,
    0.00217,
    0.00887,
    0.02704,
    0.06261,
    0.10145,
    0.13243,
    0.15142,
    0.14389,
    0.12481,
    0.09687,
    0.07459,
    0.05077,
    0.02276
  ]
}