{
  "Werder Bremen": [
    0.0,
    0.0,
    0.00011,
    0.001,
    0.00754,
    0.08672,
    0.15456,
    0.18736,
    0.17932,
    0.1382,
    0.09948,
    0.07028,
    0.04688,
    0.02408,
    0.00406,
    0.00039,
    2e-05,
    0.0
  ],
  "Bayern Munich": [
    0.30394,
    0.68164,
    0.01375,
    0.00065,
    2e-05,
    0.0,
    0.0,
    0.0,
    0.0,
    0.0,
    0.0,
    0.0,
    0.0,
    0.0,
    0.0,
    0.0,
    0.0,
    0.0
  ],
  "Augsburg": [
    0.0,
    0.0,
    0.0,
    2e-05,
    0.00074,
    0.01506,
    0.03868,
    0.06125,
    0.08381,
    0.10618,
    0.13148,
    0.15585,
    0.17046,
    0.16251,
    0.05866,
    0.01416,
    0.0011,
    4e-05
  ],
  "M'gladbach": [
    0.0,
    0.0,
    0.0,
    2e-05,
    0.00061,
    0.01273,
    0.03333,
    0.05763,
    0.07806,
    0.10352,
    0.12956,
    0.15323,
    0.17281,
    0.17435,
    0.06518,
    0.01712,
    0.00179,
    6e-05
  ],
  "Hoffenheim": [
    0.0,
    0.0,
    3e-05,
    0.00073,
    0.00713,
    0.07823,
    0.1406,
    0.16816,
    0.16844,
    0.1448,
    0.11494,
    0.08449,
    0.05464,
    0.03071,
    0.00623,
    0.00084,
    3e-05,
    0.0
  ],
  "Freiburg": [
    0.0,
    0.0,
    0.00036,
    0.00573,
    0.03492,
    0.22751,
    0.26806,
    0.18653,
    0.11517,
    0.07269,
    0.04432,
    0.02487,
    0.01347,
    0.00565,
    0.00067,
    5e-05,
    0.0,
    0.0
  ],
  "Leverkusen": [
    0.69557,
    0.30213,
    0.00224,
    6e-05,
    0.0,
    0.0,
    0.0,
    0.0,
    0.0,
    0.0,
    0.0,
    0.0,
    0.0,
    0.0,
    0.0,
    0.0,
    0.0,
    0.0
  ],
  "RB Leipzig": [
    0.0,
    0.00115,
    0.16184,
    0.36462,
    0.39436,
    0.06211,
    0.01259,
    0.00247,
    0.00063,
    0.00015,
    8e-05,
    0.0,
    0.0,
    0.0,
    0.0,
    0.0,
    0.0,
    0.0
  ],
  "Stuttgart": [
    0.00047,
    0.01385,
    0.6363,
    0.24233,
    0.0992,
    0.00698,
    0.00077,
    7e-05,
    3e-05,
    0.0,
    0.0,
    0.0,
    0.0,
    0.0,
    0.0,
    0.0,
    0.0,
    0.0
  ],
  "Bochum": [
    0.0,
    0.0,
    0.0,
    2e-05,
    0.00029,
    0.00913,
    0.02541,
    0.04704,
    0.07447,
    0.11476,
    0.14298,
    0.16542,
    0.17891,
    0.16817,
    0.0577,
    0.01414,
    0.00151,
    5e-05
  ],
  "Wolfsburg": [
    0.0,
    0.0,
    0.0,
    1e-05,
    0.00038,
    0.0088,
    0.02435,
    0.04689,
    0.0777,
    0.11566,
    0.14757,
    0.16853,
    0.17594,
    0.17259,
    0.05118,
    0.00969,
    0.00067,
    4e-05
  ],
  "Heidenheim": [
    0.0,
    0.0,
    0.0,
    0.00015,
    0.00187,
    0.03182,
    0.06928,
    0.11182,
    0.14706,
    0.15727,
    0.15097,
    0.13285,
    0.10664,
    0.07077,
    0.0168,
    0.00253,
    0.00017,
    0.0
  ],
  "Dortmund": [
    2e-05,
    0.00123,
    0.18355,
    0.36768,
    0.37419,
    0.05883,
    0.01125,
    0.00257,
    0.0005,
    0.00015,
    3e-05,
    0.0,
    0.0,
    0.0,
    0.0,
    0.0,
    0.0,
    0.0
  ],
  "FC Koln": [
    0.0,
    0.0,
    0.0,
    0.0,
    0.0,
    0.0,
    9e-05,
    0.00025,
    0.00073,
    0.00174,
    0.00505,
    0.01076,
    0.02693,
    0.07304,
    0.30551,
    0.38386,
    0.16351,
    0.02853
  ],
  "Union Berlin": [
    0.0,
    0.0,
    0.0,
    0.0,
    0.0,
    4e-05,
    0.00021,
    0.00083,
    0.00204,
    0.00483,
    0.01001,
    0.02188,
    0.0464,
    0.10774,
    0.36982,
    0.33878,
    0.09028,
    0.00714
  ],
  "Mainz": [
    0.0,
    0.0,
    0.0,
    0.0,
    0.0,
    0.0,
    0.0,
    0.0,
    1e-05,
    6e-05,
    0.00017,
    0.0007,
    0.0023,
    0.00842,
    0.05707,
    0.18223,
    0.55997,
    0.18907
  ],
  "Ein Frankfurt": [
    0.0,
    0.0,
    0.00182,
    0.01698,
    0.07875,
    0.40204,
    0.22082,
    0.12713,
    0.07203,
    0.03999,
    0.02336,
    0.01113,
    0.0045,
    0.00139,
    6e-05,
    0.0,
    0.0,
    0.0
  ],
  "Darmstadt": [
    0.0,
    0.0,
    0.0,
    0.0,
    0.0,
    0.0,
    0.0,
    0.0,
    0.0,
    0.0,
    0.0,
    1e-05,
    0.00012,
    0.00058,
    0.00706,
    0.03621,
    0.18095,
    0.77507
  ]
}