{
  "Ein Frankfurt": [
    0.06263,
    0.09166,
    0.12605,
    0.14576,
    0.16414,
    0.16142,
    0.11452,
    0.0659,
    0.03302,
    0.01921,
    0.00921,
    0.00429,
    0.00148,
    0.0005,
    0.00017,
    4e-05,
    0.0,
    0.0
  ],
  "Bayern Munich": [
    0.32947,
    0.24113,
    0.17212,
    0.11544,
    0.07075,
    0.04046,
    0.01866,
    0.00781,
    0.00271,
    0.00102,
    0.0003,
    9e-05,
    3e-05,
    1e-05,
    0.0,
    0.0,
    0.0,
    0.0
  ],
  "Augsburg": [
    2e-05,
    0.00012,
    0.00059,
    0.00164,
    0.00347,
    0.00924,
    0.01856,
    0.03594,
    0.05532,
    0.07674,
    0.09833,
    0.11943,
    0.13571,
    0.13888,
    0.13059,
    0.10037,
    0.05719,
    0.01786
  ],
  "Freiburg": [
    0.0481,
    0.08587,
    0.12263,
    0.15743,
    0.17465,
    0.15017,
    0.10611,
    0.0691,
    0.04113,
    0.02312,
    0.01195,
    0.00578,
    0.00273,
    0.00078,
    0.00038,
    7e-05,
    0.0,
    0.0
  ],
  "Bochum": [
    1e-05,
    6e-05,
    0.00033,
    0.0008,
    0.00203,
    0.00557,
    0.01333,
    0.02409,
    0.03885,
    0.05845,
    0.08079,
    0.10583,
    0.12926,
    0.14895,
    0.15094,
    0.12569,
    0.08309,
    0.03193
  ],
  "Mainz": [
    0.00016,
    0.00076,
    0.00242,
    0.00608,
    0.01427,
    0.02917,
    0.05299,
    0.07829,
    0.10614,
    0.12446,
    0.13023,
    0.12753,
    0.11141,
    0.09022,
    0.06516,
    0.03814,
    0.0179,
    0.00467
  ],
  "M'gladbach": [
    0.00069,
    0.003,
    0.00765,
    0.01711,
    0.03383,
    0.05989,
    0.09475,
    0.12462,
    0.14013,
    0.13556,
    0.11694,
    0.0948,
    0.07216,
    0.04799,
    0.0302,
    0.0148,
    0.00502,
    0.00086
  ],
  "Hoffenheim": [
    0.0,
    4e-05,
    0.00012,
    0.00041,
    0.00156,
    0.0042,
    0.01019,
    0.02077,
    0.03581,
    0.05192,
    0.0765,
    0.10017,
    0.1261,
    0.14768,
    0.15424,
    0.13531,
    0.09492,
    0.04006
  ],
  "Union Berlin": [
    0.29618,
    0.22905,
    0.16788,
    0.1217,
    0.08366,
    0.05382,
    0.02786,
    0.0126,
    0.00471,
    0.00178,
    0.00055,
    0.00017,
    4e-05,
    0.0,
    0.0,
    0.0,
    0.0,
    0.0
  ],
  "Hertha": [
    0.0,
    0.0,
    0.0,
    3e-05,
    5e-05,
    0.00016,
    0.00081,
    0.0027,
    0.00563,
    0.01133,
    0.0199,
    0.03195,
    0.05125,
    0.07977,
    0.12198,
    0.1875,
    0.26792,
    0.21902
  ],
  "Wolfsburg": [
    0.0057,
    0.01641,
    0.03387,
    0.05939,
    0.09626,
    0.13197,
    0.17047,
    0.15486,
    0.11805,
    0.08208,
    0.05488,
    0.03525,
    0.02191,
    0.01088,
    0.00557,
    0.00186,
    0.00053,
    6e-05
  ],
  "Werder Bremen": [
    0.00127,
    0.00474,
    0.01142,
    0.02418,
    0.04772,
    0.07847,
    0.12361,
    0.15623,
    0.14672,
    0.12221,
    0.0976,
    0.07335,
    0.05117,
    0.03297,
    0.01806,
    0.00788,
    0.00207,
    0.00033
  ],
  "Dortmund": [
    0.1464,
    0.17934,
    0.18629,
    0.17095,
    0.13419,
    0.09013,
    0.05087,
    0.02309,
    0.01137,
    0.00463,
    0.00175,
    0.00077,
    0.00019,
    3e-05,
    0.0,
    0.0,
    0.0,
    0.0
  ],
  "Leverkusen": [
    0.00021,
    0.00099,
    0.0028,
    0.00665,
    0.01561,
    0.03458,
    0.06378,
    0.0908,
    0.11525,
    0.12818,
    0.1294,
    0.12183,
    0.10278,
    0.08095,
    0.05737,
    0.03203,
    0.01366,
    0.00313
  ],
  "Stuttgart": [
    0.0,
    0.0,
    2e-05,
    6e-05,
    0.0002,
    0.00071,
    0.00192,
    0.00554,
    0.01048,
    0.01949,
    0.03119,
    0.04762,
    0.07304,
    0.10738,
    0.14942,
    0.21029,
    0.21637,
    0.12627
  ],
  "RB Leipzig": [
    0.10908,
    0.14606,
    0.1635,
    0.16562,
    0.14208,
    0.11868,
    0.07459,
    0.04108,
    0.0216,
    0.01021,
    0.00468,
    0.00189,
    0.00074,
    0.00018,
    1e-05,
    0.0,
    0.0,
    0.0
  ],
  "FC Koln": [
    8e-05,
    0.00077,
    0.00231,
    0.00675,
    0.01553,
    0.03135,
    0.05691,
    0.08631,
    0.1124,
    0.12791,
    0.13189,
    0.12121,
    0.1053,
    0.08432,
    0.06078,
    0.03719,
    0.01568,
    0.00331
  ],
  "Schalke 04": [
    0.0,
    0.0,
    0.0,
    0.0,
    0.0,
    1e-05,
    7e-05,
    0.00027,
    0.00068,
    0.0017,
    0.00391,
    0.00804,
    0.0147,
    0.02851,
    0.05513,
    0.10883,
    0.22565,
    0.5525
  ]
}