{
  "Osasuna": [
    0.0,
    2e-05,
    0.00424,
    0.02028,
    0.0718,
    0.1662,
    0.17709,
    0.16038,
    0.13528,
    0.09615,
    0.06632,
    0.04535,
    0.02621,
    0.0153,
    0.00893,
    0.00422,
    0.00158,
    0.00053,
    0.00012,
    0.0
  ],
  "Sevilla": [
    0.0,
    0.0,
    0.0,
    0.0,
    0.00079,
    0.00398,
    0.00912,
    0.01742,
    0.02779,
    0.04305,
    0.06371,
    0.08513,
    0.10147,
    0.11617,
    0.12431,
    0.12403,
    0.11897,
    0.09613,
    0.06793,
    0.0
  ],
  "Celta": [
    0.0,
    0.0,
    1e-05,
    0.00018,
    0.00243,
    0.01385,
    0.02678,
    0.04142,
    0.05731,
    0.07692,
    0.09927,
    0.11408,
    0.12165,
    0.11659,
    0.1048,
    0.08947,
    0.06686,
    0.04456,
    0.02382,
    0.0
  ],
  "Espanol": [
    0.0,
    0.0,
    1e-05,
    0.00013,
    0.00155,
    0.00819,
    0.01645,
    0.02757,
    0.042,
    0.0632,
    0.088,
    0.10559,
    0.11842,
    0.12181,
    0.11573,
    0.10378,
    0.08658,
    0.06384,
    0.03715,
    0.0
  ],
  "Valladolid": [
    0.0,
    0.0,
    0.0,
    0.0,
    6e-05,
    0.00075,
    0.00189,
    0.00449,
    0.00869,
    0.01582,
    0.02748,
    0.04408,
    0.06317,
    0.08649,
    0.10902,
    0.13343,
    0.15992,
    0.17098,
    0.17372,
    1e-05
  ],
  "Villarreal": [
    0.0,
    2e-05,
    0.00365,
    0.02105,
    0.08847,
    0.1856,
    0.17142,
    0.14669,
    0.11931,
    0.09323,
    0.06689,
    0.04399,
    0.02759,
    0.01661,
    0.00833,
    0.00436,
    0.00196,
    0.00067,
    0.00016,
    0.0
  ],
  "Barcelona": [
    0.92947,
    0.07013,
    0.00039,
    0.0,
    1e-05,
    0.0,
    0.0,
    0.0,
    0.0,
    0.0,
    0.0,
    0.0,
    0.0,
    0.0,
    0.0,
    0.0,
    0.0,
    0.0,
    0.0,
    0.0
  ],
  "Vallecano": [
    0.0,
    2e-05,
    0.00374,
    0.02054,
    0.08917,
    0.17983,
    0.17994,
    0.15755,
    0.1245,
    0.09354,
    0.06338,
    0.03977,
    0.02362,
    0.01335,
    0.00631,
    0.00303,
    0.00127,
    0.00038,
    6e-05,
    0.0
  ],
  "Cadiz": [
    0.0,
    0.0,
    1e-05,
    5e-05,
    0.00063,
    0.00321,
    0.00869,
    0.01773,
    0.03143,
    0.05065,
    0.06996,
    0.0926,
    0.11183,
    0.12247,
    0.12603,
    0.11955,
    0.1067,
    0.0838,
    0.05466,
    0.0
  ],
  "Sociedad": [
    7e-05,
    0.02076,
    0.42788,
    0.36597,
    0.13515,
    0.03344,
    0.01093,
    0.00363,
    0.00143,
    0.00054,
    0.00017,
    3e-05,
    0.0,
    0.0,
    0.0,
    0.0,
    0.0,
    0.0,
    0.0,
    0.0
  ],
  "Valencia": [
    0.0,
    0.0,
    0.0,
    1e-05,
    1e-05,
    0.00031,
    0.00065,
    0.00211,
    0.00452,
    0.0083,
    0.0174,
    0.02972,
    0.04636,
    0.06433,
    0.09063,
    0.12316,
    0.16028,
    0.21213,
    0.23999,
    9e-05
  ],
  "Girona": [
    0.0,
    0.0,
    6e-05,
    0.00127,
    0.00953,
    0.03372,
    0.05627,
    0.08098,
    0.10688,
    0.13131,
    0.13719,
    0.12762,
    0.10267,
    0.08056,
    0.05746,
    0.03769,
    0.02163,
    0.01148,
    0.00368,
    0.0
  ],
  "Almeria": [
    0.0,
    0.0,
    0.0,
    6e-05,
    0.00037,
    0.0029,
    0.00761,
    0.01527,
    0.02782,
    0.04455,
    0.06548,
    0.08641,
    0.1064,
    0.1198,
    0.1272,
    0.12818,
    0.11314,
    0.09272,
    0.06209,
    0.0
  ],
  "Real Madrid": [
    0.07037,
    0.88907,
    0.03642,
    0.00385,
    0.00028,
    1e-05,
    0.0,
    0.0,
    0.0,
    0.0,
    0.0,
    0.0,
    0.0,
    0.0,
    0.0,
    0.0,
    0.0,
    0.0,
    0.0,
    0.0
  ],
  "Ath Bilbao": [
    0.0,
    0.0,
    0.0008,
    0.00571,
    0.03581,
    0.09509,
    0.13724,
    0.15141,
    0.14993,
    0.1293,
    0.1021,
    0.07262,
    0.05045,
    0.03197,
    0.01948,
    0.01043,
    0.0052,
    0.00193,
    0.00053,
    0.0
  ],
  "Mallorca": [
    0.0,
    0.0,
    0.00052,
    0.00431,
    0.02718,
    0.07554,
    0.1093,
    0.12929,
    0.13928,
    0.13739,
    0.11749,
    0.09069,
    0.0668,
    0.04431,
    0.02825,
    0.01611,
    0.00885,
    0.00375,
    0.00094,
    0.0
  ],
  "Getafe": [
    0.0,
    0.0,
    0.0,
    0.0,
    1e-05,
    0.00015,
    0.00046,
    0.00129,
    0.00285,
    0.00584,
    0.01113,
    0.02037,
    0.03263,
    0.05004,
    0.07347,
    0.10255,
    0.14706,
    0.21709,
    0.33487,
    0.00019
  ],
  "Ath Madrid": [
    9e-05,
    0.01837,
    0.44275,
    0.36121,
    0.13055,
    0.03206,
    0.00996,
    0.00327,
    0.0012,
    0.00034,
    0.00013,
    5e-05,
    2e-05,
    0.0,
    0.0,
    0.0,
    0.0,
    0.0,
    0.0,
    0.0
  ],
  "Betis": [
    0.0,
    0.00161,
    0.07952,
    0.19538,
    0.4062,
    0.16517,
    0.0762,
    0.0395,
    0.01978,
    0.00987,
    0.0039,
    0.0019,
    0.00071,
    0.0002,
    5e-05,
    1e-05,
    0.0,
    0.0,
    0.0,
    0.0
  ],
  "Elche": [
    0.0,
    0.0,
    0.0,
    0.0,
    0.0,
    0.0,
    0.0,
    0.0,
    0.0,
    0.0,
    0.0,
    0.0,
    0.0,
    0.0,
    0.0,
    0.0,
    0.0,
    1e-05,
    0.00028,
    0.99971
  ]
}