{
  "Man United": [
    0.0,
    0.0,
    7e-05,
    0.00021,
    0.00068,
    0.00174,
    0.00384,
    0.00758,
    0.01513,
    0.02815,
    0.05243,
    0.08357,
    0.12784,
    0.18346,
    0.21366,
    0.2067,
    0.06505,
    0.00934,
    0.00054,
    1e-05
  ],
  "Fulham": [
    3e-05,
    0.00196,
    0.0116,
    0.02668,
    0.04272,
    0.06426,
    0.08604,
    0.11517,
    0.13693,
    0.14857,
    0.13839,
    0.10328,
    0.06751,
    0.03537,
    0.01587,
    0.0051,
    0.00052,
    0.0,
    0.0,
    0.0
  ],
  "Ipswich": [
    0.0,
    0.0,
    0.0,
    0.0,
    0.0,
    0.0,
    0.0,
    0.0,
    0.0,
    0.0,
    0.0,
    6e-05,
    0.0003,
    0.00136,
    0.0051,
    0.01879,
    0.10953,
    0.37718,
    0.41743,
    0.07025
  ],
  "Liverpool": [
    0.89852,
    0.09267,
    0.00771,
    0.00097,
    0.0001,
    3e-05,
    0.0,
    0.0,
    0.0,
    0.0,
    0.0,
    0.0,
    0.0,
    0.0,
    0.0,
    0.0,
    0.0,
    0.0,
    0.0,
    0.0
  ],
  "Arsenal": [
    0.08931,
    0.6212,
    0.17642,
    0.06596,
    0.0282,
    0.0118,
    0.00474,
    0.00181,
    0.00045,
    7e-05,
    4e-05,
    0.0,
    0.0,
    0.0,
    0.0,
    0.0,
    0.0,
    0.0,
    0.0,
    0.0
  ],
  "Wolves": [
    0.0,
    0.0,
    0.0,
    0.0,
    0.0,
    0.0,
    1e-05,
    1e-05,
    6e-05,
    0.00042,
    0.00117,
    0.0041,
    0.0106,
    0.02389,
    0.05002,
    0.14556,
    0.52226,
    0.18209,
    0.05574,
    0.00407
  ],
  "Everton": [
    0.0,
    0.0,
    0.00011,
    0.00022,
    0.00055,
    0.00146,
    0.00372,
    0.00776,
    0.01431,
    0.0295,
    0.05425,
    0.09191,
    0.14022,
    0.17824,
    0.22274,
    0.18796,
    0.06135,
    0.00529,
    0.00041,
    0.0
  ],
  "Brighton": [
    5e-05,
    0.00451,
    0.02565,
    0.0506,
    0.07332,
    0.0957,
    0.11832,
    0.13354,
    0.14085,
    0.12819,
    0.10091,
    0.06601,
    0.03653,
    0.01743,
    0.00662,
    0.00168,
    9e-05,
    0.0,
    0.0,
    0.0
  ],
  "Newcastle": [
    0.00117,
    0.03004,
    0.0969,
    0.13848,
    0.15686,
    0.14885,
    0.13238,
    0.10882,
    0.07988,
    0.05363,
    0.02999,
    0.01501,
    0.0057,
    0.00177,
    0.00047,
    5e-05,
    0.0,
    0.0,
    0.0,
    0.0
  ],
  "Southampton": [
    0.0,
    0.0,
    0.0,
    0.0,
    0.0,
    0.0,
    0.0,
    0.0,
    0.0,
    0.0,
    0.0,
    0.0,
    0.0,
    0.0,
    2e-05,
    0.00022,
    0.00374,
    0.02969,
    0.12154,
    0.84479
  ],
  "Nott'm Forest": [
    0.00634,
    0.12724,
    0.26958,
    0.20289,
    0.14435,
    0.10021,
    0.06719,
    0.04025,
    0.02318,
    0.01172,
    0.00468,
    0.00171,
    0.00056,
    8e-05,
    2e-05,
    0.0,
    0.0,
    0.0,
    0.0,
    0.0
  ],
  "Bournemouth": [
    0.00047,
    0.02276,
    0.07748,
    0.11482,
    0.13463,
    0.14149,
    0.13571,
    0.11902,
    0.09892,
    0.07055,
    0.04347,
    0.02421,
    0.01154,
    0.00382,
    0.00096,
    0.00015,
    0.0,
    0.0,
    0.0,
    0.0
  ],
  "West Ham": [
    0.0,
    0.0,
    1e-05,
    0.00012,
    0.00042,
    0.00116,
    0.00271,
    0.00609,
    0.01253,
    0.0245,
    0.04606,
    0.08346,
    0.12631,
    0.17095,
    0.19456,
    0.23282,
    0.0847,
    0.01238,
    0.00122,
    0.0
  ],
  "Aston Villa": [
    0.0,
    0.0034,
    0.02399,
    0.04702,
    0.07077,
    0.09559,
    0.1191,
    0.13875,
    0.14434,
    0.13007,
    0.10186,
    0.06653,
    0.03639,
    0.01559,
    0.0051,
    0.00144,
    6e-05,
    0.0,
    0.0,
    0.0
  ],
  "Brentford": [
    0.0,
    0.00093,
    0.00574,
    0.01517,
    0.02743,
    0.0434,
    0.06344,
    0.08881,
    0.11527,
    0.14321,
    0.15277,
    0.13322,
    0.0967,
    0.06101,
    0.03529,
    0.01564,
    0.00193,
    4e-05,
    0.0,
    0.0
  ],
  "Crystal Palace": [
    0.0,
    6e-05,
    0.0004,
    0.0017,
    0.00411,
    0.00806,
    0.0155,
    0.02783,
    0.04733,
    0.07524,
    0.11293,
    0.15011,
    0.16514,
    0.14722,
    0.12511,
    0.09437,
    0.02305,
    0.00174,
    9e-05,
    1e-05
  ],
  "Chelsea": [
    0.00076,
    0.02758,
    0.09792,
    0.13883,
    0.15287,
    0.1536,
    0.13621,
    0.1092,
    0.07789,
    0.05162,
    0.02993,
    0.01419,
    0.00627,
    0.00227,
    0.00073,
    0.00013,
    0.0,
    0.0,
    0.0,
    0.0
  ],
  "Man City": [
    0.00335,
    0.0676,
    0.20568,
    0.19414,
    0.15809,
    0.12299,
    0.09301,
    0.06541,
    0.04325,
    0.02532,
    0.0127,
    0.00549,
    0.00208,
    0.00067,
    0.00017,
    5e-05,
    0.0,
    0.0,
    0.0,
    0.0
  ],
  "Leicester": [
    0.0,
    0.0,
    0.0,
    0.0,
    0.0,
    0.0,
    0.0,
    0.0,
    0.0,
    0.0,
    0.0,
    5e-05,
    0.00021,
    0.00099,
    0.00373,
    0.01626,
    0.11344,
    0.38143,
    0.40302,
    0.08087
  ],
  "Tottenham": [
    0.0,
    5e-05,
    0.00074,
    0.00219,
    0.0049,
    0.00966,
    0.01808,
    0.02995,
    0.04968,
    0.07924,
    0.11842,
    0.15709,
    0.1661,
    0.15588,
    0.11983,
    0.07308,
    0.01428,
    0.00082,
    1e-05,
    0.0
  ]
}