{
  "São Paulo / SP": [
    2e-05,
    9e-05,
    0.00046,
    0.00126,
    0.00358,
    0.00686,
    0.01323,
    0.0211,
    0.03278,
    0.04469,
    0.06087,
    0.07401,
    0.09153,
    0.10355,
    0.11224,
    0.11935,
    0.12015,
    0.10678,
    0.07218,
    0.01527
  ],
  "Sport / PE": [
    0.0,
    0.0,
    0.0,
    0.0,
    0.0,
    0.0,
    2e-05,
    1e-05,
    4e-05,
    0.00016,
    0.00035,
    0.00051,
    0.00125,
    0.00243,
    0.00566,
    0.01037,
    0.02133,
    0.05191,
    0.14785,
    0.75811
  ],
  "Cruzeiro / MG": [
    0.28114,
    0.35891,
    0.17144,
    0.09114,
    0.04828,
    0.02574,
    0.01239,
    0.00599,
    0.00277,
    0.00116,
    0.00055,
    0.00031,
    0.00013,
    4e-05,
    1e-05,
    0.0,
    0.0,
    0.0,
    0.0,
    0.0
  ],
  "Mirassol / SP": [
    0.0033,
    0.01357,
    0.03899,
    0.06378,
    0.08946,
    0.11076,
    0.1242,
    0.12142,
    0.10887,
    0.08938,
    0.07164,
    0.05423,
    0.04073,
    0.02848,
    0.01931,
    0.01124,
    0.00638,
    0.0031,
    0.00109,
    7e-05
  ],
  "Grêmio / RS": [
    3e-05,
    0.00029,
    0.001,
    0.00377,
    0.00782,
    0.01488,
    0.02633,
    0.04025,
    0.05719,
    0.07477,
    0.09134,
    0.10509,
    0.11463,
    0.1156,
    0.1008,
    0.08873,
    0.0751,
    0.05167,
    0.02628,
    0.00443
  ],
  "Atlético Mineiro / MG": [
    0.00227,
    0.01145,
    0.03426,
    0.05606,
    0.08083,
    0.10619,
    0.12233,
    0.12362,
    0.11681,
    0.09749,
    0.07844,
    0.0589,
    0.0411,
    0.02828,
    0.0193,
    0.01242,
    0.00659,
    0.00277,
    0.00082,
    7e-05
  ],
  "Fortaleza / CE": [
    0.0,
    0.0,
    2e-05,
    0.00012,
    0.00032,
    0.00095,
    0.00148,
    0.00321,
    0.006,
    0.01102,
    0.01726,
    0.02824,
    0.03932,
    0.05582,
    0.08454,
    0.11725,
    0.15717,
    0.20536,
    0.20842,
    0.0635
  ],
  "Fluminense / RJ": [
    0.0013,
    0.00692,
    0.02022,
    0.03733,
    0.05872,
    0.08222,
    0.10425,
    0.11724,
    0.11784,
    0.11002,
    0.09178,
    0.07583,
    0.05775,
    0.04713,
    0.03266,
    0.01977,
    0.01154,
    0.00555,
    0.00173,
    0.0002
  ],
  "Juventude / RS": [
    0.0,
    0.0,
    0.0,
    2e-05,
    8e-05,
    0.00019,
    0.00051,
    0.00112,
    0.00244,
    0.00474,
    0.00846,
    0.01336,
    0.02423,
    0.03784,
    0.05744,
    0.0864,
    0.13139,
    0.20499,
    0.31519,
    0.1116
  ],
  "Vitória / BA": [
    0.0,
    2e-05,
    0.00025,
    0.00086,
    0.00212,
    0.00441,
    0.00898,
    0.01516,
    0.02464,
    0.03517,
    0.0499,
    0.06599,
    0.08299,
    0.09901,
    0.1126,
    0.12545,
    0.13324,
    0.1246,
    0.09005,
    0.02456
  ],
  "Flamengo / RJ": [
    0.58539,
    0.24841,
    0.09281,
    0.0402,
    0.01849,
    0.00844,
    0.00371,
    0.00148,
    0.00066,
    0.00023,
    9e-05,
    7e-05,
    1e-05,
    1e-05,
    0.0,
    0.0,
    0.0,
    0.0,
    0.0,
    0.0
  ],
  "Internacional / RS": [
    0.0,
    0.00013,
    0.00054,
    0.00206,
    0.00491,
    0.00982,
    0.01679,
    0.02879,
    0.04022,
    0.0561,
    0.07177,
    0.08946,
    0.10427,
    0.11209,
    0.11742,
    0.11277,
    0.10174,
    0.07815,
    0.04493,
    0.00804
  ],
  "Palmeiras / SP": [
    0.03173,
    0.09191,
    0.15856,
    0.16976,
    0.15444,
    0.12505,
    0.09278,
    0.06311,
    0.04331,
    0.02794,
    0.01791,
    0.01101,
    0.00603,
    0.00328,
    0.00178,
    0.00084,
    0.00043,
    0.0001,
    3e-05,
    0.0
  ],
  "Botafogo / RJ": [
    0.03823,
    0.10138,
    0.17102,
    0.17877,
    0.1512,
    0.1171,
    0.08485,
    0.0587,
    0.03803,
    0.0246,
    0.01578,
    0.00964,
    0.00519,
    0.00305,
    0.00141,
    0.00067,
    0.00022,
    0.00015,
    1e-05,
    0.0
  ],
  "Vasco da Gama / RJ": [
    3e-05,
    0.0001,
    0.00053,
    0.00208,
    0.0047,
    0.00882,
    0.01678,
    0.02639,
    0.04018,
    0.05416,
    0.07092,
    0.08513,
    0.09608,
    0.10868,
    0.1172,
    0.11684,
    0.10679,
    0.0839,
    0.05212,
    0.00857
  ],
  "Santos / SP": [
    6e-05,
    0.00052,
    0.00235,
    0.00612,
    0.0125,
    0.02218,
    0.03528,
    0.05248,
    0.06774,
    0.08558,
    0.09759,
    0.10534,
    0.10425,
    0.09826,
    0.09283,
    0.08255,
    0.06464,
    0.04301,
    0.02308,
    0.00364
  ],
  "Bahia / BA": [
    0.04232,
    0.11486,
    0.19025,
    0.17859,
    0.15014,
    0.11307,
    0.07727,
    0.05207,
    0.03224,
    0.02098,
    0.01216,
    0.00731,
    0.00417,
    0.00232,
    0.00124,
    0.00061,
    0.00029,
    8e-05,
    2e-05,
    1e-05
  ],
  "Corinthians / SP": [
    0.00021,
    0.00197,
    0.00709,
    0.0161,
    0.02931,
    0.0461,
    0.06643,
    0.08782,
    0.10138,
    0.11032,
    0.10764,
    0.09793,
    0.08645,
    0.07431,
    0.06138,
    0.0478,
    0.03133,
    0.01837,
    0.0073,
    0.00076
  ],
  "Red Bull Bragantino / SP": [
    0.01351,
    0.04734,
    0.10256,
    0.13541,
    0.15381,
    0.15038,
    0.1255,
    0.09237,
    0.06639,
    0.04406,
    0.02837,
    0.01836,
    0.01079,
    0.00575,
    0.0034,
    0.00134,
    0.00051,
    0.00015,
    0.0,
    0.0
  ],
  "Ceará / CE": [
    0.00046,
    0.00213,
    0.00765,
    0.01657,
    0.02929,
    0.04684,
    0.06689,
    0.08767,
    0.10047,
    0.10743,
    0.10718,
    0.09928,
    0.0891,
    0.07407,
    0.05878,
    0.0456,
    0.03116,
    0.01936,
    0.0089,
    0.00117
  ]
}