{
  "Palmeiras / SP": [
    0.00348,
    0.14206,
    0.15392,
    0.14531,
    0.1336,
    0.11441,
    0.09409,
    0.07437,
    0.05562,
    0.03888,
    0.02473,
    0.01335,
    0.00454,
    0.00135,
    0.00024,
    5e-05,
    0.0,
    0.0,
    0.0,
    0.0
  ],
  "Cuiabá / MT": [
    0.0,
    1e-05,
    0.00024,
    0.0006,
    0.00122,
    0.00242,
    0.00498,
    0.01019,
    0.0177,
    0.03297,
    0.05702,
    0.10159,
    0.17756,
    0.20778,
    0.16368,
    0.1146,
    0.06223,
    0.02875,
    0.01256,
    0.0039
  ],
  "América / MG": [
    0.0,
    0.0,
    0.0,
    0.0,
    0.0,
    0.0,
    0.0,
    4e-05,
    5e-05,
    0.00022,
    0.00078,
    0.00271,
    0.00899,
    0.02411,
    0.05303,
    0.09429,
    0.15351,
    0.19903,
    0.22492,
    0.23832
  ],
  "Fluminense / RJ": [
    0.00147,
    0.08103,
    0.10209,
    0.11478,
    0.12268,
    0.12281,
    0.11733,
    0.10288,
    0.08565,
    0.06472,
    0.04342,
    0.02528,
    0.01086,
    0.00385,
    0.00089,
    0.00022,
    4e-05,
    0.0,
    0.0,
    0.0
  ],
  "Botafogo / RJ": [
    0.9735,
    0.02207,
    0.00336,
    0.00074,
    0.0002,
    0.0001,
    2e-05,
    1e-05,
    0.0,
    0.0,
    0.0,
    0.0,
    0.0,
    0.0,
    0.0,
    0.0,
    0.0,
    0.0,
    0.0,
    0.0
  ],
  "São Paulo / SP": [
    0.0005,
    0.03271,
    0.05467,
    0.07525,
    0.09237,
    0.10759,
    0.11791,
    0.12171,
    0.11619,
    0.10236,
    0.081,
    0.056,
    0.02688,
    0.01,
    0.00378,
    0.00087,
    0.0002,
    1e-05,
    0.0,
    0.0
  ],
  "Red Bull Bragantino / SP": [
    0.00304,
    0.12029,
    0.13647,
    0.14292,
    0.13407,
    0.12034,
    0.10232,
    0.08347,
    0.06172,
    0.04478,
    0.02779,
    0.01532,
    0.00535,
    0.00166,
    0.00037,
    8e-05,
    1e-05,
    0.0,
    0.0,
    0.0
  ],
  "Bahia / BA": [
    0.0,
    0.0,
    1e-05,
    3e-05,
    0.00014,
    0.00022,
    0.00069,
    0.00167,
    0.00381,
    0.00838,
    0.01801,
    0.03907,
    0.08487,
    0.14839,
    0.20479,
    0.21359,
    0.13836,
    0.07894,
    0.04218,
    0.01685
  ],
  "Athletico Paranaense / PR": [
    8e-05,
    0.00864,
    0.01751,
    0.02891,
    0.04396,
    0.06364,
    0.08353,
    0.10504,
    0.12314,
    0.13644,
    0.1365,
    0.12238,
    0.07313,
    0.03534,
    0.01474,
    0.00552,
    0.00117,
    0.00025,
    7e-05,
    1e-05
  ],
  "Goiás / GO": [
    0.0,
    0.0,
    0.0,
    1e-05,
    0.0,
    1e-05,
    4e-05,
    9e-05,
    0.00024,
    0.00083,
    0.00204,
    0.00601,
    0.01719,
    0.03801,
    0.07264,
    0.12506,
    0.19522,
    0.20752,
    0.18647,
    0.14862
  ],
  "Fortaleza / CE": [
    0.00125,
    0.06975,
    0.09262,
    0.11156,
    0.11831,
    0.12143,
    0.11888,
    0.10719,
    0.09134,
    0.0689,
    0.04975,
    0.03012,
    0.01322,
    0.00406,
    0.0012,
    0.00035,
    6e-05,
    1e-05,
    0.0,
    0.0
  ],
  "Internacional / RS": [
    2e-05,
    0.00446,
    0.01102,
    0.01803,
    0.02898,
    0.04494,
    0.06173,
    0.08265,
    0.10792,
    0.13347,
    0.15683,
    0.15221,
    0.10296,
    0.05706,
    0.02418,
    0.01011,
    0.0029,
    0.00045,
    5e-05,
    3e-05
  ],
  "Atlético Mineiro / MG": [
    1e-05,
    0.00633,
    0.01464,
    0.02483,
    0.03641,
    0.05145,
    0.07135,
    0.09386,
    0.1177,
    0.13919,
    0.14877,
    0.13558,
    0.08641,
    0.04455,
    0.0192,
    0.00736,
    0.00175,
    0.0005,
    0.0001,
    1e-05
  ],
  "Vasco da Gama / RJ": [
    0.0,
    0.0,
    0.0,
    0.0,
    0.0,
    0.0,
    0.0,
    1e-05,
    4e-05,
    0.00011,
    0.00034,
    0.00093,
    0.00455,
    0.01347,
    0.0316,
    0.06913,
    0.13566,
    0.19402,
    0.24373,
    0.30641
  ],
  "Flamengo / RJ": [
    0.00758,
    0.23475,
    0.19214,
    0.15109,
    0.12137,
    0.09349,
    0.07178,
    0.05129,
    0.03511,
    0.02085,
    0.01231,
    0.00543,
    0.00204,
    0.00062,
    0.00013,
    1e-05,
    0.0,
    1e-05,
    0.0,
    0.0
  ],
  "Coritiba / PR": [
    0.0,
    0.0,
    0.0,
    0.0,
    0.0,
    0.0,
    0.0,
    1e-05,
    3e-05,
    0.00017,
    0.00038,
    0.00185,
    0.00635,
    0.01714,
    0.03876,
    0.07431,
    0.14176,
    0.20121,
    0.24777,
    0.27026
  ],
  "Corinthians / SP": [
    0.0,
    8e-05,
    0.00025,
    0.00068,
    0.00163,
    0.00333,
    0.00666,
    0.01252,
    0.02266,
    0.03986,
    0.06833,
    0.1179,
    0.19698,
    0.18912,
    0.14829,
    0.10121,
    0.05317,
    0.02435,
    0.00998,
    0.003
  ],
  "Cruzeiro / MG": [
    0.00012,
    0.00939,
    0.01972,
    0.03395,
    0.04912,
    0.06691,
    0.08566,
    0.10699,
    0.12667,
    0.13801,
    0.1352,
    0.11426,
    0.06293,
    0.0306,
    0.01365,
    0.00507,
    0.00129,
    0.0004,
    6e-05,
    0.0
  ],
  "Grêmio / RS": [
    0.00895,
    0.26842,
    0.2013,
    0.15121,
    0.11577,
    0.08651,
    0.06203,
    0.04359,
    0.0285,
    0.01747,
    0.00985,
    0.00449,
    0.00142,
    0.00036,
    0.00012,
    1e-05,
    0.0,
    0.0,
    0.0,
    0.0
  ],
  "Santos / SP": [
    0.0,
    1e-05,
    4e-05,
    0.0001,
    0.00017,
    0.0004,
    0.001,
    0.00242,
    0.00591,
    0.01239,
    0.02695,
    0.05552,
    0.11377,
    0.17253,
    0.20871,
    0.17816,
    0.11267,
    0.06455,
    0.03211,
    0.01259
  ]
}