{
  "M'gladbach": [
    0.0345,
    0.04338,
    0.04977,
    0.05322,
    0.05816,
    0.06129,
    0.0631,
    0.06554,
    0.06599,
    0.0662,
    0.06518,
    0.06264,
    0.06271,
    0.06056,
    0.0574,
    0.05362,
    0.04505,
    0.03169
  ],
  "Bayern Munich": [
    0.24086,
    0.15914,
    0.12133,
    0.0983,
    0.0775,
    0.06358,
    0.05058,
    0.04096,
    0.03367,
    0.02825,
    0.02229,
    0.01906,
    0.01438,
    0.01188,
    0.00845,
    0.00577,
    0.0029,
    0.0011
  ],
  "Augsburg": [
    0.005,
    0.00969,
    0.01392,
    0.01976,
    0.02415,
    0.02958,
    0.03523,
    0.03991,
    0.04486,
    0.05028,
    0.05905,
    0.06757,
    0.07427,
    0.08228,
    0.0955,
    0.10774,
    0.11859,
    0.12262
  ],
  "Hoffenheim": [
    0.02848,
    0.0408,
    0.04849,
    0.05559,
    0.06014,
    0.06182,
    0.06485,
    0.06615,
    0.06633,
    0.06821,
    0.06839,
    0.06707,
    0.06367,
    0.06145,
    0.05709,
    0.05097,
    0.0419,
    0.0286
  ],
  "Bielefeld": [
    0.00352,
    0.00673,
    0.01034,
    0.01442,
    0.0182,
    0.02347,
    0.02844,
    0.03561,
    0.03948,
    0.04814,
    0.05644,
    0.06587,
    0.07215,
    0.08327,
    0.0997,
    0.11537,
    0.13492,
    0.14393
  ],
  "Freiburg": [
    0.11455,
    0.11091,
    0.10451,
    0.09403,
    0.08691,
    0.07868,
    0.07072,
    0.06115,
    0.05562,
    0.048,
    0.04111,
    0.03504,
    0.02913,
    0.02546,
    0.01937,
    0.01313,
    0.00813,
    0.00355
  ],
  "Stuttgart": [
    0.0154,
    0.02432,
    0.03209,
    0.0386,
    0.04465,
    0.0501,
    0.05528,
    0.06061,
    0.0654,
    0.06574,
    0.07027,
    0.07265,
    0.07697,
    0.07501,
    0.07416,
    0.06895,
    0.06327,
    0.04653
  ],
  "Greuther Furth": [
    0.00057,
    0.00132,
    0.00256,
    0.0044,
    0.0058,
    0.00821,
    0.01131,
    0.01521,
    0.01979,
    0.02456,
    0.03031,
    0.04057,
    0.05291,
    0.06668,
    0.08699,
    0.11983,
    0.17741,
    0.33157
  ],
  "Union Berlin": [
    0.08959,
    0.09257,
    0.08849,
    0.08304,
    0.07759,
    0.07436,
    0.06878,
    0.0651,
    0.06002,
    0.05429,
    0.04938,
    0.04456,
    0.03954,
    0.03461,
    0.02929,
    0.02287,
    0.01698,
    0.00894
  ],
  "Leverkusen": [
    0.11439,
    0.1127,
    0.10408,
    0.09449,
    0.08754,
    0.0788,
    0.07066,
    0.06125,
    0.05368,
    0.05064,
    0.04279,
    0.03546,
    0.02841,
    0.02379,
    0.01731,
    0.01257,
    0.00777,
    0.00367
  ],
  "Wolfsburg": [
    0.05383,
    0.06414,
    0.07066,
    0.07268,
    0.0762,
    0.07321,
    0.07225,
    0.06923,
    0.07169,
    0.06749,
    0.06117,
    0.05476,
    0.04926,
    0.04351,
    0.03695,
    0.02962,
    0.02181,
    0.01154
  ],
  "Bochum": [
    0.00989,
    0.01638,
    0.02296,
    0.02942,
    0.03494,
    0.03921,
    0.0445,
    0.05462,
    0.06057,
    0.06465,
    0.06941,
    0.07198,
    0.07788,
    0.08181,
    0.08412,
    0.08597,
    0.08463,
    0.06706
  ],
  "Dortmund": [
    0.16267,
    0.13708,
    0.11617,
    0.09999,
    0.08375,
    0.07318,
    0.06604,
    0.05341,
    0.0469,
    0.03969,
    0.03205,
    0.02562,
    0.0208,
    0.01713,
    0.01127,
    0.0076,
    0.00458,
    0.00207
  ],
  "Ein Frankfurt": [
    0.01092,
    0.01859,
    0.02569,
    0.03154,
    0.03678,
    0.04292,
    0.04933,
    0.05406,
    0.0575,
    0.06314,
    0.06837,
    0.07158,
    0.07578,
    0.08049,
    0.08271,
    0.08381,
    0.08044,
    0.06635
  ],
  "Mainz": [
    0.02292,
    0.03373,
    0.04075,
    0.04628,
    0.05247,
    0.05717,
    0.05899,
    0.06106,
    0.06298,
    0.06539,
    0.06629,
    0.06948,
    0.07082,
    0.06871,
    0.06772,
    0.06271,
    0.05499,
    0.03754
  ],
  "RB Leipzig": [
    0.03209,
    0.04392,
    0.05079,
    0.05638,
    0.05996,
    0.0618,
    0.06206,
    0.06344,
    0.06508,
    0.06361,
    0.06324,
    0.06514,
    0.06407,
    0.06238,
    0.05889,
    0.05328,
    0.04406,
    0.02981
  ],
  "FC Koln": [
    0.03799,
    0.05133,
    0.05829,
    0.06469,
    0.068,
    0.07001,
    0.07196,
    0.07171,
    0.06826,
    0.06725,
    0.06815,
    0.06243,
    0.05907,
    0.05152,
    0.04465,
    0.03859,
    0.02972,
    0.01638
  ],
  "Hertha": [
    0.02283,
    0.03327,
    0.03911,
    0.04317,
    0.04726,
    0.05261,
    0.05592,
    0.06098,
    0.06218,
    0.06447,
    0.06611,
    0.06852,
    0.06818,
    0.06946,
    0.06843,
    0.0676,
    0.06285,
    0.04705
  ]
}