{
  "Portimonense": [
    0.0,
    0.0,
    0.0,
    4e-05,
    0.00015,
    0.00045,
    0.00069,
    0.00179,
    0.00357,
    0.00663,
    0.01182,
    0.02019,
    0.03502,
    0.06025,
    0.10568,
    0.17758,
    0.27241,
    0.30373
  ],
  "Belenenses": [
    0.0,
    0.0,
    0.00018,
    0.00063,
    0.00174,
    0.004,
    0.00835,
    0.01408,
    0.02127,
    0.03283,
    0.0456,
    0.06429,
    0.09433,
    0.13157,
    0.17971,
    0.18435,
    0.1425,
    0.07457
  ],
  "Santa Clara": [
    1e-05,
    0.00018,
    0.01627,
    0.03239,
    0.0513,
    0.07202,
    0.09132,
    0.1094,
    0.11175,
    0.11235,
    0.1059,
    0.09634,
    0.08245,
    0.06043,
    0.03515,
    0.01601,
    0.00569,
    0.00104
  ],
  "Famalicao": [
    0.00014,
    0.00424,
    0.14139,
    0.16037,
    0.16367,
    0.14702,
    0.12153,
    0.09082,
    0.06554,
    0.04297,
    0.02888,
    0.01736,
    0.00973,
    0.00435,
    0.00152,
    0.00042,
    5e-05,
    0.0
  ],
  "Gil Vicente": [
    0.0,
    0.0,
    0.0031,
    0.00825,
    0.01689,
    0.02877,
    0.04403,
    0.06431,
    0.0859,
    0.10601,
    0.12129,
    0.12838,
    0.12026,
    0.10704,
    0.08347,
    0.05037,
    0.02467,
    0.00726
  ],
  "Porto": [
    0.27736,
    0.69334,
    0.02579,
    0.00303,
    0.00043,
    5e-05,
    0.0,
    0.0,
    0.0,
    0.0,
    0.0,
    0.0,
    0.0,
    0.0,
    0.0,
    0.0,
    0.0,
    0.0
  ],
  "Benfica": [
    0.72122,
    0.27502,
    0.00356,
    0.00019,
    1e-05,
    0.0,
    0.0,
    0.0,
    0.0,
    0.0,
    0.0,
    0.0,
    0.0,
    0.0,
    0.0,
    0.0,
    0.0,
    0.0
  ],
  "Pacos Ferreira": [
    0.0,
    0.0,
    2e-05,
    0.00012,
    0.00031,
    0.00106,
    0.00229,
    0.00538,
    0.01155,
    0.01798,
    0.02946,
    0.0507,
    0.0762,
    0.11218,
    0.15816,
    0.20168,
    0.19557,
    0.13734
  ],
  "Boavista": [
    1e-05,
    0.00039,
    0.04211,
    0.06681,
    0.08977,
    0.10781,
    0.12017,
    0.11979,
    0.11658,
    0.10032,
    0.08329,
    0.06249,
    0.04321,
    0.02715,
    0.01312,
    0.00495,
    0.00181,
    0.00022
  ],
  "Aves": [
    0.0,
    0.0,
    0.0,
    1e-05,
    5e-05,
    8e-05,
    0.00016,
    0.00064,
    0.00122,
    0.00331,
    0.00711,
    0.01386,
    0.02452,
    0.04293,
    0.08033,
    0.14149,
    0.24519,
    0.4391
  ],
  "Maritimo": [
    0.0,
    0.0,
    0.00091,
    0.00279,
    0.0069,
    0.01456,
    0.02335,
    0.03468,
    0.05448,
    0.08032,
    0.10047,
    0.11996,
    0.13725,
    0.14106,
    0.12307,
    0.09092,
    0.05079,
    0.01849
  ],
  "Sp Lisbon": [
    0.00069,
    0.01383,
    0.30964,
    0.22668,
    0.15792,
    0.10994,
    0.07232,
    0.04927,
    0.02936,
    0.01607,
    0.00835,
    0.00381,
    0.00148,
    0.00047,
    0.00011,
    6e-05,
    0.0,
    0.0
  ],
  "Sp Braga": [
    0.00045,
    0.00831,
    0.25118,
    0.21445,
    0.16322,
    0.11909,
    0.0907,
    0.0637,
    0.04139,
    0.02413,
    0.01302,
    0.00621,
    0.00299,
    0.00082,
    0.00032,
    2e-05,
    0.0,
    0.0
  ],
  "Moreirense": [
    0.0,
    1e-05,
    0.0019,
    0.0059,
    0.01194,
    0.02004,
    0.03221,
    0.04661,
    0.06946,
    0.09052,
    0.10998,
    0.12609,
    0.13098,
    0.1291,
    0.10296,
    0.07137,
    0.03821,
    0.01272
  ],
  "Setubal": [
    0.0,
    0.00013,
    0.01726,
    0.03387,
    0.05143,
    0.07075,
    0.08778,
    0.10704,
    0.11931,
    0.11844,
    0.10821,
    0.09467,
    0.07794,
    0.05544,
    0.03406,
    0.01651,
    0.00593,
    0.00123
  ],
  "Tondela": [
    0.0,
    3e-05,
    0.00699,
    0.01637,
    0.0279,
    0.04183,
    0.05998,
    0.07822,
    0.09243,
    0.10594,
    0.11603,
    0.11949,
    0.1132,
    0.09649,
    0.06753,
    0.03832,
    0.01526,
    0.00399
  ],
  "Rio Ave": [
    0.00011,
    0.00402,
    0.13982,
    0.16129,
    0.16405,
    0.15028,
    0.12114,
    0.09081,
    0.06413,
    0.04371,
    0.0302,
    0.01641,
    0.00858,
    0.00377,
    0.00133,
    0.0003,
    5e-05,
    0.0
  ],
  "Guimaraes": [
    1e-05,
    0.0005,
    0.03988,
    0.06681,
    0.09232,
    0.11225,
    0.12398,
    0.12346,
    0.11206,
    0.09847,
    0.08039,
    0.05975,
    0.04186,
    0.02695,
    0.01348,
    0.00565,
    0.00187,
    0.00031
  ]
}