{
  "Sp Braga": [
    0.0,
    0.00512,
    0.26275,
    0.30274,
    0.42886,
    0.00053,
    0.0,
    0.0,
    0.0,
    0.0,
    0.0,
    0.0,
    0.0,
    0.0,
    0.0,
    0.0,
    0.0,
    0.0
  ],
  "Famalicao": [
    0.0,
    0.0,
    0.0,
    0.0,
    0.0,
    0.01951,
    0.11767,
    0.49931,
    0.17526,
    0.0913,
    0.04887,
    0.02666,
    0.01416,
    0.00518,
    0.00176,
    0.0003,
    2e-05,
    0.0
  ],
  "Gil Vicente": [
    0.0,
    0.0,
    0.0,
    0.0,
    0.0,
    0.0,
    0.00013,
    0.0053,
    0.02598,
    0.04558,
    0.06969,
    0.09456,
    0.12203,
    0.1578,
    0.18871,
    0.20473,
    0.07692,
    0.00857
  ],
  "Portimonense": [
    0.0,
    0.0,
    0.0,
    0.0,
    0.0,
    0.0,
    0.00011,
    0.00681,
    0.02351,
    0.03885,
    0.05638,
    0.07947,
    0.10534,
    0.14278,
    0.19125,
    0.22342,
    0.11076,
    0.02132
  ],
  "Farense": [
    0.0,
    0.0,
    0.0,
    0.0,
    0.0,
    0.00012,
    0.00427,
    0.06808,
    0.1556,
    0.16068,
    0.151,
    0.1367,
    0.11364,
    0.09499,
    0.06687,
    0.03982,
    0.00772,
    0.00051
  ],
  "Casa Pia": [
    0.0,
    0.0,
    0.0,
    0.0,
    0.0,
    0.00082,
    0.00993,
    0.13187,
    0.21266,
    0.18547,
    0.1523,
    0.11614,
    0.08598,
    0.0564,
    0.03241,
    0.01349,
    0.00236,
    0.00017
  ],
  "Sp Lisbon": [
    0.9337,
    0.06626,
    4e-05,
    0.0,
    0.0,
    0.0,
    0.0,
    0.0,
    0.0,
    0.0,
    0.0,
    0.0,
    0.0,
    0.0,
    0.0,
    0.0,
    0.0,
    0.0
  ],
  "Vizela": [
    0.0,
    0.0,
    0.0,
    0.0,
    0.0,
    0.0,
    0.0,
    1e-05,
    0.00035,
    0.00145,
    0.00366,
    0.00783,
    0.0144,
    0.02973,
    0.05956,
    0.1269,
    0.40058,
    0.35553
  ],
  "Rio Ave": [
    0.0,
    0.0,
    0.0,
    0.0,
    0.0,
    6e-05,
    0.00237,
    0.02655,
    0.09007,
    0.1161,
    0.13511,
    0.14149,
    0.14055,
    0.12699,
    0.11018,
    0.08152,
    0.0269,
    0.00211
  ],
  "Chaves": [
    0.0,
    0.0,
    0.0,
    0.0,
    0.0,
    0.0,
    0.0,
    0.0,
    5e-05,
    0.00011,
    0.00054,
    0.00131,
    0.00335,
    0.00846,
    0.02183,
    0.06553,
    0.29506,
    0.60376
  ],
  "Estrela": [
    0.0,
    0.0,
    0.0,
    0.0,
    0.0,
    1e-05,
    0.00056,
    0.01412,
    0.05456,
    0.0782,
    0.09537,
    0.11233,
    0.13245,
    0.14951,
    0.15743,
    0.14509,
    0.05433,
    0.00604
  ],
  "Guimaraes": [
    1e-05,
    0.00287,
    0.26766,
    0.36746,
    0.36083,
    0.00117,
    0.0,
    0.0,
    0.0,
    0.0,
    0.0,
    0.0,
    0.0,
    0.0,
    0.0,
    0.0,
    0.0,
    0.0
  ],
  "Arouca": [
    0.0,
    0.0,
    0.0,
    0.0,
    0.00015,
    0.25809,
    0.60233,
    0.12402,
    0.01297,
    0.0021,
    0.0003,
    4e-05,
    0.0,
    0.0,
    0.0,
    0.0,
    0.0,
    0.0
  ],
  "Estoril": [
    0.0,
    0.0,
    0.0,
    0.0,
    0.0,
    0.00017,
    0.00377,
    0.05829,
    0.12866,
    0.14218,
    0.14568,
    0.14326,
    0.13543,
    0.1119,
    0.07821,
    0.04218,
    0.0096,
    0.00067
  ],
  "Moreirense": [
    0.0,
    0.0,
    0.0,
    3e-05,
    0.0017,
    0.71927,
    0.25549,
    0.02275,
    0.00071,
    5e-05,
    0.0,
    0.0,
    0.0,
    0.0,
    0.0,
    0.0,
    0.0,
    0.0
  ],
  "Porto": [
    7e-05,
    0.01269,
    0.44964,
    0.32899,
    0.20843,
    0.00018,
    0.0,
    0.0,
    0.0,
    0.0,
    0.0,
    0.0,
    0.0,
    0.0,
    0.0,
    0.0,
    0.0,
    0.0
  ],
  "Boavista": [
    0.0,
    0.0,
    0.0,
    0.0,
    0.0,
    7e-05,
    0.00337,
    0.04289,
    0.11962,
    0.13793,
    0.1411,
    0.14021,
    0.13267,
    0.11626,
    0.09179,
    0.05702,
    0.01575,
    0.00132
  ],
  "Benfica": [
    0.06622,
    0.91306,
    0.01991,
    0.00078,
    3e-05,
    0.0,
    0.0,
    0.0,
    0.0,
    0.0,
    0.0,
    0.0,
    0.0,
    0.0,
    0.0,
    0.0,
    0.0,
    0.0
  ]
}