{
  "Le Havre": [
    0.0,
    0.0,
    0.0,
    0.0,
    1e-05,
    1e-05,
    4e-05,
    9e-05,
    0.00026,
    0.00075,
    0.00166,
    0.00401,
    0.00974,
    0.02406,
    0.06881,
    0.29696,
    0.50034,
    0.09326
  ],
  "Paris SG": [
    0.96343,
    0.03193,
    0.00396,
    0.00059,
    8e-05,
    1e-05,
    0.0,
    0.0,
    0.0,
    0.0,
    0.0,
    0.0,
    0.0,
    0.0,
    0.0,
    0.0,
    0.0,
    0.0
  ],
  "Brest": [
    0.0,
    0.00022,
    0.00133,
    0.00524,
    0.01529,
    0.03753,
    0.06535,
    0.10016,
    0.12662,
    0.13804,
    0.13826,
    0.12389,
    0.10398,
    0.08175,
    0.04902,
    0.0116,
    0.00169,
    3e-05
  ],
  "Marseille": [
    0.02244,
    0.46107,
    0.26844,
    0.13958,
    0.06899,
    0.02637,
    0.00909,
    0.00261,
    0.00103,
    0.00029,
    6e-05,
    3e-05,
    0.0,
    0.0,
    0.0,
    0.0,
    0.0,
    0.0
  ],
  "Reims": [
    0.0,
    0.00145,
    0.00738,
    0.0227,
    0.05527,
    0.10822,
    0.14562,
    0.16102,
    0.15116,
    0.12244,
    0.09044,
    0.06293,
    0.03736,
    0.02151,
    0.01045,
    0.00182,
    0.00023,
    0.0
  ],
  "Lille": [
    0.00295,
    0.12051,
    0.19569,
    0.25507,
    0.21279,
    0.11225,
    0.05557,
    0.02558,
    0.01131,
    0.00508,
    0.00207,
    0.0008,
    0.00026,
    6e-05,
    0.0,
    1e-05,
    0.0,
    0.0
  ],
  "Monaco": [
    0.00217,
    0.08115,
    0.15339,
    0.23321,
    0.23737,
    0.14248,
    0.07696,
    0.03886,
    0.01931,
    0.00879,
    0.0039,
    0.00154,
    0.00066,
    0.00015,
    5e-05,
    1e-05,
    0.0,
    0.0
  ],
  "St Etienne": [
    0.0,
    0.0,
    0.0,
    0.0,
    0.0,
    0.0,
    4e-05,
    0.00014,
    0.0005,
    0.00113,
    0.00346,
    0.0077,
    0.01903,
    0.0455,
    0.12528,
    0.423,
    0.32576,
    0.04846
  ],
  "Auxerre": [
    0.0,
    0.0,
    9e-05,
    0.0004,
    0.00203,
    0.00698,
    0.01731,
    0.03194,
    0.05292,
    0.08117,
    0.10742,
    0.13507,
    0.16205,
    0.17928,
    0.15957,
    0.05013,
    0.01319,
    0.00045
  ],
  "Nice": [
    0.00892,
    0.28792,
    0.3147,
    0.2,
    0.10937,
    0.04823,
    0.01925,
    0.00749,
    0.00275,
    0.00086,
    0.00035,
    0.00012,
    2e-05,
    1e-05,
    1e-05,
    0.0,
    0.0,
    0.0
  ],
  "Angers": [
    0.0,
    0.0,
    0.00015,
    0.00081,
    0.0028,
    0.00974,
    0.02202,
    0.04249,
    0.06739,
    0.09592,
    0.12203,
    0.14526,
    0.15671,
    0.15396,
    0.13022,
    0.04113,
    0.00907,
    0.0003
  ],
  "Lens": [
    2e-05,
    0.00715,
    0.02299,
    0.06005,
    0.12052,
    0.19058,
    0.19519,
    0.15131,
    0.10181,
    0.06703,
    0.04058,
    0.02316,
    0.01208,
    0.00521,
    0.002,
    0.00031,
    1e-05,
    0.0
  ],
  "Montpellier": [
    0.0,
    0.0,
    0.0,
    0.0,
    0.0,
    0.0,
    0.0,
    0.0,
    0.0,
    0.0,
    1e-05,
    3e-05,
    8e-05,
    0.00038,
    0.00225,
    0.02631,
    0.11482,
    0.85612
  ],
  "Strasbourg": [
    1e-05,
    0.00075,
    0.00368,
    0.01297,
    0.03281,
    0.07313,
    0.11188,
    0.14114,
    0.14601,
    0.13419,
    0.11263,
    0.08832,
    0.06731,
    0.04472,
    0.0248,
    0.00484,
    0.0008,
    1e-05
  ],
  "Toulouse": [
    0.0,
    0.00015,
    0.00078,
    0.00409,
    0.01255,
    0.03379,
    0.06235,
    0.09708,
    0.12524,
    0.13626,
    0.13517,
    0.12666,
    0.1078,
    0.08691,
    0.05632,
    0.01299,
    0.00179,
    7e-05
  ],
  "Nantes": [
    0.0,
    1e-05,
    7e-05,
    0.00032,
    0.00127,
    0.00446,
    0.01192,
    0.02367,
    0.04211,
    0.0646,
    0.09017,
    0.11571,
    0.14443,
    0.18013,
    0.22177,
    0.07833,
    0.02014,
    0.00089
  ],
  "Rennes": [
    0.0,
    5e-05,
    6e-05,
    0.00058,
    0.0021,
    0.00671,
    0.01674,
    0.03454,
    0.05564,
    0.08097,
    0.11209,
    0.14219,
    0.16582,
    0.17043,
    0.14737,
    0.05216,
    0.01214,
    0.00041
  ],
  "Lyon": [
    6e-05,
    0.00764,
    0.02729,
    0.06439,
    0.12675,
    0.19951,
    0.19067,
    0.14188,
    0.09594,
    0.06248,
    0.0397,
    0.02258,
    0.01267,
    0.00594,
    0.00208,
    0.0004,
    2e-05,
    0.0
  ]
}