{
  "Le Havre": [
    0.0,
    0.0,
    0.0,
    0.0,
    0.0,
    0.0,
    3e-05,
    0.0001,
    0.00012,
    0.00065,
    0.00155,
    0.00412,
    0.00942,
    0.0235,
    0.06928,
    0.30015,
    0.50076,
    0.09032
  ],
  "Paris SG": [
    0.96362,
    0.03189,
    0.00383,
    0.00051,
    0.00014,
    1e-05,
    0.0,
    0.0,
    0.0,
    0.0,
    0.0,
    0.0,
    0.0,
    0.0,
    0.0,
    0.0,
    0.0,
    0.0
  ],
  "Brest": [
    0.0,
    0.00015,
    0.00157,
    0.00524,
    0.01527,
    0.03766,
    0.06668,
    0.09933,
    0.12398,
    0.14045,
    0.1393,
    0.12392,
    0.10392,
    0.08101,
    0.04872,
    0.01114,
    0.00161,
    5e-05
  ],
  "Marseille": [
    0.02247,
    0.46512,
    0.26388,
    0.14168,
    0.06772,
    0.02562,
    0.00895,
    0.00309,
    0.00098,
    0.00029,
    0.00013,
    6e-05,
    0.0,
    1e-05,
    0.0,
    0.0,
    0.0,
    0.0
  ],
  "Reims": [
    1e-05,
    0.00168,
    0.00771,
    0.02429,
    0.05844,
    0.11275,
    0.14683,
    0.16152,
    0.14918,
    0.12104,
    0.08857,
    0.06073,
    0.03529,
    0.02107,
    0.00912,
    0.00154,
    0.00023,
    0.0
  ],
  "Lille": [
    0.00264,
    0.12379,
    0.20374,
    0.25972,
    0.20814,
    0.10704,
    0.05222,
    0.02479,
    0.01075,
    0.00457,
    0.00172,
    0.00063,
    0.00023,
    1e-05,
    1e-05,
    0.0,
    0.0,
    0.0
  ],
  "Monaco": [
    0.0018,
    0.07968,
    0.15159,
    0.22984,
    0.24224,
    0.14329,
    0.07672,
    0.04018,
    0.0188,
    0.00926,
    0.00389,
    0.00172,
    0.00075,
    0.00018,
    6e-05,
    0.0,
    0.0,
    0.0
  ],
  "St Etienne": [
    0.0,
    0.0,
    0.0,
    0.0,
    1e-05,
    3e-05,
    3e-05,
    0.00011,
    0.00041,
    0.00117,
    0.00302,
    0.00709,
    0.0184,
    0.0459,
    0.12261,
    0.42384,
    0.32866,
    0.04872
  ],
  "Auxerre": [
    0.0,
    0.0,
    0.00013,
    0.00064,
    0.00206,
    0.00779,
    0.01739,
    0.03334,
    0.05507,
    0.08264,
    0.10986,
    0.13836,
    0.16364,
    0.17382,
    0.15692,
    0.04582,
    0.01205,
    0.00047
  ],
  "Nice": [
    0.00932,
    0.28382,
    0.31466,
    0.20019,
    0.11324,
    0.04798,
    0.01936,
    0.00752,
    0.00256,
    0.00077,
    0.0004,
    0.00014,
    2e-05,
    2e-05,
    0.0,
    0.0,
    0.0,
    0.0
  ],
  "Angers": [
    0.0,
    3e-05,
    0.00021,
    0.00067,
    0.00305,
    0.00978,
    0.02183,
    0.04019,
    0.06569,
    0.09378,
    0.12089,
    0.14685,
    0.15633,
    0.1563,
    0.13205,
    0.04244,
    0.00965,
    0.00026
  ],
  "Lens": [
    6e-05,
    0.00544,
    0.02172,
    0.05569,
    0.11654,
    0.18871,
    0.19558,
    0.15069,
    0.10795,
    0.06906,
    0.04304,
    0.02411,
    0.01279,
    0.00626,
    0.00207,
    0.00028,
    1e-05,
    0.0
  ],
  "Montpellier": [
    0.0,
    0.0,
    0.0,
    0.0,
    0.0,
    0.0,
    0.0,
    0.0,
    0.0,
    0.0,
    0.0,
    3e-05,
    9e-05,
    0.00041,
    0.00259,
    0.02539,
    0.11265,
    0.85884
  ],
  "Strasbourg": [
    0.0,
    0.00077,
    0.00402,
    0.01328,
    0.03431,
    0.0731,
    0.11304,
    0.14203,
    0.14835,
    0.13315,
    0.11307,
    0.08652,
    0.06544,
    0.04355,
    0.0241,
    0.00466,
    0.00061,
    0.0
  ],
  "Toulouse": [
    0.0,
    9e-05,
    0.00092,
    0.00405,
    0.01354,
    0.03494,
    0.06419,
    0.0981,
    0.12264,
    0.13638,
    0.13606,
    0.12596,
    0.10875,
    0.08519,
    0.05475,
    0.01261,
    0.00179,
    4e-05
  ],
  "Nantes": [
    0.0,
    0.0,
    2e-05,
    0.00026,
    0.0012,
    0.00479,
    0.01299,
    0.025,
    0.04203,
    0.06487,
    0.08737,
    0.11478,
    0.14532,
    0.18167,
    0.22203,
    0.07722,
    0.01954,
    0.00091
  ],
  "Rennes": [
    0.0,
    2e-05,
    0.0001,
    0.00059,
    0.00197,
    0.00654,
    0.01582,
    0.03149,
    0.05193,
    0.07699,
    0.11081,
    0.14126,
    0.16659,
    0.17494,
    0.15343,
    0.05471,
    0.01242,
    0.00039
  ],
  "Lyon": [
    8e-05,
    0.00752,
    0.0259,
    0.06335,
    0.12213,
    0.19997,
    0.18834,
    0.14252,
    0.09956,
    0.06493,
    0.04032,
    0.02372,
    0.01302,
    0.00616,
    0.00226,
    0.0002,
    2e-05,
    0.0
  ]
}