{
  "Sp Lisbon": [
    0.55693,
    0.2967,
    0.13521,
    0.01016,
    0.00097,
    3e-05,
    0.0,
    0.0,
    0.0,
    0.0,
    0.0,
    0.0,
    0.0,
    0.0,
    0.0,
    0.0,
    0.0,
    0.0
  ],
  "Rio Ave": [
    0.0,
    0.0,
    1e-05,
    0.00067,
    0.0053,
    0.0309,
    0.06751,
    0.11311,
    0.14875,
    0.15758,
    0.14413,
    0.11544,
    0.08494,
    0.0587,
    0.03718,
    0.02206,
    0.01024,
    0.00348
  ],
  "AVS": [
    0.0,
    0.0,
    0.0,
    2e-05,
    0.00011,
    0.00137,
    0.00499,
    0.01353,
    0.02849,
    0.0463,
    0.07137,
    0.09726,
    0.12017,
    0.13648,
    0.14229,
    0.13719,
    0.1208,
    0.07963
  ],
  "Nacional": [
    0.0,
    0.0,
    0.0,
    0.0,
    9e-05,
    0.00121,
    0.00441,
    0.01272,
    0.02625,
    0.04705,
    0.07138,
    0.09924,
    0.12662,
    0.13826,
    0.14297,
    0.1383,
    0.11596,
    0.07554
  ],
  "Casa Pia": [
    1e-05,
    0.0,
    0.00054,
    0.0207,
    0.07695,
    0.22447,
    0.2675,
    0.17643,
    0.10784,
    0.06116,
    0.03374,
    0.01711,
    0.00776,
    0.00365,
    0.00144,
    0.00055,
    0.00014,
    1e-05
  ],
  "Boavista": [
    0.0,
    0.0,
    0.0,
    0.0,
    1e-05,
    0.0,
    0.00019,
    0.00053,
    0.00207,
    0.00446,
    0.01024,
    0.01936,
    0.03294,
    0.05332,
    0.08438,
    0.1285,
    0.21223,
    0.45177
  ],
  "Porto": [
    0.30396,
    0.39722,
    0.26944,
    0.0261,
    0.00306,
    0.00021,
    1e-05,
    0.0,
    0.0,
    0.0,
    0.0,
    0.0,
    0.0,
    0.0,
    0.0,
    0.0,
    0.0,
    0.0
  ],
  "Gil Vicente": [
    0.0,
    0.0,
    0.0,
    0.00031,
    0.00293,
    0.01955,
    0.05738,
    0.10118,
    0.13472,
    0.15599,
    0.15158,
    0.12969,
    0.09459,
    0.06604,
    0.04231,
    0.02634,
    0.01323,
    0.00416
  ],
  "Estoril": [
    0.0,
    0.0,
    0.0,
    0.00012,
    0.00087,
    0.00683,
    0.02321,
    0.05046,
    0.08003,
    0.11323,
    0.13579,
    0.14539,
    0.1313,
    0.11193,
    0.08572,
    0.06063,
    0.03831,
    0.01618
  ],
  "Santa Clara": [
    0.00061,
    0.00546,
    0.03961,
    0.35399,
    0.41612,
    0.13251,
    0.03686,
    0.01086,
    0.00291,
    0.00076,
    0.00027,
    3e-05,
    0.0,
    0.0,
    1e-05,
    0.0,
    0.0,
    0.0
  ],
  "Famalicao": [
    0.0,
    0.0,
    0.0,
    0.00098,
    0.00726,
    0.04516,
    0.10286,
    0.16041,
    0.18346,
    0.15853,
    0.12384,
    0.08661,
    0.05807,
    0.03593,
    0.0203,
    0.01079,
    0.0047,
    0.0011
  ],
  "Benfica": [
    0.13706,
    0.29076,
    0.49337,
    0.06657,
    0.01124,
    0.00093,
    7e-05,
    0.0,
    0.0,
    0.0,
    0.0,
    0.0,
    0.0,
    0.0,
    0.0,
    0.0,
    0.0,
    0.0
  ],
  "Farense": [
    0.0,
    0.0,
    0.0,
    0.0,
    1e-05,
    0.00016,
    0.00094,
    0.00391,
    0.0102,
    0.02004,
    0.03429,
    0.05606,
    0.08184,
    0.11009,
    0.141,
    0.17017,
    0.19947,
    0.17182
  ],
  "Moreirense": [
    0.0,
    0.0,
    6e-05,
    0.00234,
    0.01581,
    0.07669,
    0.16916,
    0.21149,
    0.17931,
    0.13238,
    0.08994,
    0.0549,
    0.03427,
    0.01825,
    0.00924,
    0.00422,
    0.00163,
    0.00031
  ],
  "Sp Braga": [
    0.00143,
    0.00977,
    0.06,
    0.469,
    0.31447,
    0.10691,
    0.02848,
    0.00725,
    0.00195,
    0.00056,
    0.00016,
    2e-05,
    0.0,
    0.0,
    0.0,
    0.0,
    0.0,
    0.0
  ],
  "Estrela": [
    0.0,
    0.0,
    0.0,
    1e-05,
    6e-05,
    0.001,
    0.005,
    0.01294,
    0.02687,
    0.04747,
    0.07438,
    0.10304,
    0.12659,
    0.14179,
    0.14286,
    0.1363,
    0.11338,
    0.06831
  ],
  "Arouca": [
    0.0,
    0.0,
    0.0,
    0.0,
    1e-05,
    0.00025,
    0.00176,
    0.006,
    0.01368,
    0.02653,
    0.0458,
    0.07059,
    0.0985,
    0.12455,
    0.14998,
    0.1648,
    0.16987,
    0.12768
  ],
  "Guimaraes": [
    0.0,
    9e-05,
    0.00176,
    0.04903,
    0.14473,
    0.35182,
    0.22967,
    0.11918,
    0.05347,
    0.02796,
    0.01309,
    0.00526,
    0.00241,
    0.00101,
    0.00032,
    0.00015,
    4e-05,
    1e-05
  ]
}