{
  "Burnley": [
    0.0,
    0.0,
    0.0,
    0.0,
    0.0,
    0.0,
    0.0,
    0.0,
    0.0,
    2e-05,
    1e-05,
    4e-05,
    0.00015,
    0.00039,
    0.00158,
    0.00502,
    0.01731,
    0.06136,
    0.30087,
    0.61325
  ],
  "Man City": [
    0.2421,
    0.2914,
    0.2848,
    0.12609,
    0.04461,
    0.00923,
    0.00155,
    0.00019,
    1e-05,
    2e-05,
    0.0,
    0.0,
    0.0,
    0.0,
    0.0,
    0.0,
    0.0,
    0.0,
    0.0,
    0.0
  ],
  "Arsenal": [
    0.22657,
    0.31162,
    0.29205,
    0.12333,
    0.03892,
    0.0067,
    0.00068,
    0.00011,
    1e-05,
    1e-05,
    0.0,
    0.0,
    0.0,
    0.0,
    0.0,
    0.0,
    0.0,
    0.0,
    0.0,
    0.0
  ],
  "Nott'm Forest": [
    0.0,
    0.0,
    0.0,
    0.0,
    1e-05,
    1e-05,
    0.0001,
    0.00063,
    0.00194,
    0.00433,
    0.00927,
    0.01911,
    0.03581,
    0.06139,
    0.10999,
    0.16003,
    0.2255,
    0.2631,
    0.09002,
    0.01876
  ],
  "Bournemouth": [
    0.0,
    0.0,
    0.0,
    0.00012,
    0.00116,
    0.00631,
    0.01799,
    0.03248,
    0.0536,
    0.07543,
    0.1079,
    0.1423,
    0.1505,
    0.1513,
    0.11369,
    0.07882,
    0.04636,
    0.01906,
    0.00277,
    0.00021
  ],
  "West Ham": [
    0.0,
    0.00015,
    0.00112,
    0.00914,
    0.03414,
    0.09826,
    0.16715,
    0.17391,
    0.15438,
    0.13041,
    0.09968,
    0.06491,
    0.03821,
    0.01768,
    0.00735,
    0.00261,
    0.00075,
    0.00014,
    1e-05,
    0.0
  ],
  "Brighton": [
    1e-05,
    8e-05,
    0.00069,
    0.00604,
    0.02547,
    0.08098,
    0.13824,
    0.15939,
    0.15842,
    0.14163,
    0.11394,
    0.07699,
    0.05037,
    0.0283,
    0.01356,
    0.00459,
    0.00107,
    0.00021,
    2e-05,
    0.0
  ],
  "Luton": [
    0.0,
    0.0,
    0.0,
    0.0,
    0.0,
    4e-05,
    0.00019,
    0.00088,
    0.00165,
    0.0048,
    0.00999,
    0.02001,
    0.0344,
    0.06817,
    0.11722,
    0.16747,
    0.22112,
    0.25858,
    0.0806,
    0.01488
  ],
  "Everton": [
    0.0,
    0.0,
    1e-05,
    7e-05,
    0.00087,
    0.00645,
    0.01805,
    0.03508,
    0.05445,
    0.08172,
    0.11103,
    0.13809,
    0.16284,
    0.1539,
    0.11249,
    0.07037,
    0.03779,
    0.01481,
    0.00188,
    0.0001
  ],
  "Fulham": [
    0.0,
    0.0,
    0.0,
    0.00018,
    0.00176,
    0.00825,
    0.0229,
    0.03955,
    0.05856,
    0.08083,
    0.10807,
    0.14315,
    0.15914,
    0.14922,
    0.10714,
    0.07008,
    0.03753,
    0.01222,
    0.0013,
    0.00012
  ],
  "Sheffield United": [
    0.0,
    0.0,
    0.0,
    0.0,
    0.0,
    0.0,
    0.0,
    0.0,
    2e-05,
    1e-05,
    6e-05,
    0.00015,
    0.00066,
    0.00181,
    0.00607,
    0.01718,
    0.04454,
    0.12157,
    0.46238,
    0.34555
  ],
  "Crystal Palace": [
    0.0,
    0.0,
    0.0,
    0.0,
    1e-05,
    0.00027,
    0.00129,
    0.00338,
    0.00829,
    0.01618,
    0.0291,
    0.05161,
    0.07722,
    0.11496,
    0.17009,
    0.19275,
    0.17524,
    0.12626,
    0.02954,
    0.00381
  ],
  "Newcastle": [
    0.0,
    0.00013,
    0.0012,
    0.00838,
    0.0352,
    0.11533,
    0.17242,
    0.16902,
    0.14982,
    0.12166,
    0.09348,
    0.06142,
    0.03684,
    0.02163,
    0.00929,
    0.00314,
    0.00095,
    9e-05,
    0.0,
    0.0
  ],
  "Aston Villa": [
    0.01239,
    0.03988,
    0.10227,
    0.26866,
    0.34636,
    0.14709,
    0.05235,
    0.01973,
    0.00748,
    0.00254,
    0.00089,
    0.00028,
    6e-05,
    2e-05,
    0.0,
    0.0,
    0.0,
    0.0,
    0.0,
    0.0
  ],
  "Brentford": [
    0.0,
    0.0,
    0.0,
    0.0,
    0.0001,
    0.00047,
    0.00178,
    0.00428,
    0.00953,
    0.01756,
    0.03167,
    0.05165,
    0.08001,
    0.1119,
    0.16271,
    0.19504,
    0.17974,
    0.11985,
    0.03041,
    0.0033
  ],
  "Tottenham": [
    0.0211,
    0.06304,
    0.14744,
    0.34073,
    0.26947,
    0.10582,
    0.03478,
    0.01177,
    0.00399,
    0.00127,
    0.00048,
    0.0001,
    1e-05,
    0.0,
    0.0,
    0.0,
    0.0,
    0.0,
    0.0,
    0.0
  ],
  "Chelsea": [
    0.0,
    4e-05,
    0.00037,
    0.00522,
    0.0206,
    0.06131,
    0.11294,
    0.13698,
    0.14845,
    0.14582,
    0.12463,
    0.09297,
    0.067,
    0.04372,
    0.02491,
    0.01071,
    0.00362,
    0.00069,
    2e-05,
    0.0
  ],
  "Liverpool": [
    0.49722,
    0.29026,
    0.15563,
    0.04549,
    0.01001,
    0.0013,
    9e-05,
    0.0,
    0.0,
    0.0,
    0.0,
    0.0,
    0.0,
    0.0,
    0.0,
    0.0,
    0.0,
    0.0,
    0.0,
    0.0
  ],
  "Man United": [
    0.00061,
    0.00339,
    0.01436,
    0.06495,
    0.16306,
    0.3222,
    0.18942,
    0.11259,
    0.06371,
    0.03487,
    0.01801,
    0.00787,
    0.00358,
    0.00106,
    0.0003,
    2e-05,
    0.0,
    0.0,
    0.0,
    0.0
  ],
  "Wolves": [
    0.0,
    1e-05,
    6e-05,
    0.0016,
    0.00825,
    0.02998,
    0.06808,
    0.10003,
    0.12569,
    0.14089,
    0.14179,
    0.12935,
    0.1032,
    0.07455,
    0.04361,
    0.02217,
    0.00848,
    0.00206,
    0.00018,
    2e-05
  ]
}