{
  "Fluminense / RJ": [
    0.0,
    0.0216,
    0.06102,
    0.29495,
    0.45884,
    0.12325,
    0.03154,
    0.00771,
    0.00105,
    4e-05,
    0.0,
    0.0,
    0.0,
    0.0,
    0.0,
    0.0,
    0.0,
    0.0,
    0.0,
    0.0
  ],
  "Santos / SP": [
    0.0,
    0.0,
    0.0,
    0.0,
    2e-05,
    0.00111,
    0.01069,
    0.04501,
    0.10736,
    0.16755,
    0.19629,
    0.19894,
    0.1687,
    0.09022,
    0.01256,
    0.00144,
    0.00011,
    0.0,
    0.0,
    0.0
  ],
  "Atlético Goianiense / GO": [
    0.0,
    0.0,
    0.0,
    0.0,
    0.0,
    0.0,
    0.0,
    0.0,
    0.0,
    0.0,
    0.00012,
    0.00086,
    0.00312,
    0.01656,
    0.10516,
    0.19454,
    0.29599,
    0.30011,
    0.08211,
    0.00143
  ],
  "Flamengo / RJ": [
    0.00048,
    0.26129,
    0.5263,
    0.18321,
    0.02746,
    0.00125,
    1e-05,
    0.0,
    0.0,
    0.0,
    0.0,
    0.0,
    0.0,
    0.0,
    0.0,
    0.0,
    0.0,
    0.0,
    0.0,
    0.0
  ],
  "Palmeiras / SP": [
    0.98641,
    0.01347,
    0.00012,
    0.0,
    0.0,
    0.0,
    0.0,
    0.0,
    0.0,
    0.0,
    0.0,
    0.0,
    0.0,
    0.0,
    0.0,
    0.0,
    0.0,
    0.0,
    0.0,
    0.0
  ],
  "Ceará / CE": [
    0.0,
    0.0,
    0.0,
    0.0,
    0.0,
    0.0,
    0.0,
    0.0,
    1e-05,
    4e-05,
    0.00062,
    0.00266,
    0.01208,
    0.04965,
    0.25761,
    0.30989,
    0.216,
    0.128,
    0.023,
    0.00044
  ],
  "Coritiba / PR": [
    0.0,
    0.0,
    0.0,
    0.0,
    0.0,
    0.0,
    0.0,
    0.0,
    5e-05,
    0.00021,
    0.0011,
    0.00386,
    0.01347,
    0.06099,
    0.38262,
    0.27911,
    0.16915,
    0.08228,
    0.00708,
    8e-05
  ],
  "Goiás / GO": [
    0.0,
    0.0,
    0.0,
    0.0,
    0.00088,
    0.00485,
    0.01452,
    0.03548,
    0.06319,
    0.09368,
    0.12639,
    0.17663,
    0.22772,
    0.21464,
    0.03536,
    0.00597,
    0.00066,
    3e-05,
    0.0,
    0.0
  ],
  "Atlético Mineiro / MG": [
    0.0,
    0.0,
    0.00016,
    0.00849,
    0.05753,
    0.1853,
    0.25965,
    0.22366,
    0.13126,
    0.0732,
    0.03864,
    0.01624,
    0.00513,
    0.00073,
    1e-05,
    0.0,
    0.0,
    0.0,
    0.0,
    0.0
  ],
  "Internacional / RS": [
    0.01303,
    0.65803,
    0.25635,
    0.06051,
    0.01148,
    0.0006,
    0.0,
    0.0,
    0.0,
    0.0,
    0.0,
    0.0,
    0.0,
    0.0,
    0.0,
    0.0,
    0.0,
    0.0,
    0.0,
    0.0
  ],
  "Botafogo / RJ": [
    0.0,
    0.0,
    0.0,
    0.0,
    0.0005,
    0.00676,
    0.02107,
    0.05025,
    0.08682,
    0.1284,
    0.1743,
    0.19408,
    0.18644,
    0.13807,
    0.01265,
    0.00064,
    2e-05,
    0.0,
    0.0,
    0.0
  ],
  "Corinthians / SP": [
    8e-05,
    0.04544,
    0.15442,
    0.42773,
    0.28337,
    0.07281,
    0.01471,
    0.0013,
    0.00013,
    1e-05,
    0.0,
    0.0,
    0.0,
    0.0,
    0.0,
    0.0,
    0.0,
    0.0,
    0.0,
    0.0
  ],
  "Fortaleza / CE": [
    0.0,
    0.0,
    0.0,
    7e-05,
    0.0016,
    0.01566,
    0.04828,
    0.10558,
    0.16435,
    0.19087,
    0.17692,
    0.14348,
    0.09692,
    0.05125,
    0.00482,
    0.0002,
    0.0,
    0.0,
    0.0,
    0.0
  ],
  "Cuiabá / MT": [
    0.0,
    0.0,
    0.0,
    0.0,
    0.0,
    0.0,
    0.0,
    0.0,
    0.0,
    0.0,
    1e-05,
    0.00011,
    0.00113,
    0.00884,
    0.10372,
    0.16879,
    0.25316,
    0.32916,
    0.1324,
    0.00268
  ],
  "São Paulo / SP": [
    0.0,
    0.0,
    8e-05,
    0.00643,
    0.04936,
    0.16518,
    0.24675,
    0.22888,
    0.14476,
    0.08426,
    0.04302,
    0.02096,
    0.00846,
    0.00185,
    1e-05,
    0.0,
    0.0,
    0.0,
    0.0,
    0.0
  ],
  "Athletico Paranaense / PR": [
    0.0,
    0.00017,
    0.00155,
    0.01853,
    0.10558,
    0.39228,
    0.27009,
    0.12711,
    0.05519,
    0.02149,
    0.00675,
    0.00114,
    0.00012,
    0.0,
    0.0,
    0.0,
    0.0,
    0.0,
    0.0,
    0.0
  ],
  "Avaí / SC": [
    0.0,
    0.0,
    0.0,
    0.0,
    0.0,
    0.0,
    0.0,
    0.0,
    0.0,
    0.0,
    0.0,
    0.0,
    0.0,
    0.00019,
    0.00521,
    0.02131,
    0.06186,
    0.15671,
    0.68208,
    0.07264
  ],
  "América / MG": [
    0.0,
    0.0,
    0.0,
    8e-05,
    0.00333,
    0.03036,
    0.07961,
    0.16135,
    0.21158,
    0.18119,
    0.1389,
    0.09863,
    0.06321,
    0.02947,
    0.00216,
    0.00013,
    0.0,
    0.0,
    0.0,
    0.0
  ],
  "Juventude / RS": [
    0.0,
    0.0,
    0.0,
    0.0,
    0.0,
    0.0,
    0.0,
    0.0,
    0.0,
    0.0,
    0.0,
    0.0,
    0.0,
    0.0,
    0.0,
    5e-05,
    0.00033,
    0.00356,
    0.07333,
    0.92273
  ],
  "Red Bull Bragantino / SP": [
    0.0,
    0.0,
    0.0,
    0.0,
    5e-05,
    0.00059,
    0.00308,
    0.01367,
    0.03425,
    0.05906,
    0.09694,
    0.14241,
    0.2135,
    0.33754,
    0.07811,
    0.01793,
    0.00272,
    0.00015,
    0.0,
    0.0
  ]
}