{
  "Burnley": [
    0.0,
    0.0,
    0.0,
    0.0,
    0.0,
    0.0,
    0.0,
    4e-05,
    0.00036,
    0.00078,
    0.00174,
    0.00346,
    0.00706,
    0.01363,
    0.0269,
    0.05518,
    0.11637,
    0.21971,
    0.33482,
    0.21995
  ],
  "Man City": [
    0.16626,
    0.19364,
    0.18217,
    0.16464,
    0.13969,
    0.10259,
    0.03888,
    0.00877,
    0.00231,
    0.00074,
    0.00019,
    0.00011,
    1e-05,
    0.0,
    0.0,
    0.0,
    0.0,
    0.0,
    0.0,
    0.0
  ],
  "Arsenal": [
    0.10856,
    0.14848,
    0.16551,
    0.17491,
    0.17063,
    0.14774,
    0.06193,
    0.01569,
    0.00445,
    0.00152,
    0.00042,
    0.00011,
    4e-05,
    1e-05,
    0.0,
    0.0,
    0.0,
    0.0,
    0.0,
    0.0
  ],
  "Nott'm Forest": [
    0.0,
    0.0,
    0.0,
    2e-05,
    6e-05,
    0.00053,
    0.00422,
    0.01486,
    0.02797,
    0.044,
    0.06298,
    0.08592,
    0.10982,
    0.13785,
    0.14766,
    0.14989,
    0.11689,
    0.06613,
    0.02587,
    0.00533
  ],
  "Bournemouth": [
    0.0,
    0.0,
    0.0,
    0.0,
    0.0,
    0.0,
    9e-05,
    0.00082,
    0.00274,
    0.00582,
    0.011,
    0.01959,
    0.03512,
    0.05869,
    0.09034,
    0.14407,
    0.22966,
    0.21305,
    0.13961,
    0.0494
  ],
  "West Ham": [
    5e-05,
    0.00021,
    0.00062,
    0.00288,
    0.00781,
    0.0264,
    0.09731,
    0.18686,
    0.17,
    0.14416,
    0.11401,
    0.08841,
    0.06547,
    0.04404,
    0.02782,
    0.01553,
    0.00618,
    0.00194,
    0.00029,
    1e-05
  ],
  "Brighton": [
    0.00309,
    0.00968,
    0.02089,
    0.0421,
    0.07956,
    0.16287,
    0.34079,
    0.16108,
    0.08323,
    0.04495,
    0.02416,
    0.01337,
    0.00802,
    0.00371,
    0.00174,
    0.00059,
    0.00013,
    4e-05,
    0.0,
    0.0
  ],
  "Luton": [
    0.0,
    0.0,
    0.0,
    0.0,
    0.0,
    0.0,
    5e-05,
    0.00029,
    0.00083,
    0.00183,
    0.00442,
    0.00862,
    0.01537,
    0.03108,
    0.05781,
    0.10314,
    0.18588,
    0.26751,
    0.22371,
    0.09946
  ],
  "Everton": [
    0.0,
    0.0,
    0.0,
    4e-05,
    0.00013,
    0.00096,
    0.00671,
    0.02115,
    0.03744,
    0.05549,
    0.07701,
    0.09572,
    0.12249,
    0.14065,
    0.14984,
    0.13429,
    0.09258,
    0.04605,
    0.01675,
    0.0027
  ],
  "Fulham": [
    0.0,
    0.0,
    1e-05,
    7e-05,
    0.00019,
    0.00119,
    0.00765,
    0.02523,
    0.04265,
    0.06096,
    0.08251,
    0.10559,
    0.12254,
    0.13755,
    0.1428,
    0.13414,
    0.07985,
    0.0379,
    0.01619,
    0.00298
  ],
  "Sheffield United": [
    0.0,
    0.0,
    0.0,
    0.0,
    0.0,
    0.0,
    0.0,
    0.0,
    0.0,
    4e-05,
    0.00011,
    0.00028,
    0.00073,
    0.0018,
    0.00486,
    0.0129,
    0.03733,
    0.09606,
    0.22782,
    0.61807
  ],
  "Crystal Palace": [
    0.0,
    0.0,
    5e-05,
    0.00019,
    0.0006,
    0.00285,
    0.01664,
    0.04815,
    0.07418,
    0.09681,
    0.11422,
    0.12553,
    0.12473,
    0.11826,
    0.108,
    0.08506,
    0.05291,
    0.02324,
    0.00739,
    0.00119
  ],
  "Newcastle": [
    0.08091,
    0.13166,
    0.16236,
    0.17634,
    0.18132,
    0.168,
    0.0722,
    0.01821,
    0.00626,
    0.00176,
    0.00058,
    0.00023,
    0.00011,
    4e-05,
    1e-05,
    0.0,
    1e-05,
    0.0,
    0.0,
    0.0
  ],
  "Aston Villa": [
    0.11001,
    0.16028,
    0.17282,
    0.17284,
    0.16789,
    0.13745,
    0.05837,
    0.01441,
    0.00391,
    0.00136,
    0.00041,
    0.00019,
    2e-05,
    3e-05,
    1e-05,
    0.0,
    0.0,
    0.0,
    0.0,
    0.0
  ],
  "Brentford": [
    6e-05,
    0.00025,
    0.00066,
    0.002,
    0.00577,
    0.01919,
    0.07304,
    0.15014,
    0.16095,
    0.14483,
    0.12417,
    0.10001,
    0.07651,
    0.05677,
    0.04134,
    0.02702,
    0.01205,
    0.004,
    0.00105,
    0.00019
  ],
  "Tottenham": [
    0.08218,
    0.13195,
    0.15409,
    0.17065,
    0.18049,
    0.16731,
    0.08117,
    0.02231,
    0.00655,
    0.00208,
    0.00078,
    0.00032,
    7e-05,
    3e-05,
    2e-05,
    0.0,
    0.0,
    0.0,
    0.0,
    0.0
  ],
  "Chelsea": [
    5e-05,
    0.00018,
    0.00054,
    0.00174,
    0.00565,
    0.01949,
    0.0663,
    0.14305,
    0.1568,
    0.14361,
    0.12121,
    0.09983,
    0.08064,
    0.06214,
    0.04765,
    0.03047,
    0.01493,
    0.00457,
    0.001,
    0.00015
  ],
  "Liverpool": [
    0.44882,
    0.22364,
    0.14011,
    0.09072,
    0.05669,
    0.02969,
    0.00869,
    0.00133,
    0.00025,
    5e-05,
    1e-05,
    0.0,
    0.0,
    0.0,
    0.0,
    0.0,
    0.0,
    0.0,
    0.0,
    0.0
  ],
  "Man United": [
    1e-05,
    1e-05,
    5e-05,
    0.00024,
    0.00097,
    0.00394,
    0.02251,
    0.06418,
    0.09226,
    0.11341,
    0.12761,
    0.13206,
    0.12935,
    0.11103,
    0.09002,
    0.06292,
    0.03377,
    0.01225,
    0.00312,
    0.00029
  ],
  "Wolves": [
    0.0,
    2e-05,
    0.00012,
    0.00062,
    0.00255,
    0.0098,
    0.04345,
    0.10343,
    0.12686,
    0.1358,
    0.13246,
    0.12065,
    0.1019,
    0.08269,
    0.06318,
    0.0448,
    0.02146,
    0.00755,
    0.00238,
    0.00028
  ]
}