{
  "Nice": [
    0.0,
    0.00742,
    0.04135,
    0.12934,
    0.24178,
    0.25312,
    0.1663,
    0.09935,
    0.04672,
    0.01295,
    0.00155,
    0.00012,
    0.0,
    0.0,
    0.0,
    0.0,
    0.0,
    0.0
  ],
  "Lille": [
    1e-05,
    0.11801,
    0.25135,
    0.3386,
    0.17082,
    0.08227,
    0.02856,
    0.00843,
    0.00159,
    0.00033,
    3e-05,
    0.0,
    0.0,
    0.0,
    0.0,
    0.0,
    0.0,
    0.0
  ],
  "Marseille": [
    0.0,
    0.00042,
    0.00543,
    0.02901,
    0.08922,
    0.14551,
    0.21529,
    0.24209,
    0.1853,
    0.05943,
    0.0198,
    0.00674,
    0.00147,
    0.00027,
    2e-05,
    0.0,
    0.0,
    0.0
  ],
  "Reims": [
    0.0,
    0.00024,
    0.00245,
    0.01197,
    0.04858,
    0.09733,
    0.16737,
    0.22845,
    0.29691,
    0.09722,
    0.03471,
    0.01189,
    0.00265,
    0.00022,
    1e-05,
    0.0,
    0.0,
    0.0
  ],
  "Paris SG": [
    0.99939,
    0.0006,
    1e-05,
    0.0,
    0.0,
    0.0,
    0.0,
    0.0,
    0.0,
    0.0,
    0.0,
    0.0,
    0.0,
    0.0,
    0.0,
    0.0,
    0.0,
    0.0
  ],
  "Lorient": [
    0.0,
    0.0,
    0.0,
    0.0,
    0.0,
    0.0,
    0.0,
    6e-05,
    0.00049,
    0.00413,
    0.01304,
    0.03172,
    0.07343,
    0.1516,
    0.25479,
    0.32593,
    0.11993,
    0.02488
  ],
  "Brest": [
    0.00043,
    0.5436,
    0.29273,
    0.11985,
    0.03238,
    0.00876,
    0.00194,
    0.00031,
    0.0,
    0.0,
    0.0,
    0.0,
    0.0,
    0.0,
    0.0,
    0.0,
    0.0,
    0.0
  ],
  "Lens": [
    0.0,
    0.00751,
    0.04134,
    0.13126,
    0.27079,
    0.24392,
    0.15973,
    0.09855,
    0.03842,
    0.00726,
    0.00106,
    0.00015,
    1e-05,
    0.0,
    0.0,
    0.0,
    0.0,
    0.0
  ],
  "Clermont": [
    0.0,
    0.0,
    0.0,
    0.0,
    0.0,
    0.0,
    0.0,
    0.0,
    0.0,
    0.0,
    3e-05,
    0.00013,
    0.00055,
    0.00286,
    0.01141,
    0.04016,
    0.18135,
    0.76351
  ],
  "Monaco": [
    0.00017,
    0.32147,
    0.36064,
    0.21877,
    0.06955,
    0.02222,
    0.00575,
    0.00126,
    0.00017,
    0.0,
    0.0,
    0.0,
    0.0,
    0.0,
    0.0,
    0.0,
    0.0,
    0.0
  ],
  "Montpellier": [
    0.0,
    0.0,
    0.0,
    0.0,
    3e-05,
    0.00021,
    0.00144,
    0.00574,
    0.02473,
    0.09231,
    0.16543,
    0.23038,
    0.23155,
    0.14148,
    0.07285,
    0.03001,
    0.00362,
    0.00022
  ],
  "Le Havre": [
    0.0,
    0.0,
    0.0,
    0.0,
    0.0,
    2e-05,
    6e-05,
    0.00013,
    0.00126,
    0.00943,
    0.02968,
    0.06125,
    0.12642,
    0.23466,
    0.2491,
    0.21081,
    0.06981,
    0.00737
  ],
  "Nantes": [
    0.0,
    0.0,
    0.0,
    0.0,
    0.0,
    0.0,
    5e-05,
    0.00032,
    0.00235,
    0.0137,
    0.03449,
    0.06877,
    0.12732,
    0.21887,
    0.25858,
    0.22294,
    0.04893,
    0.00368
  ],
  "Toulouse": [
    0.0,
    0.0,
    0.0,
    1e-05,
    0.00016,
    0.00082,
    0.00426,
    0.01491,
    0.04663,
    0.12687,
    0.17738,
    0.20202,
    0.20645,
    0.13218,
    0.06411,
    0.02282,
    0.00137,
    1e-05
  ],
  "Rennes": [
    0.0,
    0.00073,
    0.00469,
    0.02095,
    0.07455,
    0.13913,
    0.22716,
    0.23799,
    0.18195,
    0.07452,
    0.02732,
    0.00874,
    0.002,
    0.00025,
    2e-05,
    0.0,
    0.0,
    0.0
  ],
  "Metz": [
    0.0,
    0.0,
    0.0,
    0.0,
    0.0,
    0.0,
    0.0,
    0.0,
    0.0,
    0.00013,
    0.00058,
    0.00171,
    0.00559,
    0.01964,
    0.05726,
    0.1405,
    0.57426,
    0.20033
  ],
  "Strasbourg": [
    0.0,
    0.0,
    0.0,
    3e-05,
    0.00025,
    0.0013,
    0.00544,
    0.01877,
    0.05671,
    0.16031,
    0.25681,
    0.23632,
    0.1541,
    0.07573,
    0.027,
    0.00651,
    0.00072,
    0.0
  ],
  "Lyon": [
    0.0,
    0.0,
    1e-05,
    0.00021,
    0.00189,
    0.00539,
    0.01665,
    0.04364,
    0.11677,
    0.34141,
    0.23809,
    0.14006,
    0.06846,
    0.02224,
    0.00485,
    0.00032,
    1e-05,
    0.0
  ]
}