{
  "Nice": [
    7e-05,
    0.06677,
    0.1947,
    0.24829,
    0.21212,
    0.14439,
    0.08288,
    0.03813,
    0.01142,
    0.00111,
    0.00012,
    0.0,
    0.0,
    0.0,
    0.0,
    0.0,
    0.0,
    0.0
  ],
  "Lille": [
    1e-05,
    0.07046,
    0.17724,
    0.21037,
    0.21045,
    0.15988,
    0.1021,
    0.05049,
    0.01705,
    0.00167,
    0.00021,
    6e-05,
    1e-05,
    0.0,
    0.0,
    0.0,
    0.0,
    0.0
  ],
  "Marseille": [
    0.0,
    0.00168,
    0.0106,
    0.03032,
    0.06484,
    0.1199,
    0.19312,
    0.27961,
    0.21787,
    0.05553,
    0.01753,
    0.00583,
    0.00218,
    0.00076,
    0.00021,
    2e-05,
    0.0,
    0.0
  ],
  "Reims": [
    0.0,
    0.0005,
    0.00415,
    0.01224,
    0.02892,
    0.06386,
    0.12715,
    0.2348,
    0.3668,
    0.1043,
    0.0358,
    0.01389,
    0.00534,
    0.0018,
    0.00043,
    2e-05,
    0.0,
    0.0
  ],
  "Paris SG": [
    0.99809,
    0.00188,
    3e-05,
    0.0,
    0.0,
    0.0,
    0.0,
    0.0,
    0.0,
    0.0,
    0.0,
    0.0,
    0.0,
    0.0,
    0.0,
    0.0,
    0.0,
    0.0
  ],
  "Lorient": [
    0.0,
    0.0,
    0.0,
    0.0,
    0.0,
    0.0,
    3e-05,
    0.00016,
    0.00184,
    0.01381,
    0.02808,
    0.04438,
    0.07197,
    0.12688,
    0.2007,
    0.34966,
    0.13167,
    0.03082
  ],
  "Brest": [
    0.00162,
    0.64684,
    0.20405,
    0.08736,
    0.03741,
    0.01576,
    0.00526,
    0.00146,
    0.00023,
    1e-05,
    0.0,
    0.0,
    0.0,
    0.0,
    0.0,
    0.0,
    0.0,
    0.0
  ],
  "Lens": [
    0.0,
    0.01393,
    0.05315,
    0.10467,
    0.16054,
    0.21054,
    0.21291,
    0.15572,
    0.07309,
    0.01197,
    0.00277,
    0.0006,
    0.00011,
    0.0,
    0.0,
    0.0,
    0.0,
    0.0
  ],
  "Clermont": [
    0.0,
    0.0,
    0.0,
    0.0,
    0.0,
    0.0,
    0.0,
    0.0,
    0.0,
    0.00027,
    0.00085,
    0.00194,
    0.00482,
    0.01114,
    0.02871,
    0.09555,
    0.36845,
    0.48827
  ],
  "Monaco": [
    0.00021,
    0.18572,
    0.30992,
    0.21815,
    0.14487,
    0.08219,
    0.04,
    0.01473,
    0.00382,
    0.00037,
    2e-05,
    0.0,
    0.0,
    0.0,
    0.0,
    0.0,
    0.0,
    0.0
  ],
  "Montpellier": [
    0.0,
    0.0,
    0.0,
    0.0,
    2e-05,
    0.00014,
    0.0006,
    0.004,
    0.02001,
    0.08371,
    0.13064,
    0.15397,
    0.16246,
    0.16143,
    0.14714,
    0.10981,
    0.0231,
    0.00297
  ],
  "Le Havre": [
    0.0,
    0.0,
    0.0,
    0.0,
    1e-05,
    0.0001,
    0.00092,
    0.00511,
    0.0228,
    0.09932,
    0.1369,
    0.15617,
    0.16229,
    0.15958,
    0.14603,
    0.09038,
    0.01826,
    0.00213
  ],
  "Nantes": [
    0.0,
    0.0,
    1e-05,
    0.0,
    2e-05,
    0.00018,
    0.00083,
    0.0042,
    0.01956,
    0.07723,
    0.11289,
    0.1327,
    0.15097,
    0.16969,
    0.18187,
    0.12537,
    0.02246,
    0.00202
  ],
  "Toulouse": [
    0.0,
    0.0,
    0.0,
    5e-05,
    0.00017,
    0.00072,
    0.00338,
    0.01622,
    0.06106,
    0.18213,
    0.16719,
    0.15535,
    0.14026,
    0.11916,
    0.09351,
    0.05382,
    0.00661,
    0.00037
  ],
  "Rennes": [
    0.0,
    0.01222,
    0.04614,
    0.08844,
    0.14019,
    0.2009,
    0.22507,
    0.17102,
    0.09122,
    0.01831,
    0.00453,
    0.00142,
    0.00036,
    0.00012,
    4e-05,
    2e-05,
    0.0,
    0.0
  ],
  "Metz": [
    0.0,
    0.0,
    0.0,
    0.0,
    0.0,
    0.0,
    0.0,
    0.0,
    1e-05,
    0.00017,
    0.00056,
    0.00124,
    0.00314,
    0.00804,
    0.02127,
    0.08046,
    0.41343,
    0.47168
  ],
  "Strasbourg": [
    0.0,
    0.0,
    0.0,
    2e-05,
    7e-05,
    0.00024,
    0.00126,
    0.0064,
    0.02737,
    0.10203,
    0.15168,
    0.17004,
    0.16797,
    0.15566,
    0.12847,
    0.07423,
    0.0131,
    0.00146
  ],
  "Lyon": [
    0.0,
    0.0,
    1e-05,
    9e-05,
    0.00037,
    0.0012,
    0.00449,
    0.01795,
    0.06585,
    0.24806,
    0.21023,
    0.16241,
    0.12812,
    0.08574,
    0.05162,
    0.02066,
    0.00292,
    0.00028
  ]
}