{
  "Brentford": [
    0.0,
    0.0,
    0.0,
    0.0,
    0.0,
    0.0,
    0.0,
    0.00026,
    0.0051,
    0.05784,
    0.12545,
    0.20124,
    0.19035,
    0.19181,
    0.1456,
    0.06419,
    0.01661,
    0.00155,
    0.0,
    0.0
  ],
  "Arsenal": [
    0.0,
    0.0,
    0.01947,
    0.49868,
    0.34745,
    0.0969,
    0.03232,
    0.00472,
    0.00045,
    1e-05,
    0.0,
    0.0,
    0.0,
    0.0,
    0.0,
    0.0,
    0.0,
    0.0,
    0.0,
    0.0
  ],
  "Man United": [
    0.0,
    0.0,
    0.00026,
    0.0363,
    0.13927,
    0.44198,
    0.26704,
    0.09066,
    0.02302,
    0.00144,
    3e-05,
    0.0,
    0.0,
    0.0,
    0.0,
    0.0,
    0.0,
    0.0,
    0.0,
    0.0
  ],
  "Leeds": [
    0.0,
    0.0,
    0.0,
    0.0,
    0.0,
    0.0,
    0.0,
    0.0,
    5e-05,
    0.00142,
    0.00559,
    0.01349,
    0.0327,
    0.07771,
    0.17377,
    0.39932,
    0.23179,
    0.06324,
    0.0009,
    2e-05
  ],
  "Burnley": [
    0.0,
    0.0,
    0.0,
    0.0,
    0.0,
    0.0,
    0.0,
    0.0,
    0.0,
    4e-05,
    0.00034,
    0.00147,
    0.00421,
    0.01103,
    0.02952,
    0.08268,
    0.20648,
    0.49783,
    0.13805,
    0.02835
  ],
  "Brighton": [
    0.0,
    0.0,
    0.0,
    0.0,
    0.0,
    5e-05,
    0.00077,
    0.00838,
    0.04733,
    0.22547,
    0.31148,
    0.19828,
    0.12312,
    0.06178,
    0.02,
    0.00318,
    0.00016,
    0.0,
    0.0,
    0.0
  ],
  "Chelsea": [
    5e-05,
    0.00764,
    0.96697,
    0.02336,
    0.00188,
    0.0001,
    0.0,
    0.0,
    0.0,
    0.0,
    0.0,
    0.0,
    0.0,
    0.0,
    0.0,
    0.0,
    0.0,
    0.0,
    0.0,
    0.0
  ],
  "Crystal Palace": [
    0.0,
    0.0,
    0.0,
    0.0,
    0.0,
    0.00042,
    0.00318,
    0.02008,
    0.1016,
    0.39539,
    0.22056,
    0.12321,
    0.07153,
    0.03994,
    0.01856,
    0.00498,
    0.00055,
    0.0,
    0.0,
    0.0
  ],
  "Everton": [
    0.0,
    0.0,
    0.0,
    0.0,
    0.0,
    0.0,
    0.0,
    0.0,
    4e-05,
    0.00019,
    0.00088,
    0.0023,
    0.00871,
    0.02371,
    0.05932,
    0.18145,
    0.43343,
    0.2546,
    0.03278,
    0.00259
  ],
  "Southampton": [
    0.0,
    0.0,
    0.0,
    0.0,
    0.0,
    0.0,
    5e-05,
    0.00093,
    0.01257,
    0.09237,
    0.146,
    0.20327,
    0.1769,
    0.16887,
    0.13637,
    0.05085,
    0.01064,
    0.00118,
    0.0,
    0.0
  ],
  "Leicester": [
    0.0,
    0.0,
    0.0,
    0.00066,
    0.0065,
    0.03836,
    0.10794,
    0.23748,
    0.44669,
    0.10962,
    0.03682,
    0.01178,
    0.00303,
    0.00083,
    0.00029,
    0.0,
    0.0,
    0.0,
    0.0,
    0.0
  ],
  "Wolves": [
    0.0,
    0.0,
    0.0,
    0.0002,
    0.00354,
    0.04609,
    0.16499,
    0.44863,
    0.29033,
    0.04068,
    0.0053,
    0.00024,
    0.0,
    0.0,
    0.0,
    0.0,
    0.0,
    0.0,
    0.0,
    0.0
  ],
  "Watford": [
    0.0,
    0.0,
    0.0,
    0.0,
    0.0,
    0.0,
    0.0,
    0.0,
    0.0,
    0.0,
    0.0,
    0.0,
    0.0,
    1e-05,
    0.00025,
    0.00281,
    0.02519,
    0.12655,
    0.52178,
    0.32341
  ],
  "Aston Villa": [
    0.0,
    0.0,
    0.0,
    0.0,
    0.0,
    0.0,
    2e-05,
    0.00058,
    0.0103,
    0.05846,
    0.11361,
    0.18079,
    0.26516,
    0.20273,
    0.11989,
    0.03877,
    0.00858,
    0.00111,
    0.0,
    0.0
  ],
  "Norwich": [
    0.0,
    0.0,
    0.0,
    0.0,
    0.0,
    0.0,
    0.0,
    0.0,
    0.0,
    0.0,
    0.0,
    0.0,
    0.0,
    0.0,
    0.00013,
    0.0006,
    0.00645,
    0.04087,
    0.30632,
    0.64563
  ],
  "Liverpool": [
    0.21424,
    0.77853,
    0.00723,
    0.0,
    0.0,
    0.0,
    0.0,
    0.0,
    0.0,
    0.0,
    0.0,
    0.0,
    0.0,
    0.0,
    0.0,
    0.0,
    0.0,
    0.0,
    0.0,
    0.0
  ],
  "Newcastle": [
    0.0,
    0.0,
    0.0,
    0.0,
    0.0,
    0.0,
    0.0,
    3e-05,
    0.00172,
    0.01382,
    0.0338,
    0.06393,
    0.12429,
    0.22158,
    0.2963,
    0.17117,
    0.06012,
    0.01307,
    0.00017,
    0.0
  ],
  "West Ham": [
    0.0,
    0.0,
    0.0,
    0.00905,
    0.05851,
    0.27765,
    0.40511,
    0.18576,
    0.06053,
    0.00325,
    0.00014,
    0.0,
    0.0,
    0.0,
    0.0,
    0.0,
    0.0,
    0.0,
    0.0,
    0.0
  ],
  "Tottenham": [
    0.0,
    0.0,
    0.00561,
    0.43175,
    0.44285,
    0.09845,
    0.01858,
    0.00249,
    0.00027,
    0.0,
    0.0,
    0.0,
    0.0,
    0.0,
    0.0,
    0.0,
    0.0,
    0.0,
    0.0,
    0.0
  ],
  "Man City": [
    0.78571,
    0.21383,
    0.00046,
    0.0,
    0.0,
    0.0,
    0.0,
    0.0,
    0.0,
    0.0,
    0.0,
    0.0,
    0.0,
    0.0,
    0.0,
    0.0,
    0.0,
    0.0,
    0.0,
    0.0
  ]
}