{
  "Lyon": [
    0.0,
    0.00075,
    0.0046,
    0.01718,
    0.04444,
    0.07803,
    0.11609,
    0.15328,
    0.17617,
    0.1871,
    0.12275,
    0.06391,
    0.02535,
    0.00835,
    0.00174,
    0.00021,
    5e-05,
    0.0,
    0.0,
    0.0
  ],
  "Ajaccio": [
    0.0,
    0.0,
    0.0,
    0.0,
    0.0,
    0.0,
    0.0,
    0.0,
    8e-05,
    0.00084,
    0.00353,
    0.01165,
    0.0306,
    0.06316,
    0.11019,
    0.14945,
    0.185,
    0.20938,
    0.21096,
    0.02516
  ],
  "Strasbourg": [
    0.0,
    0.0,
    0.0,
    0.0,
    0.0,
    0.0,
    0.0,
    2e-05,
    0.00019,
    0.00082,
    0.00312,
    0.00996,
    0.0285,
    0.06484,
    0.11392,
    0.15761,
    0.19064,
    0.20531,
    0.20178,
    0.02329
  ],
  "Monaco": [
    0.01929,
    0.17524,
    0.29343,
    0.25519,
    0.13789,
    0.06971,
    0.03085,
    0.01267,
    0.00452,
    0.00108,
    0.0001,
    3e-05,
    0.0,
    0.0,
    0.0,
    0.0,
    0.0,
    0.0,
    0.0,
    0.0
  ],
  "Clermont": [
    0.0,
    1e-05,
    8e-05,
    0.00057,
    0.00319,
    0.00947,
    0.02413,
    0.04753,
    0.09014,
    0.16188,
    0.22995,
    0.20101,
    0.12766,
    0.06468,
    0.02637,
    0.00962,
    0.00277,
    0.00082,
    0.00012,
    0.0
  ],
  "Paris SG": [
    0.8757,
    0.10277,
    0.01823,
    0.00292,
    0.00036,
    1e-05,
    1e-05,
    0.0,
    0.0,
    0.0,
    0.0,
    0.0,
    0.0,
    0.0,
    0.0,
    0.0,
    0.0,
    0.0,
    0.0,
    0.0
  ],
  "Toulouse": [
    0.0,
    0.0,
    1e-05,
    0.00011,
    0.00063,
    0.00243,
    0.00665,
    0.01682,
    0.03876,
    0.08677,
    0.19143,
    0.23318,
    0.18878,
    0.1233,
    0.06544,
    0.02911,
    0.01215,
    0.00375,
    0.00068,
    0.0
  ],
  "Nice": [
    8e-05,
    0.00263,
    0.01365,
    0.04232,
    0.09897,
    0.14897,
    0.18746,
    0.1859,
    0.15969,
    0.10145,
    0.04059,
    0.01392,
    0.0037,
    0.00062,
    5e-05,
    0.0,
    0.0,
    0.0,
    0.0,
    0.0
  ],
  "Angers": [
    0.0,
    0.0,
    0.0,
    0.0,
    0.0,
    0.0,
    0.0,
    0.0,
    0.0,
    0.0,
    0.0,
    0.0,
    5e-05,
    0.00011,
    0.00063,
    0.00239,
    0.00731,
    0.02329,
    0.08626,
    0.87996
  ],
  "Nantes": [
    0.0,
    0.0,
    0.0,
    1e-05,
    9e-05,
    0.0004,
    0.00139,
    0.00406,
    0.01066,
    0.02698,
    0.06869,
    0.13232,
    0.19528,
    0.20905,
    0.15235,
    0.09725,
    0.05777,
    0.03094,
    0.01221,
    0.00055
  ],
  "Lens": [
    0.0229,
    0.18759,
    0.27911,
    0.25846,
    0.13768,
    0.06827,
    0.02976,
    0.01144,
    0.00381,
    0.00076,
    0.00021,
    1e-05,
    0.0,
    0.0,
    0.0,
    0.0,
    0.0,
    0.0,
    0.0,
    0.0
  ],
  "Brest": [
    0.0,
    0.0,
    0.0,
    0.0,
    0.0,
    0.0,
    2e-05,
    0.0001,
    0.00052,
    0.00252,
    0.01405,
    0.03877,
    0.07611,
    0.1305,
    0.18171,
    0.18386,
    0.15867,
    0.12543,
    0.0812,
    0.00654
  ],
  "Lille": [
    0.00048,
    0.01672,
    0.05323,
    0.11419,
    0.19265,
    0.21056,
    0.1671,
    0.11373,
    0.07919,
    0.03835,
    0.01091,
    0.00251,
    0.00036,
    2e-05,
    0.0,
    0.0,
    0.0,
    0.0,
    0.0,
    0.0
  ],
  "Auxerre": [
    0.0,
    0.0,
    0.0,
    0.0,
    0.0,
    0.0,
    1e-05,
    4e-05,
    0.00014,
    0.00129,
    0.00836,
    0.02397,
    0.05382,
    0.099,
    0.15076,
    0.17999,
    0.18079,
    0.16285,
    0.12661,
    0.01237
  ],
  "Montpellier": [
    0.0,
    0.0,
    0.0,
    1e-05,
    0.00021,
    0.00069,
    0.00254,
    0.00659,
    0.01883,
    0.04518,
    0.11027,
    0.1781,
    0.22558,
    0.18876,
    0.11553,
    0.06348,
    0.02978,
    0.01181,
    0.00258,
    6e-05
  ],
  "Troyes": [
    0.0,
    0.0,
    0.0,
    0.0,
    0.0,
    0.0,
    0.0,
    1e-05,
    3e-05,
    0.00019,
    0.00115,
    0.00508,
    0.01587,
    0.03991,
    0.07984,
    0.1268,
    0.17503,
    0.22642,
    0.2776,
    0.05207
  ],
  "Rennes": [
    0.00151,
    0.02278,
    0.06978,
    0.1403,
    0.21964,
    0.19789,
    0.14762,
    0.09803,
    0.06269,
    0.02936,
    0.00864,
    0.0016,
    0.00014,
    2e-05,
    0.0,
    0.0,
    0.0,
    0.0,
    0.0,
    0.0
  ],
  "Lorient": [
    4e-05,
    0.0012,
    0.00761,
    0.02391,
    0.05663,
    0.09698,
    0.13663,
    0.17,
    0.17966,
    0.16492,
    0.09755,
    0.04476,
    0.01547,
    0.00377,
    0.00076,
    0.0001,
    1e-05,
    0.0,
    0.0,
    0.0
  ],
  "Marseille": [
    0.07999,
    0.48857,
    0.25101,
    0.11821,
    0.04264,
    0.01427,
    0.00407,
    0.00109,
    0.00015,
    0.0,
    0.0,
    0.0,
    0.0,
    0.0,
    0.0,
    0.0,
    0.0,
    0.0,
    0.0,
    0.0
  ],
  "Reims": [
    1e-05,
    0.00174,
    0.00926,
    0.02662,
    0.06498,
    0.10232,
    0.14567,
    0.17869,
    0.17477,
    0.15051,
    0.0887,
    0.03922,
    0.01273,
    0.00391,
    0.00071,
    0.00013,
    3e-05,
    0.0,
    0.0,
    0.0
  ]
}