{
  "Internacional / RS": [
    0.02312,
    0.04094,
    0.05586,
    0.07027,
    0.08118,
    0.08991,
    0.09626,
    0.10071,
    0.10213,
    0.09982,
    0.08528,
    0.06838,
    0.04414,
    0.02341,
    0.01146,
    0.00491,
    0.00159,
    0.00047,
    0.00016,
    0.0
  ],
  "Bahia / BA": [
    0.05142,
    0.0803,
    0.09784,
    0.1091,
    0.11023,
    0.10826,
    0.10318,
    0.0919,
    0.08085,
    0.06607,
    0.04834,
    0.02951,
    0.01396,
    0.00591,
    0.0021,
    0.00085,
    0.00016,
    2e-05,
    0.0,
    0.0
  ],
  "Criciúma / SC": [
    0.34141,
    0.20821,
    0.13874,
    0.09511,
    0.06867,
    0.05008,
    0.03547,
    0.02529,
    0.01648,
    0.01064,
    0.0057,
    0.00282,
    0.00091,
    0.00038,
    6e-05,
    3e-05,
    0.0,
    0.0,
    0.0,
    0.0
  ],
  "Juventude / RS": [
    0.00719,
    0.01664,
    0.02773,
    0.03853,
    0.05214,
    0.0636,
    0.07813,
    0.0922,
    0.10923,
    0.12248,
    0.12645,
    0.10869,
    0.07198,
    0.04235,
    0.02462,
    0.01145,
    0.00469,
    0.00152,
    0.00038,
    0.0
  ],
  "Fluminense / RJ": [
    2e-05,
    5e-05,
    0.00015,
    0.00055,
    0.00079,
    0.00153,
    0.00323,
    0.00592,
    0.01091,
    0.02029,
    0.03677,
    0.06679,
    0.11443,
    0.15863,
    0.16905,
    0.16583,
    0.12724,
    0.07874,
    0.03895,
    0.00013
  ],
  "Red Bull Bragantino / SP": [
    0.00191,
    0.0056,
    0.01079,
    0.0173,
    0.02695,
    0.03853,
    0.05179,
    0.06986,
    0.09321,
    0.11906,
    0.14527,
    0.16346,
    0.12021,
    0.06996,
    0.03728,
    0.01829,
    0.00765,
    0.0022,
    0.00068,
    0.0
  ],
  "São Paulo / SP": [
    0.01583,
    0.02986,
    0.04354,
    0.0577,
    0.06999,
    0.08058,
    0.09243,
    0.10394,
    0.10916,
    0.10914,
    0.10811,
    0.08819,
    0.0475,
    0.02531,
    0.01173,
    0.00485,
    0.00165,
    0.00042,
    7e-05,
    0.0
  ],
  "Fortaleza / CE": [
    0.01628,
    0.03186,
    0.0495,
    0.06338,
    0.07825,
    0.09072,
    0.10306,
    0.1095,
    0.11447,
    0.10626,
    0.09526,
    0.0696,
    0.03913,
    0.02038,
    0.00824,
    0.00295,
    0.00093,
    0.0002,
    3e-05,
    0.0
  ],
  "Vasco da Gama / RJ": [
    0.0,
    0.0,
    1e-05,
    0.0,
    1e-05,
    2e-05,
    7e-05,
    0.00015,
    0.0003,
    0.00089,
    0.00211,
    0.00529,
    0.01427,
    0.03614,
    0.06813,
    0.11516,
    0.19965,
    0.26284,
    0.29146,
    0.0035
  ],
  "Grêmio / RS": [
    0.00023,
    0.00081,
    0.00132,
    0.003,
    0.00521,
    0.0088,
    0.01363,
    0.02231,
    0.0325,
    0.05245,
    0.079,
    0.12119,
    0.17628,
    0.16059,
    0.13028,
    0.09886,
    0.0575,
    0.02668,
    0.00936,
    0.0
  ],
  "Corinthians / SP": [
    0.0,
    3e-05,
    0.0001,
    0.00026,
    0.00066,
    0.00138,
    0.00331,
    0.00585,
    0.01084,
    0.02155,
    0.04125,
    0.07626,
    0.13117,
    0.18195,
    0.19087,
    0.15728,
    0.10309,
    0.05438,
    0.01975,
    2e-05
  ],
  "Atlético Mineiro / MG": [
    0.10949,
    0.13895,
    0.13992,
    0.12863,
    0.1122,
    0.09625,
    0.07999,
    0.06447,
    0.04891,
    0.036,
    0.02392,
    0.01337,
    0.00528,
    0.00175,
    0.00069,
    0.00014,
    4e-05,
    0.0,
    0.0,
    0.0
  ],
  "Athletico Paranaense / PR": [
    0.08067,
    0.11078,
    0.12456,
    0.12406,
    0.11656,
    0.10628,
    0.09076,
    0.07736,
    0.06178,
    0.04669,
    0.03082,
    0.01794,
    0.0073,
    0.00304,
    0.00099,
    0.00035,
    5e-05,
    1e-05,
    0.0,
    0.0
  ],
  "Cuiabá / MT": [
    0.0,
    0.0,
    0.0,
    0.0,
    0.0,
    0.0,
    0.0,
    0.0,
    0.0,
    0.0,
    0.0,
    0.0,
    0.0,
    0.0,
    0.0,
    1e-05,
    0.00018,
    0.00089,
    0.01103,
    0.98789
  ],
  "Atlético Goianiense / GO": [
    0.0,
    0.0,
    0.0,
    0.0,
    0.0,
    1e-05,
    1e-05,
    8e-05,
    0.00025,
    0.00062,
    0.00152,
    0.00399,
    0.01124,
    0.02422,
    0.05088,
    0.0947,
    0.17191,
    0.2712,
    0.36387,
    0.0055
  ],
  "Flamengo / RJ": [
    0.04543,
    0.07362,
    0.09228,
    0.10126,
    0.10441,
    0.10771,
    0.10454,
    0.09629,
    0.08514,
    0.06965,
    0.05336,
    0.0344,
    0.01896,
    0.00842,
    0.00316,
    0.00097,
    0.00027,
    0.00012,
    1e-05,
    0.0
  ],
  "Cruzeiro / MG": [
    0.02919,
    0.05034,
    0.06819,
    0.08217,
    0.09221,
    0.09797,
    0.10126,
    0.10123,
    0.09675,
    0.08921,
    0.07491,
    0.05498,
    0.0336,
    0.01703,
    0.0073,
    0.00268,
    0.00073,
    0.00021,
    4e-05,
    0.0
  ],
  "Botafogo / RJ": [
    0.27781,
    0.21198,
    0.1494,
    0.10841,
    0.08,
    0.05757,
    0.04097,
    0.02873,
    0.019,
    0.01254,
    0.00779,
    0.00363,
    0.00148,
    0.00048,
    0.00017,
    3e-05,
    1e-05,
    0.0,
    0.0,
    0.0
  ],
  "Vitória / BA": [
    0.0,
    1e-05,
    0.0,
    4e-05,
    2e-05,
    5e-05,
    0.00021,
    0.00037,
    0.00077,
    0.00172,
    0.00434,
    0.00974,
    0.02474,
    0.05059,
    0.08601,
    0.13443,
    0.20277,
    0.2385,
    0.24275,
    0.00294
  ],
  "Palmeiras / SP": [
    0.0,
    2e-05,
    7e-05,
    0.00023,
    0.00052,
    0.00075,
    0.0017,
    0.00384,
    0.00732,
    0.01492,
    0.0298,
    0.06177,
    0.12342,
    0.16946,
    0.19698,
    0.18623,
    0.11989,
    0.0616,
    0.02146,
    2e-05
  ]
}