{
  "Heerenveen": [
    0.0,
    0.0,
    1e-05,
    0.00064,
    0.00995,
    0.03561,
    0.089,
    0.17243,
    0.21023,
    0.18023,
    0.13838,
    0.08764,
    0.04589,
    0.0201,
    0.00732,
    0.00211,
    0.00039,
    7e-05
  ],
  "Sparta Rotterdam": [
    0.0005,
    0.00355,
    0.01741,
    0.06916,
    0.30441,
    0.32421,
    0.18131,
    0.07165,
    0.01981,
    0.00623,
    0.00144,
    0.00027,
    5e-05,
    0.0,
    0.0,
    0.0,
    0.0,
    0.0
  ],
  "For Sittard": [
    0.0,
    0.0,
    1e-05,
    6e-05,
    0.00183,
    0.0092,
    0.03773,
    0.09644,
    0.17276,
    0.19809,
    0.18784,
    0.1392,
    0.08378,
    0.04355,
    0.01991,
    0.00724,
    0.00215,
    0.00021
  ],
  "Ajax": [
    0.22509,
    0.3332,
    0.25916,
    0.1496,
    0.029,
    0.00359,
    0.00035,
    1e-05,
    0.0,
    0.0,
    0.0,
    0.0,
    0.0,
    0.0,
    0.0,
    0.0,
    0.0,
    0.0
  ],
  "Cambuur": [
    0.0,
    0.0,
    0.0,
    0.0,
    0.0,
    0.0,
    1e-05,
    0.0,
    0.00024,
    0.00098,
    0.00411,
    0.01155,
    0.02948,
    0.05567,
    0.09647,
    0.15527,
    0.2392,
    0.40702
  ],
  "Excelsior": [
    0.0,
    0.0,
    0.0,
    0.0,
    0.0,
    0.0,
    0.0001,
    0.00086,
    0.00414,
    0.01447,
    0.03449,
    0.06683,
    0.11265,
    0.15386,
    0.18709,
    0.18511,
    0.14908,
    0.09132
  ],
  "PSV Eindhoven": [
    0.072,
    0.17276,
    0.27753,
    0.36108,
    0.09323,
    0.02047,
    0.00268,
    0.00025,
    0.0,
    0.0,
    0.0,
    0.0,
    0.0,
    0.0,
    0.0,
    0.0,
    0.0,
    0.0
  ],
  "FC Emmen": [
    0.0,
    0.0,
    0.0,
    0.0,
    0.0,
    0.0,
    2e-05,
    0.00013,
    0.00128,
    0.0039,
    0.01104,
    0.02966,
    0.06478,
    0.11053,
    0.17217,
    0.21053,
    0.2127,
    0.18326
  ],
  "Waalwijk": [
    0.0,
    0.0,
    3e-05,
    0.00085,
    0.01839,
    0.05668,
    0.13474,
    0.22566,
    0.20195,
    0.152,
    0.10511,
    0.05917,
    0.02893,
    0.01216,
    0.00349,
    0.00077,
    7e-05,
    0.0
  ],
  "Utrecht": [
    0.0,
    0.00032,
    0.00218,
    0.0145,
    0.11128,
    0.22143,
    0.31565,
    0.18773,
    0.08552,
    0.04326,
    0.01423,
    0.00318,
    0.00064,
    8e-05,
    0.0,
    0.0,
    0.0,
    0.0
  ],
  "Groningen": [
    0.0,
    0.0,
    0.0,
    0.0,
    0.0,
    0.0,
    1e-05,
    0.00015,
    0.00052,
    0.00216,
    0.00866,
    0.02017,
    0.04339,
    0.07881,
    0.12891,
    0.19252,
    0.26074,
    0.26396
  ],
  "Volendam": [
    0.0,
    0.0,
    0.0,
    0.0,
    0.0,
    0.00024,
    0.00183,
    0.00734,
    0.01905,
    0.04649,
    0.09061,
    0.14674,
    0.1859,
    0.18187,
    0.14462,
    0.09739,
    0.05483,
    0.02309
  ],
  "Nijmegen": [
    0.0,
    0.0,
    1e-05,
    0.00017,
    0.00399,
    0.01932,
    0.06606,
    0.13795,
    0.17496,
    0.2051,
    0.18819,
    0.10881,
    0.0563,
    0.0261,
    0.00932,
    0.00282,
    0.00082,
    8e-05
  ],
  "Twente": [
    0.00073,
    0.00664,
    0.02742,
    0.08964,
    0.35865,
    0.29267,
    0.15302,
    0.05041,
    0.01505,
    0.00464,
    0.00103,
    0.0001,
    0.0,
    0.0,
    0.0,
    0.0,
    0.0,
    0.0
  ],
  "Vitesse": [
    0.0,
    0.0,
    0.0,
    0.0,
    1e-05,
    0.00022,
    0.0019,
    0.00812,
    0.0203,
    0.0379,
    0.07193,
    0.13684,
    0.1796,
    0.18924,
    0.15505,
    0.10712,
    0.06446,
    0.02731
  ],
  "Feyenoord": [
    0.59366,
    0.25414,
    0.11262,
    0.03681,
    0.00264,
    0.00013,
    0.0,
    0.0,
    0.0,
    0.0,
    0.0,
    0.0,
    0.0,
    0.0,
    0.0,
    0.0,
    0.0,
    0.0
  ],
  "AZ Alkmaar": [
    0.10802,
    0.22939,
    0.30362,
    0.27749,
    0.06634,
    0.01348,
    0.00159,
    7e-05,
    0.0,
    0.0,
    0.0,
    0.0,
    0.0,
    0.0,
    0.0,
    0.0,
    0.0,
    0.0
  ],
  "Go Ahead Eagles": [
    0.0,
    0.0,
    0.0,
    0.0,
    0.00028,
    0.00275,
    0.014,
    0.0408,
    0.07419,
    0.10455,
    0.14294,
    0.18984,
    0.16861,
    0.12803,
    0.07565,
    0.03912,
    0.01556,
    0.00368
  ]
}