{
  "Volendam": [
    0.0,
    0.0,
    0.0,
    0.0,
    0.0,
    0.0,
    0.0,
    0.0,
    0.0,
    0.0,
    0.0,
    0.0,
    1e-05,
    3e-05,
    0.00317,
    0.02131,
    0.39192,
    0.58356
  ],
  "Vitesse": [
    0.0,
    0.0,
    0.0,
    0.0,
    0.0,
    0.0,
    0.0,
    0.0,
    0.0,
    0.0,
    0.0,
    0.0,
    1e-05,
    2e-05,
    0.00109,
    0.01215,
    0.57199,
    0.41474
  ],
  "PSV Eindhoven": [
    0.99889,
    0.00111,
    0.0,
    0.0,
    0.0,
    0.0,
    0.0,
    0.0,
    0.0,
    0.0,
    0.0,
    0.0,
    0.0,
    0.0,
    0.0,
    0.0,
    0.0,
    0.0
  ],
  "Utrecht": [
    0.0,
    0.0,
    0.0,
    0.00047,
    0.01126,
    0.0658,
    0.21503,
    0.35221,
    0.27519,
    0.06494,
    0.01357,
    0.00141,
    0.00012,
    0.0,
    0.0,
    0.0,
    0.0,
    0.0
  ],
  "Heerenveen": [
    0.0,
    0.0,
    0.0,
    0.0,
    0.0,
    0.00028,
    0.00585,
    0.03811,
    0.13244,
    0.36345,
    0.2603,
    0.12376,
    0.06241,
    0.01273,
    0.00067,
    0.0,
    0.0,
    0.0
  ],
  "Waalwijk": [
    0.0,
    0.0,
    0.0,
    0.0,
    0.0,
    0.0,
    0.0,
    0.0,
    0.0,
    0.00012,
    0.00108,
    0.00862,
    0.03084,
    0.14046,
    0.53399,
    0.27848,
    0.00631,
    0.0001
  ],
  "Ajax": [
    0.0,
    0.0,
    0.00021,
    0.06936,
    0.58396,
    0.26138,
    0.07181,
    0.01192,
    0.00135,
    1e-05,
    0.0,
    0.0,
    0.0,
    0.0,
    0.0,
    0.0,
    0.0,
    0.0
  ],
  "Heracles": [
    0.0,
    0.0,
    0.0,
    0.0,
    0.0,
    0.0,
    8e-05,
    0.00198,
    0.01667,
    0.08622,
    0.13996,
    0.25039,
    0.28313,
    0.16669,
    0.04678,
    0.0081,
    0.0,
    0.0
  ],
  "Zwolle": [
    0.0,
    0.0,
    0.0,
    0.0,
    0.0,
    0.0,
    0.0,
    2e-05,
    0.00076,
    0.00787,
    0.03799,
    0.11962,
    0.21853,
    0.4299,
    0.14447,
    0.04076,
    8e-05,
    0.0
  ],
  "Sparta Rotterdam": [
    0.0,
    0.0,
    0.0,
    1e-05,
    0.00176,
    0.01679,
    0.09334,
    0.28446,
    0.4141,
    0.13093,
    0.04607,
    0.01012,
    0.00225,
    0.00017,
    0.0,
    0.0,
    0.0,
    0.0
  ],
  "Nijmegen": [
    0.0,
    0.0,
    2e-05,
    0.0262,
    0.26461,
    0.43489,
    0.21051,
    0.0553,
    0.00798,
    0.00046,
    3e-05,
    0.0,
    0.0,
    0.0,
    0.0,
    0.0,
    0.0,
    0.0
  ],
  "Excelsior": [
    0.0,
    0.0,
    0.0,
    0.0,
    0.0,
    0.0,
    0.0,
    0.0,
    0.0,
    3e-05,
    0.00048,
    0.00422,
    0.01554,
    0.05859,
    0.25106,
    0.63878,
    0.0297,
    0.0016
  ],
  "AZ Alkmaar": [
    0.0,
    0.0,
    0.02729,
    0.87242,
    0.08188,
    0.01573,
    0.00259,
    9e-05,
    0.0,
    0.0,
    0.0,
    0.0,
    0.0,
    0.0,
    0.0,
    0.0,
    0.0,
    0.0
  ],
  "Go Ahead Eagles": [
    0.0,
    0.0,
    0.0,
    0.00436,
    0.05619,
    0.20497,
    0.39853,
    0.24178,
    0.07912,
    0.01274,
    0.00226,
    4e-05,
    1e-05,
    0.0,
    0.0,
    0.0,
    0.0,
    0.0
  ],
  "Feyenoord": [
    0.00111,
    0.99454,
    0.00435,
    0.0,
    0.0,
    0.0,
    0.0,
    0.0,
    0.0,
    0.0,
    0.0,
    0.0,
    0.0,
    0.0,
    0.0,
    0.0,
    0.0,
    0.0
  ],
  "For Sittard": [
    0.0,
    0.0,
    0.0,
    0.0,
    0.0,
    0.00016,
    0.00214,
    0.01271,
    0.06183,
    0.27292,
    0.37353,
    0.18392,
    0.07279,
    0.01971,
    0.00029,
    0.0,
    0.0,
    0.0
  ],
  "Almere City": [
    0.0,
    0.0,
    0.0,
    0.0,
    0.0,
    0.0,
    0.00012,
    0.00142,
    0.01056,
    0.06031,
    0.12473,
    0.2979,
    0.31436,
    0.1717,
    0.01848,
    0.00042,
    0.0,
    0.0
  ],
  "Twente": [
    0.0,
    0.00435,
    0.96813,
    0.02718,
    0.00034,
    0.0,
    0.0,
    0.0,
    0.0,
    0.0,
    0.0,
    0.0,
    0.0,
    0.0,
    0.0,
    0.0,
    0.0,
    0.0
  ]
}