{
  "M'gladbach": [
    0.01775,
    0.02681,
    0.03028,
    0.03587,
    0.03946,
    0.04282,
    0.0457,
    0.0503,
    0.05363,
    0.05892,
    0.06146,
    0.06466,
    0.06655,
    0.07039,
    0.0754,
    0.07869,
    0.08583,
    0.09548
  ],
  "Bayern Munich": [
    0.18101,
    0.13842,
    0.11285,
    0.09368,
    0.07913,
    0.06879,
    0.05703,
    0.04935,
    0.04338,
    0.03675,
    0.03184,
    0.02705,
    0.02262,
    0.01914,
    0.01488,
    0.01206,
    0.00794,
    0.00408
  ],
  "Augsburg": [
    0.02196,
    0.02998,
    0.03606,
    0.0433,
    0.04803,
    0.05109,
    0.05446,
    0.05809,
    0.06071,
    0.06132,
    0.06297,
    0.06353,
    0.0689,
    0.06887,
    0.06896,
    0.06863,
    0.0685,
    0.06464
  ],
  "Hoffenheim": [
    0.02113,
    0.02951,
    0.03624,
    0.04228,
    0.04684,
    0.05159,
    0.05518,
    0.05769,
    0.05843,
    0.06338,
    0.06509,
    0.06733,
    0.06726,
    0.06763,
    0.06909,
    0.07011,
    0.06738,
    0.06384
  ],
  "Bielefeld": [
    0.01524,
    0.02329,
    0.02965,
    0.03423,
    0.03959,
    0.04516,
    0.04829,
    0.05274,
    0.05565,
    0.06015,
    0.06397,
    0.07074,
    0.0681,
    0.07323,
    0.0787,
    0.07962,
    0.0828,
    0.07885
  ],
  "Freiburg": [
    0.06755,
    0.07299,
    0.07405,
    0.07578,
    0.07264,
    0.07129,
    0.06961,
    0.06634,
    0.06232,
    0.06016,
    0.05547,
    0.05009,
    0.04636,
    0.04383,
    0.03784,
    0.03213,
    0.02483,
    0.01672
  ],
  "Stuttgart": [
    0.01547,
    0.02338,
    0.02975,
    0.03467,
    0.04024,
    0.04498,
    0.05034,
    0.05471,
    0.05767,
    0.06122,
    0.06311,
    0.06459,
    0.07511,
    0.07748,
    0.07643,
    0.07618,
    0.0785,
    0.07617
  ],
  "Greuther Furth": [
    0.00548,
    0.0099,
    0.01414,
    0.01709,
    0.02142,
    0.02662,
    0.03236,
    0.03589,
    0.04308,
    0.04718,
    0.05241,
    0.06442,
    0.07074,
    0.07782,
    0.08961,
    0.10594,
    0.12352,
    0.16238
  ],
  "Union Berlin": [
    0.03339,
    0.04302,
    0.04862,
    0.05159,
    0.05458,
    0.05685,
    0.05724,
    0.05952,
    0.06003,
    0.06223,
    0.063,
    0.06338,
    0.06102,
    0.0608,
    0.05834,
    0.05783,
    0.05596,
    0.0526
  ],
  "Leverkusen": [
    0.08559,
    0.08693,
    0.08465,
    0.08143,
    0.07831,
    0.07618,
    0.07037,
    0.06456,
    0.05961,
    0.05722,
    0.05157,
    0.0475,
    0.03989,
    0.03384,
    0.03017,
    0.02309,
    0.01845,
    0.01064
  ],
  "Wolfsburg": [
    0.17502,
    0.13396,
    0.11123,
    0.09309,
    0.08191,
    0.06926,
    0.05978,
    0.05306,
    0.04655,
    0.03931,
    0.03431,
    0.02783,
    0.02244,
    0.01855,
    0.014,
    0.01008,
    0.00625,
    0.00337
  ],
  "Bochum": [
    0.01148,
    0.01764,
    0.02322,
    0.02845,
    0.03321,
    0.03703,
    0.04261,
    0.04854,
    0.05504,
    0.05732,
    0.06086,
    0.06606,
    0.07133,
    0.07616,
    0.0813,
    0.08904,
    0.09556,
    0.10515
  ],
  "Dortmund": [
    0.14077,
    0.11968,
    0.10476,
    0.09208,
    0.08225,
    0.0708,
    0.06459,
    0.05898,
    0.05057,
    0.044,
    0.03851,
    0.03255,
    0.02834,
    0.02351,
    0.01834,
    0.01435,
    0.01029,
    0.00563
  ],
  "Ein Frankfurt": [
    0.01603,
    0.02398,
    0.03132,
    0.03657,
    0.04006,
    0.04467,
    0.05038,
    0.05312,
    0.0567,
    0.05831,
    0.06276,
    0.06321,
    0.06852,
    0.07342,
    0.07466,
    0.08065,
    0.08233,
    0.08331
  ],
  "Mainz": [
    0.09316,
    0.08969,
    0.0874,
    0.08113,
    0.07771,
    0.07112,
    0.06729,
    0.06047,
    0.05806,
    0.05214,
    0.04993,
    0.04436,
    0.04165,
    0.03583,
    0.03036,
    0.02651,
    0.02019,
    0.013
  ],
  "RB Leipzig": [
    0.0169,
    0.02527,
    0.03248,
    0.03766,
    0.04148,
    0.04473,
    0.04755,
    0.05048,
    0.05376,
    0.05656,
    0.05992,
    0.06416,
    0.06699,
    0.07022,
    0.07823,
    0.08003,
    0.08462,
    0.08896
  ],
  "FC Koln": [
    0.04856,
    0.06019,
    0.06554,
    0.06734,
    0.06844,
    0.06972,
    0.06883,
    0.06639,
    0.06361,
    0.06251,
    0.06243,
    0.05696,
    0.05382,
    0.04887,
    0.04316,
    0.03813,
    0.03189,
    0.02361
  ],
  "Hertha": [
    0.03351,
    0.04536,
    0.04776,
    0.05376,
    0.0547,
    0.0573,
    0.05839,
    0.05977,
    0.0612,
    0.06132,
    0.06039,
    0.06158,
    0.06036,
    0.06041,
    0.06053,
    0.05693,
    0.05516,
    0.05157
  ]
}