{
  "M'gladbach": [
    0.01896,
    0.02574,
    0.03138,
    0.03474,
    0.03933,
    0.04322,
    0.04658,
    0.05096,
    0.05472,
    0.05883,
    0.06012,
    0.06545,
    0.06736,
    0.06937,
    0.07525,
    0.07804,
    0.08534,
    0.09461
  ],
  "Bayern Munich": [
    0.18411,
    0.13645,
    0.11434,
    0.0945,
    0.07925,
    0.06695,
    0.05697,
    0.05005,
    0.04242,
    0.03706,
    0.03196,
    0.02649,
    0.02285,
    0.0183,
    0.01493,
    0.01135,
    0.0079,
    0.00412
  ],
  "Augsburg": [
    0.02207,
    0.03083,
    0.03836,
    0.04368,
    0.0475,
    0.04998,
    0.05376,
    0.05669,
    0.05816,
    0.06126,
    0.06353,
    0.06478,
    0.06882,
    0.06944,
    0.06737,
    0.06951,
    0.07024,
    0.06402
  ],
  "Hoffenheim": [
    0.02145,
    0.03022,
    0.03729,
    0.04311,
    0.04737,
    0.0512,
    0.05369,
    0.05687,
    0.06061,
    0.06264,
    0.06456,
    0.06556,
    0.06787,
    0.06732,
    0.06889,
    0.07,
    0.06868,
    0.06267
  ],
  "Bielefeld": [
    0.01536,
    0.02273,
    0.02998,
    0.03541,
    0.04001,
    0.04413,
    0.04731,
    0.05225,
    0.05599,
    0.06132,
    0.06609,
    0.06861,
    0.06829,
    0.07278,
    0.07887,
    0.08074,
    0.0804,
    0.07973
  ],
  "Freiburg": [
    0.06632,
    0.07287,
    0.07537,
    0.07541,
    0.07436,
    0.07269,
    0.06998,
    0.0669,
    0.06198,
    0.05892,
    0.05611,
    0.05045,
    0.04582,
    0.04391,
    0.03717,
    0.03141,
    0.02457,
    0.01576
  ],
  "Stuttgart": [
    0.01538,
    0.02363,
    0.02878,
    0.03439,
    0.04029,
    0.04405,
    0.05037,
    0.05441,
    0.05794,
    0.06047,
    0.06314,
    0.06725,
    0.07488,
    0.07521,
    0.07648,
    0.07854,
    0.07772,
    0.07707
  ],
  "Greuther Furth": [
    0.00521,
    0.00969,
    0.01294,
    0.01729,
    0.02234,
    0.02691,
    0.03131,
    0.03674,
    0.04284,
    0.04672,
    0.05306,
    0.06275,
    0.07092,
    0.08058,
    0.08889,
    0.1039,
    0.12283,
    0.16508
  ],
  "Union Berlin": [
    0.03353,
    0.0428,
    0.0471,
    0.05106,
    0.05352,
    0.05637,
    0.05841,
    0.06028,
    0.06061,
    0.0617,
    0.06207,
    0.06302,
    0.06088,
    0.05978,
    0.06006,
    0.05884,
    0.05626,
    0.05371
  ],
  "Leverkusen": [
    0.08479,
    0.08754,
    0.08588,
    0.08194,
    0.07752,
    0.07436,
    0.07241,
    0.06414,
    0.05984,
    0.05905,
    0.05093,
    0.04464,
    0.03906,
    0.03458,
    0.03003,
    0.02362,
    0.01849,
    0.01118
  ],
  "Wolfsburg": [
    0.17229,
    0.13567,
    0.11062,
    0.09332,
    0.08053,
    0.07151,
    0.05956,
    0.05303,
    0.0481,
    0.04094,
    0.03352,
    0.02687,
    0.02287,
    0.01782,
    0.01388,
    0.01008,
    0.00629,
    0.0031
  ],
  "Bochum": [
    0.01123,
    0.01722,
    0.02374,
    0.02936,
    0.03325,
    0.0387,
    0.04242,
    0.04998,
    0.05367,
    0.05826,
    0.06299,
    0.06633,
    0.07066,
    0.0763,
    0.08179,
    0.0861,
    0.09535,
    0.10265
  ],
  "Dortmund": [
    0.14231,
    0.121,
    0.10471,
    0.0919,
    0.08091,
    0.07245,
    0.06518,
    0.05826,
    0.0509,
    0.0433,
    0.03725,
    0.03242,
    0.02736,
    0.02284,
    0.0186,
    0.01401,
    0.0104,
    0.0062
  ],
  "Ein Frankfurt": [
    0.01542,
    0.02424,
    0.03108,
    0.0363,
    0.04067,
    0.04513,
    0.04872,
    0.05259,
    0.05723,
    0.05765,
    0.0618,
    0.06567,
    0.06951,
    0.07391,
    0.0756,
    0.07967,
    0.08264,
    0.08217
  ],
  "Mainz": [
    0.09247,
    0.09096,
    0.08512,
    0.0838,
    0.07805,
    0.07247,
    0.0677,
    0.06047,
    0.05631,
    0.0521,
    0.04931,
    0.04359,
    0.04072,
    0.03657,
    0.03136,
    0.02632,
    0.01969,
    0.01299
  ],
  "RB Leipzig": [
    0.01639,
    0.02566,
    0.03213,
    0.03587,
    0.04095,
    0.04519,
    0.04781,
    0.05068,
    0.05486,
    0.05597,
    0.05895,
    0.0629,
    0.06664,
    0.07246,
    0.07679,
    0.08183,
    0.0861,
    0.08882
  ],
  "FC Koln": [
    0.04855,
    0.0592,
    0.06261,
    0.0653,
    0.06899,
    0.06846,
    0.07007,
    0.06676,
    0.06265,
    0.06257,
    0.06255,
    0.05973,
    0.05396,
    0.04908,
    0.04486,
    0.03847,
    0.03256,
    0.02363
  ],
  "Hertha": [
    0.03416,
    0.04355,
    0.04857,
    0.05262,
    0.05516,
    0.05623,
    0.05775,
    0.05894,
    0.06117,
    0.06124,
    0.06206,
    0.06349,
    0.06153,
    0.05975,
    0.05918,
    0.05757,
    0.05454,
    0.05249
  ]
}