{
  "Inter": [
    0.11222,
    0.16409,
    0.13951,
    0.11519,
    0.09719,
    0.0784,
    0.06576,
    0.05644,
    0.04513,
    0.03477,
    0.02763,
    0.02215,
    0.01552,
    0.01068,
    0.00705,
    0.00431,
    0.00255,
    0.00114,
    0.00026,
    1e-05
  ],
  "Genoa": [
    0.00588,
    0.01687,
    0.02937,
    0.04144,
    0.04737,
    0.05609,
    0.06129,
    0.06354,
    0.06645,
    0.0701,
    0.07382,
    0.07344,
    0.07376,
    0.07335,
    0.07124,
    0.06631,
    0.05708,
    0.0392,
    0.01117,
    0.00223
  ],
  "Verona": [
    0.00218,
    0.00761,
    0.0137,
    0.02017,
    0.0271,
    0.03454,
    0.04046,
    0.04488,
    0.05246,
    0.05861,
    0.06641,
    0.07315,
    0.07972,
    0.08595,
    0.09426,
    0.09641,
    0.09567,
    0.07498,
    0.02574,
    0.006
  ],
  "Sassuolo": [
    0.0,
    0.0,
    1e-05,
    0.0,
    0.0,
    4e-05,
    7e-05,
    0.00019,
    0.00024,
    0.0005,
    0.00074,
    0.00114,
    0.00247,
    0.0044,
    0.00805,
    0.01565,
    0.03758,
    0.1033,
    0.34725,
    0.47837
  ],
  "Empoli": [
    0.59159,
    0.20049,
    0.09315,
    0.04831,
    0.02662,
    0.01609,
    0.01002,
    0.00564,
    0.00349,
    0.00193,
    0.00124,
    0.00064,
    0.00047,
    0.00022,
    7e-05,
    3e-05,
    0.0,
    0.0,
    0.0,
    0.0
  ],
  "Lazio": [
    0.10884,
    0.18446,
    0.16057,
    0.12593,
    0.09667,
    0.07612,
    0.05927,
    0.04747,
    0.03728,
    0.03013,
    0.02321,
    0.01637,
    0.01311,
    0.00842,
    0.00585,
    0.0037,
    0.00188,
    0.00063,
    9e-05,
    0.0
  ],
  "Torino": [
    0.0008,
    0.00279,
    0.0065,
    0.01106,
    0.01557,
    0.02133,
    0.02768,
    0.03411,
    0.04122,
    0.05107,
    0.06007,
    0.06873,
    0.07894,
    0.09196,
    0.10369,
    0.11639,
    0.12026,
    0.10273,
    0.03644,
    0.00866
  ],
  "Atalanta": [
    0.00481,
    0.0169,
    0.02911,
    0.04103,
    0.04992,
    0.05638,
    0.064,
    0.07021,
    0.07502,
    0.07582,
    0.07783,
    0.07687,
    0.07688,
    0.07422,
    0.06684,
    0.05937,
    0.04562,
    0.02987,
    0.00794,
    0.00136
  ],
  "Bologna": [
    0.00149,
    0.00553,
    0.01145,
    0.0176,
    0.02627,
    0.03435,
    0.04168,
    0.05075,
    0.05933,
    0.06898,
    0.0741,
    0.08427,
    0.09068,
    0.09372,
    0.09391,
    0.0917,
    0.08105,
    0.05384,
    0.0164,
    0.0029
  ],
  "Salernitana": [
    0.0,
    0.0,
    0.0,
    2e-05,
    6e-05,
    8e-05,
    0.00013,
    0.00031,
    0.00047,
    0.00082,
    0.0011,
    0.00207,
    0.00372,
    0.00613,
    0.01142,
    0.02213,
    0.04611,
    0.1179,
    0.35474,
    0.43279
  ],
  "Udinese": [
    0.01343,
    0.03577,
    0.05115,
    0.06354,
    0.0722,
    0.07951,
    0.08225,
    0.08032,
    0.07589,
    0.07358,
    0.0731,
    0.06547,
    0.05767,
    0.05231,
    0.04285,
    0.03567,
    0.02657,
    0.01412,
    0.00395,
    0.00065
  ],
  "Juventus": [
    0.00746,
    0.02313,
    0.03603,
    0.04662,
    0.05582,
    0.06339,
    0.06821,
    0.06999,
    0.07391,
    0.07698,
    0.0759,
    0.0742,
    0.07054,
    0.06749,
    0.06093,
    0.05184,
    0.04258,
    0.0263,
    0.00719,
    0.00149
  ],
  "Napoli": [
    0.03489,
    0.07824,
    0.09767,
    0.10555,
    0.10276,
    0.09834,
    0.08724,
    0.07909,
    0.07209,
    0.06011,
    0.04863,
    0.04128,
    0.0334,
    0.02355,
    0.01704,
    0.01136,
    0.00562,
    0.00271,
    0.00039,
    4e-05
  ],
  "Venezia": [
    0.00148,
    0.00665,
    0.01244,
    0.02024,
    0.02779,
    0.03436,
    0.04289,
    0.05221,
    0.06215,
    0.06881,
    0.07473,
    0.07977,
    0.08415,
    0.08914,
    0.09178,
    0.08852,
    0.08211,
    0.05731,
    0.01905,
    0.00442
  ],
  "Roma": [
    0.00215,
    0.00796,
    0.01563,
    0.02331,
    0.03058,
    0.03974,
    0.04938,
    0.05689,
    0.06356,
    0.0714,
    0.07668,
    0.08032,
    0.08631,
    0.08697,
    0.08702,
    0.08268,
    0.07286,
    0.04961,
    0.01444,
    0.00251
  ],
  "Fiorentina": [
    0.03657,
    0.07814,
    0.09661,
    0.09817,
    0.09667,
    0.09225,
    0.08375,
    0.07518,
    0.06794,
    0.05842,
    0.05107,
    0.04377,
    0.03622,
    0.02884,
    0.02311,
    0.01612,
    0.01053,
    0.00542,
    0.00105,
    0.00017
  ],
  "Cagliari": [
    0.00163,
    0.00717,
    0.01339,
    0.01994,
    0.02801,
    0.03489,
    0.0407,
    0.04923,
    0.05525,
    0.0617,
    0.06855,
    0.07612,
    0.08314,
    0.08795,
    0.09096,
    0.0946,
    0.09043,
    0.06671,
    0.02344,
    0.00619
  ],
  "Spezia": [
    9e-05,
    0.0005,
    0.0011,
    0.00181,
    0.00347,
    0.00531,
    0.00714,
    0.01057,
    0.01425,
    0.01878,
    0.02429,
    0.03384,
    0.04482,
    0.05944,
    0.08116,
    0.11121,
    0.16012,
    0.24271,
    0.12762,
    0.05177
  ],
  "Sampdoria": [
    0.01987,
    0.05207,
    0.06975,
    0.08146,
    0.08517,
    0.0845,
    0.08361,
    0.07961,
    0.07477,
    0.06892,
    0.06231,
    0.05662,
    0.04818,
    0.04129,
    0.03329,
    0.0265,
    0.0186,
    0.01037,
    0.0027,
    0.00041
  ],
  "Milan": [
    0.05462,
    0.11163,
    0.12286,
    0.11861,
    0.11076,
    0.09429,
    0.08447,
    0.07337,
    0.0591,
    0.04857,
    0.03859,
    0.02978,
    0.0203,
    0.01397,
    0.00948,
    0.0055,
    0.00278,
    0.00115,
    0.00014,
    3e-05
  ]
}