{
  "Le Havre": [
    0.00386,
    0.00936,
    0.01473,
    0.01905,
    0.02444,
    0.02829,
    0.03513,
    0.0418,
    0.04865,
    0.05417,
    0.0604,
    0.06567,
    0.07146,
    0.08207,
    0.09301,
    0.10509,
    0.12239,
    0.12043
  ],
  "Paris SG": [
    0.48035,
    0.19643,
    0.11177,
    0.06942,
    0.04532,
    0.02986,
    0.02061,
    0.01435,
    0.01037,
    0.0072,
    0.00509,
    0.0037,
    0.00227,
    0.00155,
    0.00101,
    0.00043,
    0.00019,
    8e-05
  ],
  "Brest": [
    0.01116,
    0.02617,
    0.03748,
    0.04526,
    0.05184,
    0.05741,
    0.06032,
    0.06415,
    0.06663,
    0.06917,
    0.06943,
    0.07108,
    0.07012,
    0.07122,
    0.06668,
    0.06457,
    0.05741,
    0.0399
  ],
  "Marseille": [
    0.14046,
    0.17112,
    0.13445,
    0.10991,
    0.08957,
    0.07369,
    0.06182,
    0.04996,
    0.04001,
    0.03316,
    0.0269,
    0.02084,
    0.01652,
    0.01215,
    0.00919,
    0.00582,
    0.00318,
    0.00125
  ],
  "Reims": [
    0.01948,
    0.03982,
    0.05286,
    0.06069,
    0.06672,
    0.06944,
    0.07183,
    0.07209,
    0.07298,
    0.07101,
    0.06855,
    0.06641,
    0.06015,
    0.05543,
    0.05278,
    0.04476,
    0.03479,
    0.02021
  ],
  "Lille": [
    0.06918,
    0.10132,
    0.10714,
    0.1006,
    0.0952,
    0.08494,
    0.07543,
    0.06852,
    0.05864,
    0.05221,
    0.04654,
    0.03576,
    0.03129,
    0.02584,
    0.0212,
    0.01389,
    0.00829,
    0.00401
  ],
  "Monaco": [
    0.10563,
    0.13257,
    0.12302,
    0.11027,
    0.09418,
    0.08243,
    0.07125,
    0.0603,
    0.0504,
    0.042,
    0.03324,
    0.02699,
    0.02389,
    0.01751,
    0.01235,
    0.00755,
    0.00481,
    0.00161
  ],
  "St Etienne": [
    0.00479,
    0.01129,
    0.01833,
    0.02562,
    0.03163,
    0.03803,
    0.04447,
    0.05173,
    0.05689,
    0.05998,
    0.06598,
    0.07763,
    0.08323,
    0.08657,
    0.08881,
    0.09123,
    0.08995,
    0.07384
  ],
  "Auxerre": [
    0.01771,
    0.03519,
    0.0436,
    0.05122,
    0.0572,
    0.05988,
    0.06466,
    0.06654,
    0.06941,
    0.07029,
    0.07064,
    0.06807,
    0.06489,
    0.06294,
    0.05757,
    0.05551,
    0.04942,
    0.03526
  ],
  "Nice": [
    0.04704,
    0.0775,
    0.08783,
    0.08902,
    0.08714,
    0.08508,
    0.07811,
    0.0724,
    0.06318,
    0.0628,
    0.05612,
    0.04902,
    0.04074,
    0.03473,
    0.02686,
    0.02094,
    0.01395,
    0.00754
  ],
  "Angers": [
    0.00437,
    0.01115,
    0.01797,
    0.02524,
    0.03109,
    0.03863,
    0.0437,
    0.04854,
    0.05987,
    0.06245,
    0.06867,
    0.07516,
    0.08069,
    0.08456,
    0.08869,
    0.09167,
    0.09142,
    0.07613
  ],
  "Lens": [
    0.02467,
    0.04749,
    0.06076,
    0.06738,
    0.07293,
    0.07531,
    0.07294,
    0.07531,
    0.07222,
    0.07069,
    0.06458,
    0.06168,
    0.05596,
    0.05116,
    0.04475,
    0.03754,
    0.02892,
    0.01571
  ],
  "Montpellier": [
    0.00022,
    0.00108,
    0.00217,
    0.00375,
    0.00555,
    0.00762,
    0.01092,
    0.01443,
    0.01871,
    0.02399,
    0.03125,
    0.03837,
    0.04867,
    0.06313,
    0.08453,
    0.11492,
    0.17622,
    0.35447
  ],
  "Strasbourg": [
    0.0144,
    0.03194,
    0.04367,
    0.05206,
    0.05712,
    0.06261,
    0.06573,
    0.06629,
    0.06709,
    0.0683,
    0.06749,
    0.06896,
    0.06912,
    0.06546,
    0.06182,
    0.05785,
    0.04784,
    0.03225
  ],
  "Toulouse": [
    0.00892,
    0.01986,
    0.02846,
    0.03613,
    0.04314,
    0.04913,
    0.05351,
    0.05693,
    0.0623,
    0.06443,
    0.06731,
    0.07116,
    0.07581,
    0.07859,
    0.07841,
    0.07891,
    0.07136,
    0.05564
  ],
  "Nantes": [
    0.00546,
    0.01268,
    0.02066,
    0.02688,
    0.03202,
    0.03783,
    0.04264,
    0.04691,
    0.05228,
    0.05732,
    0.06178,
    0.06675,
    0.07655,
    0.08315,
    0.09115,
    0.09663,
    0.10063,
    0.08868
  ],
  "Rennes": [
    0.00694,
    0.0163,
    0.02493,
    0.03172,
    0.03932,
    0.04488,
    0.05215,
    0.05946,
    0.06061,
    0.06554,
    0.07413,
    0.07815,
    0.07872,
    0.07926,
    0.08206,
    0.07936,
    0.07182,
    0.05465
  ],
  "Lyon": [
    0.03536,
    0.05873,
    0.07017,
    0.07578,
    0.07559,
    0.07494,
    0.07478,
    0.07029,
    0.06976,
    0.06529,
    0.0619,
    0.0546,
    0.04992,
    0.04468,
    0.03913,
    0.03333,
    0.02741,
    0.01834
  ]
}