{
  "Monaco": [
    5e-05,
    0.00091,
    0.00339,
    0.00832,
    0.01919,
    0.04153,
    0.0671,
    0.09374,
    0.12226,
    0.14509,
    0.15467,
    0.12381,
    0.0867,
    0.05863,
    0.03674,
    0.02128,
    0.01039,
    0.00463,
    0.00129,
    0.00028
  ],
  "Nantes": [
    7e-05,
    0.0022,
    0.00771,
    0.0185,
    0.03858,
    0.07248,
    0.10283,
    0.12568,
    0.13815,
    0.13836,
    0.1223,
    0.09053,
    0.05989,
    0.03849,
    0.02334,
    0.01279,
    0.00561,
    0.00186,
    0.00052,
    0.00011
  ],
  "Lyon": [
    0.00026,
    0.0049,
    0.01538,
    0.03249,
    0.06203,
    0.10056,
    0.12704,
    0.14224,
    0.14112,
    0.12493,
    0.09606,
    0.06487,
    0.04045,
    0.02397,
    0.01309,
    0.00637,
    0.00311,
    0.00081,
    0.00027,
    5e-05
  ],
  "Brest": [
    0.0,
    1e-05,
    4e-05,
    0.00011,
    0.00057,
    0.00172,
    0.00468,
    0.00942,
    0.01817,
    0.03396,
    0.05899,
    0.08938,
    0.11187,
    0.12893,
    0.14003,
    0.14112,
    0.12514,
    0.07957,
    0.04144,
    0.01485
  ],
  "Troyes": [
    0.0,
    1e-05,
    4e-05,
    0.00012,
    0.00039,
    0.00138,
    0.00359,
    0.00833,
    0.01656,
    0.03058,
    0.05479,
    0.08438,
    0.11132,
    0.13227,
    0.14253,
    0.14302,
    0.12789,
    0.08488,
    0.04315,
    0.01477
  ],
  "Paris SG": [
    0.85567,
    0.10359,
    0.02786,
    0.00916,
    0.00262,
    0.00088,
    0.00017,
    3e-05,
    1e-05,
    1e-05,
    0.0,
    0.0,
    0.0,
    0.0,
    0.0,
    0.0,
    0.0,
    0.0,
    0.0,
    0.0
  ],
  "Rennes": [
    0.02219,
    0.17799,
    0.2146,
    0.20251,
    0.16393,
    0.09929,
    0.0562,
    0.03185,
    0.0174,
    0.00874,
    0.00353,
    0.00108,
    0.00042,
    0.00013,
    0.00011,
    3e-05,
    0.0,
    0.0,
    0.0,
    0.0
  ],
  "Lens": [
    0.02775,
    0.1808,
    0.21457,
    0.20139,
    0.16156,
    0.098,
    0.05604,
    0.03069,
    0.01669,
    0.0079,
    0.00278,
    0.00113,
    0.00042,
    0.00022,
    3e-05,
    3e-05,
    0.0,
    0.0,
    0.0,
    0.0
  ],
  "Bordeaux": [
    0.0,
    0.0,
    1e-05,
    3e-05,
    0.00034,
    0.00133,
    0.0031,
    0.00696,
    0.01493,
    0.02863,
    0.04622,
    0.07329,
    0.10725,
    0.12929,
    0.14185,
    0.14471,
    0.13596,
    0.0956,
    0.05146,
    0.01904
  ],
  "Clermont": [
    0.0,
    0.0,
    0.0,
    1e-05,
    1e-05,
    4e-05,
    0.00018,
    0.00045,
    0.00109,
    0.00258,
    0.00612,
    0.01167,
    0.02307,
    0.03869,
    0.06229,
    0.09867,
    0.15599,
    0.24434,
    0.21882,
    0.13598
  ],
  "Nice": [
    0.07192,
    0.34608,
    0.23145,
    0.16023,
    0.09799,
    0.05008,
    0.02369,
    0.01098,
    0.00485,
    0.00193,
    0.00063,
    0.00014,
    1e-05,
    2e-05,
    0.0,
    0.0,
    0.0,
    0.0,
    0.0,
    0.0
  ],
  "Reims": [
    0.0,
    1e-05,
    9e-05,
    0.00027,
    0.00112,
    0.00323,
    0.0074,
    0.01527,
    0.02596,
    0.04806,
    0.07874,
    0.11745,
    0.14247,
    0.14486,
    0.13535,
    0.11423,
    0.08417,
    0.05281,
    0.02188,
    0.00663
  ],
  "St Etienne": [
    0.0,
    0.0,
    0.0,
    0.0,
    0.0,
    0.0,
    1e-05,
    4e-05,
    0.00011,
    0.00056,
    0.00136,
    0.00379,
    0.00801,
    0.01586,
    0.02888,
    0.05204,
    0.09415,
    0.17821,
    0.30227,
    0.31471
  ],
  "Lorient": [
    0.0,
    0.0,
    0.0,
    6e-05,
    0.00014,
    0.00086,
    0.00229,
    0.00514,
    0.01177,
    0.02389,
    0.04302,
    0.0691,
    0.099,
    0.12734,
    0.14871,
    0.15591,
    0.14663,
    0.09938,
    0.04945,
    0.01731
  ],
  "Strasbourg": [
    0.00074,
    0.01535,
    0.03625,
    0.06601,
    0.10558,
    0.14992,
    0.15884,
    0.1409,
    0.11763,
    0.08881,
    0.05587,
    0.03174,
    0.01711,
    0.00862,
    0.00406,
    0.00172,
    0.00066,
    0.00017,
    2e-05,
    0.0
  ],
  "Angers": [
    0.00039,
    0.00704,
    0.02097,
    0.04292,
    0.0758,
    0.11974,
    0.13986,
    0.14338,
    0.13606,
    0.11726,
    0.08402,
    0.05146,
    0.02933,
    0.01704,
    0.00873,
    0.00376,
    0.0017,
    0.00045,
    9e-05,
    0.0
  ],
  "Metz": [
    0.0,
    0.0,
    0.0,
    0.0,
    0.0,
    0.0,
    0.0,
    2e-05,
    6e-05,
    0.0002,
    0.00062,
    0.00161,
    0.00364,
    0.00858,
    0.01591,
    0.03295,
    0.06391,
    0.13593,
    0.26212,
    0.47445
  ],
  "Lille": [
    0.0,
    3e-05,
    0.00038,
    0.00169,
    0.00582,
    0.01367,
    0.0261,
    0.04529,
    0.06544,
    0.09257,
    0.11983,
    0.14035,
    0.13688,
    0.1159,
    0.09307,
    0.06907,
    0.04378,
    0.02112,
    0.00719,
    0.00182
  ],
  "Montpellier": [
    0.00055,
    0.00961,
    0.02709,
    0.05111,
    0.09116,
    0.13679,
    0.15555,
    0.15299,
    0.13106,
    0.09526,
    0.06555,
    0.04221,
    0.02149,
    0.01092,
    0.00521,
    0.00228,
    0.0009,
    0.00024,
    3e-05,
    0.0
  ],
  "Marseille": [
    0.02041,
    0.15147,
    0.20017,
    0.20507,
    0.17317,
    0.1085,
    0.06533,
    0.0366,
    0.02068,
    0.01068,
    0.0049,
    0.00201,
    0.00067,
    0.00024,
    7e-05,
    2e-05,
    1e-05,
    0.0,
    0.0,
    0.0
  ]
}