{
  "São Paulo / SP": [
    0.0,
    0.00188,
    0.055,
    0.3019,
    0.24565,
    0.19205,
    0.1219,
    0.0633,
    0.01601,
    0.00199,
    0.00029,
    3e-05,
    0.0,
    0.0,
    0.0,
    0.0,
    0.0,
    0.0,
    0.0,
    0.0
  ],
  "Botafogo / RJ": [
    0.0,
    0.0,
    0.0,
    0.0,
    0.0,
    2e-05,
    5e-05,
    0.00042,
    0.00306,
    0.01787,
    0.04033,
    0.07199,
    0.11163,
    0.15161,
    0.17876,
    0.19142,
    0.16732,
    0.06113,
    0.00439,
    0.0
  ],
  "Atlético Mineiro / MG": [
    0.0,
    0.0,
    0.0,
    1e-05,
    5e-05,
    0.00045,
    0.00167,
    0.00632,
    0.02732,
    0.09116,
    0.13356,
    0.16182,
    0.16882,
    0.14475,
    0.11527,
    0.08159,
    0.05305,
    0.01362,
    0.00054,
    0.0
  ],
  "Avaí / SC": [
    0.0,
    0.0,
    0.0,
    0.0,
    0.0,
    0.0,
    0.0,
    0.0,
    0.0,
    0.0,
    0.0,
    0.0,
    0.0,
    0.0,
    0.0,
    0.0,
    4e-05,
    0.00049,
    0.04444,
    0.95503
  ],
  "Chapecoense / SC": [
    0.0,
    0.0,
    0.0,
    0.0,
    0.0,
    0.0,
    0.0,
    0.0,
    0.0,
    0.0,
    0.0,
    4e-05,
    0.0001,
    0.0005,
    0.00171,
    0.00615,
    0.01757,
    0.09943,
    0.82969,
    0.04481
  ],
  "Internacional / RS": [
    0.0,
    0.00027,
    0.00918,
    0.13612,
    0.18005,
    0.19357,
    0.19248,
    0.17746,
    0.08831,
    0.01752,
    0.00394,
    0.00087,
    0.00021,
    2e-05,
    0.0,
    0.0,
    0.0,
    0.0,
    0.0,
    0.0
  ],
  "Flamengo / RJ": [
    0.9465,
    0.05193,
    0.00157,
    0.0,
    0.0,
    0.0,
    0.0,
    0.0,
    0.0,
    0.0,
    0.0,
    0.0,
    0.0,
    0.0,
    0.0,
    0.0,
    0.0,
    0.0,
    0.0,
    0.0
  ],
  "Cruzeiro / MG": [
    0.0,
    0.0,
    0.0,
    0.0,
    0.0,
    1e-05,
    6e-05,
    0.00023,
    0.00317,
    0.01895,
    0.04184,
    0.07159,
    0.10978,
    0.14902,
    0.17912,
    0.18446,
    0.1601,
    0.07794,
    0.00373,
    0.0
  ],
  "Grêmio / RS": [
    0.0,
    0.00126,
    0.03128,
    0.30351,
    0.23688,
    0.17106,
    0.12781,
    0.08767,
    0.03539,
    0.00456,
    0.00044,
    0.0001,
    4e-05,
    0.0,
    0.0,
    0.0,
    0.0,
    0.0,
    0.0,
    0.0
  ],
  "Santos / SP": [
    0.00186,
    0.13743,
    0.75723,
    0.07611,
    0.01908,
    0.0063,
    0.00165,
    0.0003,
    4e-05,
    0.0,
    0.0,
    0.0,
    0.0,
    0.0,
    0.0,
    0.0,
    0.0,
    0.0,
    0.0,
    0.0
  ],
  "Ceará / CE": [
    0.0,
    0.0,
    0.0,
    0.0,
    0.0,
    4e-05,
    0.00016,
    0.00065,
    0.0041,
    0.02608,
    0.05697,
    0.09253,
    0.13279,
    0.16948,
    0.17494,
    0.16568,
    0.12566,
    0.04795,
    0.00297,
    0.0
  ],
  "CSA / AL": [
    0.0,
    0.0,
    0.0,
    0.0,
    0.0,
    0.0,
    0.0,
    0.0,
    4e-05,
    0.00044,
    0.00193,
    0.00488,
    0.01242,
    0.02604,
    0.05308,
    0.09939,
    0.19737,
    0.50562,
    0.09865,
    0.00014
  ],
  "Bahia / BA": [
    0.0,
    0.0,
    7e-05,
    0.00596,
    0.02069,
    0.04503,
    0.08919,
    0.18122,
    0.38588,
    0.15763,
    0.06791,
    0.02997,
    0.01152,
    0.00376,
    0.00095,
    0.0002,
    2e-05,
    0.0,
    0.0,
    0.0
  ],
  "Corinthians / SP": [
    0.0,
    0.00016,
    0.00323,
    0.0735,
    0.13792,
    0.18639,
    0.22675,
    0.23008,
    0.11233,
    0.02299,
    0.00533,
    0.00105,
    0.00019,
    7e-05,
    1e-05,
    0.0,
    0.0,
    0.0,
    0.0,
    0.0
  ],
  "Athletico Paranaense / PR": [
    0.0,
    6e-05,
    0.00614,
    0.09818,
    0.158,
    0.19959,
    0.22122,
    0.1942,
    0.09672,
    0.01975,
    0.00444,
    0.00121,
    0.00034,
    0.00013,
    2e-05,
    0.0,
    0.0,
    0.0,
    0.0,
    0.0
  ],
  "Vasco da Gama / RJ": [
    0.0,
    0.0,
    0.0,
    7e-05,
    0.00039,
    0.00182,
    0.00597,
    0.02106,
    0.08714,
    0.23701,
    0.22838,
    0.17241,
    0.11647,
    0.06789,
    0.03776,
    0.01687,
    0.00592,
    0.00081,
    3e-05,
    0.0
  ],
  "Palmeiras / SP": [
    0.05164,
    0.80701,
    0.13629,
    0.00455,
    0.00042,
    9e-05,
    0.0,
    0.0,
    0.0,
    0.0,
    0.0,
    0.0,
    0.0,
    0.0,
    0.0,
    0.0,
    0.0,
    0.0,
    0.0,
    0.0
  ],
  "Fortaleza / CE": [
    0.0,
    0.0,
    0.0,
    1e-05,
    0.00014,
    0.00111,
    0.0031,
    0.01265,
    0.05098,
    0.15087,
    0.18805,
    0.1807,
    0.14635,
    0.11106,
    0.07492,
    0.0476,
    0.02512,
    0.00723,
    0.00011,
    0.0
  ],
  "Fluminense / RJ": [
    0.0,
    0.0,
    0.0,
    0.0,
    0.0,
    0.0,
    2e-05,
    6e-05,
    0.00085,
    0.00764,
    0.0204,
    0.0389,
    0.06256,
    0.09676,
    0.14168,
    0.18826,
    0.24216,
    0.18524,
    0.01545,
    2e-05
  ],
  "Goiás / GO": [
    0.0,
    0.0,
    1e-05,
    8e-05,
    0.00073,
    0.00247,
    0.00797,
    0.02438,
    0.08866,
    0.22554,
    0.20619,
    0.17191,
    0.12678,
    0.07891,
    0.04178,
    0.01838,
    0.00567,
    0.00054,
    0.0,
    0.0
  ]
}