{
  "Go Ahead Eagles": [
    0.0,
    0.0,
    0.0,
    2e-05,
    0.00016,
    0.0007,
    0.00239,
    0.00759,
    0.0166,
    0.03146,
    0.0492,
    0.07133,
    0.096,
    0.12631,
    0.15699,
    0.18474,
    0.19562,
    0.06089
  ],
  "Heerenveen": [
    0.0,
    0.00032,
    0.00253,
    0.00898,
    0.02541,
    0.05721,
    0.10546,
    0.152,
    0.1624,
    0.14709,
    0.11351,
    0.08555,
    0.05858,
    0.03827,
    0.02358,
    0.01289,
    0.00543,
    0.00079
  ],
  "Waalwijk": [
    0.0,
    0.0,
    0.0,
    0.0,
    6e-05,
    0.00049,
    0.00198,
    0.00603,
    0.01247,
    0.02442,
    0.04063,
    0.06137,
    0.0879,
    0.12328,
    0.15533,
    0.19061,
    0.21436,
    0.08107
  ],
  "AZ Alkmaar": [
    0.0,
    0.0,
    3e-05,
    0.00019,
    0.00083,
    0.00344,
    0.01023,
    0.02358,
    0.04163,
    0.0649,
    0.09155,
    0.11406,
    0.1319,
    0.13953,
    0.13473,
    0.12311,
    0.09305,
    0.02724
  ],
  "Heracles": [
    0.0,
    2e-05,
    0.00016,
    0.0009,
    0.00357,
    0.01152,
    0.02919,
    0.05624,
    0.08817,
    0.11625,
    0.1339,
    0.13594,
    0.12582,
    0.10598,
    0.08483,
    0.06145,
    0.03776,
    0.0083
  ],
  "PSV Eindhoven": [
    0.00484,
    0.10516,
    0.21408,
    0.26299,
    0.1988,
    0.11609,
    0.0578,
    0.02409,
    0.01011,
    0.00397,
    0.00127,
    0.00057,
    0.00017,
    5e-05,
    1e-05,
    0.0,
    0.0,
    0.0
  ],
  "For Sittard": [
    0.0,
    0.0,
    3e-05,
    0.00029,
    0.00119,
    0.00395,
    0.01162,
    0.02759,
    0.04982,
    0.07391,
    0.09987,
    0.11931,
    0.13221,
    0.13367,
    0.12577,
    0.11096,
    0.08438,
    0.02543
  ],
  "Twente": [
    0.00032,
    0.01279,
    0.04943,
    0.10946,
    0.18291,
    0.23658,
    0.18389,
    0.10876,
    0.05903,
    0.02943,
    0.01524,
    0.0068,
    0.00319,
    0.00138,
    0.00062,
    0.00014,
    2e-05,
    1e-05
  ],
  "Ajax": [
    0.07967,
    0.5243,
    0.23059,
    0.10511,
    0.04177,
    0.01371,
    0.00375,
    0.00087,
    0.00015,
    6e-05,
    2e-05,
    0.0,
    0.0,
    0.0,
    0.0,
    0.0,
    0.0,
    0.0
  ],
  "Nijmegen": [
    0.0,
    0.00022,
    0.00205,
    0.00833,
    0.02456,
    0.05641,
    0.10219,
    0.14916,
    0.16066,
    0.14595,
    0.11579,
    0.08545,
    0.06152,
    0.0394,
    0.02601,
    0.01454,
    0.0068,
    0.00096
  ],
  "Cambuur": [
    8e-05,
    0.00514,
    0.02287,
    0.05806,
    0.11753,
    0.18941,
    0.2161,
    0.15571,
    0.10018,
    0.06131,
    0.03506,
    0.01989,
    0.00975,
    0.00536,
    0.00232,
    0.001,
    0.00021,
    2e-05
  ],
  "Groningen": [
    0.0,
    1e-05,
    0.0001,
    0.00055,
    0.00275,
    0.00983,
    0.0254,
    0.05401,
    0.08396,
    0.11249,
    0.13197,
    0.13288,
    0.12597,
    0.10828,
    0.0885,
    0.06828,
    0.04416,
    0.01086
  ],
  "Utrecht": [
    0.00167,
    0.05134,
    0.13622,
    0.20978,
    0.24334,
    0.17047,
    0.0994,
    0.04859,
    0.02289,
    0.0097,
    0.00399,
    0.0016,
    0.00068,
    0.0002,
    0.0001,
    2e-05,
    1e-05,
    0.0
  ],
  "Sparta Rotterdam": [
    0.0,
    0.0,
    0.0,
    4e-05,
    0.00022,
    0.00141,
    0.00407,
    0.0111,
    0.02311,
    0.03964,
    0.06162,
    0.08682,
    0.11029,
    0.13213,
    0.15332,
    0.16239,
    0.15972,
    0.05412
  ],
  "Zwolle": [
    0.0,
    0.0,
    0.0,
    0.0,
    0.0,
    0.0,
    0.0,
    6e-05,
    0.00012,
    0.00068,
    0.00139,
    0.00363,
    0.0074,
    0.01438,
    0.02862,
    0.06003,
    0.15382,
    0.72987
  ],
  "Vitesse": [
    1e-05,
    0.00027,
    0.0029,
    0.01159,
    0.03186,
    0.06881,
    0.12158,
    0.16538,
    0.16587,
    0.13783,
    0.10459,
    0.07473,
    0.04859,
    0.03178,
    0.01927,
    0.00984,
    0.00466,
    0.00044
  ],
  "Willem II": [
    0.01412,
    0.21513,
    0.3263,
    0.22143,
    0.12468,
    0.05993,
    0.02494,
    0.00923,
    0.00283,
    0.00091,
    0.0004,
    7e-05,
    3e-05,
    0.0,
    0.0,
    0.0,
    0.0,
    0.0
  ],
  "Feyenoord": [
    0.89929,
    0.0853,
    0.01271,
    0.00228,
    0.00036,
    4e-05,
    1e-05,
    1e-05,
    0.0,
    0.0,
    0.0,
    0.0,
    0.0,
    0.0,
    0.0,
    0.0,
    0.0,
    0.0
  ]
}