{
  "Ath Bilbao": [
    0.00967,
    0.03415,
    0.11208,
    0.53901,
    0.16628,
    0.07425,
    0.03361,
    0.01618,
    0.00751,
    0.00398,
    0.00186,
    0.00091,
    0.00037,
    8e-05,
    6e-05,
    0.0,
    0.0,
    0.0,
    0.0,
    0.0
  ],
  "Getafe": [
    0.0,
    0.0,
    1e-05,
    0.00059,
    0.00292,
    0.00671,
    0.01235,
    0.01955,
    0.02912,
    0.0413,
    0.05996,
    0.07675,
    0.09634,
    0.11639,
    0.1295,
    0.12852,
    0.11198,
    0.08686,
    0.05577,
    0.02538
  ],
  "Betis": [
    0.0,
    6e-05,
    0.0006,
    0.01111,
    0.03862,
    0.06182,
    0.07951,
    0.09591,
    0.10939,
    0.11237,
    0.11095,
    0.10447,
    0.08865,
    0.07049,
    0.05136,
    0.03206,
    0.01943,
    0.00886,
    0.00354,
    0.0008
  ],
  "Girona": [
    2e-05,
    0.00038,
    0.00415,
    0.05488,
    0.13129,
    0.14865,
    0.14426,
    0.12792,
    0.10738,
    0.08625,
    0.06614,
    0.04821,
    0.03437,
    0.02219,
    0.013,
    0.00634,
    0.00296,
    0.00129,
    0.0003,
    2e-05
  ],
  "Celta": [
    0.0,
    0.0,
    0.00013,
    0.00552,
    0.02175,
    0.03935,
    0.05752,
    0.07279,
    0.08902,
    0.10296,
    0.11244,
    0.1131,
    0.10612,
    0.09257,
    0.07363,
    0.05287,
    0.03296,
    0.01781,
    0.00753,
    0.00193
  ],
  "Alaves": [
    0.0,
    0.0,
    0.0,
    8e-05,
    0.0007,
    0.00139,
    0.00314,
    0.00603,
    0.01077,
    0.01723,
    0.02527,
    0.04034,
    0.05702,
    0.08004,
    0.10942,
    0.13814,
    0.15652,
    0.14942,
    0.12499,
    0.0795
  ],
  "Las Palmas": [
    0.0,
    1e-05,
    0.0,
    0.00162,
    0.00742,
    0.01596,
    0.02794,
    0.04047,
    0.05545,
    0.07177,
    0.09164,
    0.10529,
    0.11784,
    0.12162,
    0.11089,
    0.09199,
    0.06576,
    0.04293,
    0.02267,
    0.00873
  ],
  "Sevilla": [
    0.0,
    0.0,
    2e-05,
    0.00191,
    0.00958,
    0.01852,
    0.0312,
    0.04505,
    0.06066,
    0.08061,
    0.09518,
    0.10949,
    0.11849,
    0.11729,
    0.10526,
    0.08354,
    0.06125,
    0.03639,
    0.019,
    0.00656
  ],
  "Osasuna": [
    0.0,
    1e-05,
    0.00032,
    0.00621,
    0.02483,
    0.04187,
    0.06256,
    0.08352,
    0.0998,
    0.11077,
    0.11403,
    0.11111,
    0.10132,
    0.08564,
    0.0631,
    0.04452,
    0.02826,
    0.01408,
    0.00639,
    0.00166
  ],
  "Leganes": [
    0.0,
    0.0,
    0.0,
    0.00013,
    0.0011,
    0.00251,
    0.00554,
    0.0102,
    0.01485,
    0.02517,
    0.03749,
    0.05185,
    0.0741,
    0.09497,
    0.12679,
    0.14746,
    0.14684,
    0.12524,
    0.08823,
    0.04753
  ],
  "Valencia": [
    0.0,
    0.0,
    0.0,
    0.0,
    6e-05,
    0.00013,
    0.00024,
    0.00075,
    0.00213,
    0.00344,
    0.00689,
    0.01262,
    0.02047,
    0.03304,
    0.05222,
    0.08051,
    0.12049,
    0.17318,
    0.2294,
    0.26443
  ],
  "Barcelona": [
    0.21753,
    0.30766,
    0.38949,
    0.07382,
    0.00921,
    0.00175,
    0.00038,
    0.00013,
    1e-05,
    1e-05,
    0.0,
    1e-05,
    0.0,
    0.0,
    0.0,
    0.0,
    0.0,
    0.0,
    0.0,
    0.0
  ],
  "Sociedad": [
    5e-05,
    0.00038,
    0.00338,
    0.05467,
    0.14561,
    0.15644,
    0.1468,
    0.12589,
    0.10624,
    0.08465,
    0.06398,
    0.04388,
    0.03033,
    0.01811,
    0.0108,
    0.00509,
    0.00259,
    0.00093,
    0.00017,
    1e-05
  ],
  "Vallecano": [
    0.0,
    7e-05,
    0.00061,
    0.01552,
    0.05657,
    0.08299,
    0.10312,
    0.11626,
    0.119,
    0.1143,
    0.10219,
    0.08775,
    0.06984,
    0.054,
    0.03591,
    0.02222,
    0.01198,
    0.00538,
    0.00193,
    0.00036
  ],
  "Mallorca": [
    3e-05,
    0.00032,
    0.00302,
    0.04929,
    0.14671,
    0.15954,
    0.15004,
    0.12923,
    0.1059,
    0.08307,
    0.06056,
    0.04492,
    0.0298,
    0.01858,
    0.01071,
    0.00514,
    0.00225,
    0.00067,
    0.0002,
    2e-05
  ],
  "Real Madrid": [
    0.38679,
    0.3325,
    0.23768,
    0.03749,
    0.00455,
    0.00075,
    0.00016,
    6e-05,
    1e-05,
    0.0,
    0.0,
    1e-05,
    0.0,
    0.0,
    0.0,
    0.0,
    0.0,
    0.0,
    0.0,
    0.0
  ],
  "Valladolid": [
    0.0,
    0.0,
    0.0,
    0.0,
    2e-05,
    3e-05,
    0.0001,
    0.00029,
    0.00065,
    0.00125,
    0.00274,
    0.00497,
    0.00971,
    0.01776,
    0.03064,
    0.05515,
    0.09207,
    0.15014,
    0.24376,
    0.39072
  ],
  "Espanol": [
    0.0,
    0.0,
    0.0,
    0.0,
    0.0001,
    0.00033,
    0.00093,
    0.00187,
    0.00388,
    0.00674,
    0.01126,
    0.01924,
    0.0313,
    0.04852,
    0.07254,
    0.1046,
    0.14377,
    0.18653,
    0.19605,
    0.17234
  ],
  "Villarreal": [
    9e-05,
    0.00122,
    0.00947,
    0.10254,
    0.22759,
    0.18604,
    0.14041,
    0.10786,
    0.07823,
    0.05413,
    0.03742,
    0.02508,
    0.01393,
    0.00871,
    0.00417,
    0.00185,
    0.00089,
    0.00029,
    7e-05,
    1e-05
  ],
  "Ath Madrid": [
    0.38582,
    0.32324,
    0.23904,
    0.04561,
    0.00509,
    0.00097,
    0.00019,
    4e-05,
    0.0,
    0.0,
    0.0,
    0.0,
    0.0,
    0.0,
    0.0,
    0.0,
    0.0,
    0.0,
    0.0,
    0.0
  ]
}