{
  "Internacional / RS": [
    0.00493,
    0.01377,
    0.02839,
    0.04755,
    0.08111,
    0.10978,
    0.13544,
    0.14411,
    0.13349,
    0.10272,
    0.07521,
    0.05181,
    0.03471,
    0.01933,
    0.00965,
    0.00534,
    0.002,
    0.00055,
    0.00011,
    0.0
  ],
  "Bahia / BA": [
    0.02854,
    0.05795,
    0.09639,
    0.1373,
    0.17509,
    0.15193,
    0.11921,
    0.08836,
    0.06075,
    0.03824,
    0.02218,
    0.01239,
    0.00649,
    0.00326,
    0.00126,
    0.00052,
    9e-05,
    5e-05,
    0.0,
    0.0
  ],
  "Criciúma / SC": [
    0.00016,
    0.00064,
    0.0018,
    0.00528,
    0.0125,
    0.02357,
    0.03872,
    0.05876,
    0.08013,
    0.10438,
    0.12088,
    0.12487,
    0.1214,
    0.10457,
    0.08222,
    0.0579,
    0.0362,
    0.0186,
    0.00647,
    0.00095
  ],
  "Juventude / RS": [
    4e-05,
    0.00027,
    0.00084,
    0.00294,
    0.00758,
    0.01549,
    0.02791,
    0.04539,
    0.06782,
    0.09695,
    0.12015,
    0.13459,
    0.13248,
    0.11988,
    0.09681,
    0.06618,
    0.03885,
    0.01932,
    0.00573,
    0.00078
  ],
  "Fluminense / RJ": [
    0.0,
    0.0,
    0.0,
    0.0,
    3e-05,
    9e-05,
    0.00025,
    0.00069,
    0.00155,
    0.00366,
    0.00787,
    0.01522,
    0.02694,
    0.04507,
    0.07254,
    0.11556,
    0.17082,
    0.23247,
    0.21215,
    0.09509
  ],
  "Red Bull Bragantino / SP": [
    0.00273,
    0.0088,
    0.02032,
    0.0425,
    0.07132,
    0.10511,
    0.12726,
    0.13926,
    0.14067,
    0.11334,
    0.08613,
    0.05934,
    0.03837,
    0.02275,
    0.01287,
    0.00601,
    0.0024,
    0.00064,
    0.00015,
    3e-05
  ],
  "São Paulo / SP": [
    0.00893,
    0.02487,
    0.04957,
    0.08352,
    0.12355,
    0.15228,
    0.15254,
    0.1325,
    0.10123,
    0.07029,
    0.04641,
    0.02612,
    0.01492,
    0.00739,
    0.00382,
    0.00147,
    0.00047,
    9e-05,
    3e-05,
    0.0
  ],
  "Fortaleza / CE": [
    6e-05,
    0.00026,
    0.00136,
    0.00317,
    0.0088,
    0.01886,
    0.03451,
    0.05718,
    0.08191,
    0.11305,
    0.13026,
    0.1356,
    0.12807,
    0.11033,
    0.07943,
    0.05064,
    0.02886,
    0.01317,
    0.0039,
    0.00058
  ],
  "Vasco da Gama / RJ": [
    0.0,
    0.0,
    0.0,
    0.0,
    0.0,
    0.0,
    0.0,
    0.0,
    0.0,
    2e-05,
    6e-05,
    0.00028,
    0.00063,
    0.00164,
    0.00467,
    0.01233,
    0.03035,
    0.07731,
    0.21164,
    0.66107
  ],
  "Grêmio / RS": [
    0.0,
    2e-05,
    1e-05,
    3e-05,
    0.00024,
    0.00085,
    0.00222,
    0.00513,
    0.01,
    0.01936,
    0.03161,
    0.05192,
    0.07317,
    0.10697,
    0.14152,
    0.16449,
    0.16373,
    0.13226,
    0.07575,
    0.02072
  ],
  "Corinthians / SP": [
    1e-05,
    1e-05,
    6e-05,
    0.00021,
    0.00072,
    0.0014,
    0.00432,
    0.00953,
    0.0172,
    0.03095,
    0.05185,
    0.07569,
    0.10514,
    0.13394,
    0.15396,
    0.15658,
    0.12778,
    0.08303,
    0.03845,
    0.00917
  ],
  "Atlético Mineiro / MG": [
    0.00999,
    0.0241,
    0.04451,
    0.07609,
    0.11669,
    0.14748,
    0.15307,
    0.1302,
    0.10505,
    0.07755,
    0.04995,
    0.03007,
    0.01826,
    0.00955,
    0.00455,
    0.00198,
    0.00061,
    0.00024,
    6e-05,
    0.0
  ],
  "Athletico Paranaense / PR": [
    0.11238,
    0.16962,
    0.19502,
    0.18893,
    0.13523,
    0.08703,
    0.05292,
    0.02978,
    0.01618,
    0.00744,
    0.00333,
    0.00134,
    0.00051,
    0.00018,
    9e-05,
    1e-05,
    1e-05,
    0.0,
    0.0,
    0.0
  ],
  "Cuiabá / MT": [
    2e-05,
    0.00016,
    0.00037,
    0.00089,
    0.00303,
    0.00761,
    0.01416,
    0.0279,
    0.04787,
    0.0738,
    0.09746,
    0.12276,
    0.13742,
    0.13699,
    0.12083,
    0.09513,
    0.06451,
    0.0336,
    0.0128,
    0.00269
  ],
  "Atlético Goianiense / GO": [
    0.0,
    1e-05,
    0.0,
    1e-05,
    9e-05,
    0.00034,
    0.00081,
    0.00238,
    0.00523,
    0.01073,
    0.02098,
    0.03448,
    0.05539,
    0.08538,
    0.1268,
    0.16692,
    0.19313,
    0.16821,
    0.09868,
    0.03043
  ],
  "Flamengo / RJ": [
    0.42437,
    0.242,
    0.15094,
    0.08982,
    0.04768,
    0.02437,
    0.01145,
    0.00554,
    0.00231,
    0.001,
    0.00025,
    0.00016,
    7e-05,
    2e-05,
    2e-05,
    0.0,
    0.0,
    0.0,
    0.0,
    0.0
  ],
  "Cruzeiro / MG": [
    0.00056,
    0.00166,
    0.0051,
    0.01199,
    0.02551,
    0.04485,
    0.06485,
    0.09006,
    0.11159,
    0.12841,
    0.13002,
    0.11694,
    0.09532,
    0.07273,
    0.04998,
    0.02814,
    0.01459,
    0.00603,
    0.0015,
    0.00017
  ],
  "Botafogo / RJ": [
    0.21337,
    0.22964,
    0.20027,
    0.15175,
    0.09209,
    0.05253,
    0.02998,
    0.01606,
    0.00808,
    0.00369,
    0.00153,
    0.00064,
    0.00028,
    7e-05,
    2e-05,
    0.0,
    0.0,
    0.0,
    0.0,
    0.0
  ],
  "Vitória / BA": [
    0.0,
    0.0,
    0.0,
    0.0,
    0.0,
    1e-05,
    7e-05,
    0.00014,
    0.0003,
    0.00105,
    0.00249,
    0.00517,
    0.01016,
    0.01992,
    0.03896,
    0.0708,
    0.1256,
    0.21443,
    0.33258,
    0.17832
  ],
  "Palmeiras / SP": [
    0.19391,
    0.22622,
    0.20505,
    0.15802,
    0.09874,
    0.05642,
    0.03031,
    0.01703,
    0.00864,
    0.00337,
    0.00138,
    0.00061,
    0.00027,
    3e-05,
    0.0,
    0.0,
    0.0,
    0.0,
    0.0,
    0.0
  ]
}