{
  "Palmeiras / SP": [
    0.07677,
    0.28133,
    0.21069,
    0.14609,
    0.10358,
    0.07113,
    0.04525,
    0.02878,
    0.01682,
    0.01008,
    0.00501,
    0.00266,
    0.00104,
    0.00055,
    0.00015,
    6e-05,
    1e-05,
    0.0,
    0.0,
    0.0
  ],
  "Cuiabá / MT": [
    0.00015,
    0.00222,
    0.00629,
    0.01278,
    0.02334,
    0.03736,
    0.05129,
    0.06967,
    0.08492,
    0.09308,
    0.09898,
    0.09984,
    0.09807,
    0.09261,
    0.0802,
    0.06338,
    0.04331,
    0.02655,
    0.01236,
    0.0036
  ],
  "América / MG": [
    0.0,
    0.0,
    0.0,
    3e-05,
    0.00015,
    0.00036,
    0.00087,
    0.00188,
    0.00373,
    0.00587,
    0.00903,
    0.01482,
    0.02331,
    0.03837,
    0.05518,
    0.08382,
    0.12127,
    0.1714,
    0.22276,
    0.24715
  ],
  "Fluminense / RJ": [
    0.02542,
    0.12278,
    0.15388,
    0.15499,
    0.1414,
    0.11811,
    0.09306,
    0.06678,
    0.04601,
    0.03109,
    0.02046,
    0.01226,
    0.0072,
    0.00402,
    0.00155,
    0.00077,
    0.00018,
    4e-05,
    0.0,
    0.0
  ],
  "Botafogo / RJ": [
    0.8105,
    0.12976,
    0.03855,
    0.01374,
    0.0051,
    0.0015,
    0.00058,
    0.00018,
    5e-05,
    3e-05,
    0.0,
    1e-05,
    0.0,
    0.0,
    0.0,
    0.0,
    0.0,
    0.0,
    0.0,
    0.0
  ],
  "São Paulo / SP": [
    0.0001,
    0.00199,
    0.00617,
    0.01283,
    0.02283,
    0.03376,
    0.04827,
    0.06583,
    0.08086,
    0.09465,
    0.10453,
    0.11037,
    0.10963,
    0.09303,
    0.08019,
    0.06381,
    0.03934,
    0.02055,
    0.00896,
    0.0023
  ],
  "Red Bull Bragantino / SP": [
    0.00889,
    0.06363,
    0.09664,
    0.11782,
    0.12824,
    0.12879,
    0.1182,
    0.10047,
    0.0777,
    0.05867,
    0.03982,
    0.02569,
    0.01659,
    0.01073,
    0.00505,
    0.00212,
    0.00072,
    0.00017,
    6e-05,
    0.0
  ],
  "Bahia / BA": [
    0.0,
    6e-05,
    0.00018,
    0.00063,
    0.00138,
    0.00313,
    0.00568,
    0.01067,
    0.01829,
    0.02697,
    0.04078,
    0.05135,
    0.07069,
    0.10044,
    0.12642,
    0.14962,
    0.14799,
    0.12069,
    0.08266,
    0.04237
  ],
  "Athletico Paranaense / PR": [
    0.00688,
    0.04836,
    0.08295,
    0.11017,
    0.12728,
    0.13276,
    0.12766,
    0.10588,
    0.08578,
    0.06242,
    0.04262,
    0.02893,
    0.01916,
    0.01105,
    0.00483,
    0.00242,
    0.0007,
    0.00013,
    2e-05,
    0.0
  ],
  "Goiás / GO": [
    1e-05,
    0.00063,
    0.00152,
    0.00353,
    0.00651,
    0.01141,
    0.01791,
    0.03042,
    0.04504,
    0.06422,
    0.0758,
    0.08995,
    0.10718,
    0.11116,
    0.11712,
    0.10444,
    0.08811,
    0.06728,
    0.0404,
    0.01736
  ],
  "Fortaleza / CE": [
    0.00111,
    0.01386,
    0.03058,
    0.04734,
    0.06487,
    0.08454,
    0.10051,
    0.11112,
    0.10966,
    0.10227,
    0.09547,
    0.07859,
    0.06076,
    0.04389,
    0.02782,
    0.01675,
    0.00757,
    0.00252,
    0.00071,
    6e-05
  ],
  "Internacional / RS": [
    9e-05,
    0.00137,
    0.00421,
    0.00922,
    0.01684,
    0.0275,
    0.04136,
    0.05878,
    0.07561,
    0.09331,
    0.10677,
    0.1175,
    0.11343,
    0.10584,
    0.08861,
    0.06621,
    0.04032,
    0.02184,
    0.00908,
    0.00211
  ],
  "Atlético Mineiro / MG": [
    0.00062,
    0.009,
    0.02109,
    0.03508,
    0.05312,
    0.07024,
    0.09034,
    0.10391,
    0.11069,
    0.10869,
    0.10053,
    0.08616,
    0.07121,
    0.05557,
    0.04014,
    0.02423,
    0.01241,
    0.00511,
    0.00167,
    0.00019
  ],
  "Vasco da Gama / RJ": [
    0.0,
    0.0,
    4e-05,
    0.00011,
    0.00031,
    0.00061,
    0.00143,
    0.00272,
    0.00513,
    0.00811,
    0.01337,
    0.02078,
    0.0324,
    0.04833,
    0.07124,
    0.10568,
    0.15207,
    0.18078,
    0.19203,
    0.16486
  ],
  "Flamengo / RJ": [
    0.01549,
    0.10776,
    0.14079,
    0.15544,
    0.14524,
    0.12466,
    0.10008,
    0.07422,
    0.05157,
    0.03459,
    0.02195,
    0.0142,
    0.00776,
    0.00392,
    0.00157,
    0.00056,
    0.00017,
    3e-05,
    0.0,
    0.0
  ],
  "Coritiba / PR": [
    0.0,
    0.0,
    0.0,
    1e-05,
    4e-05,
    7e-05,
    0.00021,
    0.00068,
    0.00124,
    0.0025,
    0.00445,
    0.00746,
    0.01284,
    0.02071,
    0.03406,
    0.05621,
    0.09363,
    0.14524,
    0.23147,
    0.38918
  ],
  "Corinthians / SP": [
    0.00018,
    0.00207,
    0.00646,
    0.0121,
    0.02085,
    0.03179,
    0.04319,
    0.05718,
    0.07331,
    0.08385,
    0.09347,
    0.10014,
    0.10041,
    0.10156,
    0.09069,
    0.07483,
    0.05337,
    0.0328,
    0.01651,
    0.00524
  ],
  "Cruzeiro / MG": [
    7e-05,
    0.00134,
    0.00512,
    0.01173,
    0.01999,
    0.03264,
    0.04738,
    0.06373,
    0.0785,
    0.09031,
    0.09922,
    0.10417,
    0.10257,
    0.09769,
    0.08841,
    0.07004,
    0.04673,
    0.02554,
    0.01149,
    0.00333
  ],
  "Grêmio / RS": [
    0.05372,
    0.21383,
    0.19483,
    0.15627,
    0.11861,
    0.08887,
    0.06489,
    0.04323,
    0.02844,
    0.01675,
    0.00959,
    0.00588,
    0.00296,
    0.00139,
    0.00055,
    0.00015,
    3e-05,
    1e-05,
    0.0,
    0.0
  ],
  "Santos / SP": [
    0.0,
    1e-05,
    1e-05,
    9e-05,
    0.00032,
    0.00077,
    0.00184,
    0.00387,
    0.00665,
    0.01254,
    0.01815,
    0.02924,
    0.04279,
    0.05914,
    0.08622,
    0.1149,
    0.15207,
    0.17932,
    0.16982,
    0.12225
  ]
}