{
  "Brentford": [
    3e-05,
    0.00021,
    0.00161,
    0.0102,
    0.0235,
    0.03793,
    0.05579,
    0.07264,
    0.09773,
    0.1182,
    0.1261,
    0.12592,
    0.11263,
    0.09116,
    0.06301,
    0.0366,
    0.01862,
    0.00688,
    0.0012,
    4e-05
  ],
  "Arsenal": [
    0.00252,
    0.01177,
    0.04524,
    0.1513,
    0.18921,
    0.1607,
    0.12729,
    0.09646,
    0.07292,
    0.05257,
    0.03754,
    0.02491,
    0.01502,
    0.00799,
    0.0032,
    0.00101,
    0.0003,
    5e-05,
    0.0,
    0.0
  ],
  "Man United": [
    0.00091,
    0.00536,
    0.02415,
    0.09178,
    0.14106,
    0.14964,
    0.14069,
    0.12128,
    0.09936,
    0.07559,
    0.05736,
    0.0416,
    0.027,
    0.01419,
    0.00661,
    0.00243,
    0.00076,
    0.00022,
    1e-05,
    0.0
  ],
  "Leeds": [
    0.0,
    0.0,
    0.0,
    8e-05,
    0.00046,
    0.0009,
    0.00208,
    0.00432,
    0.00797,
    0.01421,
    0.02424,
    0.03848,
    0.06427,
    0.10412,
    0.15389,
    0.1936,
    0.19067,
    0.15028,
    0.04465,
    0.00578
  ],
  "Burnley": [
    0.0,
    0.0,
    0.0,
    0.0,
    3e-05,
    9e-05,
    0.00032,
    0.00091,
    0.00186,
    0.00391,
    0.0077,
    0.01446,
    0.02765,
    0.05498,
    0.09874,
    0.15222,
    0.21335,
    0.27334,
    0.12453,
    0.02591
  ],
  "Brighton": [
    0.00126,
    0.00573,
    0.02361,
    0.09586,
    0.14165,
    0.15392,
    0.14161,
    0.12106,
    0.09634,
    0.07481,
    0.05511,
    0.04005,
    0.02527,
    0.0144,
    0.00602,
    0.00235,
    0.00074,
    0.00021,
    0.0,
    0.0
  ],
  "Chelsea": [
    0.51985,
    0.2832,
    0.15051,
    0.03443,
    0.00849,
    0.00233,
    0.00088,
    0.00021,
    8e-05,
    2e-05,
    0.0,
    0.0,
    0.0,
    0.0,
    0.0,
    0.0,
    0.0,
    0.0,
    0.0,
    0.0
  ],
  "Crystal Palace": [
    0.00013,
    0.00123,
    0.0078,
    0.04124,
    0.07548,
    0.10045,
    0.11638,
    0.12302,
    0.12156,
    0.10911,
    0.09546,
    0.07787,
    0.05905,
    0.03727,
    0.01993,
    0.00926,
    0.00373,
    0.00095,
    7e-05,
    1e-05
  ],
  "Everton": [
    0.0,
    5e-05,
    0.00045,
    0.00329,
    0.00885,
    0.01859,
    0.03048,
    0.0451,
    0.06231,
    0.08275,
    0.10108,
    0.12962,
    0.15463,
    0.14636,
    0.10464,
    0.06351,
    0.03321,
    0.01274,
    0.00223,
    0.00011
  ],
  "Southampton": [
    0.0,
    2e-05,
    0.00021,
    0.00217,
    0.00553,
    0.01173,
    0.01904,
    0.03013,
    0.04691,
    0.06706,
    0.08868,
    0.11575,
    0.13855,
    0.15354,
    0.1322,
    0.09448,
    0.05949,
    0.02779,
    0.00619,
    0.00053
  ],
  "Leicester": [
    4e-05,
    0.00051,
    0.00396,
    0.02134,
    0.04455,
    0.06486,
    0.08724,
    0.10574,
    0.11412,
    0.12172,
    0.12288,
    0.10839,
    0.08699,
    0.05882,
    0.03376,
    0.01617,
    0.00677,
    0.00188,
    0.00025,
    1e-05
  ],
  "Wolves": [
    7e-05,
    0.00053,
    0.00322,
    0.01782,
    0.03795,
    0.05943,
    0.07812,
    0.09556,
    0.11178,
    0.12328,
    0.1271,
    0.11727,
    0.09774,
    0.06598,
    0.0366,
    0.01767,
    0.00735,
    0.00226,
    0.00024,
    3e-05
  ],
  "Watford": [
    0.0,
    0.0,
    0.0,
    1e-05,
    0.0001,
    0.00029,
    0.00073,
    0.00153,
    0.00304,
    0.00593,
    0.01057,
    0.02074,
    0.03903,
    0.0754,
    0.12996,
    0.18387,
    0.22682,
    0.20846,
    0.08055,
    0.01297
  ],
  "Aston Villa": [
    0.0,
    1e-05,
    2e-05,
    0.0001,
    0.00054,
    0.00156,
    0.00315,
    0.00645,
    0.01059,
    0.01847,
    0.03168,
    0.05086,
    0.08496,
    0.13242,
    0.17887,
    0.18586,
    0.15643,
    0.10376,
    0.03037,
    0.0039
  ],
  "Norwich": [
    0.0,
    0.0,
    0.0,
    0.0,
    0.0,
    0.0,
    0.0,
    0.0,
    0.0,
    1e-05,
    3e-05,
    6e-05,
    0.00011,
    0.00037,
    0.00137,
    0.00433,
    0.01445,
    0.05101,
    0.24009,
    0.68817
  ],
  "Liverpool": [
    0.18678,
    0.29104,
    0.34487,
    0.11472,
    0.03832,
    0.01466,
    0.00523,
    0.00271,
    0.001,
    0.00042,
    0.00018,
    5e-05,
    1e-05,
    1e-05,
    0.0,
    0.0,
    0.0,
    0.0,
    0.0,
    0.0
  ],
  "Newcastle": [
    0.0,
    0.0,
    0.0,
    0.0,
    0.0,
    1e-05,
    0.0,
    0.0,
    1e-05,
    5e-05,
    0.0002,
    0.0005,
    0.00159,
    0.0042,
    0.01059,
    0.02781,
    0.06367,
    0.15933,
    0.4695,
    0.26254
  ],
  "West Ham": [
    0.01209,
    0.04242,
    0.12318,
    0.30484,
    0.19103,
    0.11979,
    0.07707,
    0.05104,
    0.0324,
    0.02079,
    0.0127,
    0.00698,
    0.00355,
    0.00146,
    0.00047,
    0.00015,
    4e-05,
    0.0,
    0.0,
    0.0
  ],
  "Tottenham": [
    0.00016,
    0.00111,
    0.00782,
    0.03856,
    0.07268,
    0.09647,
    0.11134,
    0.12085,
    0.11964,
    0.11095,
    0.10134,
    0.08646,
    0.06191,
    0.03733,
    0.02014,
    0.00868,
    0.0036,
    0.00084,
    0.00012,
    0.0
  ],
  "Man City": [
    0.27616,
    0.35681,
    0.26335,
    0.07226,
    0.02057,
    0.00665,
    0.00256,
    0.00099,
    0.00038,
    0.00015,
    5e-05,
    3e-05,
    4e-05,
    0.0,
    0.0,
    0.0,
    0.0,
    0.0,
    0.0,
    0.0
  ]
}