{
  "Brentford": [
    0.00433,
    0.01853,
    0.03006,
    0.04046,
    0.04939,
    0.05478,
    0.06453,
    0.06576,
    0.07307,
    0.07621,
    0.07748,
    0.0749,
    0.07121,
    0.06466,
    0.05841,
    0.05174,
    0.04525,
    0.03585,
    0.02715,
    0.01623
  ],
  "Arsenal": [
    0.09647,
    0.20006,
    0.16503,
    0.13007,
    0.10127,
    0.07862,
    0.05924,
    0.04548,
    0.03514,
    0.02641,
    0.01908,
    0.01405,
    0.0102,
    0.00699,
    0.00522,
    0.00315,
    0.0018,
    0.00105,
    0.00054,
    0.00013
  ],
  "Man United": [
    0.01195,
    0.03791,
    0.05456,
    0.06783,
    0.07601,
    0.08192,
    0.08294,
    0.08104,
    0.07988,
    0.07361,
    0.06675,
    0.05868,
    0.05245,
    0.04639,
    0.03915,
    0.03111,
    0.02419,
    0.01688,
    0.01132,
    0.00543
  ],
  "Leeds": [
    0.00027,
    0.00161,
    0.00377,
    0.00655,
    0.01027,
    0.01568,
    0.02125,
    0.02882,
    0.03571,
    0.04484,
    0.05424,
    0.06179,
    0.07205,
    0.08085,
    0.08668,
    0.09515,
    0.10134,
    0.10257,
    0.09707,
    0.07949
  ],
  "Burnley": [
    2e-05,
    0.0002,
    0.00053,
    0.00118,
    0.00216,
    0.00361,
    0.00595,
    0.00861,
    0.01215,
    0.01643,
    0.02213,
    0.03075,
    0.03912,
    0.05142,
    0.06276,
    0.08059,
    0.10587,
    0.13452,
    0.17579,
    0.24621
  ],
  "Brighton": [
    0.01003,
    0.03525,
    0.05245,
    0.06669,
    0.07587,
    0.08315,
    0.08665,
    0.08521,
    0.08178,
    0.07729,
    0.07045,
    0.06299,
    0.05511,
    0.04553,
    0.03656,
    0.02892,
    0.0212,
    0.01357,
    0.00809,
    0.00321
  ],
  "Chelsea": [
    0.67458,
    0.17406,
    0.07235,
    0.03579,
    0.01893,
    0.01061,
    0.00606,
    0.00342,
    0.00188,
    0.00118,
    0.00056,
    0.00029,
    0.00019,
    7e-05,
    0.0,
    2e-05,
    1e-05,
    0.0,
    0.0,
    0.0
  ],
  "Crystal Palace": [
    0.00014,
    0.00114,
    0.00293,
    0.00522,
    0.00836,
    0.01274,
    0.01738,
    0.02434,
    0.03167,
    0.03859,
    0.04987,
    0.05772,
    0.06563,
    0.08207,
    0.09188,
    0.10002,
    0.10454,
    0.11015,
    0.10525,
    0.09036
  ],
  "Everton": [
    0.03673,
    0.09372,
    0.1095,
    0.10913,
    0.10319,
    0.09487,
    0.08537,
    0.07543,
    0.06346,
    0.05472,
    0.04316,
    0.03485,
    0.02979,
    0.02309,
    0.01634,
    0.01168,
    0.0072,
    0.0045,
    0.0024,
    0.00087
  ],
  "Southampton": [
    0.00029,
    0.00149,
    0.00362,
    0.00616,
    0.00999,
    0.01437,
    0.01988,
    0.02562,
    0.03439,
    0.04027,
    0.05017,
    0.05815,
    0.0694,
    0.07686,
    0.08647,
    0.09626,
    0.10336,
    0.10644,
    0.10766,
    0.08915
  ],
  "Leicester": [
    0.00036,
    0.00189,
    0.00465,
    0.00757,
    0.0114,
    0.01628,
    0.02247,
    0.0287,
    0.03651,
    0.04245,
    0.05477,
    0.06593,
    0.07377,
    0.08153,
    0.09005,
    0.09534,
    0.10032,
    0.09961,
    0.09282,
    0.07358
  ],
  "Wolves": [
    0.00456,
    0.01911,
    0.03117,
    0.04418,
    0.05545,
    0.06487,
    0.0725,
    0.07829,
    0.07958,
    0.08604,
    0.08429,
    0.0789,
    0.07002,
    0.06102,
    0.05219,
    0.04238,
    0.03161,
    0.02289,
    0.01457,
    0.00638
  ],
  "Watford": [
    0.00039,
    0.00214,
    0.00478,
    0.00891,
    0.01347,
    0.0181,
    0.02476,
    0.03247,
    0.04254,
    0.05004,
    0.05883,
    0.06621,
    0.0744,
    0.08053,
    0.08926,
    0.09427,
    0.09293,
    0.0923,
    0.08447,
    0.0692
  ],
  "Aston Villa": [
    0.00994,
    0.03682,
    0.05729,
    0.07066,
    0.07912,
    0.08442,
    0.08513,
    0.0866,
    0.08208,
    0.07437,
    0.06546,
    0.058,
    0.05131,
    0.04325,
    0.03563,
    0.02885,
    0.02123,
    0.01487,
    0.00997,
    0.005
  ],
  "Norwich": [
    1e-05,
    0.00014,
    0.00038,
    0.00085,
    0.00172,
    0.00307,
    0.00528,
    0.00733,
    0.01092,
    0.01494,
    0.01945,
    0.02693,
    0.03555,
    0.04662,
    0.06179,
    0.07861,
    0.10333,
    0.13555,
    0.18221,
    0.26532
  ],
  "Liverpool": [
    0.04033,
    0.10068,
    0.11525,
    0.11305,
    0.1051,
    0.0948,
    0.08278,
    0.07243,
    0.0603,
    0.051,
    0.0414,
    0.03326,
    0.02705,
    0.02104,
    0.01567,
    0.01097,
    0.00761,
    0.00431,
    0.0022,
    0.00077
  ],
  "Newcastle": [
    0.00287,
    0.0133,
    0.02517,
    0.03524,
    0.0445,
    0.05353,
    0.0589,
    0.06438,
    0.06847,
    0.07024,
    0.07133,
    0.07183,
    0.06931,
    0.0706,
    0.06641,
    0.05933,
    0.05342,
    0.0447,
    0.03397,
    0.0225
  ],
  "West Ham": [
    0.08286,
    0.17983,
    0.15523,
    0.12662,
    0.1031,
    0.08169,
    0.06471,
    0.0515,
    0.03913,
    0.03132,
    0.02442,
    0.01839,
    0.01431,
    0.01039,
    0.00686,
    0.00467,
    0.00261,
    0.00148,
    0.00065,
    0.00023
  ],
  "Tottenham": [
    0.00104,
    0.00674,
    0.01338,
    0.02186,
    0.02914,
    0.03659,
    0.04557,
    0.05438,
    0.06175,
    0.06871,
    0.07424,
    0.08388,
    0.0859,
    0.08241,
    0.07964,
    0.07281,
    0.06324,
    0.05307,
    0.04075,
    0.0249
  ],
  "Man City": [
    0.02283,
    0.07538,
    0.0979,
    0.10198,
    0.10156,
    0.0963,
    0.08865,
    0.08019,
    0.06959,
    0.06134,
    0.05192,
    0.0425,
    0.03323,
    0.02468,
    0.01903,
    0.01413,
    0.00894,
    0.00569,
    0.00312,
    0.00104
  ]
}