{
  "M'gladbach": [
    0.0,
    0.0009,
    0.00582,
    0.01964,
    0.03631,
    0.05303,
    0.07499,
    0.10709,
    0.13913,
    0.18041,
    0.21128,
    0.1018,
    0.04108,
    0.01779,
    0.00724,
    0.00252,
    0.00078,
    0.00019
  ],
  "Leverkusen": [
    0.03731,
    0.6155,
    0.23703,
    0.06743,
    0.02592,
    0.01031,
    0.0042,
    0.00155,
    0.00056,
    0.00017,
    2e-05,
    0.0,
    0.0,
    0.0,
    0.0,
    0.0,
    0.0,
    0.0
  ],
  "Augsburg": [
    0.0,
    0.0,
    3e-05,
    0.00013,
    0.00045,
    0.00177,
    0.00389,
    0.00879,
    0.01944,
    0.04125,
    0.09196,
    0.19948,
    0.19956,
    0.16567,
    0.12346,
    0.0828,
    0.0446,
    0.01672
  ],
  "Werder Bremen": [
    0.0,
    0.00199,
    0.01427,
    0.04642,
    0.07389,
    0.1013,
    0.12655,
    0.14829,
    0.15938,
    0.1506,
    0.11119,
    0.04363,
    0.01488,
    0.00546,
    0.00155,
    0.00046,
    0.00014,
    0.0
  ],
  "Freiburg": [
    1e-05,
    0.00225,
    0.01466,
    0.04517,
    0.07099,
    0.09658,
    0.12088,
    0.144,
    0.16325,
    0.16217,
    0.11341,
    0.04444,
    0.01495,
    0.00523,
    0.00159,
    0.00034,
    8e-05,
    0.0
  ],
  "Stuttgart": [
    0.00017,
    0.01933,
    0.07488,
    0.14941,
    0.1633,
    0.1553,
    0.14094,
    0.11092,
    0.08443,
    0.05777,
    0.031,
    0.00933,
    0.00238,
    0.00066,
    0.00015,
    3e-05,
    0.0,
    0.0
  ],
  "Hoffenheim": [
    0.0,
    0.0,
    0.0,
    1e-05,
    5e-05,
    0.00014,
    0.00054,
    0.00091,
    0.0026,
    0.00762,
    0.02243,
    0.0697,
    0.1173,
    0.14949,
    0.17313,
    0.18536,
    0.15969,
    0.11103
  ],
  "Holstein Kiel": [
    0.0,
    0.0,
    0.0,
    0.0,
    0.0,
    0.0,
    6e-05,
    8e-05,
    0.00022,
    0.00076,
    0.00336,
    0.01714,
    0.03858,
    0.06777,
    0.10658,
    0.16343,
    0.25329,
    0.34873
  ],
  "Mainz": [
    0.00013,
    0.0182,
    0.07818,
    0.15647,
    0.16643,
    0.15174,
    0.13087,
    0.10821,
    0.0823,
    0.05789,
    0.03483,
    0.01098,
    0.00274,
    0.0008,
    0.00018,
    3e-05,
    1e-05,
    1e-05
  ],
  "Union Berlin": [
    0.0,
    0.0,
    2e-05,
    0.00014,
    0.00024,
    0.00075,
    0.00258,
    0.00545,
    0.01349,
    0.03211,
    0.07547,
    0.18038,
    0.19358,
    0.16978,
    0.13683,
    0.09851,
    0.06177,
    0.0289
  ],
  "RB Leipzig": [
    0.00035,
    0.03104,
    0.11146,
    0.20705,
    0.18026,
    0.15103,
    0.11341,
    0.08445,
    0.06129,
    0.03627,
    0.01824,
    0.00408,
    0.00085,
    0.00019,
    3e-05,
    0.0,
    0.0,
    0.0
  ],
  "Bochum": [
    0.0,
    0.0,
    0.0,
    0.0,
    0.0,
    0.0,
    2e-05,
    9e-05,
    0.00028,
    0.001,
    0.00438,
    0.01702,
    0.03874,
    0.067,
    0.10509,
    0.16317,
    0.24968,
    0.35353
  ],
  "Dortmund": [
    1e-05,
    0.00173,
    0.00993,
    0.03391,
    0.0601,
    0.08376,
    0.11078,
    0.13802,
    0.15474,
    0.16016,
    0.14512,
    0.06352,
    0.0246,
    0.0091,
    0.0032,
    0.00099,
    0.0003,
    3e-05
  ],
  "Ein Frankfurt": [
    0.00672,
    0.25753,
    0.40254,
    0.16569,
    0.08207,
    0.04344,
    0.0216,
    0.01142,
    0.00531,
    0.00239,
    0.00116,
    0.00011,
    2e-05,
    0.0,
    0.0,
    0.0,
    0.0,
    0.0
  ],
  "Wolfsburg": [
    3e-05,
    0.01022,
    0.04803,
    0.10822,
    0.13975,
    0.15034,
    0.14703,
    0.12655,
    0.10277,
    0.0821,
    0.05858,
    0.01898,
    0.00544,
    0.00135,
    0.00041,
    0.00014,
    6e-05,
    0.0
  ],
  "Bayern Munich": [
    0.95527,
    0.04131,
    0.00314,
    0.00021,
    6e-05,
    1e-05,
    0.0,
    0.0,
    0.0,
    0.0,
    0.0,
    0.0,
    0.0,
    0.0,
    0.0,
    0.0,
    0.0,
    0.0
  ],
  "St Pauli": [
    0.0,
    0.0,
    1e-05,
    5e-05,
    0.00011,
    0.00027,
    0.00089,
    0.00248,
    0.00632,
    0.01617,
    0.04679,
    0.13324,
    0.17645,
    0.1796,
    0.16498,
    0.13179,
    0.09074,
    0.05011
  ],
  "Heidenheim": [
    0.0,
    0.0,
    0.0,
    5e-05,
    7e-05,
    0.00023,
    0.00077,
    0.0017,
    0.00449,
    0.01116,
    0.03078,
    0.08617,
    0.12885,
    0.16011,
    0.17558,
    0.17043,
    0.13886,
    0.09075
  ]
}