{
  "Ath Bilbao": [
    0.00462,
    0.02623,
    0.0947,
    0.669,
    0.18515,
    0.01671,
    0.00286,
    0.00054,
    0.00015,
    4e-05,
    0.0,
    0.0,
    0.0,
    0.0,
    0.0,
    0.0,
    0.0,
    0.0,
    0.0,
    0.0
  ],
  "Getafe": [
    0.0,
    0.0,
    0.0,
    0.0009,
    0.01306,
    0.0728,
    0.10162,
    0.11206,
    0.11645,
    0.11717,
    0.11607,
    0.1067,
    0.09506,
    0.075,
    0.0408,
    0.02009,
    0.00859,
    0.0028,
    0.00083,
    0.0
  ],
  "Betis": [
    0.0,
    0.0,
    0.0,
    0.00121,
    0.02098,
    0.10251,
    0.12726,
    0.13026,
    0.12396,
    0.11527,
    0.10463,
    0.09144,
    0.0767,
    0.05468,
    0.02939,
    0.01406,
    0.00519,
    0.00194,
    0.00052,
    0.0
  ],
  "Girona": [
    0.0,
    0.0,
    1e-05,
    0.0007,
    0.01328,
    0.07381,
    0.10658,
    0.11189,
    0.11333,
    0.11336,
    0.10886,
    0.10349,
    0.0937,
    0.07471,
    0.04608,
    0.02377,
    0.01101,
    0.00422,
    0.0012,
    0.0
  ],
  "Celta": [
    0.0,
    0.0,
    0.0,
    0.00029,
    0.00775,
    0.05303,
    0.08027,
    0.0905,
    0.10031,
    0.10576,
    0.11029,
    0.11343,
    0.10899,
    0.09942,
    0.06433,
    0.03712,
    0.01792,
    0.0079,
    0.00269,
    0.0
  ],
  "Alaves": [
    0.0,
    0.0,
    0.0,
    0.0,
    4e-05,
    0.00054,
    0.00151,
    0.0034,
    0.00651,
    0.00991,
    0.01729,
    0.02779,
    0.04507,
    0.07494,
    0.12937,
    0.1643,
    0.1748,
    0.1745,
    0.16497,
    0.00506
  ],
  "Las Palmas": [
    0.0,
    0.0,
    0.0,
    0.0,
    2e-05,
    0.0004,
    0.00141,
    0.00269,
    0.00503,
    0.00942,
    0.0148,
    0.02535,
    0.0424,
    0.075,
    0.13596,
    0.16413,
    0.17308,
    0.17586,
    0.16919,
    0.00526
  ],
  "Sevilla": [
    0.0,
    0.0,
    0.0,
    0.00031,
    0.00634,
    0.04034,
    0.06291,
    0.07863,
    0.09083,
    0.10239,
    0.11131,
    0.11937,
    0.12213,
    0.11424,
    0.07477,
    0.0426,
    0.02142,
    0.00975,
    0.00266,
    0.0
  ],
  "Osasuna": [
    0.0,
    0.0,
    1e-05,
    0.0007,
    0.01083,
    0.06162,
    0.09637,
    0.10903,
    0.11257,
    0.11514,
    0.11475,
    0.10919,
    0.09923,
    0.08242,
    0.04759,
    0.02431,
    0.0108,
    0.00441,
    0.00102,
    1e-05
  ],
  "Leganes": [
    0.0,
    0.0,
    0.0,
    0.0,
    1e-05,
    0.00029,
    0.00085,
    0.00197,
    0.00399,
    0.0064,
    0.01108,
    0.01952,
    0.03493,
    0.05999,
    0.11742,
    0.1606,
    0.19327,
    0.20054,
    0.18464,
    0.0045
  ],
  "Valencia": [
    0.0,
    0.0,
    0.0,
    0.0,
    1e-05,
    0.00026,
    0.00087,
    0.00211,
    0.00379,
    0.00691,
    0.01193,
    0.01942,
    0.03533,
    0.06357,
    0.11852,
    0.159,
    0.18441,
    0.19823,
    0.18926,
    0.00638
  ],
  "Barcelona": [
    0.59399,
    0.26685,
    0.13022,
    0.00872,
    0.00022,
    0.0,
    0.0,
    0.0,
    0.0,
    0.0,
    0.0,
    0.0,
    0.0,
    0.0,
    0.0,
    0.0,
    0.0,
    0.0,
    0.0,
    0.0
  ],
  "Sociedad": [
    0.0,
    0.0,
    0.0,
    0.00015,
    0.00537,
    0.03145,
    0.05814,
    0.07851,
    0.09631,
    0.1076,
    0.1199,
    0.12906,
    0.1288,
    0.11504,
    0.06967,
    0.03664,
    0.01561,
    0.00617,
    0.00158,
    0.0
  ],
  "Vallecano": [
    0.0,
    2e-05,
    0.00012,
    0.01069,
    0.10941,
    0.30891,
    0.18647,
    0.12631,
    0.08886,
    0.0639,
    0.04339,
    0.02896,
    0.01791,
    0.00956,
    0.00376,
    0.00129,
    0.00034,
    9e-05,
    1e-05,
    0.0
  ],
  "Mallorca": [
    0.0,
    0.0,
    0.0,
    0.00103,
    0.01871,
    0.10593,
    0.13279,
    0.13409,
    0.12772,
    0.11869,
    0.10629,
    0.0915,
    0.07275,
    0.05098,
    0.02441,
    0.01011,
    0.00374,
    0.00107,
    0.00019,
    0.0
  ],
  "Real Madrid": [
    0.23808,
    0.37149,
    0.34449,
    0.04209,
    0.00378,
    7e-05,
    0.0,
    0.0,
    0.0,
    0.0,
    0.0,
    0.0,
    0.0,
    0.0,
    0.0,
    0.0,
    0.0,
    0.0,
    0.0,
    0.0
  ],
  "Valladolid": [
    0.0,
    0.0,
    0.0,
    0.0,
    0.0,
    0.0,
    0.0,
    0.0,
    0.0,
    0.0,
    0.0,
    0.0,
    0.0,
    0.0,
    7e-05,
    0.00029,
    0.00106,
    0.00374,
    0.02248,
    0.97236
  ],
  "Espanol": [
    0.0,
    0.0,
    0.0,
    0.0,
    2e-05,
    0.00019,
    0.00064,
    0.0013,
    0.0026,
    0.00434,
    0.00778,
    0.01389,
    0.02663,
    0.05035,
    0.09784,
    0.14169,
    0.17876,
    0.20878,
    0.25876,
    0.00643
  ],
  "Villarreal": [
    0.00012,
    0.00115,
    0.00997,
    0.18877,
    0.59861,
    0.13093,
    0.03944,
    0.01671,
    0.00759,
    0.0037,
    0.00163,
    0.00089,
    0.00037,
    0.0001,
    2e-05,
    0.0,
    0.0,
    0.0,
    0.0,
    0.0
  ],
  "Ath Madrid": [
    0.16319,
    0.33426,
    0.42048,
    0.07544,
    0.00641,
    0.00021,
    1e-05,
    0.0,
    0.0,
    0.0,
    0.0,
    0.0,
    0.0,
    0.0,
    0.0,
    0.0,
    0.0,
    0.0,
    0.0,
    0.0
  ]
}