{
  "Brentford": [
    0.0,
    0.0,
    0.0,
    0.00059,
    0.00237,
    0.00704,
    0.02067,
    0.04591,
    0.08376,
    0.12057,
    0.13401,
    0.15788,
    0.15421,
    0.1237,
    0.09139,
    0.04079,
    0.01385,
    0.003,
    0.00026,
    0.0
  ],
  "Arsenal": [
    0.0,
    0.00105,
    0.01337,
    0.27296,
    0.27516,
    0.21207,
    0.12856,
    0.05565,
    0.02375,
    0.01,
    0.00477,
    0.00179,
    0.00064,
    0.00022,
    1e-05,
    0.0,
    0.0,
    0.0,
    0.0,
    0.0
  ],
  "Man United": [
    0.0,
    0.00024,
    0.00282,
    0.09566,
    0.1548,
    0.20732,
    0.23535,
    0.13903,
    0.07582,
    0.0418,
    0.02368,
    0.0136,
    0.00642,
    0.00255,
    0.00069,
    0.00019,
    3e-05,
    0.0,
    0.0,
    0.0
  ],
  "Leeds": [
    0.0,
    0.0,
    0.0,
    0.0,
    0.0,
    3e-05,
    5e-05,
    0.00056,
    0.00164,
    0.00389,
    0.00839,
    0.01737,
    0.03273,
    0.0721,
    0.14402,
    0.26858,
    0.26178,
    0.15216,
    0.03592,
    0.00078
  ],
  "Burnley": [
    0.0,
    0.0,
    0.0,
    0.0,
    0.0,
    0.0,
    1e-05,
    3e-05,
    0.00014,
    0.00057,
    0.00132,
    0.00388,
    0.00881,
    0.02166,
    0.0562,
    0.13388,
    0.2372,
    0.35164,
    0.1726,
    0.01206
  ],
  "Brighton": [
    0.0,
    0.0,
    5e-05,
    0.00409,
    0.01531,
    0.03886,
    0.08041,
    0.14833,
    0.17042,
    0.15327,
    0.13532,
    0.10513,
    0.07754,
    0.04465,
    0.02017,
    0.00515,
    0.0012,
    0.0001,
    0.0,
    0.0
  ],
  "Chelsea": [
    0.01282,
    0.29339,
    0.65983,
    0.02919,
    0.00394,
    0.00068,
    0.00015,
    0.0,
    0.0,
    0.0,
    0.0,
    0.0,
    0.0,
    0.0,
    0.0,
    0.0,
    0.0,
    0.0,
    0.0,
    0.0
  ],
  "Crystal Palace": [
    0.0,
    0.0,
    0.0,
    0.00073,
    0.00419,
    0.01336,
    0.03677,
    0.08258,
    0.12584,
    0.14899,
    0.14892,
    0.14252,
    0.126,
    0.09384,
    0.05183,
    0.0182,
    0.00539,
    0.00081,
    3e-05,
    0.0
  ],
  "Everton": [
    0.0,
    0.0,
    0.0,
    4e-05,
    0.0003,
    0.00097,
    0.00414,
    0.01228,
    0.02633,
    0.04525,
    0.06543,
    0.09581,
    0.14729,
    0.20808,
    0.20277,
    0.11565,
    0.05379,
    0.01863,
    0.0032,
    4e-05
  ],
  "Southampton": [
    0.0,
    0.0,
    0.0,
    1e-05,
    0.00021,
    0.00065,
    0.00296,
    0.00902,
    0.02244,
    0.04039,
    0.06082,
    0.09551,
    0.13207,
    0.18203,
    0.22003,
    0.13951,
    0.06842,
    0.02241,
    0.00349,
    3e-05
  ],
  "Leicester": [
    0.0,
    0.0,
    0.00022,
    0.01844,
    0.0443,
    0.08401,
    0.13887,
    0.19152,
    0.16025,
    0.12473,
    0.09626,
    0.06591,
    0.0413,
    0.02185,
    0.0094,
    0.00246,
    0.00044,
    4e-05,
    0.0,
    0.0
  ],
  "Wolves": [
    0.0,
    0.0,
    1e-05,
    0.00207,
    0.00725,
    0.02017,
    0.0489,
    0.10139,
    0.13776,
    0.15428,
    0.16138,
    0.14065,
    0.11034,
    0.07141,
    0.03261,
    0.00966,
    0.00188,
    0.00023,
    1e-05,
    0.0
  ],
  "Watford": [
    0.0,
    0.0,
    0.0,
    0.0,
    0.0,
    0.0,
    0.0,
    0.00023,
    0.00064,
    0.00161,
    0.00436,
    0.00829,
    0.01857,
    0.046,
    0.10019,
    0.21516,
    0.27394,
    0.23442,
    0.0917,
    0.00489
  ],
  "Aston Villa": [
    0.0,
    0.0,
    0.0,
    0.00078,
    0.00406,
    0.01252,
    0.03356,
    0.07829,
    0.10888,
    0.12644,
    0.14154,
    0.14552,
    0.14138,
    0.10929,
    0.06286,
    0.02503,
    0.00806,
    0.00169,
    0.0001,
    0.0
  ],
  "Norwich": [
    0.0,
    0.0,
    0.0,
    0.0,
    0.0,
    0.0,
    0.0,
    0.0,
    0.0,
    0.0,
    0.0,
    0.0,
    0.0,
    0.0,
    1e-05,
    0.00017,
    0.0014,
    0.01127,
    0.1064,
    0.88075
  ],
  "Liverpool": [
    0.04937,
    0.64834,
    0.2919,
    0.00932,
    0.00091,
    0.00012,
    4e-05,
    0.0,
    0.0,
    0.0,
    0.0,
    0.0,
    0.0,
    0.0,
    0.0,
    0.0,
    0.0,
    0.0,
    0.0,
    0.0
  ],
  "Newcastle": [
    0.0,
    0.0,
    0.0,
    0.0,
    0.0,
    0.0,
    0.0,
    0.0,
    0.0,
    1e-05,
    3e-05,
    0.00014,
    0.0006,
    0.00195,
    0.00775,
    0.02556,
    0.07262,
    0.2036,
    0.58629,
    0.10145
  ],
  "West Ham": [
    0.0,
    0.00152,
    0.01812,
    0.38741,
    0.26815,
    0.17334,
    0.09291,
    0.03633,
    0.0134,
    0.00531,
    0.00239,
    0.00081,
    0.00026,
    5e-05,
    0.0,
    0.0,
    0.0,
    0.0,
    0.0,
    0.0
  ],
  "Tottenham": [
    0.0,
    0.00047,
    0.00648,
    0.17871,
    0.21905,
    0.22886,
    0.17665,
    0.09885,
    0.04893,
    0.02289,
    0.01138,
    0.00519,
    0.00184,
    0.00062,
    7e-05,
    1e-05,
    0.0,
    0.0,
    0.0,
    0.0
  ],
  "Man City": [
    0.93781,
    0.05499,
    0.0072,
    0.0,
    0.0,
    0.0,
    0.0,
    0.0,
    0.0,
    0.0,
    0.0,
    0.0,
    0.0,
    0.0,
    0.0,
    0.0,
    0.0,
    0.0,
    0.0,
    0.0
  ]
}