{
  "São Paulo / SP": [
    9e-05,
    0.00084,
    0.00287,
    0.00664,
    0.01318,
    0.02189,
    0.03376,
    0.04661,
    0.0609,
    0.07352,
    0.08451,
    0.09428,
    0.10079,
    0.10081,
    0.09384,
    0.08636,
    0.07504,
    0.05947,
    0.0339,
    0.0107
  ],
  "Sport / PE": [
    0.0,
    0.0,
    0.0,
    1e-05,
    0.0,
    3e-05,
    4e-05,
    0.00018,
    0.00032,
    0.00055,
    0.00128,
    0.00257,
    0.00486,
    0.00839,
    0.01444,
    0.02597,
    0.04825,
    0.09534,
    0.21943,
    0.57834
  ],
  "Cruzeiro / MG": [
    0.13702,
    0.34195,
    0.2006,
    0.12908,
    0.08011,
    0.04727,
    0.02867,
    0.0164,
    0.00892,
    0.00464,
    0.00237,
    0.00154,
    0.00071,
    0.00043,
    0.00017,
    7e-05,
    4e-05,
    1e-05,
    0.0,
    0.0
  ],
  "Mirassol / SP": [
    0.00336,
    0.02055,
    0.04616,
    0.07272,
    0.09468,
    0.11328,
    0.12135,
    0.1152,
    0.10141,
    0.08569,
    0.06792,
    0.05075,
    0.03866,
    0.02705,
    0.01837,
    0.01169,
    0.00679,
    0.00322,
    0.0009,
    0.00025
  ],
  "Grêmio / RS": [
    0.00014,
    0.00117,
    0.00461,
    0.00952,
    0.01833,
    0.03151,
    0.04462,
    0.05954,
    0.0758,
    0.09112,
    0.10261,
    0.10738,
    0.10556,
    0.09523,
    0.08164,
    0.06694,
    0.05229,
    0.03387,
    0.01457,
    0.00355
  ],
  "Atlético Mineiro / MG": [
    0.00144,
    0.01035,
    0.02527,
    0.04325,
    0.06436,
    0.08627,
    0.10298,
    0.11297,
    0.1115,
    0.10306,
    0.09255,
    0.07537,
    0.05569,
    0.04146,
    0.03062,
    0.02148,
    0.01269,
    0.00616,
    0.00203,
    0.0005
  ],
  "Fortaleza / CE": [
    1e-05,
    5e-05,
    0.00032,
    0.0011,
    0.00261,
    0.00565,
    0.01002,
    0.01656,
    0.0243,
    0.03683,
    0.05273,
    0.06905,
    0.0808,
    0.09556,
    0.12105,
    0.12779,
    0.12899,
    0.12038,
    0.0779,
    0.0283
  ],
  "Fluminense / RJ": [
    0.00351,
    0.02127,
    0.04479,
    0.06899,
    0.09536,
    0.11375,
    0.1193,
    0.11482,
    0.10526,
    0.09022,
    0.06893,
    0.05177,
    0.03753,
    0.02754,
    0.0179,
    0.01064,
    0.00552,
    0.0023,
    0.00058,
    2e-05
  ],
  "Juventude / RS": [
    0.0,
    0.0,
    0.0,
    2e-05,
    4e-05,
    0.00013,
    0.00028,
    0.00064,
    0.00131,
    0.00287,
    0.00471,
    0.00836,
    0.01429,
    0.02504,
    0.04101,
    0.06483,
    0.10229,
    0.17203,
    0.31339,
    0.24876
  ],
  "Vitória / BA": [
    1e-05,
    0.00013,
    0.00045,
    0.00148,
    0.00354,
    0.00603,
    0.01108,
    0.01763,
    0.025,
    0.03403,
    0.04785,
    0.0614,
    0.07814,
    0.0935,
    0.10476,
    0.11842,
    0.12953,
    0.13454,
    0.09277,
    0.03971
  ],
  "Flamengo / RJ": [
    0.73857,
    0.16632,
    0.05771,
    0.02162,
    0.00923,
    0.00372,
    0.0016,
    0.0006,
    0.00037,
    0.00017,
    6e-05,
    2e-05,
    0.0,
    1e-05,
    0.0,
    0.0,
    0.0,
    0.0,
    0.0,
    0.0
  ],
  "Internacional / RS": [
    1e-05,
    0.00037,
    0.00132,
    0.00338,
    0.0077,
    0.01459,
    0.0233,
    0.03392,
    0.04786,
    0.06344,
    0.07865,
    0.09212,
    0.10197,
    0.11029,
    0.10874,
    0.10409,
    0.0888,
    0.0689,
    0.03918,
    0.01137
  ],
  "Palmeiras / SP": [
    0.04859,
    0.16003,
    0.19793,
    0.1733,
    0.13644,
    0.09743,
    0.06777,
    0.04492,
    0.03011,
    0.01935,
    0.01118,
    0.00615,
    0.0035,
    0.0017,
    0.00083,
    0.0005,
    0.00017,
    0.0001,
    0.0,
    0.0
  ],
  "Botafogo / RJ": [
    0.02863,
    0.11388,
    0.16126,
    0.1647,
    0.14626,
    0.11487,
    0.0864,
    0.06255,
    0.04418,
    0.02959,
    0.01938,
    0.01199,
    0.00742,
    0.00454,
    0.00244,
    0.00125,
    0.00044,
    0.00019,
    3e-05,
    0.0
  ],
  "Vasco da Gama / RJ": [
    0.0,
    0.00014,
    0.00078,
    0.00196,
    0.00458,
    0.0093,
    0.01536,
    0.02338,
    0.03406,
    0.04587,
    0.06026,
    0.07516,
    0.09216,
    0.10413,
    0.1139,
    0.12102,
    0.11457,
    0.09849,
    0.06365,
    0.02123
  ],
  "Santos / SP": [
    0.0,
    7e-05,
    0.00019,
    0.00067,
    0.00126,
    0.00326,
    0.00644,
    0.01098,
    0.018,
    0.02658,
    0.03729,
    0.05089,
    0.06603,
    0.08259,
    0.10178,
    0.12239,
    0.14924,
    0.1527,
    0.11781,
    0.05183
  ],
  "Bahia / BA": [
    0.00521,
    0.03286,
    0.06485,
    0.09194,
    0.11294,
    0.12649,
    0.11901,
    0.10797,
    0.08993,
    0.07161,
    0.05608,
    0.04098,
    0.02986,
    0.02006,
    0.01383,
    0.00859,
    0.00491,
    0.0021,
    0.00072,
    6e-05
  ],
  "Corinthians / SP": [
    0.00022,
    0.00284,
    0.00911,
    0.01749,
    0.03084,
    0.04514,
    0.061,
    0.07813,
    0.08992,
    0.09779,
    0.0984,
    0.09336,
    0.08912,
    0.07851,
    0.0689,
    0.05625,
    0.04284,
    0.02586,
    0.0116,
    0.00268
  ],
  "Red Bull Bragantino / SP": [
    0.03287,
    0.12395,
    0.17234,
    0.17373,
    0.14696,
    0.1128,
    0.08176,
    0.05647,
    0.03804,
    0.02517,
    0.0148,
    0.0099,
    0.00564,
    0.00288,
    0.00167,
    0.00066,
    0.00028,
    5e-05,
    3e-05,
    0.0
  ],
  "Ceará / CE": [
    0.00032,
    0.00323,
    0.00944,
    0.0184,
    0.03158,
    0.04659,
    0.06526,
    0.08053,
    0.09281,
    0.0979,
    0.09844,
    0.09696,
    0.08727,
    0.08028,
    0.06411,
    0.05106,
    0.03732,
    0.02429,
    0.01151,
    0.0027
  ]
}