{
  "Sp Lisbon": [
    0.32777,
    0.33289,
    0.33749,
    0.0018,
    3e-05,
    2e-05,
    0.0,
    0.0,
    0.0,
    0.0,
    0.0,
    0.0,
    0.0,
    0.0,
    0.0,
    0.0,
    0.0,
    0.0
  ],
  "Rio Ave": [
    0.0,
    0.0,
    0.0,
    0.00011,
    0.00161,
    0.00646,
    0.01779,
    0.03669,
    0.07223,
    0.12644,
    0.1782,
    0.17045,
    0.13239,
    0.09851,
    0.07074,
    0.047,
    0.02834,
    0.01304
  ],
  "AVS": [
    0.0,
    0.0,
    0.0,
    0.0,
    8e-05,
    0.00048,
    0.00238,
    0.00632,
    0.0161,
    0.03797,
    0.07773,
    0.11148,
    0.13784,
    0.14461,
    0.14067,
    0.13207,
    0.11344,
    0.07883
  ],
  "Nacional": [
    0.0,
    0.0,
    0.0,
    0.0,
    2e-05,
    8e-05,
    0.00055,
    0.00195,
    0.00608,
    0.01767,
    0.04074,
    0.07155,
    0.1027,
    0.12912,
    0.1499,
    0.16264,
    0.16859,
    0.14841
  ],
  "Casa Pia": [
    0.0,
    0.0,
    0.0,
    0.00688,
    0.03341,
    0.08224,
    0.13663,
    0.17954,
    0.20897,
    0.17069,
    0.09481,
    0.04754,
    0.02217,
    0.00978,
    0.00472,
    0.00185,
    0.00066,
    0.00011
  ],
  "Boavista": [
    0.0,
    0.0,
    0.0,
    0.0,
    0.0,
    0.00013,
    0.00064,
    0.00252,
    0.00855,
    0.02344,
    0.05327,
    0.08775,
    0.11916,
    0.13818,
    0.14978,
    0.1508,
    0.14351,
    0.12227
  ],
  "Porto": [
    0.3743,
    0.3491,
    0.27559,
    0.001,
    1e-05,
    0.0,
    0.0,
    0.0,
    0.0,
    0.0,
    0.0,
    0.0,
    0.0,
    0.0,
    0.0,
    0.0,
    0.0,
    0.0
  ],
  "Gil Vicente": [
    0.0,
    0.0,
    0.0,
    0.00122,
    0.01139,
    0.03435,
    0.07787,
    0.12989,
    0.19006,
    0.21709,
    0.1462,
    0.08775,
    0.04918,
    0.02733,
    0.01505,
    0.00791,
    0.00359,
    0.00112
  ],
  "Estoril": [
    0.0,
    0.0,
    0.0,
    1e-05,
    7e-05,
    0.00053,
    0.00253,
    0.00802,
    0.02022,
    0.04516,
    0.08547,
    0.12061,
    0.14445,
    0.14823,
    0.13826,
    0.12304,
    0.09959,
    0.06381
  ],
  "Santa Clara": [
    0.0,
    1e-05,
    0.00023,
    0.18474,
    0.41163,
    0.21299,
    0.10873,
    0.05143,
    0.02141,
    0.00695,
    0.00147,
    0.00031,
    6e-05,
    4e-05,
    0.0,
    0.0,
    0.0,
    0.0
  ],
  "Famalicao": [
    0.0,
    0.0,
    0.0,
    0.0117,
    0.06505,
    0.14619,
    0.20272,
    0.2087,
    0.17384,
    0.10433,
    0.04987,
    0.02214,
    0.00966,
    0.00347,
    0.0016,
    0.00054,
    0.00015,
    4e-05
  ],
  "Benfica": [
    0.29788,
    0.3177,
    0.38144,
    0.00295,
    3e-05,
    0.0,
    0.0,
    0.0,
    0.0,
    0.0,
    0.0,
    0.0,
    0.0,
    0.0,
    0.0,
    0.0,
    0.0,
    0.0
  ],
  "Farense": [
    0.0,
    0.0,
    0.0,
    0.0,
    0.0,
    8e-05,
    0.00028,
    0.00133,
    0.00416,
    0.01335,
    0.03071,
    0.05599,
    0.08477,
    0.11563,
    0.14449,
    0.17224,
    0.19469,
    0.18228
  ],
  "Moreirense": [
    0.0,
    0.0,
    0.0,
    0.01418,
    0.07089,
    0.1512,
    0.22244,
    0.21508,
    0.15524,
    0.09366,
    0.04348,
    0.01989,
    0.0081,
    0.00378,
    0.00128,
    0.00057,
    0.00019,
    2e-05
  ],
  "Sp Braga": [
    5e-05,
    0.0003,
    0.00523,
    0.70035,
    0.19714,
    0.06527,
    0.02177,
    0.00731,
    0.00213,
    0.00039,
    5e-05,
    0.0,
    1e-05,
    0.0,
    0.0,
    0.0,
    0.0,
    0.0
  ],
  "Estrela": [
    0.0,
    0.0,
    0.0,
    4e-05,
    0.00065,
    0.00349,
    0.01092,
    0.02671,
    0.06,
    0.11063,
    0.17331,
    0.17392,
    0.14102,
    0.10788,
    0.08135,
    0.05696,
    0.03592,
    0.0172
  ],
  "Arouca": [
    0.0,
    0.0,
    0.0,
    0.0,
    0.0,
    0.0,
    5e-05,
    0.0003,
    0.00153,
    0.00472,
    0.0144,
    0.02757,
    0.04765,
    0.07316,
    0.10207,
    0.14436,
    0.21132,
    0.37287
  ],
  "Guimaraes": [
    0.0,
    0.0,
    2e-05,
    0.07502,
    0.20799,
    0.29649,
    0.1947,
    0.12421,
    0.05948,
    0.02751,
    0.01029,
    0.00305,
    0.00084,
    0.00028,
    9e-05,
    2e-05,
    1e-05,
    0.0
  ]
}