{
  "Empoli": [
    0.0,
    0.0,
    0.0,
    0.0,
    0.0,
    0.0,
    0.0,
    0.0,
    0.0,
    1e-05,
    0.00018,
    0.00137,
    0.00501,
    0.01295,
    0.02967,
    0.0604,
    0.1118,
    0.17973,
    0.25622,
    0.34266
  ],
  "Verona": [
    0.0,
    0.0,
    0.0,
    0.0,
    0.0,
    0.0,
    0.0,
    1e-05,
    5e-05,
    0.0002,
    0.00083,
    0.00376,
    0.01107,
    0.0284,
    0.05996,
    0.10495,
    0.18441,
    0.21907,
    0.22995,
    0.15734
  ],
  "Frosinone": [
    0.0,
    0.0,
    0.0,
    0.0,
    2e-05,
    0.00015,
    0.00034,
    0.00106,
    0.00355,
    0.00982,
    0.02788,
    0.07604,
    0.13311,
    0.18291,
    0.19104,
    0.16866,
    0.11038,
    0.06193,
    0.02702,
    0.00609
  ],
  "Napoli": [
    0.0,
    0.0,
    0.00071,
    0.03353,
    0.06837,
    0.10444,
    0.13654,
    0.15627,
    0.16483,
    0.15184,
    0.11026,
    0.0482,
    0.01719,
    0.00568,
    0.00176,
    0.00031,
    4e-05,
    2e-05,
    1e-05,
    0.0
  ],
  "Genoa": [
    0.0,
    0.0,
    0.0,
    0.00012,
    0.00075,
    0.00229,
    0.00472,
    0.01099,
    0.02391,
    0.05116,
    0.11049,
    0.21657,
    0.21782,
    0.16173,
    0.10179,
    0.05908,
    0.02733,
    0.00871,
    0.00215,
    0.00039
  ],
  "Fiorentina": [
    2e-05,
    0.00049,
    0.02454,
    0.34376,
    0.24922,
    0.15543,
    0.09857,
    0.06144,
    0.0373,
    0.01904,
    0.00783,
    0.00191,
    0.00036,
    8e-05,
    1e-05,
    0.0,
    0.0,
    0.0,
    0.0,
    0.0
  ],
  "Inter": [
    0.63283,
    0.32476,
    0.04217,
    0.00023,
    1e-05,
    0.0,
    0.0,
    0.0,
    0.0,
    0.0,
    0.0,
    0.0,
    0.0,
    0.0,
    0.0,
    0.0,
    0.0,
    0.0,
    0.0,
    0.0
  ],
  "Monza": [
    0.0,
    0.0,
    9e-05,
    0.00517,
    0.01501,
    0.03132,
    0.0551,
    0.08655,
    0.12778,
    0.18076,
    0.23348,
    0.14178,
    0.07283,
    0.03195,
    0.01279,
    0.00414,
    0.00096,
    0.0002,
    8e-05,
    1e-05
  ],
  "Roma": [
    0.0,
    0.0,
    0.00145,
    0.05063,
    0.0929,
    0.134,
    0.15375,
    0.16412,
    0.15586,
    0.12474,
    0.07651,
    0.03139,
    0.01056,
    0.00321,
    0.00066,
    0.00018,
    4e-05,
    0.0,
    0.0,
    0.0
  ],
  "Salernitana": [
    0.0,
    0.0,
    0.0,
    0.0,
    0.0,
    0.0,
    0.0,
    0.0,
    0.0,
    2e-05,
    0.00013,
    0.00078,
    0.00287,
    0.00919,
    0.02178,
    0.04721,
    0.09347,
    0.16024,
    0.25794,
    0.40637
  ],
  "Sassuolo": [
    0.0,
    0.0,
    0.0,
    0.0,
    3e-05,
    0.00017,
    0.00038,
    0.00126,
    0.00326,
    0.00992,
    0.0284,
    0.07506,
    0.13294,
    0.18327,
    0.19521,
    0.17289,
    0.10536,
    0.06209,
    0.02403,
    0.00573
  ],
  "Atalanta": [
    0.0,
    4e-05,
    0.00344,
    0.08994,
    0.13995,
    0.16624,
    0.1693,
    0.14863,
    0.12178,
    0.08632,
    0.04884,
    0.01838,
    0.00555,
    0.00128,
    0.00026,
    4e-05,
    1e-05,
    0.0,
    0.0,
    0.0
  ],
  "Lecce": [
    0.0,
    0.0,
    0.0,
    0.00028,
    0.00082,
    0.00236,
    0.00591,
    0.01348,
    0.02773,
    0.05977,
    0.11857,
    0.22103,
    0.21928,
    0.15498,
    0.0931,
    0.0502,
    0.02137,
    0.00843,
    0.00234,
    0.00035
  ],
  "Lazio": [
    0.0,
    3e-05,
    0.00285,
    0.08812,
    0.13662,
    0.16634,
    0.16417,
    0.1521,
    0.12374,
    0.09103,
    0.05089,
    0.01759,
    0.00493,
    0.00132,
    0.00021,
    4e-05,
    2e-05,
    0.0,
    0.0,
    0.0
  ],
  "Udinese": [
    0.0,
    0.0,
    0.0,
    0.0,
    3e-05,
    3e-05,
    0.00022,
    0.00079,
    0.00245,
    0.00758,
    0.02236,
    0.05998,
    0.10823,
    0.15799,
    0.19503,
    0.1867,
    0.12838,
    0.081,
    0.03907,
    0.01016
  ],
  "Juventus": [
    0.34498,
    0.5465,
    0.10724,
    0.0012,
    8e-05,
    0.0,
    0.0,
    0.0,
    0.0,
    0.0,
    0.0,
    0.0,
    0.0,
    0.0,
    0.0,
    0.0,
    0.0,
    0.0,
    0.0,
    0.0
  ],
  "Torino": [
    0.0,
    1e-05,
    0.00032,
    0.0187,
    0.04241,
    0.07257,
    0.10427,
    0.13578,
    0.16843,
    0.18574,
    0.15212,
    0.07302,
    0.03036,
    0.01109,
    0.00387,
    0.00102,
    0.00025,
    3e-05,
    1e-05,
    0.0
  ],
  "Cagliari": [
    0.0,
    0.0,
    0.0,
    0.0,
    0.0,
    1e-05,
    1e-05,
    5e-05,
    0.0001,
    0.0008,
    0.00283,
    0.01096,
    0.0275,
    0.05389,
    0.09286,
    0.14418,
    0.21618,
    0.21855,
    0.16118,
    0.0709
  ],
  "Bologna": [
    0.0,
    0.00035,
    0.0219,
    0.32283,
    0.24662,
    0.16314,
    0.10631,
    0.06736,
    0.03919,
    0.02125,
    0.0084,
    0.00218,
    0.00039,
    8e-05,
    0.0,
    0.0,
    0.0,
    0.0,
    0.0,
    0.0
  ],
  "Milan": [
    0.02217,
    0.12782,
    0.79529,
    0.04549,
    0.00716,
    0.00151,
    0.00041,
    0.00011,
    4e-05,
    0.0,
    0.0,
    0.0,
    0.0,
    0.0,
    0.0,
    0.0,
    0.0,
    0.0,
    0.0,
    0.0
  ]
}