{
  "Palmeiras / SP": [
    0.23281,
    0.22526,
    0.16484,
    0.11807,
    0.08352,
    0.06033,
    0.04243,
    0.02946,
    0.01866,
    0.01146,
    0.00653,
    0.00342,
    0.00185,
    0.0008,
    0.00033,
    0.00016,
    7e-05,
    0.0,
    0.0,
    0.0
  ],
  "Cuiabá / MT": [
    0.0,
    4e-05,
    1e-05,
    7e-05,
    0.00015,
    0.00057,
    0.00082,
    0.00178,
    0.00307,
    0.00531,
    0.00969,
    0.01583,
    0.02714,
    0.04336,
    0.06726,
    0.10384,
    0.16876,
    0.26091,
    0.20078,
    0.09061
  ],
  "América / MG": [
    0.0,
    0.0,
    0.0,
    0.0,
    0.0,
    1e-05,
    1e-05,
    0.0,
    0.0,
    4e-05,
    0.00017,
    0.0005,
    0.00117,
    0.00261,
    0.00557,
    0.01351,
    0.03425,
    0.09237,
    0.24271,
    0.60708
  ],
  "Fluminense / RJ": [
    0.14839,
    0.18065,
    0.17199,
    0.14232,
    0.10824,
    0.07848,
    0.05657,
    0.04,
    0.02775,
    0.01871,
    0.01199,
    0.00695,
    0.00397,
    0.00225,
    0.00091,
    0.0006,
    0.00021,
    2e-05,
    0.0,
    0.0
  ],
  "Botafogo / RJ": [
    0.43052,
    0.2266,
    0.13546,
    0.0825,
    0.05229,
    0.03111,
    0.01833,
    0.01076,
    0.0059,
    0.00351,
    0.00163,
    0.00082,
    0.00026,
    0.00016,
    0.0001,
    5e-05,
    0.0,
    0.0,
    0.0,
    0.0
  ],
  "São Paulo / SP": [
    0.00724,
    0.01935,
    0.03552,
    0.05223,
    0.07096,
    0.08823,
    0.09719,
    0.10219,
    0.1032,
    0.09938,
    0.0893,
    0.07225,
    0.05811,
    0.0441,
    0.02922,
    0.01769,
    0.00953,
    0.00348,
    0.00075,
    8e-05
  ],
  "Red Bull Bragantino / SP": [
    0.00038,
    0.00153,
    0.00438,
    0.00861,
    0.01528,
    0.02423,
    0.03591,
    0.04794,
    0.06356,
    0.08112,
    0.09656,
    0.10936,
    0.1119,
    0.10955,
    0.10144,
    0.08449,
    0.06117,
    0.03078,
    0.01021,
    0.0016
  ],
  "Bahia / BA": [
    2e-05,
    0.0001,
    0.00025,
    0.00064,
    0.00148,
    0.00268,
    0.00482,
    0.00918,
    0.01464,
    0.02456,
    0.03659,
    0.05085,
    0.07082,
    0.09657,
    0.1274,
    0.15799,
    0.17576,
    0.13938,
    0.06774,
    0.01853
  ],
  "Athletico Paranaense / PR": [
    0.04953,
    0.08952,
    0.11398,
    0.12919,
    0.12581,
    0.11559,
    0.09995,
    0.0794,
    0.06457,
    0.04649,
    0.03302,
    0.02245,
    0.01439,
    0.00863,
    0.00426,
    0.00223,
    0.00078,
    0.00019,
    2e-05,
    0.0
  ],
  "Goiás / GO": [
    0.00012,
    0.00028,
    0.00096,
    0.00215,
    0.00389,
    0.00736,
    0.01115,
    0.01964,
    0.02805,
    0.04044,
    0.05614,
    0.07345,
    0.09539,
    0.11442,
    0.13138,
    0.14082,
    0.13141,
    0.09172,
    0.04052,
    0.01071
  ],
  "Fortaleza / CE": [
    0.02894,
    0.06016,
    0.08768,
    0.10622,
    0.11555,
    0.11658,
    0.11239,
    0.09397,
    0.07995,
    0.06329,
    0.0497,
    0.03371,
    0.02252,
    0.01382,
    0.00838,
    0.00464,
    0.00189,
    0.00054,
    6e-05,
    1e-05
  ],
  "Internacional / RS": [
    0.00031,
    0.00165,
    0.00417,
    0.00751,
    0.0136,
    0.02119,
    0.03289,
    0.04544,
    0.06309,
    0.082,
    0.09822,
    0.11053,
    0.1171,
    0.1113,
    0.10035,
    0.08424,
    0.06035,
    0.0322,
    0.01167,
    0.00219
  ],
  "Atlético Mineiro / MG": [
    0.01522,
    0.03747,
    0.06219,
    0.07939,
    0.09807,
    0.10634,
    0.10913,
    0.10763,
    0.10019,
    0.08581,
    0.0639,
    0.04893,
    0.03422,
    0.0233,
    0.01495,
    0.00832,
    0.00348,
    0.00124,
    0.00021,
    1e-05
  ],
  "Vasco da Gama / RJ": [
    0.00016,
    0.00091,
    0.00205,
    0.00474,
    0.009,
    0.01502,
    0.02338,
    0.03532,
    0.04986,
    0.06426,
    0.08144,
    0.0992,
    0.11433,
    0.11997,
    0.11997,
    0.10749,
    0.08426,
    0.04744,
    0.01766,
    0.00354
  ],
  "Flamengo / RJ": [
    0.00135,
    0.00464,
    0.01064,
    0.01847,
    0.03008,
    0.04358,
    0.05857,
    0.07361,
    0.0885,
    0.1001,
    0.10845,
    0.10697,
    0.09892,
    0.0867,
    0.06957,
    0.05042,
    0.03095,
    0.01443,
    0.00365,
    0.0004
  ],
  "Coritiba / PR": [
    0.0,
    0.0,
    0.0,
    0.0,
    1e-05,
    2e-05,
    4e-05,
    0.00011,
    0.00024,
    0.00074,
    0.00155,
    0.003,
    0.00615,
    0.01179,
    0.02319,
    0.04521,
    0.09046,
    0.19439,
    0.36635,
    0.25675
  ],
  "Corinthians / SP": [
    4e-05,
    0.00027,
    0.001,
    0.00248,
    0.00482,
    0.0078,
    0.01413,
    0.02206,
    0.03093,
    0.04403,
    0.0595,
    0.07888,
    0.09789,
    0.11686,
    0.13143,
    0.13704,
    0.12475,
    0.08227,
    0.03558,
    0.00824
  ],
  "Cruzeiro / MG": [
    0.05622,
    0.09394,
    0.11884,
    0.12866,
    0.12308,
    0.11175,
    0.09478,
    0.07754,
    0.06004,
    0.04702,
    0.03313,
    0.02299,
    0.01503,
    0.00868,
    0.00471,
    0.00236,
    0.00094,
    0.00025,
    4e-05,
    0.0
  ],
  "Grêmio / RS": [
    0.00311,
    0.00892,
    0.01884,
    0.03205,
    0.04592,
    0.06271,
    0.07882,
    0.09397,
    0.10418,
    0.10453,
    0.10324,
    0.09602,
    0.07848,
    0.064,
    0.04716,
    0.03135,
    0.01738,
    0.00722,
    0.00189,
    0.00021
  ],
  "Santos / SP": [
    0.02564,
    0.04871,
    0.0672,
    0.0847,
    0.09825,
    0.10642,
    0.10869,
    0.11,
    0.09362,
    0.0772,
    0.05925,
    0.04389,
    0.03036,
    0.02113,
    0.01242,
    0.00755,
    0.0036,
    0.00117,
    0.00016,
    4e-05
  ]
}