{
  "Bordeaux": [
    0.02028,
    0.0284,
    0.03303,
    0.03947,
    0.04509,
    0.05101,
    0.05764,
    0.06205,
    0.06473,
    0.06781,
    0.06942,
    0.06948,
    0.06954,
    0.06496,
    0.06217,
    0.05421,
    0.05018,
    0.04111,
    0.03047,
    0.01895
  ],
  "Nantes": [
    0.00497,
    0.00999,
    0.0143,
    0.01929,
    0.02475,
    0.0301,
    0.03552,
    0.0402,
    0.046,
    0.05113,
    0.05741,
    0.06325,
    0.06981,
    0.07716,
    0.08242,
    0.08633,
    0.08673,
    0.0814,
    0.0704,
    0.04884
  ],
  "Dijon": [
    0.00016,
    0.00048,
    0.00106,
    0.00183,
    0.00259,
    0.00348,
    0.00545,
    0.00726,
    0.00959,
    0.01281,
    0.01652,
    0.02242,
    0.02907,
    0.03858,
    0.05172,
    0.06931,
    0.09142,
    0.13174,
    0.19154,
    0.31297
  ],
  "Angers": [
    0.02659,
    0.03703,
    0.04372,
    0.05024,
    0.05588,
    0.05798,
    0.06116,
    0.06285,
    0.06539,
    0.06372,
    0.06664,
    0.06759,
    0.06451,
    0.06382,
    0.05744,
    0.04885,
    0.04188,
    0.03259,
    0.02168,
    0.01044
  ],
  "Lille": [
    0.12984,
    0.11669,
    0.10887,
    0.09529,
    0.08489,
    0.07562,
    0.06863,
    0.0598,
    0.05071,
    0.04576,
    0.03962,
    0.03375,
    0.02747,
    0.02111,
    0.01562,
    0.01155,
    0.00774,
    0.00416,
    0.00216,
    0.00072
  ],
  "Rennes": [
    0.03723,
    0.05112,
    0.05897,
    0.06456,
    0.06553,
    0.06933,
    0.06907,
    0.07282,
    0.06999,
    0.06917,
    0.06578,
    0.06212,
    0.05696,
    0.04852,
    0.04239,
    0.036,
    0.02755,
    0.01803,
    0.01086,
    0.004
  ],
  "Monaco": [
    0.07617,
    0.08398,
    0.08468,
    0.08352,
    0.08032,
    0.07837,
    0.07283,
    0.06928,
    0.06483,
    0.05935,
    0.05147,
    0.04642,
    0.03884,
    0.03223,
    0.02702,
    0.02065,
    0.01386,
    0.00955,
    0.00495,
    0.00168
  ],
  "Reims": [
    0.00174,
    0.00334,
    0.00586,
    0.00888,
    0.01207,
    0.01702,
    0.02033,
    0.0267,
    0.03191,
    0.03872,
    0.04508,
    0.05348,
    0.06193,
    0.07643,
    0.08695,
    0.09672,
    0.10589,
    0.10961,
    0.10807,
    0.08927
  ],
  "Lorient": [
    0.00116,
    0.00248,
    0.00429,
    0.00686,
    0.0089,
    0.01222,
    0.01563,
    0.0195,
    0.02611,
    0.0334,
    0.0387,
    0.04614,
    0.05876,
    0.06992,
    0.08081,
    0.09744,
    0.11046,
    0.12286,
    0.12913,
    0.11523
  ],
  "Strasbourg": [
    0.00056,
    0.00097,
    0.00173,
    0.00235,
    0.00425,
    0.00595,
    0.00805,
    0.01044,
    0.01407,
    0.01914,
    0.02383,
    0.03002,
    0.03862,
    0.04668,
    0.06244,
    0.07882,
    0.10181,
    0.1354,
    0.18064,
    0.23423
  ],
  "Nimes": [
    0.00384,
    0.00793,
    0.01166,
    0.01564,
    0.02022,
    0.02579,
    0.0309,
    0.03735,
    0.04234,
    0.04865,
    0.05966,
    0.06806,
    0.07293,
    0.08002,
    0.08423,
    0.08839,
    0.08844,
    0.0865,
    0.07481,
    0.05264
  ],
  "Brest": [
    0.01798,
    0.02649,
    0.03378,
    0.04001,
    0.04631,
    0.05287,
    0.05808,
    0.0596,
    0.06451,
    0.07107,
    0.0716,
    0.07165,
    0.07046,
    0.06834,
    0.06334,
    0.05697,
    0.0489,
    0.03876,
    0.02664,
    0.01264
  ],
  "Nice": [
    0.05012,
    0.06226,
    0.06785,
    0.06874,
    0.07183,
    0.07219,
    0.06978,
    0.06899,
    0.07002,
    0.06583,
    0.06198,
    0.05518,
    0.05004,
    0.04371,
    0.03609,
    0.03114,
    0.02367,
    0.01685,
    0.00963,
    0.0041
  ],
  "Lens": [
    0.07017,
    0.0763,
    0.07808,
    0.07843,
    0.07684,
    0.07357,
    0.07174,
    0.07096,
    0.06545,
    0.06117,
    0.05483,
    0.04831,
    0.04352,
    0.03722,
    0.03021,
    0.02454,
    0.01757,
    0.0118,
    0.00666,
    0.00263
  ],
  "Lyon": [
    0.07796,
    0.08586,
    0.08722,
    0.08368,
    0.08164,
    0.07639,
    0.0753,
    0.06878,
    0.06286,
    0.05715,
    0.05061,
    0.04491,
    0.03885,
    0.03286,
    0.02672,
    0.01951,
    0.0143,
    0.00892,
    0.00463,
    0.00185
  ],
  "Montpellier": [
    0.08118,
    0.08537,
    0.086,
    0.08434,
    0.08165,
    0.07776,
    0.07407,
    0.06656,
    0.06199,
    0.05472,
    0.0509,
    0.04613,
    0.0382,
    0.03337,
    0.02698,
    0.02015,
    0.01474,
    0.00928,
    0.00471,
    0.0019
  ],
  "Metz": [
    0.02571,
    0.0377,
    0.04508,
    0.05099,
    0.0558,
    0.05913,
    0.06175,
    0.06338,
    0.0651,
    0.06485,
    0.06523,
    0.06678,
    0.06435,
    0.06139,
    0.05746,
    0.05041,
    0.04184,
    0.0315,
    0.02167,
    0.00988
  ],
  "St Etienne": [
    0.0033,
    0.00601,
    0.00915,
    0.01276,
    0.01627,
    0.02045,
    0.02564,
    0.03001,
    0.03501,
    0.0419,
    0.04836,
    0.05338,
    0.06498,
    0.07349,
    0.08393,
    0.09305,
    0.1028,
    0.10396,
    0.09854,
    0.07701
  ],
  "Marseille": [
    0.14094,
    0.1233,
    0.10694,
    0.0965,
    0.08632,
    0.07543,
    0.06508,
    0.05817,
    0.05147,
    0.04277,
    0.03812,
    0.03187,
    0.02564,
    0.01984,
    0.01373,
    0.01044,
    0.00689,
    0.00398,
    0.00192,
    0.00065
  ],
  "Paris SG": [
    0.2301,
    0.1543,
    0.11773,
    0.09662,
    0.07885,
    0.06534,
    0.05335,
    0.0453,
    0.03792,
    0.03088,
    0.02424,
    0.01906,
    0.01552,
    0.01035,
    0.00833,
    0.00552,
    0.00333,
    0.002,
    0.00089,
    0.00037
  ]
}