{
  "Liverpool": [
    0.98243,
    0.01594,
    0.0014,
    0.00016,
    5e-05,
    1e-05,
    0.0,
    1e-05,
    0.0,
    0.0,
    0.0,
    0.0,
    0.0,
    0.0,
    0.0,
    0.0,
    0.0,
    0.0,
    0.0,
    0.0
  ],
  "Norwich": [
    0.0,
    0.00938,
    0.02739,
    0.04431,
    0.05717,
    0.06636,
    0.07214,
    0.07471,
    0.07542,
    0.07624,
    0.07532,
    0.07179,
    0.06622,
    0.06141,
    0.05756,
    0.05342,
    0.0453,
    0.03498,
    0.02276,
    0.00812
  ],
  "West Ham": [
    0.00032,
    0.0536,
    0.09307,
    0.11248,
    0.11033,
    0.10155,
    0.09314,
    0.08226,
    0.06993,
    0.06087,
    0.05065,
    0.04328,
    0.03561,
    0.02743,
    0.02283,
    0.01739,
    0.01221,
    0.00826,
    0.00393,
    0.00086
  ],
  "Man City": [
    0.00888,
    0.35434,
    0.22947,
    0.13706,
    0.0876,
    0.0587,
    0.04071,
    0.02779,
    0.01948,
    0.01332,
    0.00836,
    0.00582,
    0.00375,
    0.00245,
    0.0012,
    0.00068,
    0.0003,
    8e-05,
    1e-05,
    0.0
  ],
  "Bournemouth": [
    1e-05,
    0.00356,
    0.01047,
    0.01952,
    0.02841,
    0.03708,
    0.0456,
    0.05226,
    0.05961,
    0.06561,
    0.07102,
    0.0767,
    0.08193,
    0.08187,
    0.07885,
    0.07916,
    0.07539,
    0.06641,
    0.04768,
    0.01886
  ],
  "Sheffield United": [
    0.00035,
    0.04143,
    0.07436,
    0.09459,
    0.09934,
    0.09743,
    0.09329,
    0.08569,
    0.07762,
    0.06873,
    0.05993,
    0.05164,
    0.04278,
    0.03361,
    0.02919,
    0.02217,
    0.01445,
    0.00887,
    0.00382,
    0.00071
  ],
  "Burnley": [
    0.0,
    0.00216,
    0.00784,
    0.01474,
    0.02155,
    0.02966,
    0.03672,
    0.04523,
    0.05315,
    0.06032,
    0.06721,
    0.07483,
    0.07639,
    0.08059,
    0.09235,
    0.09091,
    0.08697,
    0.07898,
    0.05761,
    0.02279
  ],
  "Southampton": [
    2e-05,
    0.00408,
    0.01281,
    0.02481,
    0.03504,
    0.04426,
    0.05522,
    0.0634,
    0.06925,
    0.07395,
    0.07781,
    0.07702,
    0.07941,
    0.08246,
    0.0763,
    0.06851,
    0.0613,
    0.04907,
    0.03341,
    0.01187
  ],
  "Crystal Palace": [
    1e-05,
    0.00089,
    0.00335,
    0.00702,
    0.01185,
    0.01706,
    0.02459,
    0.03078,
    0.03983,
    0.04911,
    0.05621,
    0.06622,
    0.07986,
    0.08791,
    0.09753,
    0.10659,
    0.10939,
    0.10437,
    0.0782,
    0.02923
  ],
  "Everton": [
    0.0,
    0.0009,
    0.00305,
    0.00733,
    0.01237,
    0.01856,
    0.02345,
    0.03196,
    0.03981,
    0.04454,
    0.05526,
    0.06297,
    0.07181,
    0.07988,
    0.08362,
    0.09404,
    0.10592,
    0.11436,
    0.10185,
    0.04832
  ],
  "Watford": [
    0.0,
    0.0,
    0.0,
    2e-05,
    0.00013,
    0.0002,
    0.00043,
    0.00076,
    0.00121,
    0.00196,
    0.00391,
    0.00596,
    0.00862,
    0.01294,
    0.0213,
    0.03213,
    0.05577,
    0.09978,
    0.21193,
    0.54295
  ],
  "Brighton": [
    2e-05,
    0.00527,
    0.01448,
    0.02666,
    0.03728,
    0.04709,
    0.05618,
    0.06028,
    0.06735,
    0.07659,
    0.07829,
    0.07877,
    0.07768,
    0.07625,
    0.0741,
    0.06905,
    0.06254,
    0.04906,
    0.03093,
    0.01213
  ],
  "Tottenham": [
    0.00039,
    0.05323,
    0.09704,
    0.11679,
    0.11451,
    0.10503,
    0.0937,
    0.08271,
    0.07339,
    0.06209,
    0.05039,
    0.04077,
    0.0323,
    0.02606,
    0.01889,
    0.01398,
    0.0098,
    0.00588,
    0.00246,
    0.00059
  ],
  "Aston Villa": [
    0.0,
    3e-05,
    0.00034,
    0.00077,
    0.00149,
    0.00251,
    0.00368,
    0.00591,
    0.00887,
    0.01149,
    0.01484,
    0.02078,
    0.02763,
    0.03793,
    0.05009,
    0.06822,
    0.09948,
    0.15303,
    0.24624,
    0.24667
  ],
  "Leicester": [
    0.00726,
    0.3659,
    0.24334,
    0.13999,
    0.08799,
    0.05706,
    0.03619,
    0.02308,
    0.01515,
    0.00957,
    0.00644,
    0.00375,
    0.002,
    0.0012,
    0.0007,
    0.00027,
    7e-05,
    4e-05,
    0.0,
    0.0
  ],
  "Wolves": [
    0.00012,
    0.02244,
    0.04568,
    0.0647,
    0.0751,
    0.08251,
    0.08263,
    0.08309,
    0.07978,
    0.07296,
    0.07067,
    0.06286,
    0.05714,
    0.05176,
    0.045,
    0.03853,
    0.02999,
    0.02039,
    0.0114,
    0.00325
  ],
  "Newcastle": [
    0.0,
    0.00402,
    0.01166,
    0.02218,
    0.03158,
    0.04117,
    0.04923,
    0.05612,
    0.0623,
    0.06774,
    0.07286,
    0.07549,
    0.07807,
    0.08012,
    0.08123,
    0.07793,
    0.07319,
    0.06031,
    0.04066,
    0.01414
  ],
  "Arsenal": [
    0.00013,
    0.04156,
    0.07664,
    0.09447,
    0.09958,
    0.09349,
    0.08667,
    0.08105,
    0.07068,
    0.0644,
    0.05594,
    0.05032,
    0.0434,
    0.0383,
    0.0325,
    0.02656,
    0.02076,
    0.01407,
    0.00766,
    0.00182
  ],
  "Man United": [
    5e-05,
    0.02064,
    0.04511,
    0.06694,
    0.0786,
    0.08522,
    0.08657,
    0.08471,
    0.08189,
    0.07828,
    0.07171,
    0.06781,
    0.05904,
    0.04993,
    0.04145,
    0.03299,
    0.02387,
    0.01526,
    0.00786,
    0.00207
  ],
  "Chelsea": [
    1e-05,
    0.00063,
    0.0025,
    0.00546,
    0.01003,
    0.01505,
    0.01986,
    0.0282,
    0.03528,
    0.04223,
    0.05318,
    0.06322,
    0.07636,
    0.0879,
    0.09531,
    0.10747,
    0.1133,
    0.1168,
    0.09159,
    0.03562
  ]
}