{
  "Heerenveen": [
    0.00044,
    0.00354,
    0.00907,
    0.01903,
    0.03229,
    0.04947,
    0.07441,
    0.10422,
    0.11855,
    0.13211,
    0.12246,
    0.10629,
    0.08288,
    0.05987,
    0.04113,
    0.02554,
    0.01349,
    0.00521
  ],
  "Willem II": [
    0.0,
    1e-05,
    8e-05,
    0.00022,
    0.0008,
    0.00229,
    0.00558,
    0.01136,
    0.02121,
    0.03247,
    0.04766,
    0.06729,
    0.09313,
    0.11712,
    0.13535,
    0.15052,
    0.16059,
    0.15432
  ],
  "Zwolle": [
    0.0,
    0.0,
    3e-05,
    9e-05,
    0.00033,
    0.00104,
    0.00239,
    0.00564,
    0.01075,
    0.01874,
    0.03009,
    0.04763,
    0.07031,
    0.09995,
    0.13105,
    0.16858,
    0.20349,
    0.20989
  ],
  "Feyenoord": [
    0.0612,
    0.17315,
    0.20147,
    0.17574,
    0.14096,
    0.10338,
    0.06658,
    0.03853,
    0.0203,
    0.01032,
    0.00523,
    0.00211,
    0.00074,
    0.0002,
    6e-05,
    2e-05,
    1e-05,
    0.0
  ],
  "Twente": [
    0.00743,
    0.0394,
    0.06806,
    0.09863,
    0.12684,
    0.14298,
    0.14772,
    0.11844,
    0.09023,
    0.06334,
    0.04311,
    0.02695,
    0.01437,
    0.00766,
    0.00326,
    0.00124,
    0.00031,
    3e-05
  ],
  "For Sittard": [
    0.00056,
    0.00441,
    0.01261,
    0.02625,
    0.0451,
    0.06955,
    0.0996,
    0.12577,
    0.13395,
    0.12052,
    0.10504,
    0.08614,
    0.06471,
    0.04749,
    0.02956,
    0.0169,
    0.0083,
    0.00354
  ],
  "FC Emmen": [
    0.0,
    0.0,
    2e-05,
    7e-05,
    0.00057,
    0.00146,
    0.00447,
    0.01122,
    0.02205,
    0.03524,
    0.05371,
    0.07925,
    0.10469,
    0.12699,
    0.13895,
    0.14542,
    0.14302,
    0.13287
  ],
  "VVV Venlo": [
    1e-05,
    0.00012,
    0.00048,
    0.00137,
    0.00338,
    0.00771,
    0.01724,
    0.02883,
    0.04513,
    0.06326,
    0.08554,
    0.11313,
    0.12975,
    0.13206,
    0.1267,
    0.10757,
    0.08398,
    0.05374
  ],
  "Heracles": [
    3e-05,
    0.00063,
    0.00237,
    0.00619,
    0.01336,
    0.0232,
    0.04071,
    0.06568,
    0.08817,
    0.11284,
    0.12412,
    0.1271,
    0.11556,
    0.09568,
    0.07667,
    0.05635,
    0.03438,
    0.01696
  ],
  "Den Haag": [
    0.0,
    0.0,
    0.0,
    2e-05,
    0.00011,
    0.00042,
    0.00153,
    0.00317,
    0.00678,
    0.01372,
    0.02287,
    0.03846,
    0.05636,
    0.08348,
    0.11262,
    0.14922,
    0.20194,
    0.3093
  ],
  "Sparta Rotterdam": [
    0.00841,
    0.04642,
    0.08571,
    0.1249,
    0.14981,
    0.15948,
    0.13288,
    0.10139,
    0.07487,
    0.04957,
    0.02955,
    0.01798,
    0.01003,
    0.00515,
    0.00222,
    0.00118,
    0.00036,
    9e-05
  ],
  "Ajax": [
    0.7007,
    0.17758,
    0.06943,
    0.03062,
    0.01336,
    0.00542,
    0.00193,
    0.00069,
    0.00019,
    4e-05,
    3e-05,
    1e-05,
    0.0,
    0.0,
    0.0,
    0.0,
    0.0,
    0.0
  ],
  "Groningen": [
    0.00078,
    0.0049,
    0.0138,
    0.02774,
    0.04765,
    0.07588,
    0.11089,
    0.14077,
    0.14589,
    0.133,
    0.11252,
    0.08019,
    0.05169,
    0.02887,
    0.01554,
    0.0071,
    0.00235,
    0.00044
  ],
  "PSV Eindhoven": [
    0.04694,
    0.13711,
    0.17395,
    0.18085,
    0.15512,
    0.12021,
    0.08252,
    0.04939,
    0.02789,
    0.01474,
    0.00726,
    0.00281,
    0.00086,
    0.0003,
    4e-05,
    1e-05,
    0.0,
    0.0
  ],
  "Waalwijk": [
    0.0,
    2e-05,
    6e-05,
    0.00048,
    0.00149,
    0.00338,
    0.00705,
    0.01425,
    0.02397,
    0.03942,
    0.05867,
    0.08457,
    0.11211,
    0.13029,
    0.141,
    0.14262,
    0.13319,
    0.10743
  ],
  "Vitesse": [
    0.13715,
    0.30336,
    0.21481,
    0.13935,
    0.08936,
    0.0552,
    0.0314,
    0.01633,
    0.00807,
    0.00316,
    0.00131,
    0.00035,
    0.0001,
    5e-05,
    0.0,
    0.0,
    0.0,
    0.0
  ],
  "Utrecht": [
    0.00018,
    0.00186,
    0.00637,
    0.01354,
    0.02642,
    0.04496,
    0.07103,
    0.094,
    0.11854,
    0.12918,
    0.13599,
    0.11217,
    0.08897,
    0.06318,
    0.04541,
    0.02749,
    0.01453,
    0.00618
  ],
  "AZ Alkmaar": [
    0.03617,
    0.10749,
    0.14168,
    0.15491,
    0.15305,
    0.13397,
    0.10207,
    0.07032,
    0.04346,
    0.02833,
    0.01484,
    0.00757,
    0.00374,
    0.00166,
    0.00044,
    0.00024,
    6e-05,
    0.0
  ]
}