{
  "Heerenveen": [
    0.00041,
    0.00329,
    0.00849,
    0.01714,
    0.03139,
    0.04869,
    0.07231,
    0.10291,
    0.11712,
    0.13051,
    0.12352,
    0.1063,
    0.08553,
    0.063,
    0.04315,
    0.02677,
    0.01384,
    0.00563
  ],
  "Willem II": [
    0.0,
    0.0,
    4e-05,
    0.00023,
    0.00074,
    0.0022,
    0.00522,
    0.01143,
    0.02027,
    0.03225,
    0.04917,
    0.06919,
    0.0934,
    0.11729,
    0.1376,
    0.15024,
    0.15788,
    0.15285
  ],
  "Zwolle": [
    0.0,
    0.0,
    3e-05,
    4e-05,
    0.00037,
    0.00084,
    0.00252,
    0.0051,
    0.01056,
    0.01839,
    0.02994,
    0.04658,
    0.07021,
    0.09758,
    0.13137,
    0.17024,
    0.20384,
    0.21239
  ],
  "Feyenoord": [
    0.06105,
    0.17394,
    0.20038,
    0.17676,
    0.13793,
    0.10268,
    0.06758,
    0.03912,
    0.02087,
    0.01114,
    0.00532,
    0.00233,
    0.00063,
    0.00022,
    3e-05,
    2e-05,
    0.0,
    0.0
  ],
  "Twente": [
    0.00708,
    0.03957,
    0.06905,
    0.09896,
    0.12574,
    0.14267,
    0.15042,
    0.11909,
    0.08785,
    0.06266,
    0.04298,
    0.02659,
    0.01414,
    0.00802,
    0.00324,
    0.00134,
    0.00055,
    5e-05
  ],
  "For Sittard": [
    0.00063,
    0.00449,
    0.0131,
    0.0261,
    0.0451,
    0.06949,
    0.09982,
    0.126,
    0.13473,
    0.12109,
    0.10366,
    0.08704,
    0.06487,
    0.04449,
    0.02964,
    0.01785,
    0.00861,
    0.00329
  ],
  "FC Emmen": [
    0.0,
    0.0,
    1e-05,
    0.00015,
    0.00047,
    0.00146,
    0.00455,
    0.01105,
    0.02172,
    0.03561,
    0.05354,
    0.07856,
    0.10774,
    0.12699,
    0.14025,
    0.14628,
    0.14351,
    0.12811
  ],
  "VVV Venlo": [
    0.0,
    0.00012,
    0.00054,
    0.00141,
    0.00372,
    0.00794,
    0.01649,
    0.02816,
    0.0455,
    0.06112,
    0.0852,
    0.11132,
    0.13069,
    0.13227,
    0.12536,
    0.10876,
    0.08582,
    0.05558
  ],
  "Heracles": [
    4e-05,
    0.0007,
    0.00268,
    0.00642,
    0.01382,
    0.0236,
    0.03939,
    0.06753,
    0.08813,
    0.11594,
    0.12561,
    0.12811,
    0.11493,
    0.09692,
    0.07376,
    0.05319,
    0.03381,
    0.01542
  ],
  "Den Haag": [
    0.0,
    0.0,
    0.0,
    6e-05,
    9e-05,
    0.00049,
    0.00135,
    0.00368,
    0.00644,
    0.01292,
    0.02274,
    0.03887,
    0.05503,
    0.08192,
    0.11323,
    0.14779,
    0.2022,
    0.31319
  ],
  "Sparta Rotterdam": [
    0.00826,
    0.04409,
    0.08766,
    0.12439,
    0.15277,
    0.15928,
    0.13156,
    0.10129,
    0.07373,
    0.04848,
    0.03141,
    0.01805,
    0.00987,
    0.00518,
    0.00243,
    0.00118,
    0.0003,
    7e-05
  ],
  "Ajax": [
    0.70267,
    0.17762,
    0.06842,
    0.03,
    0.01336,
    0.00518,
    0.00183,
    0.00067,
    0.00022,
    3e-05,
    0.0,
    0.0,
    0.0,
    0.0,
    0.0,
    0.0,
    0.0,
    0.0
  ],
  "Groningen": [
    0.0011,
    0.0054,
    0.01435,
    0.02908,
    0.04948,
    0.07494,
    0.11267,
    0.14043,
    0.14577,
    0.13471,
    0.10992,
    0.07821,
    0.0507,
    0.02927,
    0.01506,
    0.00617,
    0.00237,
    0.00037
  ],
  "PSV Eindhoven": [
    0.04756,
    0.13876,
    0.17492,
    0.17959,
    0.1538,
    0.12066,
    0.08177,
    0.04871,
    0.02877,
    0.0147,
    0.00696,
    0.0025,
    0.00098,
    0.00026,
    5e-05,
    1e-05,
    0.0,
    0.0
  ],
  "Waalwijk": [
    0.0,
    2e-05,
    9e-05,
    0.00049,
    0.00135,
    0.00365,
    0.00743,
    0.01341,
    0.02425,
    0.03944,
    0.0595,
    0.08565,
    0.11072,
    0.13126,
    0.14076,
    0.1423,
    0.1325,
    0.10718
  ],
  "Vitesse": [
    0.13524,
    0.30423,
    0.21167,
    0.14082,
    0.09164,
    0.05458,
    0.03202,
    0.01577,
    0.00812,
    0.00369,
    0.00163,
    0.00042,
    0.00013,
    4e-05,
    0.0,
    0.0,
    0.0,
    0.0
  ],
  "Utrecht": [
    0.00026,
    0.00209,
    0.00654,
    0.01337,
    0.02667,
    0.04599,
    0.06933,
    0.09551,
    0.12177,
    0.12992,
    0.13407,
    0.11211,
    0.08655,
    0.06389,
    0.04364,
    0.02768,
    0.01474,
    0.00587
  ],
  "AZ Alkmaar": [
    0.0357,
    0.10568,
    0.14203,
    0.15499,
    0.15156,
    0.13566,
    0.10374,
    0.07014,
    0.04418,
    0.0274,
    0.01483,
    0.00817,
    0.00388,
    0.0014,
    0.00043,
    0.00018,
    3e-05,
    0.0
  ]
}