{
  "Fulham": [
    0.0,
    0.0,
    0.0,
    0.0,
    0.0,
    0.0,
    0.0,
    0.0,
    2e-05,
    2e-05,
    0.00026,
    0.00108,
    0.00364,
    0.01112,
    0.03156,
    0.08749,
    0.20626,
    0.57022,
    0.08721,
    0.00112
  ],
  "Arsenal": [
    0.0,
    0.00046,
    0.00325,
    0.00962,
    0.02039,
    0.03652,
    0.06486,
    0.11075,
    0.19157,
    0.284,
    0.15322,
    0.07511,
    0.03279,
    0.01293,
    0.00352,
    0.00089,
    0.00012,
    0.0,
    0.0,
    0.0
  ],
  "Crystal Palace": [
    0.0,
    0.0,
    1e-05,
    2e-05,
    6e-05,
    0.00043,
    0.00126,
    0.00462,
    0.01476,
    0.0461,
    0.11283,
    0.18312,
    0.23397,
    0.20539,
    0.12717,
    0.05403,
    0.01466,
    0.00157,
    0.0,
    0.0
  ],
  "Southampton": [
    0.0,
    0.0,
    0.0,
    1e-05,
    0.0,
    3e-05,
    0.00016,
    0.001,
    0.00465,
    0.02105,
    0.0657,
    0.12332,
    0.18971,
    0.22652,
    0.19168,
    0.11394,
    0.05106,
    0.01099,
    0.00018,
    0.0
  ],
  "Liverpool": [
    0.0,
    0.04753,
    0.09639,
    0.13385,
    0.15643,
    0.16162,
    0.14958,
    0.12448,
    0.07967,
    0.03625,
    0.01081,
    0.00267,
    0.00058,
    9e-05,
    5e-05,
    0.0,
    0.0,
    0.0,
    0.0,
    0.0
  ],
  "Leeds": [
    0.0,
    0.0,
    5e-05,
    0.00035,
    0.00081,
    0.00277,
    0.00768,
    0.01996,
    0.05184,
    0.13829,
    0.26909,
    0.2294,
    0.14813,
    0.08053,
    0.03567,
    0.01248,
    0.00276,
    0.00019,
    0.0,
    0.0
  ],
  "West Ham": [
    0.0,
    0.10144,
    0.15378,
    0.1696,
    0.16578,
    0.14562,
    0.11612,
    0.08035,
    0.0447,
    0.01755,
    0.00417,
    0.00075,
    0.00013,
    1e-05,
    0.0,
    0.0,
    0.0,
    0.0,
    0.0,
    0.0
  ],
  "Newcastle": [
    0.0,
    0.0,
    0.0,
    0.0,
    0.0,
    0.0,
    0.0,
    0.0,
    0.0001,
    0.00092,
    0.00406,
    0.01365,
    0.03436,
    0.08223,
    0.16163,
    0.25453,
    0.29619,
    0.14343,
    0.00888,
    2e-05
  ],
  "West Brom": [
    0.0,
    0.0,
    0.0,
    0.0,
    0.0,
    0.0,
    0.0,
    0.0,
    0.0,
    0.0,
    0.0,
    0.0,
    5e-05,
    4e-05,
    0.00049,
    0.00264,
    0.01305,
    0.08566,
    0.81727,
    0.0808
  ],
  "Leicester": [
    4e-05,
    0.26231,
    0.2767,
    0.193,
    0.11942,
    0.07457,
    0.04602,
    0.0195,
    0.00694,
    0.00136,
    0.00012,
    2e-05,
    0.0,
    0.0,
    0.0,
    0.0,
    0.0,
    0.0,
    0.0,
    0.0
  ],
  "Tottenham": [
    0.0,
    0.00898,
    0.02637,
    0.0465,
    0.07522,
    0.10913,
    0.15027,
    0.18871,
    0.18494,
    0.12924,
    0.05213,
    0.02002,
    0.00669,
    0.00144,
    0.00032,
    4e-05,
    0.0,
    0.0,
    0.0,
    0.0
  ],
  "Everton": [
    0.0,
    0.05476,
    0.11696,
    0.14679,
    0.16168,
    0.15859,
    0.13851,
    0.10948,
    0.07056,
    0.03192,
    0.00862,
    0.00166,
    0.00045,
    1e-05,
    0.0,
    1e-05,
    0.0,
    0.0,
    0.0,
    0.0
  ],
  "Brighton": [
    0.0,
    0.0,
    0.0,
    0.0,
    0.0,
    0.0,
    0.0,
    1e-05,
    0.00016,
    0.0009,
    0.00486,
    0.01364,
    0.0334,
    0.07371,
    0.14819,
    0.26063,
    0.30231,
    0.15657,
    0.0056,
    2e-05
  ],
  "Chelsea": [
    0.0,
    0.03212,
    0.07873,
    0.11685,
    0.14302,
    0.15915,
    0.16247,
    0.14484,
    0.09736,
    0.04818,
    0.01344,
    0.00323,
    0.00053,
    8e-05,
    0.0,
    0.0,
    0.0,
    0.0,
    0.0,
    0.0
  ],
  "Sheffield United": [
    0.0,
    0.0,
    0.0,
    0.0,
    0.0,
    0.0,
    0.0,
    0.0,
    0.0,
    0.0,
    0.0,
    0.0,
    0.0,
    0.0,
    0.0,
    0.0,
    0.00011,
    0.00152,
    0.08033,
    0.91804
  ],
  "Wolves": [
    0.0,
    0.0,
    0.0,
    0.00011,
    0.00046,
    0.00147,
    0.00431,
    0.01288,
    0.03702,
    0.09952,
    0.21951,
    0.24868,
    0.1877,
    0.11082,
    0.05405,
    0.0183,
    0.00462,
    0.00055,
    0.0,
    0.0
  ],
  "Man United": [
    0.00027,
    0.48246,
    0.21993,
    0.13318,
    0.08026,
    0.04488,
    0.02337,
    0.01091,
    0.00391,
    0.00075,
    8e-05,
    0.0,
    0.0,
    0.0,
    0.0,
    0.0,
    0.0,
    0.0,
    0.0,
    0.0
  ],
  "Burnley": [
    0.0,
    0.0,
    0.0,
    0.0,
    1e-05,
    1e-05,
    4e-05,
    0.00026,
    0.00128,
    0.00814,
    0.03053,
    0.06488,
    0.12184,
    0.19384,
    0.24546,
    0.19502,
    0.10886,
    0.0293,
    0.00053,
    0.0
  ],
  "Aston Villa": [
    0.0,
    0.00963,
    0.02783,
    0.05012,
    0.07646,
    0.10521,
    0.13535,
    0.17225,
    0.21052,
    0.13581,
    0.05057,
    0.01877,
    0.00603,
    0.00124,
    0.00021,
    0.0,
    0.0,
    0.0,
    0.0,
    0.0
  ],
  "Man City": [
    0.99969,
    0.00031,
    0.0,
    0.0,
    0.0,
    0.0,
    0.0,
    0.0,
    0.0,
    0.0,
    0.0,
    0.0,
    0.0,
    0.0,
    0.0,
    0.0,
    0.0,
    0.0,
    0.0,
    0.0
  ]
}