{
  "Empoli": [
    0.0,
    0.0,
    0.0,
    0.0,
    0.0,
    0.0,
    0.0,
    0.0,
    0.0,
    0.0,
    0.0,
    0.00083,
    0.03036,
    0.07742,
    0.11922,
    0.16501,
    0.20919,
    0.25929,
    0.13866,
    2e-05
  ],
  "Verona": [
    0.0,
    0.0,
    0.0,
    0.0,
    0.0,
    0.0,
    0.0,
    0.0,
    0.0,
    0.0,
    0.0,
    0.0015,
    0.02709,
    0.08532,
    0.13969,
    0.20612,
    0.23595,
    0.17577,
    0.12856,
    0.0
  ],
  "Frosinone": [
    0.0,
    0.0,
    0.0,
    0.0,
    0.0,
    0.0,
    0.0,
    0.0,
    0.0,
    1e-05,
    1e-05,
    0.00074,
    0.02411,
    0.07483,
    0.12578,
    0.19872,
    0.19667,
    0.20687,
    0.17223,
    3e-05
  ],
  "Napoli": [
    0.0,
    0.0,
    3e-05,
    0.00269,
    0.02325,
    0.09934,
    0.24145,
    0.35504,
    0.21542,
    0.05359,
    0.00915,
    4e-05,
    0.0,
    0.0,
    0.0,
    0.0,
    0.0,
    0.0,
    0.0,
    0.0
  ],
  "Genoa": [
    0.0,
    0.0,
    0.0,
    0.0,
    0.0,
    0.0,
    0.0,
    0.0,
    0.00057,
    0.00821,
    0.06061,
    0.78254,
    0.12766,
    0.01861,
    0.00175,
    5e-05,
    0.0,
    0.0,
    0.0,
    0.0
  ],
  "Fiorentina": [
    0.0,
    0.0,
    0.0,
    9e-05,
    0.00348,
    0.03229,
    0.08743,
    0.20163,
    0.39503,
    0.18624,
    0.09109,
    0.0027,
    2e-05,
    0.0,
    0.0,
    0.0,
    0.0,
    0.0,
    0.0,
    0.0
  ],
  "Inter": [
    0.99998,
    2e-05,
    0.0,
    0.0,
    0.0,
    0.0,
    0.0,
    0.0,
    0.0,
    0.0,
    0.0,
    0.0,
    0.0,
    0.0,
    0.0,
    0.0,
    0.0,
    0.0,
    0.0,
    0.0
  ],
  "Monza": [
    0.0,
    0.0,
    0.0,
    0.0,
    0.0,
    0.00074,
    0.00508,
    0.02294,
    0.11344,
    0.27339,
    0.52821,
    0.05352,
    0.00263,
    5e-05,
    0.0,
    0.0,
    0.0,
    0.0,
    0.0,
    0.0
  ],
  "Roma": [
    0.0,
    6e-05,
    0.05345,
    0.2055,
    0.43867,
    0.21571,
    0.06465,
    0.01962,
    0.00226,
    8e-05,
    0.0,
    0.0,
    0.0,
    0.0,
    0.0,
    0.0,
    0.0,
    0.0,
    0.0,
    0.0
  ],
  "Salernitana": [
    0.0,
    0.0,
    0.0,
    0.0,
    0.0,
    0.0,
    0.0,
    0.0,
    0.0,
    0.0,
    0.0,
    0.0,
    0.0,
    0.0,
    0.0,
    0.0,
    0.0,
    2e-05,
    0.00012,
    0.99986
  ],
  "Sassuolo": [
    0.0,
    0.0,
    0.0,
    0.0,
    0.0,
    0.0,
    0.0,
    0.0,
    0.0,
    0.0,
    0.0,
    0.00022,
    0.00537,
    0.01717,
    0.03768,
    0.07259,
    0.12817,
    0.23587,
    0.50284,
    9e-05
  ],
  "Atalanta": [
    0.0,
    0.0,
    0.00346,
    0.06187,
    0.23426,
    0.39518,
    0.19168,
    0.08475,
    0.02405,
    0.00441,
    0.00034,
    0.0,
    0.0,
    0.0,
    0.0,
    0.0,
    0.0,
    0.0,
    0.0,
    0.0
  ],
  "Lecce": [
    0.0,
    0.0,
    0.0,
    0.0,
    0.0,
    0.0,
    0.0,
    0.0,
    1e-05,
    0.00027,
    0.0049,
    0.08483,
    0.41418,
    0.23912,
    0.15551,
    0.06379,
    0.02623,
    0.00909,
    0.00207,
    0.0
  ],
  "Lazio": [
    0.0,
    0.0,
    0.0,
    0.00262,
    0.0373,
    0.1987,
    0.39301,
    0.27612,
    0.07841,
    0.01259,
    0.00125,
    0.0,
    0.0,
    0.0,
    0.0,
    0.0,
    0.0,
    0.0,
    0.0,
    0.0
  ],
  "Udinese": [
    0.0,
    0.0,
    0.0,
    0.0,
    0.0,
    0.0,
    0.0,
    0.0,
    0.0,
    0.0,
    0.0004,
    0.02043,
    0.15207,
    0.20847,
    0.20439,
    0.15434,
    0.12535,
    0.0859,
    0.04865,
    0.0
  ],
  "Juventus": [
    0.0,
    0.01489,
    0.72932,
    0.21076,
    0.04224,
    0.00278,
    1e-05,
    0.0,
    0.0,
    0.0,
    0.0,
    0.0,
    0.0,
    0.0,
    0.0,
    0.0,
    0.0,
    0.0,
    0.0,
    0.0
  ],
  "Torino": [
    0.0,
    0.0,
    0.0,
    1e-05,
    9e-05,
    0.00131,
    0.00807,
    0.03848,
    0.17076,
    0.46121,
    0.30382,
    0.01615,
    0.0001,
    0.0,
    0.0,
    0.0,
    0.0,
    0.0,
    0.0,
    0.0
  ],
  "Cagliari": [
    0.0,
    0.0,
    0.0,
    0.0,
    0.0,
    0.0,
    0.0,
    0.0,
    0.0,
    0.0,
    0.00022,
    0.0365,
    0.21641,
    0.27901,
    0.21598,
    0.13938,
    0.07844,
    0.02719,
    0.00687,
    0.0
  ],
  "Bologna": [
    0.0,
    0.00071,
    0.19823,
    0.51631,
    0.22071,
    0.05395,
    0.00862,
    0.00142,
    5e-05,
    0.0,
    0.0,
    0.0,
    0.0,
    0.0,
    0.0,
    0.0,
    0.0,
    0.0,
    0.0,
    0.0
  ],
  "Milan": [
    2e-05,
    0.98432,
    0.01551,
    0.00015,
    0.0,
    0.0,
    0.0,
    0.0,
    0.0,
    0.0,
    0.0,
    0.0,
    0.0,
    0.0,
    0.0,
    0.0,
    0.0,
    0.0,
    0.0,
    0.0
  ]
}