{
  "Volendam": [
    0.0,
    0.0,
    0.0,
    0.0,
    0.0,
    0.0,
    2e-05,
    6e-05,
    0.0003,
    0.00122,
    0.00264,
    0.0066,
    0.01379,
    0.02715,
    0.05911,
    0.15272,
    0.52965,
    0.20674
  ],
  "Vitesse": [
    0.0,
    0.0,
    0.0,
    0.0,
    0.0,
    0.0,
    0.0,
    0.0,
    0.0,
    3e-05,
    5e-05,
    0.00021,
    0.00059,
    0.00206,
    0.00681,
    0.0282,
    0.20006,
    0.76199
  ],
  "PSV Eindhoven": [
    0.93135,
    0.06369,
    0.00478,
    0.00018,
    0.0,
    0.0,
    0.0,
    0.0,
    0.0,
    0.0,
    0.0,
    0.0,
    0.0,
    0.0,
    0.0,
    0.0,
    0.0,
    0.0
  ],
  "Utrecht": [
    0.0,
    0.00059,
    0.00915,
    0.05948,
    0.17847,
    0.21842,
    0.20125,
    0.14992,
    0.09132,
    0.04631,
    0.02313,
    0.01268,
    0.0058,
    0.00249,
    0.00087,
    0.00012,
    0.0,
    0.0
  ],
  "Heerenveen": [
    0.0,
    0.0,
    1e-05,
    0.00014,
    0.00157,
    0.00553,
    0.0157,
    0.03613,
    0.06546,
    0.10726,
    0.13155,
    0.1392,
    0.14401,
    0.14415,
    0.1245,
    0.06804,
    0.01562,
    0.00113
  ],
  "Waalwijk": [
    0.0,
    0.0,
    0.0,
    0.0,
    5e-05,
    0.00037,
    0.00126,
    0.00497,
    0.01437,
    0.03415,
    0.05772,
    0.08012,
    0.11253,
    0.16396,
    0.2136,
    0.22132,
    0.08465,
    0.01093
  ],
  "Ajax": [
    1e-05,
    0.00219,
    0.01532,
    0.06724,
    0.18009,
    0.20822,
    0.19764,
    0.15183,
    0.09108,
    0.0471,
    0.02289,
    0.01045,
    0.00428,
    0.00134,
    0.00029,
    3e-05,
    0.0,
    0.0
  ],
  "Heracles": [
    0.0,
    0.0,
    1e-05,
    0.00014,
    0.00117,
    0.0057,
    0.0138,
    0.03089,
    0.05879,
    0.09489,
    0.11911,
    0.14656,
    0.15205,
    0.14156,
    0.12665,
    0.08755,
    0.01989,
    0.00124
  ],
  "Zwolle": [
    0.0,
    0.0,
    0.0,
    0.00011,
    0.00107,
    0.0042,
    0.0103,
    0.02823,
    0.06092,
    0.10082,
    0.13381,
    0.14167,
    0.16455,
    0.15456,
    0.11368,
    0.06739,
    0.01795,
    0.00074
  ],
  "Sparta Rotterdam": [
    0.0,
    0.00012,
    0.00263,
    0.02103,
    0.0797,
    0.14061,
    0.17925,
    0.19357,
    0.1577,
    0.09775,
    0.05954,
    0.03457,
    0.0188,
    0.00996,
    0.00364,
    0.00103,
    0.0001,
    0.0
  ],
  "Nijmegen": [
    0.0,
    4e-05,
    0.0009,
    0.0071,
    0.03531,
    0.07801,
    0.12908,
    0.17517,
    0.19002,
    0.1404,
    0.09725,
    0.06718,
    0.04175,
    0.02307,
    0.01113,
    0.00331,
    0.00028,
    0.0
  ],
  "Excelsior": [
    0.0,
    0.0,
    0.0,
    0.0,
    7e-05,
    0.00047,
    0.0014,
    0.00439,
    0.01183,
    0.02313,
    0.03825,
    0.06042,
    0.08989,
    0.13012,
    0.20112,
    0.30063,
    0.12145,
    0.01683
  ],
  "AZ Alkmaar": [
    0.00086,
    0.05305,
    0.22827,
    0.44253,
    0.16687,
    0.06759,
    0.02696,
    0.00977,
    0.00319,
    0.00068,
    0.00019,
    3e-05,
    1e-05,
    0.0,
    0.0,
    0.0,
    0.0,
    0.0
  ],
  "Go Ahead Eagles": [
    0.0,
    0.00338,
    0.03208,
    0.13625,
    0.28393,
    0.22519,
    0.15376,
    0.08854,
    0.04463,
    0.01935,
    0.00784,
    0.00335,
    0.0012,
    0.00039,
    9e-05,
    2e-05,
    0.0,
    0.0
  ],
  "Feyenoord": [
    0.05778,
    0.64388,
    0.24281,
    0.04917,
    0.00557,
    0.0007,
    9e-05,
    0.0,
    0.0,
    0.0,
    0.0,
    0.0,
    0.0,
    0.0,
    0.0,
    0.0,
    0.0,
    0.0
  ],
  "For Sittard": [
    0.0,
    0.0,
    4e-05,
    0.00033,
    0.00338,
    0.01251,
    0.02958,
    0.05851,
    0.10136,
    0.13758,
    0.14716,
    0.14477,
    0.13028,
    0.10752,
    0.07855,
    0.0427,
    0.00547,
    0.00026
  ],
  "Almere City": [
    0.0,
    0.0,
    7e-05,
    0.00066,
    0.00622,
    0.01681,
    0.03616,
    0.06687,
    0.10881,
    0.1493,
    0.15885,
    0.15219,
    0.12047,
    0.09167,
    0.05996,
    0.02694,
    0.00488,
    0.00014
  ],
  "Twente": [
    0.01,
    0.23306,
    0.46393,
    0.21564,
    0.05653,
    0.01567,
    0.00375,
    0.00115,
    0.00022,
    3e-05,
    2e-05,
    0.0,
    0.0,
    0.0,
    0.0,
    0.0,
    0.0,
    0.0
  ]
}