{
  "Almeria": [
    0.0,
    0.0,
    0.0,
    0.0,
    0.0,
    0.0,
    0.0,
    0.0,
    0.0,
    0.0,
    0.0,
    1e-05,
    4e-05,
    0.00014,
    0.00048,
    0.00131,
    0.00468,
    0.02359,
    0.12727,
    0.84248
  ],
  "Vallecano": [
    0.0,
    0.0,
    0.0,
    0.0,
    1e-05,
    0.0004,
    0.00306,
    0.01008,
    0.0278,
    0.06652,
    0.12468,
    0.15802,
    0.1641,
    0.14766,
    0.12008,
    0.09118,
    0.05893,
    0.0235,
    0.00395,
    3e-05
  ],
  "Sevilla": [
    0.0,
    0.0,
    0.0,
    0.0,
    0.0,
    2e-05,
    0.00027,
    0.0015,
    0.00572,
    0.01808,
    0.04287,
    0.06883,
    0.09709,
    0.12103,
    0.14148,
    0.16098,
    0.17149,
    0.13445,
    0.03474,
    0.00145
  ],
  "Valencia": [
    0.0,
    1e-05,
    0.00031,
    0.00211,
    0.01853,
    0.16584,
    0.2824,
    0.23589,
    0.15988,
    0.08297,
    0.03252,
    0.01222,
    0.00463,
    0.00182,
    0.00061,
    0.00021,
    4e-05,
    1e-05,
    0.0,
    0.0
  ],
  "Sociedad": [
    1e-05,
    0.00019,
    0.00494,
    0.02223,
    0.09947,
    0.47791,
    0.21794,
    0.10524,
    0.0489,
    0.01749,
    0.00422,
    0.00119,
    0.00021,
    6e-05,
    0.0,
    0.0,
    0.0,
    0.0,
    0.0,
    0.0
  ],
  "Girona": [
    0.24615,
    0.55799,
    0.14074,
    0.04437,
    0.01045,
    0.00029,
    1e-05,
    0.0,
    0.0,
    0.0,
    0.0,
    0.0,
    0.0,
    0.0,
    0.0,
    0.0,
    0.0,
    0.0,
    0.0,
    0.0
  ],
  "Las Palmas": [
    0.0,
    0.0,
    1e-05,
    0.00045,
    0.00523,
    0.06272,
    0.15368,
    0.21161,
    0.23843,
    0.1745,
    0.08462,
    0.03778,
    0.01773,
    0.00853,
    0.00324,
    0.00111,
    0.00031,
    5e-05,
    0.0,
    0.0
  ],
  "Mallorca": [
    0.0,
    0.0,
    0.0,
    0.0,
    0.0,
    2e-05,
    0.00018,
    0.00093,
    0.00379,
    0.01323,
    0.03286,
    0.05475,
    0.07851,
    0.11785,
    0.15662,
    0.18742,
    0.18771,
    0.12433,
    0.04012,
    0.00168
  ],
  "Ath Bilbao": [
    0.00275,
    0.02739,
    0.14799,
    0.27166,
    0.44725,
    0.08423,
    0.01505,
    0.00311,
    0.00053,
    4e-05,
    0.0,
    0.0,
    0.0,
    0.0,
    0.0,
    0.0,
    0.0,
    0.0,
    0.0,
    0.0
  ],
  "Real Madrid": [
    0.72781,
    0.2325,
    0.03212,
    0.00653,
    0.00101,
    3e-05,
    0.0,
    0.0,
    0.0,
    0.0,
    0.0,
    0.0,
    0.0,
    0.0,
    0.0,
    0.0,
    0.0,
    0.0,
    0.0,
    0.0
  ],
  "Celta": [
    0.0,
    0.0,
    0.0,
    0.0,
    0.0,
    2e-05,
    0.00036,
    0.00195,
    0.00765,
    0.0228,
    0.05144,
    0.07918,
    0.10903,
    0.1276,
    0.14601,
    0.15454,
    0.15216,
    0.11695,
    0.02918,
    0.00113
  ],
  "Osasuna": [
    0.0,
    0.0,
    0.0,
    0.0,
    4e-05,
    0.001,
    0.0053,
    0.0165,
    0.04337,
    0.09258,
    0.16256,
    0.17724,
    0.15672,
    0.13283,
    0.09793,
    0.06547,
    0.03553,
    0.01119,
    0.00174,
    0.0
  ],
  "Villarreal": [
    0.0,
    0.0,
    0.0,
    0.0,
    0.0,
    0.00023,
    0.00169,
    0.00575,
    0.01848,
    0.04877,
    0.10107,
    0.13298,
    0.14674,
    0.14893,
    0.14542,
    0.1235,
    0.08324,
    0.03622,
    0.00686,
    0.00012
  ],
  "Betis": [
    0.0,
    0.0,
    0.00017,
    0.00161,
    0.01441,
    0.12466,
    0.23721,
    0.25553,
    0.19238,
    0.10729,
    0.04092,
    0.01658,
    0.00614,
    0.00198,
    0.00087,
    0.00019,
    6e-05,
    0.0,
    0.0,
    0.0
  ],
  "Getafe": [
    0.0,
    0.0,
    1e-05,
    7e-05,
    0.00122,
    0.02123,
    0.06877,
    0.12829,
    0.20125,
    0.24793,
    0.14839,
    0.08426,
    0.04784,
    0.02717,
    0.01448,
    0.00661,
    0.00203,
    0.00042,
    3e-05,
    0.0
  ],
  "Barcelona": [
    0.01363,
    0.09577,
    0.35037,
    0.31838,
    0.19173,
    0.0268,
    0.0029,
    0.00037,
    4e-05,
    1e-05,
    0.0,
    0.0,
    0.0,
    0.0,
    0.0,
    0.0,
    0.0,
    0.0,
    0.0,
    0.0
  ],
  "Cadiz": [
    0.0,
    0.0,
    0.0,
    0.0,
    0.0,
    0.0,
    1e-05,
    9e-05,
    0.00058,
    0.00186,
    0.00672,
    0.01396,
    0.02511,
    0.04095,
    0.06649,
    0.112,
    0.2024,
    0.33548,
    0.17991,
    0.01444
  ],
  "Alaves": [
    0.0,
    0.0,
    0.0,
    0.0,
    1e-05,
    0.00159,
    0.00719,
    0.02259,
    0.05113,
    0.10589,
    0.16686,
    0.16211,
    0.14372,
    0.11813,
    0.09528,
    0.06973,
    0.04023,
    0.01361,
    0.00193,
    0.0
  ],
  "Ath Madrid": [
    0.00965,
    0.08615,
    0.32334,
    0.33259,
    0.21064,
    0.03301,
    0.00398,
    0.00057,
    7e-05,
    0.0,
    0.0,
    0.0,
    0.0,
    0.0,
    0.0,
    0.0,
    0.0,
    0.0,
    0.0,
    0.0
  ],
  "Granada": [
    0.0,
    0.0,
    0.0,
    0.0,
    0.0,
    0.0,
    0.0,
    0.0,
    0.0,
    4e-05,
    0.00027,
    0.00089,
    0.00239,
    0.00532,
    0.01101,
    0.02575,
    0.06119,
    0.1802,
    0.57427,
    0.13867
  ]
}