{
  "Nice": [
    5e-05,
    0.00025,
    0.00045,
    0.00093,
    0.00158,
    0.00292,
    0.00493,
    0.00739,
    0.0111,
    0.01755,
    0.02771,
    0.04568,
    0.06726,
    0.10793,
    0.15294,
    0.1801,
    0.20074,
    0.17049
  ],
  "Lille": [
    0.00024,
    0.00148,
    0.00338,
    0.00643,
    0.01025,
    0.01645,
    0.02361,
    0.03434,
    0.04752,
    0.06371,
    0.08402,
    0.10516,
    0.12754,
    0.1429,
    0.12879,
    0.10235,
    0.06828,
    0.03355
  ],
  "Marseille": [
    0.00415,
    0.01396,
    0.02353,
    0.03489,
    0.04569,
    0.05824,
    0.06909,
    0.08062,
    0.09353,
    0.10211,
    0.10731,
    0.10527,
    0.09406,
    0.07362,
    0.04651,
    0.02883,
    0.0138,
    0.00479
  ],
  "Reims": [
    0.00155,
    0.00587,
    0.01085,
    0.01652,
    0.02392,
    0.03335,
    0.04182,
    0.05367,
    0.06735,
    0.08159,
    0.09847,
    0.11511,
    0.1239,
    0.11219,
    0.09142,
    0.06716,
    0.03886,
    0.0164
  ],
  "Paris SG": [
    0.00342,
    0.0104,
    0.01769,
    0.0257,
    0.03412,
    0.04115,
    0.0533,
    0.06733,
    0.07992,
    0.09195,
    0.10655,
    0.11462,
    0.10669,
    0.09313,
    0.0754,
    0.04587,
    0.02454,
    0.00822
  ],
  "Lorient": [
    0.02623,
    0.06387,
    0.08246,
    0.09418,
    0.09887,
    0.09814,
    0.09741,
    0.09146,
    0.08469,
    0.07588,
    0.06125,
    0.04886,
    0.03564,
    0.02247,
    0.01138,
    0.00492,
    0.00188,
    0.00041
  ],
  "Brest": [
    0.00844,
    0.02331,
    0.03567,
    0.04813,
    0.05709,
    0.06709,
    0.07754,
    0.08502,
    0.09318,
    0.09572,
    0.09719,
    0.09,
    0.08291,
    0.06177,
    0.04173,
    0.02239,
    0.00997,
    0.00285
  ],
  "Lens": [
    0.0,
    0.0,
    2e-05,
    0.00012,
    0.00016,
    0.00049,
    0.00065,
    0.00157,
    0.00232,
    0.00475,
    0.00813,
    0.01434,
    0.02567,
    0.04602,
    0.08362,
    0.14503,
    0.23262,
    0.43449
  ],
  "Clermont": [
    8e-05,
    0.0003,
    0.0008,
    0.00136,
    0.00251,
    0.00445,
    0.00678,
    0.01043,
    0.01543,
    0.02325,
    0.03299,
    0.05294,
    0.07758,
    0.11611,
    0.15554,
    0.16772,
    0.17543,
    0.1563
  ],
  "Monaco": [
    1e-05,
    6e-05,
    0.00026,
    0.00054,
    0.00109,
    0.0018,
    0.0032,
    0.00544,
    0.00957,
    0.01552,
    0.02667,
    0.041,
    0.06371,
    0.09795,
    0.14218,
    0.20144,
    0.22047,
    0.16909
  ],
  "Montpellier": [
    0.0276,
    0.06061,
    0.08036,
    0.08899,
    0.09149,
    0.09592,
    0.09333,
    0.0915,
    0.08561,
    0.07628,
    0.06349,
    0.05041,
    0.03915,
    0.02652,
    0.01576,
    0.00828,
    0.00365,
    0.00105
  ],
  "Le Havre": [
    0.07823,
    0.1422,
    0.14211,
    0.12744,
    0.10973,
    0.09361,
    0.07954,
    0.0628,
    0.04931,
    0.03895,
    0.02902,
    0.01972,
    0.01362,
    0.00765,
    0.00367,
    0.00164,
    0.00065,
    0.00011
  ],
  "Nantes": [
    0.04313,
    0.09093,
    0.10785,
    0.10545,
    0.1054,
    0.0995,
    0.09088,
    0.08007,
    0.07221,
    0.05976,
    0.04846,
    0.03714,
    0.02644,
    0.01669,
    0.00974,
    0.00434,
    0.00163,
    0.00038
  ],
  "Toulouse": [
    0.06496,
    0.12478,
    0.1285,
    0.11965,
    0.11045,
    0.09571,
    0.08338,
    0.07065,
    0.05693,
    0.04707,
    0.0363,
    0.02487,
    0.01745,
    0.01039,
    0.00522,
    0.00265,
    0.0009,
    0.00014
  ],
  "Rennes": [
    0.58459,
    0.19212,
    0.09332,
    0.05227,
    0.03038,
    0.0187,
    0.01105,
    0.00776,
    0.00441,
    0.00242,
    0.00143,
    0.00079,
    0.00046,
    0.00019,
    8e-05,
    2e-05,
    0.0,
    1e-05
  ],
  "Metz": [
    0.12296,
    0.18148,
    0.14613,
    0.11986,
    0.09792,
    0.0807,
    0.06507,
    0.05316,
    0.03954,
    0.03249,
    0.0236,
    0.01548,
    0.01076,
    0.00598,
    0.00312,
    0.0013,
    0.00042,
    3e-05
  ],
  "Strasbourg": [
    0.01499,
    0.04222,
    0.06362,
    0.08068,
    0.09302,
    0.10113,
    0.10484,
    0.1025,
    0.09642,
    0.08599,
    0.07241,
    0.05584,
    0.03996,
    0.02535,
    0.01309,
    0.00588,
    0.00183,
    0.00023
  ],
  "Lyon": [
    0.01937,
    0.04616,
    0.063,
    0.07686,
    0.08633,
    0.09065,
    0.09358,
    0.09429,
    0.09096,
    0.08501,
    0.075,
    0.06277,
    0.0472,
    0.03314,
    0.01981,
    0.01008,
    0.00433,
    0.00146
  ]
}