{
  "Cuiabá / MT": [
    0.00245,
    0.01356,
    0.0276,
    0.04157,
    0.0549,
    0.0674,
    0.07596,
    0.08394,
    0.08258,
    0.08395,
    0.08229,
    0.07269,
    0.06896,
    0.05957,
    0.05588,
    0.04771,
    0.03654,
    0.02569,
    0.01442,
    0.00234
  ],
  "Juventude / RS": [
    0.00012,
    0.00093,
    0.00305,
    0.00616,
    0.01244,
    0.01814,
    0.0239,
    0.0314,
    0.03756,
    0.04591,
    0.05211,
    0.06088,
    0.06974,
    0.08146,
    0.09508,
    0.10676,
    0.11991,
    0.12544,
    0.08716,
    0.02185
  ],
  "Bahia / BA": [
    6e-05,
    0.00074,
    0.00293,
    0.00605,
    0.01232,
    0.01834,
    0.0244,
    0.0319,
    0.03726,
    0.0445,
    0.05276,
    0.06151,
    0.07327,
    0.0832,
    0.09512,
    0.10985,
    0.11926,
    0.12253,
    0.08322,
    0.02078
  ],
  "Santos / SP": [
    0.00016,
    0.0013,
    0.00446,
    0.01053,
    0.01678,
    0.02431,
    0.0327,
    0.03772,
    0.04701,
    0.05279,
    0.06067,
    0.07058,
    0.07871,
    0.08949,
    0.09934,
    0.10232,
    0.10494,
    0.09482,
    0.05866,
    0.01271
  ],
  "São Paulo / SP": [
    0.00098,
    0.00542,
    0.01481,
    0.02721,
    0.03817,
    0.04973,
    0.05762,
    0.06403,
    0.06812,
    0.07177,
    0.07658,
    0.07858,
    0.08081,
    0.08006,
    0.07671,
    0.07122,
    0.06163,
    0.04678,
    0.02561,
    0.00416
  ],
  "Fluminense / RJ": [
    0.00405,
    0.0173,
    0.03749,
    0.0592,
    0.07449,
    0.08165,
    0.08431,
    0.0843,
    0.08104,
    0.07989,
    0.07403,
    0.07036,
    0.06241,
    0.05288,
    0.04715,
    0.03683,
    0.02707,
    0.01785,
    0.0067,
    0.001
  ],
  "Atlético Mineiro / MG": [
    0.66136,
    0.20229,
    0.07937,
    0.03291,
    0.01297,
    0.00584,
    0.00279,
    0.00129,
    0.0006,
    0.00036,
    0.00011,
    5e-05,
    2e-05,
    2e-05,
    1e-05,
    1e-05,
    0.0,
    0.0,
    0.0,
    0.0
  ],
  "Fortaleza / CE": [
    0.01286,
    0.05661,
    0.09421,
    0.12163,
    0.12613,
    0.11337,
    0.09765,
    0.08299,
    0.0701,
    0.05945,
    0.04601,
    0.03578,
    0.02829,
    0.02226,
    0.01503,
    0.00908,
    0.00519,
    0.00248,
    0.00082,
    6e-05
  ],
  "Flamengo / RJ": [
    0.13301,
    0.24928,
    0.20729,
    0.1345,
    0.08723,
    0.05885,
    0.04063,
    0.02774,
    0.02028,
    0.01405,
    0.00946,
    0.00668,
    0.00498,
    0.00264,
    0.00181,
    0.001,
    0.00036,
    0.00018,
    3e-05,
    0.0
  ],
  "Palmeiras / SP": [
    0.13817,
    0.27551,
    0.22003,
    0.13296,
    0.08172,
    0.05218,
    0.03393,
    0.02358,
    0.01506,
    0.01031,
    0.0068,
    0.00386,
    0.00249,
    0.00165,
    0.00103,
    0.00046,
    0.00016,
    9e-05,
    1e-05,
    0.0
  ],
  "Ceará / CE": [
    0.00087,
    0.00563,
    0.01424,
    0.02515,
    0.03641,
    0.04636,
    0.05548,
    0.0608,
    0.06877,
    0.07334,
    0.08279,
    0.08475,
    0.08441,
    0.08279,
    0.07757,
    0.06981,
    0.05953,
    0.04432,
    0.02325,
    0.00373
  ],
  "Grêmio / RS": [
    0.00023,
    0.00166,
    0.00425,
    0.0086,
    0.01369,
    0.01977,
    0.02716,
    0.03075,
    0.03937,
    0.04923,
    0.05672,
    0.06561,
    0.07453,
    0.08368,
    0.09212,
    0.10142,
    0.10889,
    0.11326,
    0.08596,
    0.0231
  ],
  "Corinthians / SP": [
    0.00606,
    0.02702,
    0.05151,
    0.07723,
    0.09149,
    0.0945,
    0.09129,
    0.08803,
    0.08701,
    0.07688,
    0.06678,
    0.0605,
    0.05017,
    0.04259,
    0.03257,
    0.02521,
    0.01695,
    0.01023,
    0.00356,
    0.00042
  ],
  "Atlético Goianiense / GO": [
    0.00138,
    0.009,
    0.01949,
    0.03351,
    0.04734,
    0.05759,
    0.06554,
    0.0738,
    0.07905,
    0.08073,
    0.08072,
    0.07961,
    0.07809,
    0.07223,
    0.06529,
    0.05757,
    0.04697,
    0.03362,
    0.01628,
    0.00219
  ],
  "Athletico Paranaense / PR": [
    0.00233,
    0.01257,
    0.02827,
    0.04482,
    0.05838,
    0.06956,
    0.07726,
    0.08018,
    0.08138,
    0.07883,
    0.07922,
    0.07518,
    0.06921,
    0.06623,
    0.0565,
    0.0478,
    0.03685,
    0.02421,
    0.01007,
    0.00115
  ],
  "América / MG": [
    0.00014,
    0.00145,
    0.00486,
    0.0099,
    0.0168,
    0.02389,
    0.03036,
    0.03801,
    0.04449,
    0.05136,
    0.05757,
    0.06591,
    0.0739,
    0.08539,
    0.09214,
    0.10095,
    0.10743,
    0.10474,
    0.07416,
    0.01655
  ],
  "Chapecoense / SC": [
    0.0,
    0.0,
    0.0,
    0.0,
    0.0,
    1e-05,
    4e-05,
    7e-05,
    0.00015,
    0.00039,
    0.00067,
    0.00115,
    0.0018,
    0.00354,
    0.006,
    0.01186,
    0.02481,
    0.05446,
    0.16697,
    0.72808
  ],
  "Red Bull Bragantino / SP": [
    0.02976,
    0.09222,
    0.13321,
    0.14832,
    0.12788,
    0.10255,
    0.08335,
    0.06831,
    0.0535,
    0.04286,
    0.03292,
    0.02658,
    0.02045,
    0.01538,
    0.01017,
    0.0065,
    0.00395,
    0.00159,
    0.00049,
    1e-05
  ],
  "Internacional / RS": [
    0.00601,
    0.02749,
    0.05286,
    0.0795,
    0.09018,
    0.09452,
    0.09341,
    0.08697,
    0.08064,
    0.07396,
    0.06891,
    0.06202,
    0.05305,
    0.04216,
    0.03352,
    0.02427,
    0.01735,
    0.00941,
    0.00344,
    0.00033
  ],
  "Sport / PE": [
    0.0,
    2e-05,
    7e-05,
    0.00025,
    0.00068,
    0.00144,
    0.00222,
    0.00419,
    0.00603,
    0.00944,
    0.01288,
    0.01772,
    0.02471,
    0.03278,
    0.04696,
    0.06937,
    0.10221,
    0.1683,
    0.33919,
    0.16154
  ]
}