{
  "Genoa": [
    0.00012,
    0.00105,
    0.00376,
    0.01064,
    0.02289,
    0.03885,
    0.05127,
    0.06443,
    0.07104,
    0.07895,
    0.0817,
    0.07995,
    0.08378,
    0.07721,
    0.07368,
    0.07013,
    0.06176,
    0.05486,
    0.04268,
    0.03125
  ],
  "Inter": [
    0.09996,
    0.17375,
    0.223,
    0.19623,
    0.12491,
    0.07664,
    0.04391,
    0.02467,
    0.01494,
    0.0091,
    0.00547,
    0.00306,
    0.0019,
    0.00098,
    0.00086,
    0.0004,
    0.00015,
    5e-05,
    2e-05,
    0.0
  ],
  "Parma": [
    0.00012,
    0.00075,
    0.0031,
    0.00839,
    0.01792,
    0.03226,
    0.04689,
    0.05821,
    0.06958,
    0.07517,
    0.08083,
    0.0824,
    0.08235,
    0.08133,
    0.07789,
    0.07421,
    0.06554,
    0.05757,
    0.04911,
    0.03638
  ],
  "Fiorentina": [
    0.27785,
    0.29199,
    0.19852,
    0.12023,
    0.05822,
    0.02825,
    0.01288,
    0.00642,
    0.00275,
    0.00132,
    0.00084,
    0.00034,
    0.0002,
    0.00011,
    3e-05,
    4e-05,
    1e-05,
    0.0,
    0.0,
    0.0
  ],
  "Empoli": [
    0.0,
    0.0,
    3e-05,
    0.00011,
    0.00046,
    0.00125,
    0.00319,
    0.00529,
    0.00867,
    0.01305,
    0.01939,
    0.02778,
    0.03894,
    0.04753,
    0.06218,
    0.08157,
    0.11057,
    0.14117,
    0.18432,
    0.2545
  ],
  "Monza": [
    0.0,
    1e-05,
    8e-05,
    0.00024,
    0.00121,
    0.0031,
    0.00578,
    0.01035,
    0.01687,
    0.02298,
    0.03119,
    0.0424,
    0.05221,
    0.06334,
    0.07648,
    0.09685,
    0.11274,
    0.13249,
    0.15446,
    0.17722
  ],
  "Milan": [
    0.00038,
    0.00244,
    0.00858,
    0.02118,
    0.0426,
    0.06487,
    0.08255,
    0.09284,
    0.09896,
    0.09461,
    0.08932,
    0.084,
    0.07123,
    0.06353,
    0.05605,
    0.04391,
    0.03356,
    0.02512,
    0.01609,
    0.00818
  ],
  "Torino": [
    4e-05,
    0.00024,
    0.00079,
    0.00296,
    0.007,
    0.01321,
    0.02133,
    0.03213,
    0.04224,
    0.05269,
    0.06248,
    0.0724,
    0.07774,
    0.09263,
    0.09537,
    0.09507,
    0.0951,
    0.08949,
    0.08004,
    0.06705
  ],
  "Bologna": [
    1e-05,
    2e-05,
    6e-05,
    0.00032,
    0.00108,
    0.00295,
    0.0059,
    0.00947,
    0.01576,
    0.02228,
    0.02878,
    0.03815,
    0.05397,
    0.06723,
    0.08207,
    0.09698,
    0.1157,
    0.1368,
    0.15724,
    0.16523
  ],
  "Udinese": [
    9e-05,
    0.00067,
    0.00266,
    0.00783,
    0.0185,
    0.0303,
    0.04329,
    0.05519,
    0.0658,
    0.07475,
    0.08237,
    0.0801,
    0.0865,
    0.08373,
    0.08069,
    0.07674,
    0.06911,
    0.05882,
    0.0494,
    0.03346
  ],
  "Verona": [
    0.0019,
    0.00879,
    0.02729,
    0.05589,
    0.09831,
    0.1214,
    0.12758,
    0.11633,
    0.09582,
    0.08081,
    0.06871,
    0.05457,
    0.04177,
    0.03191,
    0.02443,
    0.01704,
    0.01218,
    0.00828,
    0.00485,
    0.00214
  ],
  "Napoli": [
    0.10365,
    0.18401,
    0.23085,
    0.20372,
    0.12351,
    0.06976,
    0.03826,
    0.02153,
    0.0107,
    0.00647,
    0.00364,
    0.00192,
    0.00101,
    0.00061,
    0.00026,
    4e-05,
    3e-05,
    2e-05,
    1e-05,
    0.0
  ],
  "Cagliari": [
    3e-05,
    0.00032,
    0.00129,
    0.0035,
    0.00898,
    0.01766,
    0.02887,
    0.03941,
    0.05133,
    0.06262,
    0.07206,
    0.07955,
    0.08434,
    0.08981,
    0.0904,
    0.08692,
    0.08536,
    0.07706,
    0.06739,
    0.0531
  ],
  "Roma": [
    4e-05,
    0.00052,
    0.00192,
    0.0065,
    0.01575,
    0.02814,
    0.04163,
    0.05458,
    0.0658,
    0.07298,
    0.07905,
    0.08318,
    0.08494,
    0.08577,
    0.08384,
    0.07835,
    0.07172,
    0.06143,
    0.04947,
    0.03439
  ],
  "Lazio": [
    0.01404,
    0.04158,
    0.08183,
    0.13163,
    0.16854,
    0.1521,
    0.11917,
    0.08869,
    0.06225,
    0.04511,
    0.03155,
    0.02221,
    0.01518,
    0.01069,
    0.00723,
    0.00418,
    0.00216,
    0.00112,
    0.00057,
    0.00017
  ],
  "Venezia": [
    0.0,
    7e-05,
    0.00046,
    0.00153,
    0.00444,
    0.00828,
    0.01611,
    0.02252,
    0.03173,
    0.03953,
    0.04764,
    0.05629,
    0.06485,
    0.07432,
    0.0856,
    0.09634,
    0.10317,
    0.11199,
    0.11519,
    0.11994
  ],
  "Lecce": [
    0.00559,
    0.02537,
    0.06292,
    0.11713,
    0.16234,
    0.1551,
    0.12413,
    0.09524,
    0.07014,
    0.0523,
    0.03888,
    0.02979,
    0.02139,
    0.01471,
    0.01025,
    0.00666,
    0.00419,
    0.00235,
    0.0011,
    0.00042
  ],
  "Atalanta": [
    0.49518,
    0.26261,
    0.13244,
    0.06288,
    0.02707,
    0.01085,
    0.00501,
    0.00195,
    0.00104,
    0.00054,
    0.00024,
    0.00011,
    5e-05,
    2e-05,
    1e-05,
    0.0,
    0.0,
    0.0,
    0.0,
    0.0
  ],
  "Juventus": [
    0.00055,
    0.00278,
    0.01013,
    0.02469,
    0.04842,
    0.07687,
    0.09703,
    0.11014,
    0.11361,
    0.10654,
    0.09211,
    0.08599,
    0.06896,
    0.0537,
    0.03872,
    0.03001,
    0.01941,
    0.01181,
    0.00617,
    0.00236
  ],
  "Como": [
    0.00045,
    0.00303,
    0.01029,
    0.0244,
    0.04785,
    0.06816,
    0.08522,
    0.09061,
    0.09097,
    0.0882,
    0.08375,
    0.07581,
    0.06869,
    0.06084,
    0.05396,
    0.04456,
    0.03754,
    0.02957,
    0.02189,
    0.01421
  ]
}