{
  "Go Ahead Eagles": [
    0.0,
    0.0,
    0.0,
    0.0,
    4e-05,
    0.00032,
    0.00233,
    0.01615,
    0.05207,
    0.10294,
    0.15698,
    0.20764,
    0.20592,
    0.14887,
    0.07462,
    0.02549,
    0.00591,
    0.00072
  ],
  "Heerenveen": [
    0.0,
    0.0,
    0.0,
    0.00012,
    0.00077,
    0.00528,
    0.02337,
    0.10171,
    0.21387,
    0.23583,
    0.1834,
    0.11655,
    0.07063,
    0.03435,
    0.01153,
    0.0022,
    0.00036,
    3e-05
  ],
  "Waalwijk": [
    0.0,
    0.0,
    0.0,
    0.0,
    1e-05,
    0.00013,
    0.001,
    0.0099,
    0.0373,
    0.07753,
    0.132,
    0.18928,
    0.20829,
    0.18905,
    0.1077,
    0.03811,
    0.00854,
    0.00116
  ],
  "AZ Alkmaar": [
    6e-05,
    0.00215,
    0.02398,
    0.14331,
    0.24773,
    0.29279,
    0.2101,
    0.06406,
    0.01305,
    0.00224,
    0.00044,
    9e-05,
    0.0,
    0.0,
    0.0,
    0.0,
    0.0,
    0.0
  ],
  "Heracles": [
    0.0,
    0.0,
    0.0,
    0.0,
    0.0,
    3e-05,
    0.00031,
    0.00276,
    0.01509,
    0.04209,
    0.08494,
    0.14414,
    0.19856,
    0.23087,
    0.16956,
    0.07913,
    0.0272,
    0.00532
  ],
  "PSV Eindhoven": [
    0.23446,
    0.53225,
    0.19744,
    0.03006,
    0.005,
    0.00072,
    6e-05,
    1e-05,
    0.0,
    0.0,
    0.0,
    0.0,
    0.0,
    0.0,
    0.0,
    0.0,
    0.0,
    0.0
  ],
  "For Sittard": [
    0.0,
    0.0,
    0.0,
    0.0,
    0.0,
    0.0,
    0.0,
    1e-05,
    4e-05,
    0.00032,
    0.00143,
    0.00552,
    0.0145,
    0.03943,
    0.09905,
    0.21819,
    0.34334,
    0.27817
  ],
  "Twente": [
    0.00131,
    0.01757,
    0.10752,
    0.42657,
    0.2472,
    0.13022,
    0.05523,
    0.01255,
    0.00158,
    0.00021,
    4e-05,
    0.0,
    0.0,
    0.0,
    0.0,
    0.0,
    0.0,
    0.0
  ],
  "Ajax": [
    0.67789,
    0.2308,
    0.0836,
    0.00699,
    0.00064,
    7e-05,
    1e-05,
    0.0,
    0.0,
    0.0,
    0.0,
    0.0,
    0.0,
    0.0,
    0.0,
    0.0,
    0.0,
    0.0
  ],
  "Nijmegen": [
    0.0,
    0.0,
    1e-05,
    0.0004,
    0.00264,
    0.01074,
    0.0392,
    0.14221,
    0.27891,
    0.22763,
    0.15406,
    0.08418,
    0.0406,
    0.01548,
    0.00332,
    0.00057,
    5e-05,
    0.0
  ],
  "Cambuur": [
    0.0,
    3e-05,
    0.00027,
    0.00539,
    0.02235,
    0.06143,
    0.16314,
    0.40412,
    0.19469,
    0.09012,
    0.0382,
    0.01457,
    0.0046,
    0.00089,
    0.00018,
    2e-05,
    0.0,
    0.0
  ],
  "Groningen": [
    0.0,
    0.0,
    0.0,
    3e-05,
    0.00015,
    0.0016,
    0.00958,
    0.05767,
    0.14066,
    0.19719,
    0.21482,
    0.16558,
    0.11371,
    0.06538,
    0.02498,
    0.00735,
    0.0012,
    0.0001
  ],
  "Utrecht": [
    0.0,
    0.00029,
    0.00553,
    0.05965,
    0.14563,
    0.24148,
    0.3472,
    0.14301,
    0.04116,
    0.01216,
    0.00304,
    0.0007,
    0.00013,
    2e-05,
    0.0,
    0.0,
    0.0,
    0.0
  ],
  "Sparta Rotterdam": [
    0.0,
    0.0,
    0.0,
    0.0,
    0.0,
    0.0,
    0.0,
    2e-05,
    0.00021,
    0.00129,
    0.00458,
    0.0126,
    0.03152,
    0.07565,
    0.17333,
    0.30113,
    0.25152,
    0.14815
  ],
  "Zwolle": [
    0.0,
    0.0,
    0.0,
    0.0,
    0.0,
    0.0,
    0.0,
    0.0,
    0.0,
    6e-05,
    0.00025,
    0.00094,
    0.00392,
    0.01237,
    0.04286,
    0.12881,
    0.26833,
    0.54246
  ],
  "Vitesse": [
    0.0002,
    0.00314,
    0.02769,
    0.21385,
    0.30236,
    0.24908,
    0.14753,
    0.04536,
    0.00901,
    0.00152,
    0.0002,
    6e-05,
    0.0,
    0.0,
    0.0,
    0.0,
    0.0,
    0.0
  ],
  "Willem II": [
    0.0,
    0.0,
    0.0,
    0.0,
    0.0,
    0.0,
    5e-05,
    0.00038,
    0.00236,
    0.00887,
    0.02562,
    0.05815,
    0.10762,
    0.18764,
    0.29287,
    0.199,
    0.09355,
    0.02389
  ],
  "Feyenoord": [
    0.08608,
    0.21377,
    0.55396,
    0.11363,
    0.02548,
    0.00611,
    0.00089,
    8e-05,
    0.0,
    0.0,
    0.0,
    0.0,
    0.0,
    0.0,
    0.0,
    0.0,
    0.0,
    0.0
  ]
}