{
  "Fulham": [
    0.0,
    0.0,
    0.0,
    0.0,
    0.0,
    0.0,
    0.0,
    0.0,
    0.0,
    0.0,
    0.0,
    0.0,
    7e-05,
    0.00089,
    0.00479,
    0.01733,
    0.06686,
    0.43145,
    0.46876,
    0.00985
  ],
  "Arsenal": [
    0.0,
    0.0,
    0.00064,
    0.004,
    0.01135,
    0.02517,
    0.05612,
    0.112,
    0.19708,
    0.23556,
    0.23523,
    0.08709,
    0.02733,
    0.00698,
    0.00129,
    0.00015,
    1e-05,
    0.0,
    0.0,
    0.0
  ],
  "Crystal Palace": [
    0.0,
    0.0,
    0.0,
    0.0,
    2e-05,
    0.00013,
    0.0007,
    0.00236,
    0.01227,
    0.03654,
    0.0855,
    0.24259,
    0.25083,
    0.18582,
    0.11021,
    0.05468,
    0.01798,
    0.00036,
    1e-05,
    0.0
  ],
  "Southampton": [
    0.0,
    0.0,
    0.0,
    0.0,
    0.0,
    0.0,
    1e-05,
    0.0003,
    0.00234,
    0.00938,
    0.03183,
    0.1322,
    0.19526,
    0.23024,
    0.18703,
    0.13336,
    0.07231,
    0.00551,
    0.00023,
    0.0
  ],
  "Liverpool": [
    0.0,
    0.00766,
    0.06708,
    0.1275,
    0.17503,
    0.21172,
    0.1937,
    0.12601,
    0.06008,
    0.02445,
    0.00637,
    0.00039,
    1e-05,
    0.0,
    0.0,
    0.0,
    0.0,
    0.0,
    0.0,
    0.0
  ],
  "Leeds": [
    0.0,
    2e-05,
    0.00042,
    0.00259,
    0.00861,
    0.02581,
    0.05551,
    0.10591,
    0.19676,
    0.24856,
    0.24529,
    0.07896,
    0.02453,
    0.00559,
    0.00127,
    0.00015,
    2e-05,
    0.0,
    0.0,
    0.0
  ],
  "West Ham": [
    0.0,
    0.03123,
    0.26322,
    0.25941,
    0.20184,
    0.12902,
    0.07441,
    0.03133,
    0.00809,
    0.00136,
    9e-05,
    0.0,
    0.0,
    0.0,
    0.0,
    0.0,
    0.0,
    0.0,
    0.0,
    0.0
  ],
  "Newcastle": [
    0.0,
    0.0,
    0.0,
    0.0,
    0.0,
    0.0,
    0.0,
    1e-05,
    2e-05,
    0.00037,
    0.00265,
    0.01901,
    0.04926,
    0.10329,
    0.17017,
    0.24198,
    0.32841,
    0.07488,
    0.00995,
    0.0
  ],
  "West Brom": [
    0.0,
    0.0,
    0.0,
    0.0,
    0.0,
    0.0,
    0.0,
    0.0,
    0.0,
    0.0,
    0.0,
    2e-05,
    0.00013,
    0.00095,
    0.0036,
    0.0152,
    0.05744,
    0.41605,
    0.48836,
    0.01825
  ],
  "Leicester": [
    1e-05,
    0.05743,
    0.31441,
    0.26082,
    0.17656,
    0.10875,
    0.05721,
    0.01965,
    0.00451,
    0.00059,
    6e-05,
    0.0,
    0.0,
    0.0,
    0.0,
    0.0,
    0.0,
    0.0,
    0.0,
    0.0
  ],
  "Tottenham": [
    0.0,
    0.00049,
    0.01505,
    0.03786,
    0.08128,
    0.14055,
    0.19596,
    0.23767,
    0.15104,
    0.08833,
    0.04338,
    0.00743,
    0.00091,
    4e-05,
    1e-05,
    0.0,
    0.0,
    0.0,
    0.0,
    0.0
  ],
  "Everton": [
    0.0,
    0.00088,
    0.02283,
    0.05301,
    0.10019,
    0.16078,
    0.20213,
    0.19467,
    0.13197,
    0.08301,
    0.04198,
    0.00754,
    0.00094,
    6e-05,
    1e-05,
    0.0,
    0.0,
    0.0,
    0.0,
    0.0
  ],
  "Brighton": [
    0.0,
    0.0,
    0.0,
    0.0,
    0.0,
    0.0,
    0.0,
    2e-05,
    0.00039,
    0.00179,
    0.0079,
    0.04017,
    0.08676,
    0.15296,
    0.21756,
    0.24768,
    0.20916,
    0.03321,
    0.0024,
    0.0
  ],
  "Chelsea": [
    0.0,
    0.02102,
    0.2222,
    0.22771,
    0.22347,
    0.15933,
    0.08977,
    0.04025,
    0.01251,
    0.00334,
    0.00038,
    2e-05,
    0.0,
    0.0,
    0.0,
    0.0,
    0.0,
    0.0,
    0.0,
    0.0
  ],
  "Sheffield United": [
    0.0,
    0.0,
    0.0,
    0.0,
    0.0,
    0.0,
    0.0,
    0.0,
    0.0,
    0.0,
    0.0,
    0.0,
    0.0,
    0.0,
    0.0,
    0.0,
    4e-05,
    0.00247,
    0.0256,
    0.97189
  ],
  "Wolves": [
    0.0,
    0.0,
    0.0,
    0.0,
    1e-05,
    0.0001,
    0.0006,
    0.00374,
    0.01252,
    0.03539,
    0.08987,
    0.27454,
    0.25837,
    0.1604,
    0.09614,
    0.04911,
    0.0183,
    0.00089,
    2e-05,
    0.0
  ],
  "Man United": [
    0.01052,
    0.87069,
    0.09252,
    0.02084,
    0.0046,
    0.00079,
    4e-05,
    0.0,
    0.0,
    0.0,
    0.0,
    0.0,
    0.0,
    0.0,
    0.0,
    0.0,
    0.0,
    0.0,
    0.0,
    0.0
  ],
  "Burnley": [
    0.0,
    0.0,
    0.0,
    0.0,
    0.0,
    0.0,
    0.0,
    1e-05,
    0.00025,
    0.00163,
    0.00692,
    0.04156,
    0.08466,
    0.14831,
    0.20707,
    0.24026,
    0.22947,
    0.03518,
    0.00467,
    1e-05
  ],
  "Aston Villa": [
    0.0,
    6e-05,
    0.00162,
    0.00626,
    0.01704,
    0.03785,
    0.07384,
    0.12607,
    0.21017,
    0.2297,
    0.20255,
    0.06848,
    0.02094,
    0.00447,
    0.00085,
    0.0001,
    0.0,
    0.0,
    0.0,
    0.0
  ],
  "Man City": [
    0.98947,
    0.01052,
    1e-05,
    0.0,
    0.0,
    0.0,
    0.0,
    0.0,
    0.0,
    0.0,
    0.0,
    0.0,
    0.0,
    0.0,
    0.0,
    0.0,
    0.0,
    0.0,
    0.0,
    0.0
  ]
}