{
  "Ein Frankfurt": [
    0.00698,
    0.02984,
    0.08321,
    0.1706,
    0.25697,
    0.30329,
    0.1064,
    0.03029,
    0.00845,
    0.00303,
    0.00072,
    0.00019,
    2e-05,
    1e-05,
    0.0,
    0.0,
    0.0,
    0.0
  ],
  "Bayern Munich": [
    0.54651,
    0.27858,
    0.11601,
    0.04174,
    0.01349,
    0.00343,
    0.00023,
    1e-05,
    0.0,
    0.0,
    0.0,
    0.0,
    0.0,
    0.0,
    0.0,
    0.0,
    0.0,
    0.0
  ],
  "Augsburg": [
    0.0,
    0.0,
    0.0,
    0.0,
    2e-05,
    0.00024,
    0.00202,
    0.00715,
    0.01815,
    0.03682,
    0.07153,
    0.1342,
    0.24281,
    0.19851,
    0.14587,
    0.09324,
    0.04682,
    0.00262
  ],
  "Freiburg": [
    0.01567,
    0.05896,
    0.14408,
    0.25472,
    0.27181,
    0.18215,
    0.05311,
    0.01417,
    0.00385,
    0.00107,
    0.00039,
    2e-05,
    0.0,
    0.0,
    0.0,
    0.0,
    0.0,
    0.0
  ],
  "Bochum": [
    0.0,
    0.0,
    0.0,
    0.0,
    0.0,
    2e-05,
    0.00031,
    0.0011,
    0.00351,
    0.00888,
    0.02152,
    0.05086,
    0.12439,
    0.18725,
    0.21282,
    0.2089,
    0.164,
    0.01644
  ],
  "Mainz": [
    0.0,
    0.0,
    4e-05,
    0.00057,
    0.00312,
    0.01582,
    0.06775,
    0.12366,
    0.15985,
    0.17953,
    0.18136,
    0.15342,
    0.07202,
    0.02932,
    0.00972,
    0.00326,
    0.00055,
    1e-05
  ],
  "M'gladbach": [
    0.0,
    0.0,
    2e-05,
    0.00015,
    0.00123,
    0.00655,
    0.03337,
    0.07212,
    0.11361,
    0.15551,
    0.19026,
    0.20776,
    0.12608,
    0.05774,
    0.02452,
    0.00919,
    0.00187,
    2e-05
  ],
  "Hoffenheim": [
    0.0,
    0.0,
    0.0,
    0.0,
    0.0,
    2e-05,
    0.0002,
    0.00101,
    0.00318,
    0.0081,
    0.02207,
    0.05444,
    0.12274,
    0.18648,
    0.21129,
    0.20919,
    0.16448,
    0.0168
  ],
  "Union Berlin": [
    0.30917,
    0.36235,
    0.19065,
    0.08582,
    0.0375,
    0.01255,
    0.00169,
    0.00023,
    4e-05,
    0.0,
    0.0,
    0.0,
    0.0,
    0.0,
    0.0,
    0.0,
    0.0,
    0.0
  ],
  "Hertha": [
    0.0,
    0.0,
    0.0,
    0.0,
    0.0,
    0.0,
    0.0002,
    0.00063,
    0.00234,
    0.00691,
    0.01687,
    0.04329,
    0.1017,
    0.16778,
    0.1991,
    0.21997,
    0.21234,
    0.02887
  ],
  "Wolfsburg": [
    4e-05,
    0.00052,
    0.00399,
    0.01631,
    0.05132,
    0.12973,
    0.34203,
    0.20637,
    0.11977,
    0.0679,
    0.03815,
    0.01698,
    0.00552,
    0.00108,
    0.00024,
    5e-05,
    0.0,
    0.0
  ],
  "Werder Bremen": [
    0.0,
    1e-05,
    0.00025,
    0.00117,
    0.00664,
    0.0277,
    0.1234,
    0.19766,
    0.19135,
    0.16907,
    0.13443,
    0.09093,
    0.03903,
    0.01292,
    0.00424,
    0.00099,
    0.0002,
    1e-05
  ],
  "Dortmund": [
    0.10679,
    0.21385,
    0.3238,
    0.1957,
    0.10585,
    0.04605,
    0.00697,
    0.00084,
    0.00014,
    1e-05,
    0.0,
    0.0,
    0.0,
    0.0,
    0.0,
    0.0,
    0.0,
    0.0
  ],
  "Leverkusen": [
    0.0,
    1e-05,
    0.00013,
    0.00093,
    0.00388,
    0.02252,
    0.10261,
    0.16454,
    0.18296,
    0.1772,
    0.1573,
    0.11377,
    0.04924,
    0.01726,
    0.00564,
    0.00171,
    0.00029,
    1e-05
  ],
  "Stuttgart": [
    0.0,
    0.0,
    0.0,
    0.0,
    0.0,
    0.0,
    3e-05,
    0.00022,
    0.00108,
    0.00288,
    0.00928,
    0.02493,
    0.06409,
    0.11975,
    0.17302,
    0.2298,
    0.3271,
    0.04782
  ],
  "RB Leipzig": [
    0.01484,
    0.05588,
    0.13772,
    0.23161,
    0.24366,
    0.22951,
    0.0635,
    0.0165,
    0.00508,
    0.00125,
    0.00036,
    5e-05,
    3e-05,
    1e-05,
    0.0,
    0.0,
    0.0,
    0.0
  ],
  "FC Koln": [
    0.0,
    0.0,
    0.0001,
    0.00068,
    0.00451,
    0.02042,
    0.09618,
    0.1635,
    0.18664,
    0.18184,
    0.15576,
    0.10911,
    0.05179,
    0.01969,
    0.00699,
    0.0022,
    0.00059,
    0.0
  ],
  "Schalke 04": [
    0.0,
    0.0,
    0.0,
    0.0,
    0.0,
    0.0,
    0.0,
    0.0,
    0.0,
    0.0,
    0.0,
    5e-05,
    0.00054,
    0.0022,
    0.00655,
    0.0215,
    0.08176,
    0.8874
  ]
}