{
  "Fiorentina": [
    0.00119,
    0.00303,
    0.0067,
    0.01063,
    0.01565,
    0.02233,
    0.02883,
    0.03704,
    0.0456,
    0.05363,
    0.0633,
    0.07048,
    0.07749,
    0.08269,
    0.08679,
    0.09041,
    0.08966,
    0.08407,
    0.07482,
    0.05566
  ],
  "Torino": [
    8e-05,
    0.00027,
    0.00078,
    0.00118,
    0.0024,
    0.00392,
    0.00634,
    0.00885,
    0.01326,
    0.0176,
    0.02527,
    0.03184,
    0.04161,
    0.05101,
    0.06426,
    0.07988,
    0.10262,
    0.13008,
    0.17323,
    0.24552
  ],
  "Verona": [
    0.0097,
    0.01999,
    0.03187,
    0.04272,
    0.05361,
    0.06322,
    0.07167,
    0.07912,
    0.08191,
    0.08169,
    0.07883,
    0.07485,
    0.0689,
    0.06102,
    0.05313,
    0.04325,
    0.03466,
    0.02551,
    0.0167,
    0.00765
  ],
  "Roma": [
    0.08129,
    0.10971,
    0.119,
    0.11792,
    0.10791,
    0.09604,
    0.08167,
    0.06882,
    0.05652,
    0.04498,
    0.03491,
    0.02701,
    0.01996,
    0.01361,
    0.00885,
    0.00566,
    0.00357,
    0.00179,
    0.00061,
    0.00017
  ],
  "Parma": [
    0.00028,
    0.0009,
    0.00237,
    0.00485,
    0.00828,
    0.01156,
    0.01619,
    0.02317,
    0.0303,
    0.03931,
    0.04983,
    0.05978,
    0.07434,
    0.08576,
    0.08977,
    0.09923,
    0.10798,
    0.1084,
    0.10176,
    0.08594
  ],
  "Napoli": [
    0.09217,
    0.11759,
    0.12386,
    0.11832,
    0.10589,
    0.09203,
    0.07917,
    0.06676,
    0.05492,
    0.04371,
    0.03293,
    0.02409,
    0.01723,
    0.01236,
    0.00827,
    0.00542,
    0.00289,
    0.00154,
    0.00065,
    0.0002
  ],
  "Genoa": [
    5e-05,
    0.00028,
    0.00047,
    0.00125,
    0.00221,
    0.00387,
    0.00554,
    0.00909,
    0.01296,
    0.01908,
    0.02499,
    0.03278,
    0.04211,
    0.0531,
    0.07279,
    0.08958,
    0.11029,
    0.13549,
    0.16798,
    0.21609
  ],
  "Crotone": [
    6e-05,
    0.00027,
    0.00058,
    0.00142,
    0.00253,
    0.00387,
    0.00704,
    0.01011,
    0.01509,
    0.02119,
    0.0287,
    0.03674,
    0.04681,
    0.06323,
    0.07772,
    0.09462,
    0.11161,
    0.13598,
    0.16027,
    0.18216
  ],
  "Sassuolo": [
    0.04566,
    0.07299,
    0.09002,
    0.09837,
    0.09933,
    0.0966,
    0.09024,
    0.08368,
    0.07336,
    0.06161,
    0.05098,
    0.03996,
    0.03428,
    0.02379,
    0.01593,
    0.01133,
    0.00648,
    0.00302,
    0.00173,
    0.00064
  ],
  "Cagliari": [
    0.00245,
    0.0065,
    0.01172,
    0.01776,
    0.02502,
    0.03131,
    0.0405,
    0.04791,
    0.05613,
    0.06547,
    0.07219,
    0.07674,
    0.0793,
    0.08089,
    0.08033,
    0.07809,
    0.07134,
    0.06537,
    0.05401,
    0.03697
  ],
  "Juventus": [
    0.06292,
    0.08766,
    0.10269,
    0.10531,
    0.10579,
    0.09876,
    0.08973,
    0.07911,
    0.06454,
    0.053,
    0.04461,
    0.03368,
    0.0257,
    0.01789,
    0.01209,
    0.00783,
    0.00488,
    0.00248,
    0.00098,
    0.00035
  ],
  "Sampdoria": [
    0.00626,
    0.01413,
    0.0237,
    0.03339,
    0.04338,
    0.05375,
    0.06429,
    0.06892,
    0.07739,
    0.08374,
    0.08516,
    0.08262,
    0.07711,
    0.07029,
    0.0612,
    0.05141,
    0.04156,
    0.03038,
    0.02065,
    0.01067
  ],
  "Milan": [
    0.32711,
    0.21429,
    0.14117,
    0.09752,
    0.0692,
    0.04913,
    0.03534,
    0.0242,
    0.01609,
    0.01014,
    0.00709,
    0.00395,
    0.00238,
    0.00127,
    0.00062,
    0.00031,
    9e-05,
    9e-05,
    1e-05,
    0.0
  ],
  "Bologna": [
    0.00173,
    0.00456,
    0.00972,
    0.01571,
    0.0224,
    0.03046,
    0.03875,
    0.0478,
    0.05789,
    0.06603,
    0.07212,
    0.08036,
    0.08291,
    0.08379,
    0.08432,
    0.0797,
    0.07327,
    0.0655,
    0.05054,
    0.03244
  ],
  "Atalanta": [
    0.04232,
    0.06448,
    0.08297,
    0.08975,
    0.09316,
    0.09278,
    0.08949,
    0.08403,
    0.07469,
    0.06548,
    0.05418,
    0.04606,
    0.03542,
    0.02761,
    0.02089,
    0.01534,
    0.01052,
    0.00614,
    0.00358,
    0.00111
  ],
  "Lazio": [
    0.028,
    0.04695,
    0.06431,
    0.07597,
    0.08552,
    0.09076,
    0.09073,
    0.08458,
    0.08048,
    0.07239,
    0.06398,
    0.05408,
    0.04481,
    0.03634,
    0.02901,
    0.02101,
    0.01517,
    0.00894,
    0.00507,
    0.0019
  ],
  "Benevento": [
    0.00349,
    0.00762,
    0.01487,
    0.02221,
    0.03049,
    0.03937,
    0.04867,
    0.0566,
    0.06304,
    0.0699,
    0.0742,
    0.07708,
    0.07894,
    0.07901,
    0.07734,
    0.07109,
    0.06482,
    0.0546,
    0.04152,
    0.02514
  ],
  "Inter": [
    0.28807,
    0.21225,
    0.14618,
    0.10585,
    0.07508,
    0.05455,
    0.0374,
    0.02675,
    0.01842,
    0.01271,
    0.00843,
    0.00563,
    0.00367,
    0.00245,
    0.00118,
    0.00084,
    0.00039,
    9e-05,
    5e-05,
    1e-05
  ],
  "Spezia": [
    0.00039,
    0.00142,
    0.00308,
    0.00534,
    0.00871,
    0.01398,
    0.01844,
    0.02618,
    0.03359,
    0.04163,
    0.051,
    0.06673,
    0.07529,
    0.08406,
    0.09291,
    0.09857,
    0.10013,
    0.10163,
    0.09677,
    0.08015
  ],
  "Udinese": [
    0.00678,
    0.01511,
    0.02394,
    0.03453,
    0.04344,
    0.05171,
    0.05997,
    0.06728,
    0.07382,
    0.07671,
    0.0773,
    0.07554,
    0.07174,
    0.06983,
    0.0626,
    0.05643,
    0.04807,
    0.0389,
    0.02907,
    0.01723
  ]
}