{
  "Sp Braga": [
    5e-05,
    0.00151,
    0.23353,
    0.6228,
    0.1277,
    0.01392,
    0.00049,
    0.0,
    0.0,
    0.0,
    0.0,
    0.0,
    0.0,
    0.0,
    0.0,
    0.0,
    0.0,
    0.0
  ],
  "Famalicao": [
    0.0,
    0.0,
    0.0,
    0.0,
    0.00034,
    0.00574,
    0.0707,
    0.20793,
    0.20907,
    0.17332,
    0.12704,
    0.08541,
    0.05683,
    0.0334,
    0.01929,
    0.00847,
    0.00233,
    0.00013
  ],
  "Gil Vicente": [
    0.0,
    0.0,
    0.0,
    0.0,
    0.00027,
    0.00744,
    0.09016,
    0.22527,
    0.19699,
    0.16296,
    0.12003,
    0.08278,
    0.0522,
    0.0338,
    0.01832,
    0.00768,
    0.00194,
    0.00016
  ],
  "Portimonense": [
    0.0,
    0.0,
    0.0,
    0.0,
    0.0,
    0.0,
    0.00032,
    0.0036,
    0.00955,
    0.02054,
    0.03659,
    0.05807,
    0.0873,
    0.12446,
    0.17195,
    0.22606,
    0.18826,
    0.0733
  ],
  "Farense": [
    0.0,
    0.0,
    0.0,
    0.0,
    0.00019,
    0.00423,
    0.06902,
    0.19567,
    0.20272,
    0.16968,
    0.12708,
    0.09169,
    0.06171,
    0.04088,
    0.02303,
    0.01079,
    0.00312,
    0.00019
  ],
  "Casa Pia": [
    0.0,
    0.0,
    0.0,
    0.0,
    1e-05,
    0.00083,
    0.01921,
    0.09471,
    0.13559,
    0.15855,
    0.16097,
    0.14096,
    0.11245,
    0.08261,
    0.05378,
    0.02847,
    0.01028,
    0.00158
  ],
  "Sp Lisbon": [
    0.49793,
    0.49091,
    0.01092,
    0.00024,
    0.0,
    0.0,
    0.0,
    0.0,
    0.0,
    0.0,
    0.0,
    0.0,
    0.0,
    0.0,
    0.0,
    0.0,
    0.0,
    0.0
  ],
  "Vizela": [
    0.0,
    0.0,
    0.0,
    0.0,
    0.0,
    0.0,
    5e-05,
    0.00069,
    0.00297,
    0.00597,
    0.01308,
    0.02393,
    0.03865,
    0.064,
    0.10418,
    0.1762,
    0.31701,
    0.25327
  ],
  "Rio Ave": [
    0.0,
    0.0,
    0.0,
    0.0,
    0.0,
    0.00014,
    0.00343,
    0.01658,
    0.0364,
    0.06287,
    0.09391,
    0.12683,
    0.14225,
    0.14993,
    0.14875,
    0.12789,
    0.07567,
    0.01535
  ],
  "Chaves": [
    0.0,
    0.0,
    0.0,
    0.0,
    0.0,
    0.0,
    0.0,
    1e-05,
    5e-05,
    0.00029,
    0.0009,
    0.00224,
    0.00592,
    0.01324,
    0.03247,
    0.08137,
    0.23891,
    0.6246
  ],
  "Estrela": [
    0.0,
    0.0,
    0.0,
    0.0,
    0.0,
    6e-05,
    0.003,
    0.01817,
    0.03731,
    0.06078,
    0.08906,
    0.11306,
    0.13876,
    0.15629,
    0.16069,
    0.13828,
    0.07141,
    0.01313
  ],
  "Guimaraes": [
    0.0,
    2e-05,
    0.01396,
    0.12773,
    0.57632,
    0.24449,
    0.03474,
    0.00249,
    0.00021,
    4e-05,
    0.0,
    0.0,
    0.0,
    0.0,
    0.0,
    0.0,
    0.0,
    0.0
  ],
  "Arouca": [
    0.0,
    0.0,
    0.0,
    0.00071,
    0.02303,
    0.13565,
    0.57444,
    0.16679,
    0.06147,
    0.02467,
    0.0091,
    0.00288,
    0.00091,
    0.00027,
    7e-05,
    1e-05,
    0.0,
    0.0
  ],
  "Estoril": [
    0.0,
    0.0,
    0.0,
    0.0,
    0.0,
    0.00012,
    0.00409,
    0.02309,
    0.04947,
    0.07938,
    0.11052,
    0.13799,
    0.15439,
    0.15312,
    0.13249,
    0.09853,
    0.04629,
    0.01052
  ],
  "Moreirense": [
    0.0,
    0.0,
    0.00097,
    0.0202,
    0.25168,
    0.58612,
    0.12448,
    0.01379,
    0.00234,
    0.00032,
    8e-05,
    1e-05,
    1e-05,
    0.0,
    0.0,
    0.0,
    0.0,
    0.0
  ],
  "Porto": [
    0.00112,
    0.0204,
    0.72903,
    0.22797,
    0.02044,
    0.00103,
    1e-05,
    0.0,
    0.0,
    0.0,
    0.0,
    0.0,
    0.0,
    0.0,
    0.0,
    0.0,
    0.0,
    0.0
  ],
  "Boavista": [
    0.0,
    0.0,
    0.0,
    0.0,
    2e-05,
    0.00023,
    0.00586,
    0.03121,
    0.05586,
    0.08063,
    0.11164,
    0.13415,
    0.14862,
    0.148,
    0.13498,
    0.09625,
    0.04478,
    0.00777
  ],
  "Benfica": [
    0.5009,
    0.48716,
    0.01159,
    0.00035,
    0.0,
    0.0,
    0.0,
    0.0,
    0.0,
    0.0,
    0.0,
    0.0,
    0.0,
    0.0,
    0.0,
    0.0,
    0.0,
    0.0
  ]
}