{
  "Le Havre": [
    0.0,
    0.0,
    1e-05,
    2e-05,
    0.00012,
    0.00014,
    0.00067,
    0.00129,
    0.00307,
    0.00606,
    0.01126,
    0.01851,
    0.02985,
    0.04767,
    0.07511,
    0.13186,
    0.23478,
    0.43958
  ],
  "Paris SG": [
    0.90265,
    0.0798,
    0.01413,
    0.00278,
    0.00052,
    9e-05,
    2e-05,
    1e-05,
    0.0,
    0.0,
    0.0,
    0.0,
    0.0,
    0.0,
    0.0,
    0.0,
    0.0,
    0.0
  ],
  "Brest": [
    0.00015,
    0.00852,
    0.02288,
    0.04214,
    0.06655,
    0.09245,
    0.1171,
    0.13035,
    0.12979,
    0.11355,
    0.08991,
    0.06886,
    0.05093,
    0.03372,
    0.01965,
    0.00943,
    0.00352,
    0.0005
  ],
  "Marseille": [
    0.0592,
    0.43005,
    0.23026,
    0.13142,
    0.0735,
    0.03995,
    0.02051,
    0.00948,
    0.00369,
    0.00129,
    0.00053,
    0.00012,
    0.0,
    0.0,
    0.0,
    0.0,
    0.0,
    0.0
  ],
  "Reims": [
    0.0,
    0.00021,
    0.00103,
    0.00266,
    0.00721,
    0.0144,
    0.02567,
    0.04282,
    0.0628,
    0.08724,
    0.11043,
    0.12458,
    0.11965,
    0.1212,
    0.11617,
    0.08851,
    0.05494,
    0.02048
  ],
  "Lille": [
    0.00801,
    0.10717,
    0.16331,
    0.18016,
    0.16718,
    0.13449,
    0.09786,
    0.06315,
    0.03854,
    0.02135,
    0.01099,
    0.00459,
    0.00214,
    0.00081,
    0.00024,
    1e-05,
    0.0,
    0.0
  ],
  "Monaco": [
    0.02164,
    0.20607,
    0.23662,
    0.18286,
    0.13542,
    0.09347,
    0.05854,
    0.03434,
    0.01735,
    0.00818,
    0.00339,
    0.00144,
    0.00048,
    0.00015,
    4e-05,
    1e-05,
    0.0,
    0.0
  ],
  "St Etienne": [
    0.0,
    0.0,
    4e-05,
    0.00022,
    0.00093,
    0.00216,
    0.00497,
    0.01019,
    0.0171,
    0.02871,
    0.04259,
    0.06992,
    0.09718,
    0.12237,
    0.15434,
    0.17922,
    0.16233,
    0.10773
  ],
  "Auxerre": [
    0.0,
    0.00059,
    0.00239,
    0.00592,
    0.01273,
    0.02224,
    0.03929,
    0.05934,
    0.0832,
    0.10477,
    0.12148,
    0.12477,
    0.11804,
    0.11243,
    0.08187,
    0.05942,
    0.03509,
    0.01643
  ],
  "Nice": [
    0.00499,
    0.07888,
    0.13923,
    0.16466,
    0.16262,
    0.14404,
    0.11163,
    0.07889,
    0.05142,
    0.03241,
    0.01718,
    0.00807,
    0.00367,
    0.00157,
    0.00053,
    0.0002,
    1e-05,
    0.0
  ],
  "Angers": [
    0.0,
    0.00041,
    0.00189,
    0.00521,
    0.01072,
    0.02087,
    0.03527,
    0.05408,
    0.07801,
    0.10148,
    0.12189,
    0.12355,
    0.12346,
    0.10764,
    0.09317,
    0.07038,
    0.03937,
    0.0126
  ],
  "Lens": [
    0.00228,
    0.0608,
    0.11092,
    0.14283,
    0.1555,
    0.14851,
    0.1224,
    0.09504,
    0.06899,
    0.04333,
    0.02413,
    0.01381,
    0.00676,
    0.00304,
    0.00126,
    0.00036,
    4e-05,
    0.0
  ],
  "Montpellier": [
    0.0,
    0.0,
    0.0,
    1e-05,
    0.00016,
    0.00031,
    0.00089,
    0.00221,
    0.00493,
    0.0102,
    0.01803,
    0.02863,
    0.0445,
    0.06483,
    0.1022,
    0.15525,
    0.26201,
    0.30584
  ],
  "Strasbourg": [
    6e-05,
    0.00424,
    0.01433,
    0.0306,
    0.04981,
    0.07566,
    0.09992,
    0.12047,
    0.13084,
    0.12451,
    0.10334,
    0.08322,
    0.06441,
    0.04446,
    0.02911,
    0.01645,
    0.00703,
    0.00154
  ],
  "Toulouse": [
    3e-05,
    0.00257,
    0.00982,
    0.02098,
    0.03786,
    0.05975,
    0.08672,
    0.11072,
    0.12007,
    0.11957,
    0.1092,
    0.09514,
    0.08054,
    0.06145,
    0.04407,
    0.02669,
    0.01209,
    0.00273
  ],
  "Nantes": [
    0.0,
    0.0001,
    0.00068,
    0.00242,
    0.00509,
    0.01098,
    0.0202,
    0.03428,
    0.05134,
    0.06748,
    0.08272,
    0.09809,
    0.11355,
    0.12914,
    0.13526,
    0.12301,
    0.08572,
    0.03994
  ],
  "Rennes": [
    0.0,
    5e-05,
    0.00018,
    0.0008,
    0.0025,
    0.00545,
    0.01088,
    0.0208,
    0.03456,
    0.05295,
    0.07943,
    0.10073,
    0.12292,
    0.13602,
    0.14136,
    0.13654,
    0.10239,
    0.05244
  ],
  "Lyon": [
    0.00099,
    0.02054,
    0.05228,
    0.08431,
    0.11158,
    0.13504,
    0.14746,
    0.13254,
    0.1043,
    0.07692,
    0.0535,
    0.03597,
    0.02192,
    0.0135,
    0.00562,
    0.00266,
    0.00068,
    0.00019
  ]
}