{
  "Cuiabá / MT": [
    0.0,
    0.0,
    0.0,
    0.00031,
    0.00133,
    0.00586,
    0.02108,
    0.06893,
    0.10201,
    0.13674,
    0.12894,
    0.12826,
    0.11957,
    0.10748,
    0.09111,
    0.06362,
    0.02009,
    0.00408,
    0.00059,
    0.0
  ],
  "Juventude / RS": [
    0.0,
    0.0,
    0.0,
    0.0,
    0.0,
    3e-05,
    0.00021,
    0.00081,
    0.00223,
    0.0033,
    0.00559,
    0.00892,
    0.01399,
    0.02391,
    0.04404,
    0.0978,
    0.26181,
    0.31441,
    0.22152,
    0.00143
  ],
  "Bahia / BA": [
    0.0,
    0.0,
    3e-05,
    0.00044,
    0.00207,
    0.00793,
    0.02649,
    0.08637,
    0.10655,
    0.10859,
    0.10469,
    0.10251,
    0.10413,
    0.10966,
    0.10634,
    0.08469,
    0.03687,
    0.01073,
    0.00191,
    0.0
  ],
  "Santos / SP": [
    0.0,
    0.0,
    0.0,
    4e-05,
    0.00011,
    0.00065,
    0.00278,
    0.01051,
    0.01971,
    0.03036,
    0.04166,
    0.05689,
    0.07563,
    0.10543,
    0.15583,
    0.25591,
    0.16099,
    0.06752,
    0.01597,
    1e-05
  ],
  "São Paulo / SP": [
    0.0,
    0.0,
    0.0,
    0.00015,
    0.00075,
    0.00287,
    0.01156,
    0.04509,
    0.06934,
    0.08412,
    0.0978,
    0.11319,
    0.12849,
    0.14274,
    0.14204,
    0.09839,
    0.04579,
    0.01491,
    0.00277,
    0.0
  ],
  "Fluminense / RJ": [
    0.0,
    6e-05,
    0.00071,
    0.0049,
    0.01658,
    0.04061,
    0.09719,
    0.21373,
    0.17344,
    0.13174,
    0.10637,
    0.08233,
    0.06201,
    0.03832,
    0.02133,
    0.00864,
    0.00189,
    0.00015,
    0.0,
    0.0
  ],
  "Atlético Mineiro / MG": [
    0.90033,
    0.09319,
    0.00638,
    0.0001,
    0.0,
    0.0,
    0.0,
    0.0,
    0.0,
    0.0,
    0.0,
    0.0,
    0.0,
    0.0,
    0.0,
    0.0,
    0.0,
    0.0,
    0.0,
    0.0
  ],
  "Fortaleza / CE": [
    0.00014,
    0.02478,
    0.11494,
    0.26633,
    0.23026,
    0.18606,
    0.12014,
    0.0378,
    0.01237,
    0.00495,
    0.0015,
    0.0005,
    0.00015,
    7e-05,
    1e-05,
    0.0,
    0.0,
    0.0,
    0.0,
    0.0
  ],
  "Flamengo / RJ": [
    0.00931,
    0.19493,
    0.49465,
    0.17394,
    0.08024,
    0.03405,
    0.01114,
    0.00162,
    0.00011,
    1e-05,
    0.0,
    0.0,
    0.0,
    0.0,
    0.0,
    0.0,
    0.0,
    0.0,
    0.0,
    0.0
  ],
  "Palmeiras / SP": [
    0.09009,
    0.66513,
    0.19198,
    0.03992,
    0.00988,
    0.0026,
    0.00036,
    3e-05,
    0.0,
    1e-05,
    0.0,
    0.0,
    0.0,
    0.0,
    0.0,
    0.0,
    0.0,
    0.0,
    0.0,
    0.0
  ],
  "Ceará / CE": [
    0.0,
    0.0,
    0.00012,
    0.00113,
    0.00497,
    0.01413,
    0.04195,
    0.10819,
    0.13271,
    0.13448,
    0.14384,
    0.13176,
    0.11198,
    0.08452,
    0.05579,
    0.02648,
    0.0066,
    0.00117,
    0.00018,
    0.0
  ],
  "Grêmio / RS": [
    0.0,
    0.0,
    0.0,
    0.0,
    0.0,
    0.0,
    1e-05,
    0.00038,
    0.00092,
    0.00234,
    0.00531,
    0.00961,
    0.01809,
    0.03294,
    0.05974,
    0.11849,
    0.25299,
    0.27228,
    0.22521,
    0.00169
  ],
  "Corinthians / SP": [
    0.0001,
    0.01181,
    0.08629,
    0.19774,
    0.24072,
    0.22243,
    0.15257,
    0.05348,
    0.02114,
    0.00891,
    0.00319,
    0.00109,
    0.0004,
    0.00011,
    2e-05,
    0.0,
    0.0,
    0.0,
    0.0,
    0.0
  ],
  "Atlético Goianiense / GO": [
    0.0,
    0.0,
    9e-05,
    0.00119,
    0.00377,
    0.01217,
    0.03301,
    0.0823,
    0.10955,
    0.11643,
    0.12176,
    0.12189,
    0.11502,
    0.10409,
    0.08533,
    0.06008,
    0.02499,
    0.00751,
    0.00082,
    0.0
  ],
  "Athletico Paranaense / PR": [
    0.0,
    0.0,
    6e-05,
    0.00078,
    0.00335,
    0.01179,
    0.0322,
    0.08183,
    0.1108,
    0.12063,
    0.12302,
    0.12125,
    0.11869,
    0.1076,
    0.0899,
    0.05339,
    0.01977,
    0.00448,
    0.00046,
    0.0
  ],
  "América / MG": [
    0.0,
    0.0,
    2e-05,
    0.00015,
    0.00095,
    0.0038,
    0.01436,
    0.05078,
    0.07405,
    0.08827,
    0.1022,
    0.11391,
    0.12694,
    0.1374,
    0.13607,
    0.09724,
    0.04159,
    0.01088,
    0.00139,
    0.0
  ],
  "Chapecoense / SC": [
    0.0,
    0.0,
    0.0,
    0.0,
    0.0,
    0.0,
    0.0,
    0.0,
    0.0,
    0.0,
    0.0,
    0.0,
    0.0,
    0.0,
    0.0,
    0.0,
    7e-05,
    0.00068,
    0.00572,
    0.99353
  ],
  "Red Bull Bragantino / SP": [
    3e-05,
    0.00607,
    0.06226,
    0.18888,
    0.2195,
    0.23148,
    0.20033,
    0.06041,
    0.01978,
    0.00746,
    0.0025,
    0.00087,
    0.00038,
    4e-05,
    1e-05,
    0.0,
    0.0,
    0.0,
    0.0,
    0.0
  ],
  "Internacional / RS": [
    0.0,
    0.00403,
    0.04247,
    0.124,
    0.18552,
    0.22354,
    0.23462,
    0.09774,
    0.04528,
    0.02146,
    0.01123,
    0.00616,
    0.00253,
    0.00107,
    0.00029,
    6e-05,
    0.0,
    0.0,
    0.0,
    0.0
  ],
  "Sport / PE": [
    0.0,
    0.0,
    0.0,
    0.0,
    0.0,
    0.0,
    0.0,
    0.0,
    1e-05,
    0.0002,
    0.0004,
    0.00086,
    0.002,
    0.00462,
    0.01215,
    0.03521,
    0.12655,
    0.2912,
    0.52346,
    0.00334
  ]
}