{
  "Bayern Munich": [
    0.99153,
    0.00833,
    0.00014,
    0.0,
    0.0,
    0.0,
    0.0,
    0.0,
    0.0,
    0.0,
    0.0,
    0.0,
    0.0,
    0.0,
    0.0,
    0.0,
    0.0,
    0.0
  ],
  "Hertha": [
    0.0,
    0.0,
    0.0,
    0.0,
    0.0,
    0.00543,
    0.03764,
    0.10136,
    0.21355,
    0.24083,
    0.20283,
    0.12888,
    0.05472,
    0.01398,
    0.00077,
    1e-05,
    0.0,
    0.0
  ],
  "Dortmund": [
    0.00812,
    0.85977,
    0.11842,
    0.01223,
    0.00146,
    0.0,
    0.0,
    0.0,
    0.0,
    0.0,
    0.0,
    0.0,
    0.0,
    0.0,
    0.0,
    0.0,
    0.0,
    0.0
  ],
  "Augsburg": [
    0.0,
    0.0,
    0.0,
    0.0,
    0.0,
    0.0,
    3e-05,
    0.0007,
    0.00492,
    0.01744,
    0.0456,
    0.10554,
    0.21618,
    0.27037,
    0.25548,
    0.0805,
    0.00324,
    0.0
  ],
  "Freiburg": [
    0.0,
    0.0,
    0.0,
    0.0,
    0.0,
    0.09391,
    0.25159,
    0.31554,
    0.18404,
    0.09777,
    0.04613,
    0.01023,
    0.00076,
    3e-05,
    0.0,
    0.0,
    0.0,
    0.0
  ],
  "Mainz": [
    0.0,
    0.0,
    0.0,
    0.0,
    0.0,
    0.0,
    0.0,
    4e-05,
    0.00066,
    0.00275,
    0.01107,
    0.03946,
    0.12875,
    0.25016,
    0.41105,
    0.13633,
    0.01968,
    5e-05
  ],
  "Leverkusen": [
    0.0,
    0.00702,
    0.15195,
    0.3975,
    0.4433,
    0.00023,
    0.0,
    0.0,
    0.0,
    0.0,
    0.0,
    0.0,
    0.0,
    0.0,
    0.0,
    0.0,
    0.0,
    0.0
  ],
  "Paderborn": [
    0.0,
    0.0,
    0.0,
    0.0,
    0.0,
    0.0,
    0.0,
    0.0,
    0.0,
    0.0,
    0.0,
    0.0,
    0.0,
    0.0,
    0.0004,
    0.00829,
    0.13566,
    0.85565
  ],
  "Werder Bremen": [
    0.0,
    0.0,
    0.0,
    0.0,
    0.0,
    0.0,
    0.0,
    0.0,
    0.0,
    0.0,
    0.0,
    2e-05,
    0.00098,
    0.00476,
    0.02826,
    0.14984,
    0.67475,
    0.14139
  ],
  "Fortuna Dusseldorf": [
    0.0,
    0.0,
    0.0,
    0.0,
    0.0,
    0.0,
    0.0,
    0.0,
    0.0,
    6e-05,
    0.00034,
    0.0036,
    0.02501,
    0.0622,
    0.15679,
    0.58386,
    0.16523,
    0.00291
  ],
  "Wolfsburg": [
    0.0,
    0.0,
    0.0,
    1e-05,
    0.00064,
    0.71511,
    0.19061,
    0.07427,
    0.01752,
    0.00182,
    2e-05,
    0.0,
    0.0,
    0.0,
    0.0,
    0.0,
    0.0,
    0.0
  ],
  "FC Koln": [
    0.0,
    0.0,
    0.0,
    0.0,
    0.0,
    0.00049,
    0.00725,
    0.02843,
    0.08845,
    0.16375,
    0.2372,
    0.24976,
    0.14152,
    0.06995,
    0.01291,
    0.00029,
    0.0,
    0.0
  ],
  "M'gladbach": [
    0.0,
    0.00362,
    0.10952,
    0.3987,
    0.48774,
    0.00042,
    0.0,
    0.0,
    0.0,
    0.0,
    0.0,
    0.0,
    0.0,
    0.0,
    0.0,
    0.0,
    0.0,
    0.0
  ],
  "Schalke 04": [
    0.0,
    0.0,
    0.0,
    0.0,
    0.0,
    0.01814,
    0.06778,
    0.14785,
    0.2372,
    0.23635,
    0.17113,
    0.09349,
    0.02484,
    0.00315,
    7e-05,
    0.0,
    0.0,
    0.0
  ],
  "Ein Frankfurt": [
    0.0,
    0.0,
    0.0,
    0.0,
    0.0,
    0.00071,
    0.01317,
    0.05151,
    0.15117,
    0.18216,
    0.20934,
    0.21933,
    0.11657,
    0.04762,
    0.00828,
    0.00014,
    0.0,
    0.0
  ],
  "Hoffenheim": [
    0.0,
    0.0,
    0.0,
    0.0,
    0.0,
    0.16556,
    0.43168,
    0.27804,
    0.09354,
    0.02704,
    0.00402,
    0.00011,
    1e-05,
    0.0,
    0.0,
    0.0,
    0.0,
    0.0
  ],
  "Union Berlin": [
    0.0,
    0.0,
    0.0,
    0.0,
    0.0,
    0.0,
    0.00025,
    0.00226,
    0.00895,
    0.03003,
    0.07232,
    0.14958,
    0.29066,
    0.27778,
    0.12599,
    0.04074,
    0.00144,
    0.0
  ],
  "RB Leipzig": [
    0.00035,
    0.12126,
    0.61997,
    0.19156,
    0.06686,
    0.0,
    0.0,
    0.0,
    0.0,
    0.0,
    0.0,
    0.0,
    0.0,
    0.0,
    0.0,
    0.0,
    0.0,
    0.0
  ]
}