{
  "M'gladbach": [
    0.0,
    0.00253,
    0.01422,
    0.0338,
    0.05683,
    0.08356,
    0.10737,
    0.13497,
    0.15476,
    0.17841,
    0.20139,
    0.02578,
    0.00496,
    0.00104,
    0.00027,
    0.0001,
    1e-05,
    0.0
  ],
  "Leverkusen": [
    0.01434,
    0.64746,
    0.20979,
    0.07445,
    0.03143,
    0.01282,
    0.00569,
    0.00239,
    0.00113,
    0.00039,
    0.00011,
    0.0,
    0.0,
    0.0,
    0.0,
    0.0,
    0.0,
    0.0
  ],
  "Augsburg": [
    0.0,
    0.0,
    0.0,
    0.0,
    0.0,
    1e-05,
    2e-05,
    0.00015,
    0.00064,
    0.00284,
    0.01281,
    0.12575,
    0.17865,
    0.20626,
    0.21183,
    0.17236,
    0.07086,
    0.01782
  ],
  "Werder Bremen": [
    0.0,
    0.00271,
    0.01485,
    0.03766,
    0.06637,
    0.09697,
    0.12157,
    0.14556,
    0.16575,
    0.16751,
    0.15329,
    0.02268,
    0.00398,
    0.00088,
    0.00021,
    1e-05,
    0.0,
    0.0
  ],
  "Freiburg": [
    0.0,
    0.00164,
    0.00948,
    0.02502,
    0.0462,
    0.07099,
    0.09863,
    0.12997,
    0.16989,
    0.20428,
    0.20318,
    0.03285,
    0.00617,
    0.00147,
    0.00019,
    4e-05,
    0.0,
    0.0
  ],
  "Stuttgart": [
    3e-05,
    0.01046,
    0.04591,
    0.09038,
    0.12268,
    0.14341,
    0.1504,
    0.13688,
    0.12197,
    0.09945,
    0.06927,
    0.00788,
    0.00106,
    0.00017,
    3e-05,
    2e-05,
    0.0,
    0.0
  ],
  "Hoffenheim": [
    0.0,
    0.0,
    0.0,
    0.0,
    0.0,
    1e-05,
    5e-05,
    0.00023,
    0.00039,
    0.00264,
    0.01154,
    0.11414,
    0.16817,
    0.19857,
    0.20915,
    0.18625,
    0.08507,
    0.02379
  ],
  "Holstein Kiel": [
    0.0,
    0.0,
    0.0,
    0.0,
    0.0,
    0.0,
    0.0,
    1e-05,
    0.0,
    0.0,
    0.00019,
    0.00524,
    0.01507,
    0.03198,
    0.06689,
    0.14231,
    0.37018,
    0.36813
  ],
  "Mainz": [
    9e-05,
    0.04903,
    0.13581,
    0.19796,
    0.18427,
    0.14039,
    0.10422,
    0.07709,
    0.05482,
    0.03544,
    0.01959,
    0.00115,
    0.00013,
    1e-05,
    0.0,
    0.0,
    0.0,
    0.0
  ],
  "Union Berlin": [
    0.0,
    0.0,
    0.0,
    0.0,
    4e-05,
    0.00013,
    0.00055,
    0.00137,
    0.00419,
    0.01337,
    0.05007,
    0.335,
    0.24011,
    0.16586,
    0.10781,
    0.06042,
    0.01823,
    0.00285
  ],
  "RB Leipzig": [
    0.0002,
    0.04723,
    0.14098,
    0.20852,
    0.18369,
    0.13963,
    0.10443,
    0.07496,
    0.05252,
    0.0315,
    0.01534,
    0.00091,
    9e-05,
    0.0,
    0.0,
    0.0,
    0.0,
    0.0
  ],
  "Bochum": [
    0.0,
    0.0,
    0.0,
    0.0,
    0.0,
    0.0,
    0.0,
    0.0,
    0.0,
    0.0,
    4e-05,
    0.00229,
    0.00656,
    0.01742,
    0.04077,
    0.09757,
    0.29724,
    0.53811
  ],
  "Dortmund": [
    1e-05,
    0.00903,
    0.04051,
    0.08814,
    0.12474,
    0.14301,
    0.14804,
    0.14025,
    0.11994,
    0.10153,
    0.07528,
    0.00799,
    0.00125,
    0.00027,
    1e-05,
    0.0,
    0.0,
    0.0
  ],
  "Ein Frankfurt": [
    0.00142,
    0.21005,
    0.36595,
    0.19208,
    0.10375,
    0.05851,
    0.03234,
    0.01879,
    0.00995,
    0.00528,
    0.00183,
    5e-05,
    0.0,
    0.0,
    0.0,
    0.0,
    0.0,
    0.0
  ],
  "Wolfsburg": [
    1e-05,
    0.00447,
    0.02183,
    0.05195,
    0.07998,
    0.11051,
    0.12651,
    0.1368,
    0.14188,
    0.15103,
    0.15073,
    0.02027,
    0.00324,
    0.00068,
    0.0001,
    1e-05,
    0.0,
    0.0
  ],
  "Bayern Munich": [
    0.9839,
    0.01539,
    0.00067,
    4e-05,
    0.0,
    0.0,
    0.0,
    0.0,
    0.0,
    0.0,
    0.0,
    0.0,
    0.0,
    0.0,
    0.0,
    0.0,
    0.0,
    0.0
  ],
  "St Pauli": [
    0.0,
    0.0,
    0.0,
    0.0,
    1e-05,
    4e-05,
    0.00017,
    0.00047,
    0.00168,
    0.00527,
    0.02711,
    0.21552,
    0.24119,
    0.2055,
    0.15445,
    0.10271,
    0.03763,
    0.00825
  ],
  "Heidenheim": [
    0.0,
    0.0,
    0.0,
    0.0,
    1e-05,
    1e-05,
    1e-05,
    0.00011,
    0.00049,
    0.00106,
    0.00823,
    0.0825,
    0.12937,
    0.16989,
    0.20829,
    0.2382,
    0.12078,
    0.04105
  ]
}