{
  "Internacional / RS": [
    6e-05,
    0.0004,
    0.0011,
    0.00326,
    0.00666,
    0.01428,
    0.02926,
    0.05573,
    0.10058,
    0.1391,
    0.16365,
    0.15702,
    0.11824,
    0.08208,
    0.05403,
    0.03557,
    0.02046,
    0.01243,
    0.00524,
    0.00085
  ],
  "Bahia / BA": [
    0.00396,
    0.01493,
    0.03556,
    0.06684,
    0.10772,
    0.15732,
    0.18606,
    0.16958,
    0.12206,
    0.06964,
    0.03601,
    0.01765,
    0.00774,
    0.0032,
    0.00122,
    0.00034,
    0.00012,
    4e-05,
    1e-05,
    0.0
  ],
  "Criciúma / SC": [
    0.0,
    4e-05,
    0.00031,
    0.0011,
    0.00325,
    0.00866,
    0.01967,
    0.04013,
    0.07384,
    0.11332,
    0.14454,
    0.14713,
    0.13022,
    0.10666,
    0.08,
    0.05589,
    0.03839,
    0.02327,
    0.01215,
    0.00143
  ],
  "Juventude / RS": [
    0.0,
    3e-05,
    0.0001,
    0.00035,
    0.00126,
    0.00367,
    0.00867,
    0.02006,
    0.04146,
    0.07753,
    0.11885,
    0.14468,
    0.14839,
    0.13057,
    0.10508,
    0.08061,
    0.05756,
    0.03781,
    0.02007,
    0.00325
  ],
  "Fluminense / RJ": [
    0.0,
    0.0,
    0.0,
    0.0,
    0.0,
    0.0,
    5e-05,
    0.00025,
    0.00086,
    0.00272,
    0.00733,
    0.01715,
    0.03225,
    0.05308,
    0.0767,
    0.10962,
    0.14824,
    0.19461,
    0.26168,
    0.09546
  ],
  "Red Bull Bragantino / SP": [
    6e-05,
    0.00058,
    0.00187,
    0.00499,
    0.01323,
    0.02917,
    0.05297,
    0.09309,
    0.14174,
    0.18262,
    0.17407,
    0.12524,
    0.07989,
    0.04755,
    0.02749,
    0.01513,
    0.00665,
    0.00295,
    0.00064,
    7e-05
  ],
  "São Paulo / SP": [
    0.00714,
    0.02563,
    0.05399,
    0.09097,
    0.13636,
    0.1736,
    0.17415,
    0.14488,
    0.0977,
    0.05575,
    0.02443,
    0.00975,
    0.0037,
    0.00127,
    0.00052,
    0.0001,
    4e-05,
    1e-05,
    1e-05,
    0.0
  ],
  "Fortaleza / CE": [
    0.06358,
    0.12041,
    0.16598,
    0.18384,
    0.17162,
    0.12721,
    0.08342,
    0.04659,
    0.02319,
    0.00959,
    0.00319,
    0.00094,
    0.00036,
    6e-05,
    1e-05,
    1e-05,
    0.0,
    0.0,
    0.0,
    0.0
  ],
  "Vasco da Gama / RJ": [
    0.0,
    0.0,
    2e-05,
    6e-05,
    0.00029,
    0.00097,
    0.00257,
    0.00792,
    0.01957,
    0.04189,
    0.07456,
    0.11428,
    0.15297,
    0.16147,
    0.14047,
    0.11014,
    0.08327,
    0.0561,
    0.02882,
    0.00463
  ],
  "Grêmio / RS": [
    0.0,
    0.0,
    0.0,
    0.0,
    0.0,
    0.00016,
    0.00047,
    0.00139,
    0.00465,
    0.01094,
    0.02327,
    0.04338,
    0.06559,
    0.09008,
    0.116,
    0.13608,
    0.15392,
    0.15822,
    0.14603,
    0.04982
  ],
  "Corinthians / SP": [
    0.0,
    0.0,
    0.0,
    0.0,
    2e-05,
    5e-05,
    0.00018,
    0.00054,
    0.00206,
    0.00601,
    0.01509,
    0.03352,
    0.05382,
    0.08284,
    0.11454,
    0.14238,
    0.16255,
    0.18018,
    0.15932,
    0.0469
  ],
  "Atlético Mineiro / MG": [
    0.00107,
    0.00496,
    0.01312,
    0.0269,
    0.05101,
    0.08429,
    0.12327,
    0.15756,
    0.17872,
    0.15174,
    0.09744,
    0.05408,
    0.02964,
    0.01434,
    0.00698,
    0.00322,
    0.00125,
    0.00036,
    4e-05,
    1e-05
  ],
  "Athletico Paranaense / PR": [
    0.00317,
    0.01139,
    0.02889,
    0.05384,
    0.08815,
    0.13189,
    0.16202,
    0.17418,
    0.14542,
    0.09812,
    0.05488,
    0.02687,
    0.01236,
    0.00545,
    0.00219,
    0.00083,
    0.00028,
    7e-05,
    0.0,
    0.0
  ],
  "Cuiabá / MT": [
    0.0,
    0.0,
    0.0,
    1e-05,
    3e-05,
    0.00011,
    0.00048,
    0.00195,
    0.0053,
    0.01372,
    0.02958,
    0.05023,
    0.07552,
    0.10019,
    0.12497,
    0.14166,
    0.14974,
    0.14717,
    0.12577,
    0.03357
  ],
  "Atlético Goianiense / GO": [
    0.0,
    0.0,
    0.0,
    0.0,
    0.0,
    0.0,
    0.0,
    0.0,
    0.0,
    4e-05,
    0.00014,
    0.00045,
    0.00141,
    0.00272,
    0.00614,
    0.01272,
    0.02765,
    0.05818,
    0.14908,
    0.74147
  ],
  "Flamengo / RJ": [
    0.46604,
    0.25131,
    0.13794,
    0.07683,
    0.03925,
    0.01766,
    0.00718,
    0.00266,
    0.00079,
    0.00027,
    6e-05,
    1e-05,
    0.0,
    0.0,
    0.0,
    0.0,
    0.0,
    0.0,
    0.0,
    0.0
  ],
  "Cruzeiro / MG": [
    0.07164,
    0.13338,
    0.18527,
    0.19137,
    0.16261,
    0.11433,
    0.07018,
    0.03981,
    0.01897,
    0.00801,
    0.00304,
    0.00093,
    0.00033,
    8e-05,
    5e-05,
    0.0,
    0.0,
    0.0,
    0.0,
    0.0
  ],
  "Botafogo / RJ": [
    0.30613,
    0.28788,
    0.17986,
    0.1092,
    0.06185,
    0.03125,
    0.01496,
    0.00584,
    0.00225,
    0.0006,
    0.00015,
    3e-05,
    0.0,
    0.0,
    0.0,
    0.0,
    0.0,
    0.0,
    0.0,
    0.0
  ],
  "Vitória / BA": [
    0.0,
    0.0,
    0.0,
    0.0,
    3e-05,
    0.00015,
    0.00041,
    0.00176,
    0.00459,
    0.01226,
    0.02757,
    0.05596,
    0.08746,
    0.11835,
    0.1436,
    0.1557,
    0.14988,
    0.1286,
    0.09114,
    0.02254
  ],
  "Palmeiras / SP": [
    0.07715,
    0.14906,
    0.19599,
    0.19044,
    0.15666,
    0.10523,
    0.06403,
    0.03608,
    0.01625,
    0.00613,
    0.00215,
    0.0007,
    0.00011,
    1e-05,
    1e-05,
    0.0,
    0.0,
    0.0,
    0.0,
    0.0
  ]
}