{
  "Crystal Palace": [
    0.0,
    8e-05,
    0.00103,
    0.00522,
    0.01819,
    0.0447,
    0.09451,
    0.14244,
    0.18906,
    0.19057,
    0.14302,
    0.08332,
    0.04603,
    0.02324,
    0.01105,
    0.00488,
    0.00182,
    0.00064,
    0.00019,
    1e-05
  ],
  "Arsenal": [
    0.27433,
    0.4861,
    0.16084,
    0.05618,
    0.01605,
    0.00457,
    0.00144,
    0.0004,
    7e-05,
    2e-05,
    0.0,
    0.0,
    0.0,
    0.0,
    0.0,
    0.0,
    0.0,
    0.0,
    0.0,
    0.0
  ],
  "Fulham": [
    0.0,
    1e-05,
    0.00011,
    0.00063,
    0.00274,
    0.00876,
    0.02219,
    0.05061,
    0.095,
    0.15649,
    0.18398,
    0.16181,
    0.11884,
    0.08357,
    0.05339,
    0.03117,
    0.01795,
    0.00904,
    0.00342,
    0.00029
  ],
  "Liverpool": [
    0.01822,
    0.10029,
    0.29977,
    0.28942,
    0.15789,
    0.07732,
    0.03499,
    0.01537,
    0.00489,
    0.00145,
    0.00027,
    9e-05,
    3e-05,
    0.0,
    0.0,
    0.0,
    0.0,
    0.0,
    0.0,
    0.0
  ],
  "Bournemouth": [
    0.0,
    0.0,
    0.0,
    0.0,
    0.0,
    2e-05,
    8e-05,
    0.00052,
    0.00199,
    0.00631,
    0.01723,
    0.0347,
    0.05853,
    0.09007,
    0.12515,
    0.1566,
    0.17893,
    0.1709,
    0.13117,
    0.0278
  ],
  "Aston Villa": [
    0.0,
    0.0,
    0.0,
    0.0,
    0.0,
    2e-05,
    8e-05,
    0.00073,
    0.00255,
    0.00784,
    0.01932,
    0.03838,
    0.06741,
    0.10031,
    0.13729,
    0.16028,
    0.16654,
    0.15154,
    0.11937,
    0.02834
  ],
  "Leeds": [
    0.0,
    0.0,
    2e-05,
    0.00013,
    0.00075,
    0.00233,
    0.00626,
    0.01716,
    0.04308,
    0.08416,
    0.13439,
    0.16034,
    0.1599,
    0.13612,
    0.09902,
    0.06996,
    0.04461,
    0.02714,
    0.01251,
    0.00212
  ],
  "Wolves": [
    0.0,
    0.0,
    0.0,
    0.0,
    0.0,
    1e-05,
    0.0,
    6e-05,
    0.00014,
    0.00099,
    0.00367,
    0.00914,
    0.0206,
    0.04102,
    0.07186,
    0.10878,
    0.15947,
    0.21827,
    0.27388,
    0.09211
  ],
  "Newcastle": [
    0.0019,
    0.01934,
    0.0822,
    0.16417,
    0.24982,
    0.20517,
    0.13859,
    0.0809,
    0.03692,
    0.01425,
    0.00483,
    0.00147,
    0.00033,
    9e-05,
    2e-05,
    0.0,
    0.0,
    0.0,
    0.0,
    0.0
  ],
  "Nott'm Forest": [
    0.0,
    0.0,
    0.0,
    0.0,
    0.0,
    0.0,
    0.0,
    0.0,
    0.0,
    1e-05,
    8e-05,
    0.00023,
    0.00054,
    0.00184,
    0.00454,
    0.01024,
    0.02221,
    0.05437,
    0.15081,
    0.75513
  ],
  "Tottenham": [
    0.03067,
    0.12901,
    0.31896,
    0.26136,
    0.13934,
    0.06997,
    0.03177,
    0.01286,
    0.00441,
    0.00133,
    0.00025,
    7e-05,
    0.0,
    0.0,
    0.0,
    0.0,
    0.0,
    0.0,
    0.0,
    0.0
  ],
  "Southampton": [
    0.0,
    0.0,
    0.0,
    0.0,
    0.0,
    4e-05,
    0.00028,
    0.00112,
    0.00429,
    0.01317,
    0.03326,
    0.06062,
    0.09722,
    0.13279,
    0.16079,
    0.15973,
    0.14057,
    0.11051,
    0.06938,
    0.01623
  ],
  "Everton": [
    0.0,
    0.0,
    0.0,
    4e-05,
    0.00014,
    0.00059,
    0.00214,
    0.0071,
    0.02129,
    0.05098,
    0.0937,
    0.13566,
    0.16236,
    0.15944,
    0.13179,
    0.09918,
    0.06868,
    0.04337,
    0.02048,
    0.00306
  ],
  "Chelsea": [
    0.00056,
    0.00561,
    0.03052,
    0.07885,
    0.14515,
    0.19011,
    0.19478,
    0.1618,
    0.10632,
    0.05189,
    0.02196,
    0.00789,
    0.00304,
    0.00102,
    0.00038,
    0.0001,
    2e-05,
    0.0,
    0.0,
    0.0
  ],
  "Leicester": [
    0.0,
    0.0,
    0.0,
    0.0,
    0.0,
    1e-05,
    4e-05,
    0.00025,
    0.00115,
    0.0039,
    0.01095,
    0.02444,
    0.04116,
    0.06651,
    0.09572,
    0.12571,
    0.15738,
    0.19011,
    0.20916,
    0.07351
  ],
  "Brentford": [
    0.0,
    0.00014,
    0.00178,
    0.00804,
    0.02398,
    0.05321,
    0.09716,
    0.15686,
    0.21105,
    0.18491,
    0.12163,
    0.06984,
    0.0379,
    0.01855,
    0.00826,
    0.00432,
    0.00155,
    0.0007,
    0.0001,
    2e-05
  ],
  "Man United": [
    0.00067,
    0.00686,
    0.03845,
    0.09113,
    0.16768,
    0.20951,
    0.18976,
    0.13977,
    0.0809,
    0.04387,
    0.01954,
    0.00767,
    0.00272,
    0.00102,
    0.00033,
    0.0001,
    2e-05,
    0.0,
    0.0,
    0.0
  ],
  "Brighton": [
    0.00014,
    0.00122,
    0.00858,
    0.03098,
    0.07493,
    0.13146,
    0.18014,
    0.19598,
    0.15718,
    0.11098,
    0.05978,
    0.02788,
    0.0123,
    0.00536,
    0.00193,
    0.00084,
    0.00023,
    8e-05,
    1e-05,
    0.0
  ],
  "West Ham": [
    0.0,
    0.0,
    0.0,
    7e-05,
    0.0005,
    0.00151,
    0.00572,
    0.01605,
    0.03971,
    0.07688,
    0.13213,
    0.17645,
    0.17109,
    0.13905,
    0.09848,
    0.06811,
    0.04002,
    0.02333,
    0.00952,
    0.00138
  ],
  "Man City": [
    0.67351,
    0.25134,
    0.05774,
    0.01378,
    0.00284,
    0.00069,
    7e-05,
    2e-05,
    0.0,
    0.0,
    1e-05,
    0.0,
    0.0,
    0.0,
    0.0,
    0.0,
    0.0,
    0.0,
    0.0,
    0.0
  ]
}