{
  "Crystal Palace": [
    1e-05,
    4e-05,
    0.00104,
    0.00496,
    0.01819,
    0.04581,
    0.09458,
    0.14656,
    0.18953,
    0.18906,
    0.14449,
    0.07965,
    0.04484,
    0.02287,
    0.01112,
    0.00481,
    0.00175,
    0.00056,
    0.0001,
    3e-05
  ],
  "Arsenal": [
    0.285,
    0.48294,
    0.15728,
    0.05361,
    0.01557,
    0.00392,
    0.00139,
    0.00026,
    2e-05,
    1e-05,
    0.0,
    0.0,
    0.0,
    0.0,
    0.0,
    0.0,
    0.0,
    0.0,
    0.0,
    0.0
  ],
  "Fulham": [
    0.0,
    0.0,
    0.00011,
    0.00058,
    0.00261,
    0.00837,
    0.02226,
    0.04842,
    0.09598,
    0.15605,
    0.18417,
    0.15932,
    0.12027,
    0.08333,
    0.05426,
    0.03233,
    0.01907,
    0.00948,
    0.00318,
    0.00021
  ],
  "Liverpool": [
    0.01875,
    0.09928,
    0.30534,
    0.29147,
    0.15279,
    0.07565,
    0.03538,
    0.01438,
    0.00507,
    0.00143,
    0.00038,
    8e-05,
    0.0,
    0.0,
    0.0,
    0.0,
    0.0,
    0.0,
    0.0,
    0.0
  ],
  "Bournemouth": [
    0.0,
    0.0,
    0.0,
    0.0,
    0.0,
    4e-05,
    0.00011,
    0.00045,
    0.00191,
    0.00673,
    0.0167,
    0.03398,
    0.05947,
    0.09018,
    0.12368,
    0.15687,
    0.17421,
    0.1721,
    0.13484,
    0.02873
  ],
  "Aston Villa": [
    0.0,
    0.0,
    0.0,
    0.0,
    2e-05,
    1e-05,
    8e-05,
    0.0007,
    0.00235,
    0.00782,
    0.01986,
    0.04025,
    0.06824,
    0.09969,
    0.13634,
    0.15788,
    0.16301,
    0.15582,
    0.11994,
    0.02799
  ],
  "Leeds": [
    0.0,
    0.0,
    0.0,
    0.0001,
    0.00056,
    0.00228,
    0.00616,
    0.01786,
    0.04199,
    0.08549,
    0.13551,
    0.16132,
    0.15926,
    0.13399,
    0.10003,
    0.069,
    0.04511,
    0.02631,
    0.01274,
    0.00229
  ],
  "Wolves": [
    0.0,
    0.0,
    0.0,
    0.0,
    0.0,
    0.0,
    1e-05,
    4e-05,
    0.00023,
    0.001,
    0.00378,
    0.00971,
    0.02151,
    0.04045,
    0.07081,
    0.10912,
    0.15871,
    0.21922,
    0.27741,
    0.088
  ],
  "Newcastle": [
    0.00186,
    0.01678,
    0.07671,
    0.16188,
    0.24594,
    0.2094,
    0.14247,
    0.08384,
    0.03863,
    0.01521,
    0.00462,
    0.00202,
    0.00046,
    0.0001,
    7e-05,
    0.0,
    1e-05,
    0.0,
    0.0,
    0.0
  ],
  "Nott'm Forest": [
    0.0,
    0.0,
    0.0,
    0.0,
    0.0,
    0.0,
    0.0,
    0.0,
    0.0,
    1e-05,
    3e-05,
    0.00014,
    0.00046,
    0.00141,
    0.00354,
    0.0092,
    0.0217,
    0.05121,
    0.14544,
    0.76686
  ],
  "Tottenham": [
    0.03057,
    0.12785,
    0.31998,
    0.26039,
    0.14201,
    0.06921,
    0.03171,
    0.01237,
    0.00418,
    0.0013,
    0.00041,
    2e-05,
    0.0,
    0.0,
    0.0,
    0.0,
    0.0,
    0.0,
    0.0,
    0.0
  ],
  "Southampton": [
    0.0,
    0.0,
    0.0,
    0.0,
    2e-05,
    0.00012,
    0.00035,
    0.00123,
    0.00482,
    0.01433,
    0.03586,
    0.06381,
    0.09892,
    0.13494,
    0.15616,
    0.15685,
    0.14144,
    0.10915,
    0.06679,
    0.01521
  ],
  "Everton": [
    0.0,
    0.0,
    0.0,
    1e-05,
    0.00012,
    0.00067,
    0.0022,
    0.00658,
    0.02051,
    0.04985,
    0.09228,
    0.13576,
    0.15839,
    0.15816,
    0.133,
    0.1007,
    0.07115,
    0.04454,
    0.02311,
    0.00297
  ],
  "Chelsea": [
    0.00071,
    0.00521,
    0.03058,
    0.07881,
    0.14804,
    0.19157,
    0.19457,
    0.16284,
    0.10264,
    0.05141,
    0.02144,
    0.00807,
    0.00265,
    0.00116,
    0.00023,
    4e-05,
    2e-05,
    1e-05,
    0.0,
    0.0
  ],
  "Leicester": [
    0.0,
    0.0,
    0.0,
    1e-05,
    0.0,
    1e-05,
    5e-05,
    0.00029,
    0.00139,
    0.00478,
    0.01265,
    0.02608,
    0.04403,
    0.06973,
    0.09668,
    0.12786,
    0.15711,
    0.18681,
    0.20599,
    0.06653
  ],
  "Brentford": [
    0.0,
    8e-05,
    0.00164,
    0.00683,
    0.02249,
    0.05224,
    0.09616,
    0.15374,
    0.2129,
    0.18892,
    0.12148,
    0.07003,
    0.03817,
    0.0195,
    0.00929,
    0.00403,
    0.00174,
    0.00059,
    0.00017,
    0.0
  ],
  "Man United": [
    0.00064,
    0.00688,
    0.0392,
    0.09598,
    0.17425,
    0.21109,
    0.18719,
    0.13586,
    0.07873,
    0.04128,
    0.01811,
    0.00717,
    0.00231,
    0.00092,
    0.00026,
    0.00011,
    1e-05,
    1e-05,
    0.0,
    0.0
  ],
  "Brighton": [
    4e-05,
    0.001,
    0.00859,
    0.03077,
    0.07409,
    0.12762,
    0.18033,
    0.19975,
    0.15952,
    0.11062,
    0.05941,
    0.02804,
    0.01207,
    0.00516,
    0.00194,
    0.00076,
    0.00019,
    9e-05,
    1e-05,
    0.0
  ],
  "West Ham": [
    0.0,
    0.0,
    0.0,
    3e-05,
    0.00035,
    0.00152,
    0.00489,
    0.01483,
    0.03959,
    0.0747,
    0.12882,
    0.17455,
    0.16895,
    0.13841,
    0.10259,
    0.07044,
    0.04477,
    0.0241,
    0.01028,
    0.00118
  ],
  "Man City": [
    0.66242,
    0.25994,
    0.05953,
    0.01457,
    0.00295,
    0.00047,
    0.00011,
    0.0,
    1e-05,
    0.0,
    0.0,
    0.0,
    0.0,
    0.0,
    0.0,
    0.0,
    0.0,
    0.0,
    0.0,
    0.0
  ]
}