{
  "Ath Bilbao": [
    0.06552,
    0.08816,
    0.09617,
    0.09505,
    0.09316,
    0.08631,
    0.08113,
    0.0747,
    0.06704,
    0.05627,
    0.04742,
    0.04024,
    0.03257,
    0.02674,
    0.01915,
    0.01412,
    0.00901,
    0.005,
    0.00182,
    0.00042
  ],
  "Barcelona": [
    0.29508,
    0.20007,
    0.14377,
    0.10369,
    0.07347,
    0.05247,
    0.03693,
    0.02805,
    0.01987,
    0.01567,
    0.01058,
    0.00744,
    0.00521,
    0.00342,
    0.00221,
    0.00129,
    0.00048,
    0.00021,
    7e-05,
    2e-05
  ],
  "Celta": [
    0.0002,
    0.00107,
    0.00188,
    0.00401,
    0.00615,
    0.00922,
    0.01334,
    0.01782,
    0.02189,
    0.02795,
    0.03539,
    0.04454,
    0.05641,
    0.06711,
    0.08341,
    0.10051,
    0.12158,
    0.14162,
    0.1444,
    0.1015
  ],
  "Real Madrid": [
    0.2821,
    0.20148,
    0.14416,
    0.10603,
    0.07513,
    0.05451,
    0.03981,
    0.02882,
    0.02166,
    0.01531,
    0.0109,
    0.0079,
    0.00508,
    0.00322,
    0.00204,
    0.00103,
    0.00056,
    0.00018,
    7e-05,
    1e-05
  ],
  "Valencia": [
    0.02003,
    0.03761,
    0.05371,
    0.06518,
    0.07552,
    0.08196,
    0.08103,
    0.0808,
    0.07535,
    0.07279,
    0.06925,
    0.06228,
    0.05654,
    0.04894,
    0.04008,
    0.0316,
    0.02392,
    0.01443,
    0.00721,
    0.00177
  ],
  "Sociedad": [
    0.05339,
    0.08126,
    0.09354,
    0.10003,
    0.09998,
    0.09663,
    0.08804,
    0.07651,
    0.066,
    0.05614,
    0.04768,
    0.04056,
    0.03099,
    0.02452,
    0.01789,
    0.0126,
    0.00778,
    0.00414,
    0.00196,
    0.00036
  ],
  "Mallorca": [
    0.00061,
    0.00131,
    0.00347,
    0.00594,
    0.00916,
    0.01263,
    0.01704,
    0.02409,
    0.03054,
    0.03711,
    0.04628,
    0.05526,
    0.06611,
    0.07702,
    0.09176,
    0.10607,
    0.11805,
    0.12292,
    0.10934,
    0.06529
  ],
  "Eibar": [
    0.00077,
    0.0022,
    0.00505,
    0.00825,
    0.01293,
    0.01744,
    0.02364,
    0.03105,
    0.03806,
    0.0459,
    0.05283,
    0.06257,
    0.07201,
    0.08411,
    0.09351,
    0.10293,
    0.10704,
    0.10541,
    0.08784,
    0.04646
  ],
  "Leganes": [
    0.0,
    3e-05,
    4e-05,
    0.00012,
    0.00029,
    0.00051,
    0.00089,
    0.00161,
    0.00276,
    0.00415,
    0.00594,
    0.00911,
    0.01466,
    0.02025,
    0.03164,
    0.04802,
    0.07111,
    0.12106,
    0.21424,
    0.45357
  ],
  "Osasuna": [
    0.01801,
    0.03231,
    0.04478,
    0.05385,
    0.06102,
    0.06639,
    0.07222,
    0.07475,
    0.07704,
    0.07492,
    0.07179,
    0.06716,
    0.06332,
    0.05738,
    0.05093,
    0.04127,
    0.03394,
    0.02346,
    0.01165,
    0.00381
  ],
  "Villarreal": [
    0.00232,
    0.00662,
    0.01175,
    0.01883,
    0.0255,
    0.03425,
    0.04211,
    0.05093,
    0.05701,
    0.06418,
    0.07747,
    0.07975,
    0.085,
    0.08801,
    0.08655,
    0.08274,
    0.07513,
    0.05941,
    0.03787,
    0.01457
  ],
  "Granada": [
    0.01079,
    0.02135,
    0.03397,
    0.04472,
    0.05478,
    0.06516,
    0.06981,
    0.07271,
    0.07694,
    0.0821,
    0.07921,
    0.07547,
    0.06944,
    0.06154,
    0.05569,
    0.04754,
    0.03613,
    0.02511,
    0.01354,
    0.004
  ],
  "Alaves": [
    0.0031,
    0.00803,
    0.01398,
    0.02157,
    0.02909,
    0.03703,
    0.04519,
    0.05103,
    0.0632,
    0.06993,
    0.0742,
    0.07998,
    0.07988,
    0.08316,
    0.08279,
    0.07784,
    0.06991,
    0.05667,
    0.03736,
    0.01606
  ],
  "Levante": [
    0.00668,
    0.01531,
    0.0247,
    0.0357,
    0.04409,
    0.05495,
    0.06082,
    0.07182,
    0.07393,
    0.07704,
    0.07724,
    0.07814,
    0.07522,
    0.07175,
    0.06565,
    0.05829,
    0.04791,
    0.03393,
    0.01991,
    0.00692
  ],
  "Espanol": [
    5e-05,
    0.00012,
    0.00031,
    0.00069,
    0.00112,
    0.00226,
    0.00359,
    0.00562,
    0.00772,
    0.01096,
    0.01537,
    0.01999,
    0.02825,
    0.0395,
    0.05361,
    0.0752,
    0.10493,
    0.15229,
    0.22776,
    0.25066
  ],
  "Sevilla": [
    0.16201,
    0.16767,
    0.14819,
    0.11901,
    0.09614,
    0.07756,
    0.06044,
    0.04637,
    0.03495,
    0.02674,
    0.01982,
    0.0143,
    0.0105,
    0.00742,
    0.00434,
    0.00263,
    0.00119,
    0.00054,
    0.00017,
    1e-05
  ],
  "Betis": [
    0.00478,
    0.01162,
    0.01918,
    0.02824,
    0.03671,
    0.04387,
    0.05054,
    0.0571,
    0.06233,
    0.06765,
    0.07384,
    0.0769,
    0.08054,
    0.07925,
    0.07771,
    0.07131,
    0.06451,
    0.04943,
    0.03195,
    0.01254
  ],
  "Valladolid": [
    0.00369,
    0.00864,
    0.01458,
    0.02144,
    0.0286,
    0.03406,
    0.03975,
    0.04711,
    0.05432,
    0.06128,
    0.0679,
    0.07578,
    0.08124,
    0.08372,
    0.08447,
    0.08328,
    0.07804,
    0.06692,
    0.04495,
    0.02023
  ],
  "Ath Madrid": [
    0.03401,
    0.05876,
    0.07673,
    0.09022,
    0.09485,
    0.09313,
    0.09107,
    0.08165,
    0.07423,
    0.06582,
    0.05762,
    0.05031,
    0.03996,
    0.03221,
    0.02432,
    0.01619,
    0.01037,
    0.00574,
    0.00228,
    0.00053
  ],
  "Getafe": [
    0.03686,
    0.05638,
    0.07004,
    0.07743,
    0.08231,
    0.07966,
    0.08261,
    0.07746,
    0.07516,
    0.06809,
    0.05927,
    0.05232,
    0.04707,
    0.04073,
    0.03225,
    0.02554,
    0.01841,
    0.01153,
    0.00561,
    0.00127
  ]
}