{
  "Valencia": [
    0.0,
    0.00012,
    0.00461,
    0.01678,
    0.03701,
    0.06746,
    0.10519,
    0.13764,
    0.15279,
    0.15632,
    0.12112,
    0.0844,
    0.05292,
    0.03354,
    0.0184,
    0.00871,
    0.00286,
    0.00013,
    0.0,
    0.0
  ],
  "Getafe": [
    0.0,
    0.0,
    0.0,
    2e-05,
    0.00012,
    0.00042,
    0.00119,
    0.00404,
    0.00964,
    0.01925,
    0.03567,
    0.05927,
    0.08933,
    0.13076,
    0.17491,
    0.21992,
    0.20105,
    0.04639,
    0.00793,
    9e-05
  ],
  "Cadiz": [
    0.0,
    0.0,
    0.0,
    0.0,
    0.0,
    0.0,
    0.0,
    0.0,
    0.0,
    3e-05,
    0.0001,
    0.00018,
    0.00081,
    0.00227,
    0.00663,
    0.0199,
    0.06981,
    0.39082,
    0.45562,
    0.05383
  ],
  "Levante": [
    0.0,
    0.0,
    0.0,
    0.0,
    0.0,
    0.0,
    0.0,
    0.0,
    0.0,
    0.0,
    0.0,
    0.0,
    0.0,
    0.0,
    0.0,
    7e-05,
    0.00085,
    0.01857,
    0.08596,
    0.89455
  ],
  "Mallorca": [
    0.0,
    0.0,
    0.0,
    0.0,
    4e-05,
    0.00014,
    0.00044,
    0.00103,
    0.00316,
    0.0074,
    0.01679,
    0.02949,
    0.05344,
    0.08605,
    0.13419,
    0.21478,
    0.34044,
    0.09375,
    0.01864,
    0.00022
  ],
  "Betis": [
    0.00322,
    0.06217,
    0.40547,
    0.24977,
    0.14093,
    0.07544,
    0.0365,
    0.01604,
    0.00688,
    0.00254,
    0.00074,
    0.00025,
    4e-05,
    1e-05,
    0.0,
    0.0,
    0.0,
    0.0,
    0.0,
    0.0
  ],
  "Alaves": [
    0.0,
    0.0,
    0.0,
    0.0,
    0.0,
    0.0,
    0.0,
    0.0,
    0.0,
    1e-05,
    7e-05,
    0.00034,
    0.00078,
    0.00267,
    0.0076,
    0.02341,
    0.08455,
    0.40298,
    0.42637,
    0.05122
  ],
  "Real Madrid": [
    0.82273,
    0.16892,
    0.00746,
    0.00083,
    5e-05,
    1e-05,
    0.0,
    0.0,
    0.0,
    0.0,
    0.0,
    0.0,
    0.0,
    0.0,
    0.0,
    0.0,
    0.0,
    0.0,
    0.0,
    0.0
  ],
  "Osasuna": [
    0.0,
    0.0,
    0.00017,
    0.00111,
    0.00346,
    0.00981,
    0.02201,
    0.0418,
    0.07005,
    0.1108,
    0.14482,
    0.16221,
    0.15191,
    0.1213,
    0.08636,
    0.05096,
    0.02134,
    0.00176,
    0.00013,
    0.0
  ],
  "Espanol": [
    0.0,
    0.0,
    0.00013,
    0.00063,
    0.00213,
    0.00587,
    0.01417,
    0.0288,
    0.04768,
    0.07576,
    0.11265,
    0.1398,
    0.15275,
    0.14594,
    0.12499,
    0.09193,
    0.05025,
    0.00601,
    0.0005,
    1e-05
  ],
  "Celta": [
    0.0,
    0.0,
    0.00026,
    0.00099,
    0.00343,
    0.00948,
    0.02116,
    0.04333,
    0.07238,
    0.11295,
    0.16729,
    0.16658,
    0.14312,
    0.11123,
    0.07659,
    0.04728,
    0.02165,
    0.00216,
    0.00012,
    0.0
  ],
  "Ath Madrid": [
    0.00128,
    0.02678,
    0.23963,
    0.25629,
    0.19477,
    0.12913,
    0.07648,
    0.04134,
    0.02072,
    0.00928,
    0.00287,
    0.00099,
    0.00035,
    7e-05,
    2e-05,
    0.0,
    0.0,
    0.0,
    0.0,
    0.0
  ],
  "Barcelona": [
    0.00032,
    0.01056,
    0.13818,
    0.19603,
    0.20715,
    0.16917,
    0.12026,
    0.07497,
    0.0478,
    0.02186,
    0.00884,
    0.00327,
    0.00122,
    0.00029,
    5e-05,
    3e-05,
    0.0,
    0.0,
    0.0,
    0.0
  ],
  "Sociedad": [
    0.0001,
    0.005,
    0.07992,
    0.14358,
    0.18194,
    0.18196,
    0.14757,
    0.11153,
    0.07884,
    0.04052,
    0.01748,
    0.00709,
    0.00289,
    0.00118,
    0.00029,
    9e-05,
    2e-05,
    0.0,
    0.0,
    0.0
  ],
  "Sevilla": [
    0.17234,
    0.72492,
    0.08192,
    0.01622,
    0.00349,
    0.00089,
    0.00018,
    4e-05,
    0.0,
    0.0,
    0.0,
    0.0,
    0.0,
    0.0,
    0.0,
    0.0,
    0.0,
    0.0,
    0.0,
    0.0
  ],
  "Vallecano": [
    1e-05,
    0.00058,
    0.01304,
    0.03904,
    0.07333,
    0.11332,
    0.14434,
    0.15829,
    0.16295,
    0.12654,
    0.07955,
    0.04488,
    0.02508,
    0.0119,
    0.00504,
    0.00174,
    0.00036,
    1e-05,
    0.0,
    0.0
  ],
  "Villarreal": [
    0.0,
    0.00031,
    0.00981,
    0.03039,
    0.06448,
    0.10541,
    0.13789,
    0.15567,
    0.152,
    0.14112,
    0.09488,
    0.05713,
    0.02906,
    0.01417,
    0.00577,
    0.00157,
    0.00033,
    1e-05,
    0.0,
    0.0
  ],
  "Granada": [
    0.0,
    0.0,
    3e-05,
    3e-05,
    0.00021,
    0.00075,
    0.00247,
    0.00645,
    0.01344,
    0.02629,
    0.05255,
    0.08552,
    0.12195,
    0.16043,
    0.19017,
    0.18378,
    0.12573,
    0.02633,
    0.0038,
    7e-05
  ],
  "Elche": [
    0.0,
    0.0,
    2e-05,
    0.00011,
    0.00038,
    0.00136,
    0.0042,
    0.01021,
    0.02213,
    0.04642,
    0.0801,
    0.12166,
    0.15491,
    0.16794,
    0.16419,
    0.13392,
    0.08044,
    0.01107,
    0.00093,
    1e-05
  ],
  "Ath Bilbao": [
    0.0,
    0.00064,
    0.01935,
    0.04818,
    0.08708,
    0.12938,
    0.16595,
    0.16882,
    0.13954,
    0.10291,
    0.06448,
    0.03694,
    0.01944,
    0.01025,
    0.0048,
    0.00191,
    0.00032,
    1e-05,
    0.0,
    0.0
  ]
}