{
  "Osasuna": [
    0.0,
    0.0,
    0.0,
    0.00127,
    0.00489,
    0.02131,
    0.09719,
    0.12892,
    0.15888,
    0.15286,
    0.13161,
    0.10903,
    0.07612,
    0.05216,
    0.03271,
    0.01966,
    0.00993,
    0.00276,
    0.00069,
    1e-05
  ],
  "Sevilla": [
    0.0,
    0.0,
    0.0,
    4e-05,
    0.00055,
    0.00303,
    0.01826,
    0.0365,
    0.05411,
    0.06951,
    0.08833,
    0.10627,
    0.11619,
    0.12066,
    0.11707,
    0.0987,
    0.08041,
    0.05733,
    0.03299,
    5e-05
  ],
  "Celta": [
    0.0,
    0.0,
    0.0,
    0.00091,
    0.00553,
    0.02355,
    0.09277,
    0.12761,
    0.13888,
    0.13317,
    0.12637,
    0.10838,
    0.08436,
    0.06205,
    0.0439,
    0.02804,
    0.0156,
    0.007,
    0.00188,
    0.0
  ],
  "Espanol": [
    0.0,
    0.0,
    0.0,
    0.0,
    2e-05,
    0.00012,
    0.00123,
    0.00351,
    0.00703,
    0.01244,
    0.02341,
    0.03614,
    0.05572,
    0.07536,
    0.09726,
    0.12335,
    0.15208,
    0.18265,
    0.2282,
    0.00148
  ],
  "Valladolid": [
    0.0,
    0.0,
    0.0,
    0.0,
    0.0,
    5e-05,
    0.00082,
    0.00288,
    0.00658,
    0.01237,
    0.02117,
    0.03583,
    0.05309,
    0.07477,
    0.09863,
    0.12797,
    0.15885,
    0.18978,
    0.2158,
    0.00141
  ],
  "Villarreal": [
    0.0,
    0.00038,
    0.01372,
    0.19579,
    0.31276,
    0.31786,
    0.10051,
    0.03654,
    0.01391,
    0.00523,
    0.00226,
    0.00076,
    0.0002,
    7e-05,
    1e-05,
    0.0,
    0.0,
    0.0,
    0.0,
    0.0
  ],
  "Barcelona": [
    0.98508,
    0.01472,
    0.0002,
    0.0,
    0.0,
    0.0,
    0.0,
    0.0,
    0.0,
    0.0,
    0.0,
    0.0,
    0.0,
    0.0,
    0.0,
    0.0,
    0.0,
    0.0,
    0.0,
    0.0
  ],
  "Vallecano": [
    0.0,
    0.0,
    0.00011,
    0.00429,
    0.01867,
    0.05546,
    0.17547,
    0.20903,
    0.1757,
    0.13315,
    0.08975,
    0.05864,
    0.03877,
    0.02177,
    0.01127,
    0.00514,
    0.00197,
    0.00071,
    0.0001,
    0.0
  ],
  "Cadiz": [
    0.0,
    0.0,
    0.0,
    0.0,
    0.0,
    7e-05,
    0.00097,
    0.00397,
    0.00819,
    0.0169,
    0.02582,
    0.03998,
    0.06706,
    0.09063,
    0.11734,
    0.14296,
    0.15639,
    0.166,
    0.16229,
    0.00143
  ],
  "Sociedad": [
    0.0,
    0.0022,
    0.06023,
    0.45711,
    0.27623,
    0.15684,
    0.03564,
    0.00875,
    0.00227,
    0.00053,
    0.00018,
    2e-05,
    0.0,
    0.0,
    0.0,
    0.0,
    0.0,
    0.0,
    0.0,
    0.0
  ],
  "Valencia": [
    0.0,
    0.0,
    0.0,
    0.0,
    4e-05,
    0.00048,
    0.00405,
    0.0115,
    0.0212,
    0.03663,
    0.06093,
    0.08266,
    0.1052,
    0.11967,
    0.1279,
    0.12371,
    0.11655,
    0.10375,
    0.08503,
    0.0007
  ],
  "Girona": [
    0.0,
    0.0,
    1e-05,
    0.00073,
    0.0039,
    0.01691,
    0.0658,
    0.10606,
    0.12937,
    0.14857,
    0.14166,
    0.1217,
    0.09665,
    0.06978,
    0.0466,
    0.02826,
    0.01556,
    0.00665,
    0.00179,
    0.0
  ],
  "Almeria": [
    0.0,
    0.0,
    0.0,
    0.0,
    1e-05,
    4e-05,
    0.0008,
    0.00235,
    0.00613,
    0.01238,
    0.02225,
    0.03751,
    0.05705,
    0.07875,
    0.10042,
    0.13099,
    0.15855,
    0.18331,
    0.20736,
    0.0021
  ],
  "Real Madrid": [
    0.01431,
    0.85159,
    0.13036,
    0.00358,
    0.00015,
    1e-05,
    0.0,
    0.0,
    0.0,
    0.0,
    0.0,
    0.0,
    0.0,
    0.0,
    0.0,
    0.0,
    0.0,
    0.0,
    0.0,
    0.0
  ],
  "Ath Bilbao": [
    0.0,
    0.0,
    0.00022,
    0.01126,
    0.04093,
    0.10527,
    0.27174,
    0.20039,
    0.13568,
    0.09304,
    0.06265,
    0.03713,
    0.02095,
    0.01154,
    0.0054,
    0.00266,
    0.00087,
    0.00024,
    3e-05,
    0.0
  ],
  "Mallorca": [
    0.0,
    0.0,
    0.0,
    0.0002,
    0.00129,
    0.00711,
    0.04507,
    0.0709,
    0.09473,
    0.11602,
    0.13027,
    0.13259,
    0.11514,
    0.095,
    0.07524,
    0.05289,
    0.035,
    0.02024,
    0.0083,
    1e-05
  ],
  "Getafe": [
    0.0,
    0.0,
    0.0,
    1e-05,
    0.00019,
    0.00123,
    0.00971,
    0.02274,
    0.03774,
    0.05387,
    0.07219,
    0.09306,
    0.11341,
    0.12776,
    0.12623,
    0.11562,
    0.09805,
    0.07856,
    0.04947,
    0.00016
  ],
  "Ath Madrid": [
    0.00061,
    0.13084,
    0.77717,
    0.07565,
    0.0131,
    0.00253,
    0.0001,
    0.0,
    0.0,
    0.0,
    0.0,
    0.0,
    0.0,
    0.0,
    0.0,
    0.0,
    0.0,
    0.0,
    0.0,
    0.0
  ],
  "Betis": [
    0.0,
    0.00027,
    0.01798,
    0.24916,
    0.32174,
    0.28813,
    0.07987,
    0.02835,
    0.0096,
    0.00333,
    0.00115,
    0.0003,
    9e-05,
    3e-05,
    0.0,
    0.0,
    0.0,
    0.0,
    0.0,
    0.0
  ],
  "Elche": [
    0.0,
    0.0,
    0.0,
    0.0,
    0.0,
    0.0,
    0.0,
    0.0,
    0.0,
    0.0,
    0.0,
    0.0,
    0.0,
    0.0,
    2e-05,
    5e-05,
    0.00019,
    0.00102,
    0.00607,
    0.99265
  ]
}