{
  "Fulham": [
    0.0,
    0.0,
    0.0,
    0.0,
    0.0,
    0.0,
    0.0,
    0.0,
    0.0,
    0.0,
    3e-05,
    0.00014,
    0.00042,
    0.00215,
    0.00828,
    0.02749,
    0.09887,
    0.62219,
    0.17778,
    0.06265
  ],
  "Arsenal": [
    0.0,
    0.00022,
    0.00138,
    0.00531,
    0.01299,
    0.02694,
    0.04524,
    0.07346,
    0.10643,
    0.1464,
    0.17366,
    0.16788,
    0.12661,
    0.07,
    0.03114,
    0.01021,
    0.00206,
    7e-05,
    0.0,
    0.0
  ],
  "Crystal Palace": [
    0.0,
    3e-05,
    0.00017,
    0.00068,
    0.00238,
    0.00601,
    0.01285,
    0.02559,
    0.04735,
    0.08013,
    0.12452,
    0.17191,
    0.2128,
    0.16597,
    0.09471,
    0.04205,
    0.01239,
    0.00045,
    1e-05,
    0.0
  ],
  "Southampton": [
    0.0,
    0.00023,
    0.00129,
    0.00462,
    0.01199,
    0.02367,
    0.04328,
    0.07178,
    0.10756,
    0.14897,
    0.17074,
    0.16441,
    0.1254,
    0.07423,
    0.03574,
    0.01297,
    0.00301,
    0.00011,
    0.0,
    0.0
  ],
  "Liverpool": [
    0.04092,
    0.31058,
    0.29373,
    0.17235,
    0.09028,
    0.0481,
    0.02434,
    0.01149,
    0.00524,
    0.00207,
    0.00069,
    0.00013,
    7e-05,
    1e-05,
    0.0,
    0.0,
    0.0,
    0.0,
    0.0,
    0.0
  ],
  "Leeds": [
    0.0,
    0.00025,
    0.00168,
    0.00616,
    0.01556,
    0.02911,
    0.05102,
    0.07964,
    0.11665,
    0.15592,
    0.16431,
    0.15221,
    0.11603,
    0.06719,
    0.03121,
    0.01064,
    0.00235,
    7e-05,
    0.0,
    0.0
  ],
  "West Ham": [
    0.00095,
    0.02111,
    0.05823,
    0.11189,
    0.1561,
    0.16398,
    0.15358,
    0.12716,
    0.09346,
    0.05707,
    0.03164,
    0.01589,
    0.00639,
    0.00205,
    0.00036,
    0.00011,
    3e-05,
    0.0,
    0.0,
    0.0
  ],
  "Newcastle": [
    0.0,
    0.0,
    0.0,
    0.0,
    0.0,
    0.0,
    0.0,
    0.00015,
    0.00045,
    0.00172,
    0.00487,
    0.0115,
    0.03039,
    0.07428,
    0.1558,
    0.26421,
    0.3792,
    0.07188,
    0.00521,
    0.00034
  ],
  "West Brom": [
    0.0,
    0.0,
    0.0,
    0.0,
    0.0,
    0.0,
    0.0,
    0.0,
    0.0,
    0.0,
    0.0,
    0.0,
    0.0,
    2e-05,
    0.00015,
    0.00148,
    0.00993,
    0.13777,
    0.44629,
    0.40436
  ],
  "Leicester": [
    0.01387,
    0.12307,
    0.20081,
    0.24767,
    0.16405,
    0.10817,
    0.07109,
    0.03678,
    0.02017,
    0.00922,
    0.0038,
    0.00101,
    0.00026,
    3e-05,
    0.0,
    0.0,
    0.0,
    0.0,
    0.0,
    0.0
  ],
  "Tottenham": [
    0.00072,
    0.01916,
    0.05201,
    0.09907,
    0.14432,
    0.1613,
    0.15269,
    0.13036,
    0.09902,
    0.06556,
    0.04043,
    0.02218,
    0.00905,
    0.00319,
    0.00081,
    0.00012,
    1e-05,
    0.0,
    0.0,
    0.0
  ],
  "Everton": [
    0.00127,
    0.02093,
    0.0541,
    0.09889,
    0.14728,
    0.15779,
    0.14765,
    0.1268,
    0.09993,
    0.06675,
    0.0415,
    0.02263,
    0.00994,
    0.00356,
    0.00084,
    0.00014,
    0.0,
    0.0,
    0.0,
    0.0
  ],
  "Brighton": [
    0.0,
    0.0,
    0.0,
    1e-05,
    1e-05,
    1e-05,
    0.00017,
    0.00045,
    0.00133,
    0.00431,
    0.00971,
    0.02224,
    0.05045,
    0.10529,
    0.19484,
    0.28389,
    0.27757,
    0.04676,
    0.00279,
    0.00017
  ],
  "Chelsea": [
    0.00015,
    0.00415,
    0.01451,
    0.03788,
    0.07626,
    0.10696,
    0.1371,
    0.15594,
    0.14997,
    0.12451,
    0.0897,
    0.05803,
    0.03001,
    0.01097,
    0.00316,
    0.00062,
    7e-05,
    1e-05,
    0.0,
    0.0
  ],
  "Sheffield United": [
    0.0,
    0.0,
    0.0,
    0.0,
    0.0,
    0.0,
    0.0,
    0.0,
    0.0,
    0.0,
    0.0,
    0.0,
    0.0,
    1e-05,
    8e-05,
    0.0007,
    0.00577,
    0.09434,
    0.36667,
    0.53243
  ],
  "Wolves": [
    0.0,
    0.0,
    0.0,
    2e-05,
    0.00024,
    0.00071,
    0.00211,
    0.00488,
    0.01245,
    0.02726,
    0.05246,
    0.09756,
    0.16331,
    0.24262,
    0.20134,
    0.12821,
    0.06086,
    0.00583,
    0.00013,
    1e-05
  ],
  "Man United": [
    0.05748,
    0.40181,
    0.26738,
    0.1434,
    0.07059,
    0.03421,
    0.01515,
    0.00672,
    0.0024,
    0.00068,
    0.00017,
    1e-05,
    0.0,
    0.0,
    0.0,
    0.0,
    0.0,
    0.0,
    0.0,
    0.0
  ],
  "Burnley": [
    0.0,
    0.0,
    0.0,
    1e-05,
    6e-05,
    0.00021,
    0.00058,
    0.00173,
    0.00473,
    0.0123,
    0.02739,
    0.05455,
    0.1012,
    0.17158,
    0.23943,
    0.21675,
    0.1478,
    0.02052,
    0.00112,
    4e-05
  ],
  "Aston Villa": [
    0.0006,
    0.0114,
    0.03373,
    0.06626,
    0.1064,
    0.13235,
    0.14301,
    0.14704,
    0.13286,
    0.09713,
    0.06438,
    0.03772,
    0.01767,
    0.00685,
    0.00211,
    0.00041,
    8e-05,
    0.0,
    0.0,
    0.0
  ],
  "Man City": [
    0.88404,
    0.08706,
    0.02098,
    0.00578,
    0.00149,
    0.00048,
    0.00014,
    3e-05,
    0.0,
    0.0,
    0.0,
    0.0,
    0.0,
    0.0,
    0.0,
    0.0,
    0.0,
    0.0,
    0.0,
    0.0
  ]
}