{
  "Osasuna": [
    0.00312,
    0.01441,
    0.04246,
    0.08544,
    0.11039,
    0.12446,
    0.11896,
    0.10996,
    0.09649,
    0.07946,
    0.05901,
    0.04915,
    0.03652,
    0.02483,
    0.01838,
    0.01324,
    0.00752,
    0.00427,
    0.00155,
    0.00038
  ],
  "Sevilla": [
    1e-05,
    9e-05,
    0.00069,
    0.00327,
    0.00675,
    0.01277,
    0.01992,
    0.02812,
    0.0351,
    0.04437,
    0.0541,
    0.06267,
    0.07499,
    0.08383,
    0.09318,
    0.10251,
    0.11146,
    0.11741,
    0.1152,
    0.03356
  ],
  "Celta": [
    1e-05,
    5e-05,
    0.00046,
    0.00205,
    0.00476,
    0.00892,
    0.01483,
    0.01994,
    0.02769,
    0.03671,
    0.04552,
    0.057,
    0.06704,
    0.07953,
    0.09179,
    0.10489,
    0.11943,
    0.1322,
    0.1441,
    0.04308
  ],
  "Espanol": [
    0.0,
    7e-05,
    0.00085,
    0.00438,
    0.00881,
    0.01534,
    0.02517,
    0.03377,
    0.0441,
    0.05366,
    0.06467,
    0.07805,
    0.08543,
    0.09411,
    0.09746,
    0.10086,
    0.09963,
    0.09421,
    0.08074,
    0.01869
  ],
  "Valladolid": [
    0.0,
    4e-05,
    0.0004,
    0.00185,
    0.00474,
    0.0084,
    0.01447,
    0.02101,
    0.02825,
    0.0376,
    0.04827,
    0.05794,
    0.07062,
    0.08273,
    0.0941,
    0.1077,
    0.11778,
    0.12841,
    0.13374,
    0.04195
  ],
  "Villarreal": [
    0.0113,
    0.04175,
    0.10578,
    0.18258,
    0.1657,
    0.13138,
    0.10184,
    0.07654,
    0.05725,
    0.04238,
    0.02905,
    0.02151,
    0.01338,
    0.00824,
    0.00549,
    0.00316,
    0.00164,
    0.00075,
    0.00027,
    1e-05
  ],
  "Barcelona": [
    0.49976,
    0.30547,
    0.12794,
    0.04203,
    0.01548,
    0.0057,
    0.00217,
    0.00101,
    0.00022,
    0.00013,
    5e-05,
    3e-05,
    1e-05,
    0.0,
    0.0,
    0.0,
    0.0,
    0.0,
    0.0,
    0.0
  ],
  "Vallecano": [
    0.0008,
    0.00558,
    0.02154,
    0.05328,
    0.08147,
    0.09547,
    0.10514,
    0.10729,
    0.10212,
    0.09199,
    0.07914,
    0.06634,
    0.05364,
    0.04467,
    0.03481,
    0.02434,
    0.01706,
    0.00999,
    0.00474,
    0.00059
  ],
  "Cadiz": [
    0.0,
    5e-05,
    0.00039,
    0.00178,
    0.00513,
    0.00892,
    0.01562,
    0.02302,
    0.0336,
    0.04319,
    0.05302,
    0.06472,
    0.07794,
    0.08876,
    0.10017,
    0.10802,
    0.11436,
    0.11772,
    0.11111,
    0.03248
  ],
  "Sociedad": [
    0.11225,
    0.21672,
    0.31947,
    0.16077,
    0.08677,
    0.04757,
    0.0256,
    0.01376,
    0.00848,
    0.00435,
    0.00216,
    0.00123,
    0.00057,
    0.00017,
    6e-05,
    5e-05,
    2e-05,
    0.0,
    0.0,
    0.0
  ],
  "Valencia": [
    7e-05,
    0.00041,
    0.00283,
    0.00915,
    0.01923,
    0.03099,
    0.04147,
    0.05184,
    0.06221,
    0.07362,
    0.08491,
    0.08915,
    0.08939,
    0.08766,
    0.0847,
    0.07828,
    0.0723,
    0.06284,
    0.04794,
    0.01101
  ],
  "Girona": [
    4e-05,
    0.00043,
    0.00288,
    0.01027,
    0.02144,
    0.0339,
    0.04453,
    0.05797,
    0.06879,
    0.08409,
    0.08948,
    0.09152,
    0.08946,
    0.08806,
    0.08086,
    0.07322,
    0.06404,
    0.05418,
    0.03704,
    0.0078
  ],
  "Almeria": [
    4e-05,
    0.0003,
    0.00153,
    0.00729,
    0.016,
    0.02691,
    0.03714,
    0.05095,
    0.06657,
    0.07641,
    0.0876,
    0.08911,
    0.09305,
    0.09133,
    0.0875,
    0.08187,
    0.07276,
    0.06092,
    0.04352,
    0.0092
  ],
  "Real Madrid": [
    0.35605,
    0.34914,
    0.17908,
    0.06881,
    0.02738,
    0.01122,
    0.00468,
    0.0022,
    0.00071,
    0.00042,
    0.00018,
    7e-05,
    3e-05,
    2e-05,
    1e-05,
    0.0,
    0.0,
    0.0,
    0.0,
    0.0
  ],
  "Ath Bilbao": [
    0.00068,
    0.00417,
    0.01746,
    0.04408,
    0.06764,
    0.08563,
    0.10832,
    0.10902,
    0.10484,
    0.09463,
    0.08309,
    0.06948,
    0.05895,
    0.04688,
    0.03829,
    0.02715,
    0.02033,
    0.01201,
    0.00642,
    0.00093
  ],
  "Mallorca": [
    0.00023,
    0.00188,
    0.00944,
    0.02627,
    0.04583,
    0.06858,
    0.08377,
    0.0942,
    0.09804,
    0.09524,
    0.09321,
    0.08495,
    0.07449,
    0.06449,
    0.05225,
    0.0421,
    0.03106,
    0.02139,
    0.01084,
    0.00174
  ],
  "Getafe": [
    0.0,
    4e-05,
    0.0004,
    0.00193,
    0.00488,
    0.00897,
    0.01456,
    0.02155,
    0.02815,
    0.03808,
    0.04786,
    0.05903,
    0.07072,
    0.08188,
    0.09384,
    0.10621,
    0.11774,
    0.12801,
    0.13463,
    0.04152
  ],
  "Ath Madrid": [
    0.00962,
    0.03651,
    0.09756,
    0.168,
    0.1582,
    0.13362,
    0.10725,
    0.0816,
    0.06262,
    0.04562,
    0.03329,
    0.02435,
    0.0167,
    0.0108,
    0.00681,
    0.00423,
    0.00202,
    0.00086,
    0.00033,
    1e-05
  ],
  "Betis": [
    0.00602,
    0.02289,
    0.06884,
    0.12677,
    0.1494,
    0.14124,
    0.11449,
    0.09617,
    0.07444,
    0.05736,
    0.04431,
    0.03184,
    0.02373,
    0.01665,
    0.01111,
    0.0073,
    0.00427,
    0.0024,
    0.00075,
    2e-05
  ],
  "Elche": [
    0.0,
    0.0,
    0.0,
    0.0,
    0.0,
    1e-05,
    7e-05,
    8e-05,
    0.00033,
    0.00069,
    0.00108,
    0.00186,
    0.00334,
    0.00536,
    0.00919,
    0.01487,
    0.02658,
    0.05243,
    0.12708,
    0.75703
  ]
}