{
  "Sp Lisbon": [
    0.60189,
    0.26332,
    0.13152,
    0.00303,
    0.00022,
    2e-05,
    0.0,
    0.0,
    0.0,
    0.0,
    0.0,
    0.0,
    0.0,
    0.0,
    0.0,
    0.0,
    0.0,
    0.0
  ],
  "Rio Ave": [
    0.0,
    0.0,
    1e-05,
    0.00296,
    0.01095,
    0.0253,
    0.05069,
    0.08066,
    0.11868,
    0.13813,
    0.13169,
    0.11771,
    0.09813,
    0.07705,
    0.05921,
    0.04434,
    0.02929,
    0.0152
  ],
  "AVS": [
    0.0,
    0.0,
    0.0,
    0.0002,
    0.0011,
    0.00325,
    0.00884,
    0.01885,
    0.0355,
    0.0572,
    0.07748,
    0.09504,
    0.10693,
    0.12053,
    0.12355,
    0.12365,
    0.12224,
    0.10564
  ],
  "Nacional": [
    0.0,
    0.0,
    0.0,
    8e-05,
    0.00045,
    0.00161,
    0.00425,
    0.01046,
    0.02379,
    0.03808,
    0.05948,
    0.07893,
    0.09687,
    0.11713,
    0.13071,
    0.14145,
    0.15033,
    0.14638
  ],
  "Casa Pia": [
    0.0,
    1e-05,
    5e-05,
    0.00989,
    0.0276,
    0.05132,
    0.08821,
    0.1287,
    0.16417,
    0.1474,
    0.11918,
    0.08879,
    0.06387,
    0.04521,
    0.03039,
    0.01929,
    0.01149,
    0.00443
  ],
  "Boavista": [
    0.0,
    0.0,
    0.0,
    0.00015,
    0.00078,
    0.00282,
    0.00736,
    0.01878,
    0.03737,
    0.06004,
    0.07996,
    0.09872,
    0.10935,
    0.11668,
    0.12169,
    0.1228,
    0.11837,
    0.10513
  ],
  "Porto": [
    0.19303,
    0.36819,
    0.41782,
    0.01824,
    0.00223,
    0.00041,
    8e-05,
    0.0,
    0.0,
    0.0,
    0.0,
    0.0,
    0.0,
    0.0,
    0.0,
    0.0,
    0.0,
    0.0
  ],
  "Gil Vicente": [
    0.0,
    0.0,
    2e-05,
    0.00255,
    0.00946,
    0.02261,
    0.05093,
    0.08727,
    0.12872,
    0.14596,
    0.13797,
    0.11626,
    0.09397,
    0.07208,
    0.05474,
    0.03947,
    0.02577,
    0.01222
  ],
  "Estoril": [
    0.0,
    0.0,
    0.0,
    0.00029,
    0.00134,
    0.00451,
    0.01213,
    0.02553,
    0.04611,
    0.07142,
    0.09217,
    0.1101,
    0.1212,
    0.12109,
    0.11913,
    0.11047,
    0.09454,
    0.06997
  ],
  "Santa Clara": [
    0.00014,
    0.00194,
    0.01979,
    0.38813,
    0.26427,
    0.15511,
    0.09358,
    0.04663,
    0.0187,
    0.00742,
    0.00291,
    0.00096,
    0.00026,
    0.00012,
    1e-05,
    3e-05,
    0.0,
    0.0
  ],
  "Famalicao": [
    0.0,
    5e-05,
    0.00085,
    0.05019,
    0.10623,
    0.16954,
    0.19358,
    0.17788,
    0.12605,
    0.07624,
    0.04431,
    0.02508,
    0.01485,
    0.00773,
    0.00423,
    0.00212,
    0.00081,
    0.00026
  ],
  "Benfica": [
    0.20478,
    0.36463,
    0.40891,
    0.01898,
    0.00222,
    0.00041,
    7e-05,
    0.0,
    0.0,
    0.0,
    0.0,
    0.0,
    0.0,
    0.0,
    0.0,
    0.0,
    0.0,
    0.0
  ],
  "Farense": [
    0.0,
    0.0,
    0.0,
    0.0,
    7e-05,
    0.00042,
    0.00172,
    0.00428,
    0.00935,
    0.01768,
    0.03026,
    0.04463,
    0.06383,
    0.08393,
    0.10744,
    0.14202,
    0.19241,
    0.30196
  ],
  "Moreirense": [
    0.0,
    7e-05,
    0.00092,
    0.04179,
    0.09233,
    0.1532,
    0.19641,
    0.19008,
    0.13196,
    0.08257,
    0.04921,
    0.02834,
    0.01612,
    0.00886,
    0.00456,
    0.0024,
    0.00096,
    0.00022
  ],
  "Sp Braga": [
    8e-05,
    0.00154,
    0.01631,
    0.32581,
    0.26574,
    0.17743,
    0.1079,
    0.05898,
    0.0266,
    0.0117,
    0.00504,
    0.00176,
    0.00083,
    0.0002,
    8e-05,
    0.0,
    0.0,
    0.0
  ],
  "Estrela": [
    0.0,
    0.0,
    0.0,
    0.00021,
    0.00122,
    0.00433,
    0.01084,
    0.02439,
    0.04815,
    0.07261,
    0.09404,
    0.10761,
    0.11508,
    0.11723,
    0.1153,
    0.11019,
    0.09992,
    0.07888
  ],
  "Arouca": [
    0.0,
    0.0,
    0.0,
    2e-05,
    0.00021,
    0.00117,
    0.00377,
    0.00986,
    0.02231,
    0.03943,
    0.05859,
    0.07759,
    0.09405,
    0.11019,
    0.12806,
    0.14137,
    0.15371,
    0.15967
  ],
  "Guimaraes": [
    8e-05,
    0.00025,
    0.0038,
    0.13748,
    0.21358,
    0.22654,
    0.16964,
    0.11765,
    0.06254,
    0.03412,
    0.01771,
    0.00848,
    0.00466,
    0.00197,
    0.0009,
    0.0004,
    0.00016,
    4e-05
  ]
}